Workbook
Name _NEW2: [1]吊電B線入出料標準數據!$B$4:$P$4003
Name _XM_XT_THUCTE: '[2]XM.GUI MAIL'!$A$6:$AQ$108
Name _XM_XT_THUCTE: 'SOP HOA NGHIEM'!$B$3:$B$41
Name _XM_XT_THUCTE: 'XM.GUI MAIL'!$A$6:$AW$121
Name AB: #REF!
Name AB: #REF!
Name AB: #REF!
Name AB: #REF!
Name AB: #REF!
Name AB: #REF!
Name AB: #REF!
Name AB: #REF!
Name AB: #REF!
Name AB: #REF!
Name AB: #REF!
Name abcd: #REF!
Name abcd: #REF!
Name abcd: #REF!
Name abcd: #REF!
Name abcd: #REF!
Name abcd: #REF!
Name abcd: #REF!
Name abcd: #REF!
Name abcd: #REF!
Name abcd: #REF!
Name CCC: #REF!
Name CCC: #REF!
Name CCC: #REF!
Name CCC: #REF!
Name CCC: #REF!
Name CCC: #REF!
Name CCC: #REF!
Name CCC: #REF!
Name CCC: #REF!
Name CCC: #REF!
Name CCC: #REF!
Name CXXTA: #REF!
Name CXXTA: #REF!
Name CXXTA: #REF!
Name CXXTA: #REF!
Name CXXTA: #REF!
Name CXXTA: #REF!
Name CXXTA: #REF!
Name CXXTA: #REF!
Name CXXTA: #REF!
Name CXXTA: #REF!
Name CXXTA: #REF!
Name CXXTB: [1]吊電B線入出料標準數據!$B$3:$P$428
Name HUANGHAIDONGA: #REF!
Name HUANGHAIDONGA: #REF!
Name HUANGHAIDONGA: #REF!
Name HUANGHAIDONGA: #REF!
Name HUANGHAIDONGA: #REF!
Name HUANGHAIDONGA: #REF!
Name HUANGHAIDONGA: #REF!
Name HUANGHAIDONGA: #REF!
Name HUANGHAIDONGA: #REF!
Name HUANGHAIDONGA: #REF!
Name HUANGHAIDONGA: #REF!
Name HUANGHAIDONGB: [1]吊電B線入出料標準數據!$A$3:$P$428

Sheet PT TAP CHAT
B1: MẪU GỬI NHÀ CUNG ỨNG
B2: =MENU!AD9 -> 2024/08/01 | G2: 0.29166667 | H2: 0.45833333 | I2: 0.54166667
A3: NCC | B3: Type sample | C3: Test Item | D3: Standards | F3: Unit | G3: Result
A4: JASCO | B4: Akaline Zinc (XL-1E) | C4: Zn2+ | D4: ='XM.GUI MAIL'!E17 -> 8~12 | E4: ='XM.GUI MAIL'!F17 -> (10±2) | F4: g/l | G4: ='XM.GUI MAIL'!I17 -> 0 | H4: ='XM.GUI MAIL'!P17 -> 12.74 | I4: ='XM.GUI MAIL'!W17 -> 12.48
A5: JASCO | C5: NaOH | D5: ='XM.GUI MAIL'!E16 -> 130 - 150 | E5: ='XM.GUI MAIL'!F16 -> (140±7) | F5: g/l | G5: ='XM.GUI MAIL'!I16 -> 0 | H5: ='XM.GUI MAIL'!P16 -> 133.6 | I5: ='XM.GUI MAIL'!W16 -> 140.8
A6: JASCO | C6: Na2CO3 | D6: ＜70g/L | F6: g/l
A7: JASCO | C7: Fe | D7: <5 | F7: ppm
A8: JASCO | C8: Cu | D8: <5 | F8: ppm
A9: JASCO | C9: Cr | D9: <5 | F9: ppm
A10: JASCO | C10: Pb | D10: <5 | F10: ppm
A11: JASCO | B11: Màu (I) (TR173AH) (XL-1E) | C11: Cr2O3 (TR173AH) | D11: ='XM.GUI MAIL'!E18 -> 12~18 | E11: ='XM.GUI MAIL'!F18 -> (14±2) | F11: % | G11: ='XM.GUI MAIL'!I18 -> 0 | H11: ='XM.GUI MAIL'!P18 -> 15.827338 | I11: ='XM.GUI MAIL'!W18 -> 15.827338
A12: JASCO | C12: pH | D12: ='XM.GUI MAIL'!E19 -> 1.5~1.9 | E12: ='XM.GUI MAIL'!F19 -> (1.7±0.1 ) | F12: / | G12: ='XM.GUI MAIL'!I19 -> 0 | H12: ='XM.GUI MAIL'!P19 -> 1.63 | I12: ='XM.GUI MAIL'!W19 -> 1.64
A13: JASCO | C13: Fe | D13: <80 | F13: ppm
A14: JASCO | C14: Cu | D14: ＜5 | F14: ppm
A15: JASCO | C15: Zn | D15: ＜7000 | F15: ppm
A16: JASCO | B16: Màu K (5U109A) (XL-1E) | C16: Màu K (5U109A) | D16: ='XM.GUI MAIL'!E24 -> 5~10 | E16: ='XM.GUI MAIL'!F24 -> (7.5±1) | F16: % | G16: ='XM.GUI MAIL'!I24 | H16: ='XM.GUI MAIL'!I24 | I16: ='XM.GUI MAIL'!W24 -> 7.6923077
A17: JASCO | C17: pH | D17: ='XM.GUI MAIL'!E25 -> 2.0~2.4 | E17: ='XM.GUI MAIL'!F25 -> (2.2±0.1) | F17: / | G17: ='XM.GUI MAIL'!I25 -> 0 | H17: ='XM.GUI MAIL'!I25 -> 0 | I17: ='XM.GUI MAIL'!W25 -> 2.26
A18: JASCO | C18: Fe | D18: <40 | F18: ppm
A19: JASCO | C19: Cu | D19: ＜5 | F19: ppm
A20: JASCO | C20: Zn | D20: ＜6000 | F20: ppm
B22: Type sample | C22: Test Item | D22: Standards | F22: Unit | G22: Result
A23: HALO | B23: Akaline Zinc (XL-1F) | C23: Zn2+ | D23: ='XM.GUI MAIL'!E52 -> 8~12 | E23: ='XM.GUI MAIL'!F52 -> (10±2) | F23: g/l | G23: ='XM.GUI MAIL'!I52 -> 10.01 | H23: ='XM.GUI MAIL'!P52 -> 9.75 | I23: ='XM.GUI MAIL'!W52 -> 9.75
A24: HALO | C24: NaOH | D24: ='XM.GUI MAIL'!E51 -> 130 - 150 | E24: ='XM.GUI MAIL'!F51 -> (140±7) | F24: g/l | G24: ='XM.GUI MAIL'!I51 -> 144.8 | H24: ='XM.GUI MAIL'!P51 -> 144.8 | I24: ='XM.GUI MAIL'!W51 -> 143.2
A25: HALO | C25: Na2CO3 | D25: ＜70 | F25: g/l
A26: HALO | C26: Fe | D26: <5 | F26: ppm
A27: HALO | C27: Cu | D27: <5 | F27: ppm
A28: HALO | C28: Cr | D28: <5 | F28: ppm
A29: HALO | C29: Pb | D29: <5 | F29: ppm
A30: HALO | B30: Màu (I) (Lanthane 318) (XL-1F) | C30: Lanthane 318 | D30: ='XM.GUI MAIL'!E53 -> 6~10 | E30: ='XM.GUI MAIL'!F53 -> (7±1) | F30: % | G30: ='XM.GUI MAIL'!I53 -> 7.21605 | H30: ='XM.GUI MAIL'!P53 -> 7.13131 | I30: ='XM.GUI MAIL'!W53 -> 7.21605
A31: HALO | C31: pH | D31: ='XM.GUI MAIL'!E54 -> 2~2.5 | E31: ='XM.GUI MAIL'!F54 -> (2.3±0.1 ) | F31: / | G31: ='XM.GUI MAIL'!I54 -> 2.23 | H31: ='XM.GUI MAIL'!P54 -> 2.24 | I31: ='XM.GUI MAIL'!W54 -> 2.35
A32: HALO | C32: Fe | D32: <100 | F32: ppm
A33: HALO | C33: Cu | F33: ppm
A34: HALO | C34: Zn | D34: ＜12000 | F34: ppm
A35: HALO | B35: Màu (K) (Finidip 124) (XL-1F) | C35: Finidip 124 | D35: ='XM.GUI MAIL'!E59 -> 5~8 | E35: ='XM.GUI MAIL'!F59 -> (6±0.5) | F35: % | G35: ='XM.GUI MAIL'!I59 -> 7.2 | H35: ='XM.GUI MAIL'!I59 -> 7.2 | I35: ='XM.GUI MAIL'!W59 -> ko sx
A36: HALO | C36: pH | D36: ='XM.GUI MAIL'!E60 -> 1.8~2.4 | E36: ='XM.GUI MAIL'!F60 -> (2.1±0.1 ) | F36: / | G36: ='XM.GUI MAIL'!I60 -> 2.03 | H36: ='XM.GUI MAIL'!I60 -> 2.03 | I36: ='XM.GUI MAIL'!W60 -> ko sx
A37: HALO | C37: Fe | D37: 150 | F37: ppm
A38: HALO | C38: Cu | F38: ppm
A39: HALO | C39: Zn | D39: ＜15000 | F39: ppm
B41: Type sample | C41: Test Item | D41: Standards | F41: Unit | G41: Result
A42: HALO | B42: Akaline Zinc (XT-0C) | C42: Zn2+ | D42: ='XM.GUI MAIL'!E87 -> 7~10 | E42: ='XM.GUI MAIL'!F87 -> (8.5±1) | F42: g/l | G42: ='XM.GUI MAIL'!I87 -> 8.385 | H42: ='XM.GUI MAIL'!P87 -> 8.385 | I42: ='XM.GUI MAIL'!W87 -> 8.45
A43: HALO | C43: NaOH | D43: ='XM.GUI MAIL'!E86 -> 135~ 145 | E43: ='XM.GUI MAIL'!F86 -> (140±5) | F43: g/l | G43: ='XM.GUI MAIL'!I86 -> 142.4 | H43: ='XM.GUI MAIL'!P86 -> 143.2 | I43: ='XM.GUI MAIL'!W86 -> 138.8
A44: HALO | C44: Na2CO3 | D44: ＜70g/L | E44: ＜70g/L | F44: g/l
A45: HALO | C45: Fe | D45: <5 | F45: ppm
A46: HALO | C46: Cu | D46: <5 | F46: ppm
A47: HALO | C47: Cr | D47: <5 | F47: ppm
A48: HALO | C48: Pb | D48: <5 | F48: ppm
B49: Nickel Zinc (XT-0C) | C49: Ni2+ | D49: 1-1.8 | E49: 1-1.8 | F49: g/l
A50: HALO | C50: Zn2+ | D50: ='XM.GUI MAIL'!E99 -> 5~6 | E50: ='XM.GUI MAIL'!F99 -> (5.5± 0.5) | F50: g/l | G50: ='XM.GUI MAIL'!I99 | H50: ='XM.GUI MAIL'!P99 | I50: ='XM.GUI MAIL'!W99
A51: HALO | C51: NaOH | D51: ='XM.GUI MAIL'!E100 -> 130~140 | E51: ='XM.GUI MAIL'!F100 -> (135 ± 5) | F51: g/l | G51: ='XM.GUI MAIL'!I100 -> 0 | H51: ='XM.GUI MAIL'!P100 -> 0 | I51: ='XM.GUI MAIL'!W100 -> 0
A52: HALO | C52: Na2CO3 | D52: ＜70 | F52: g/l
A53: HALO | C53: Fe | D53: ＜80 | F53: ppm
A54: HALO | C54: Cu | D54: ＜5 | F54: ppm
A55: HALO | C55: Cr | D55: ＜5 | F55: ppm
A56: HALO | C56: Pb | D56: ＜ | F56: ppm
A57: HALO | B57: Màu (I) (Lanthane 318) (XT-0C) | C57: Lanthane 318 | D57: ='XM.GUI MAIL'!E88 -> 5~8 | E57: ='XM.GUI MAIL'!F88 -> (6±1) | F57: % | G57: ='XM.GUI MAIL'!I88 -> 6.728795 | H57: ='XM.GUI MAIL'!P88 -> 6.686425 | I57: ='XM.GUI MAIL'!W88 -> 6.62287
A58: HALO | C58: pH | D58: ='XM.GUI MAIL'!E89 -> 2.0~2.4 | E58: ='XM.GUI MAIL'!F89 -> (2.2±0.1) | F58: / | G58: ='XM.GUI MAIL'!I89 -> 2.11 | H58: ='XM.GUI MAIL'!P89 -> 2.1 | I58: ='XM.GUI MAIL'!W89 -> 2.14
A59: HALO | C59: Fe | D59: <100 | F59: ppm
A60: HALO | C60: Cu | F60: ppm
A61: HALO | C61: Zn | D61: ＜10000 | F61: ppm
B62: Màu (K) (Finidip 124) (XT-0C) | C62: Finidip 124 | D62: ='XM.GUI MAIL'!E95 -> 5~8 | E62: ='XM.GUI MAIL'!F95 -> (6±0.5) | F62: % | G62: ='XM.GUI MAIL'!I95 -> 5.76 | H62: ='XM.GUI MAIL'!P95 -> 5.72 | I62: ='XM.GUI MAIL'!W95 -> 5.72
C63: pH | D63: ='XM.GUI MAIL'!E96 -> 1.8~2.4 | E63: ='XM.GUI MAIL'!F96 -> (2.1±0.1) | F63: / | G63: ='XM.GUI MAIL'!I96 -> 2.03 | H63: ='XM.GUI MAIL'!P96 -> 2 | I63: ='XM.GUI MAIL'!W96 -> 2.05
C64: Fe | D64: 150 | F64: ppm
C65: Cu | F65: ppm
C66: Zn | D66: ＜15000 | F66: ppm
G67: 7:00 | H67: 11:00 | I67: 13:00
A68: JASCO | B68: Màu (I) (TR173AH) (XT-0C) | C68: Cr2O3 (TR173AH) | D68: ='XM.GUI MAIL'!E97 -> 8~16 % | E68: ='XM.GUI MAIL'!F97 -> (12±2%) | F68: % | G68: ='XM.GUI MAIL'!I97 | H68: ='XM.GUI MAIL'!P97 | I68: ='XM.GUI MAIL'!W97
A69: JASCO | C69: pH | D69: ='XM.GUI MAIL'!E98 -> 1.8~2.4 | E69: ='XM.GUI MAIL'!F98 -> (2.0 ±0.2 ) | F69: / | G69: ='XM.GUI MAIL'!I98 -> 0 | H69: ='XM.GUI MAIL'!P98 -> 0 | I69: ='XM.GUI MAIL'!W98 -> 0
A70: JASCO | C70: Fe | D70: <500 | F70: ppm
A71: JASCO | C71: Cu | D71: ＜5 | F71: ppm
A72: JASCO | C72: Zn | D72: ＜7000 | F72: ppm
A73: JASCO | B73: Màu K (5U109A) (XT-0C) | C73: Màu K (5U109A) | D73: ='XM.GUI MAIL'!E95 -> 5~8 | E73: ='XM.GUI MAIL'!F95 -> (6±0.5) | F73: % | G73: ='XM.GUI MAIL'!I95 -> 5.76 | H73: ='XM.GUI MAIL'!I95 -> 5.76 | I73: ='XM.GUI MAIL'!W95 -> 5.72
A74: JASCO | C74: pH | D74: ='XM.GUI MAIL'!E96 -> 1.8~2.4 | E74: ='XM.GUI MAIL'!F96 -> (2.1±0.1) | F74: / | G74: ='XM.GUI MAIL'!I96 -> 2.03 | H74: ='XM.GUI MAIL'!I96 -> 2.03 | I74: ='XM.GUI MAIL'!W96 -> 2.05
A75: JASCO | C75: Fe | D75: <500 | F75: ppm
A76: JASCO | C76: Cu | D76: ＜5 | F76: ppm
A77: JASCO | C77: Zn | D77: ＜7000 | F77: ppm
A78: JASCO | B78: Màu Ni (XT-0C) | C78: Màu Ni (988C1) | D78: 50-100 | F78: ml/l
A79: JASCO | C79: Màu Ni (988S1) | D79: 15-35 | F79: ml/l

Sheet 1
A1: "BÁO CÁO KẾT QUẢ HÓA NGHIỆM HÀNG NGÀY 表面處理生產製程管控記錄表"
A2: NGAY | B2: Ma__Hang_muc | C2: Nong_Do_01 | E2: 1 | F2: bs | G2: 2 | H2: bs | I2: 3 | J2: bs | K2: 4 | L2: bs | M2: 5 | N2: bs | O2: 6 | P2: bs | Q2: 1
A3: Date | B3: Code | C3: 濃度 g/L-01
A4: 8/1/2024 9:45:00 AM | B4: 1F-XB1 | C4: 71.39 | E4: TRUE | F4: FALSE | G4: FALSE | H4: FALSE | I4: FALSE | J4: FALSE | K4: FALSE | L4: FALSE | M4: FALSE | N4: FALSE | O4: FALSE | P4: FALSE
A5: 8/1/2024 9:45:00 AM | B5: 1F-XB2 | C5: 72.039 | E5: TRUE | F5: FALSE | G5: FALSE | H5: FALSE | I5: FALSE | J5: FALSE | K5: FALSE | L5: FALSE | M5: FALSE | N5: FALSE | O5: FALSE | P5: FALSE
A6: 8/1/2024 9:45:00 AM | B6: 1F-DG1 | C6: 55.209 | E6: TRUE | F6: FALSE | G6: FALSE | H6: FALSE | I6: FALSE | J6: FALSE | K6: FALSE | L6: FALSE | M6: FALSE | N6: FALSE | O6: FALSE | P6: FALSE
A7: 8/1/2024 9:45:00 AM | B7: 1F-DG2 | C7: 58.674 | E7: TRUE | F7: FALSE | G7: FALSE | H7: FALSE | I7: FALSE | J7: FALSE | K7: FALSE | L7: FALSE | M7: FALSE | N7: FALSE | O7: FALSE | P7: FALSE
A8: 8/1/2024 9:45:00 AM | B8: 1F-NAOH | C8: 144.8 | E8: TRUE | F8: FALSE | G8: FALSE | H8: FALSE | I8: FALSE | J8: FALSE | K8: FALSE | L8: FALSE | M8: FALSE | N8: FALSE | O8: FALSE | P8: FALSE
A9: 8/1/2024 9:45:00 AM | B9: 1F-ZN | C9: 10.01 | E9: TRUE | F9: FALSE | G9: FALSE | H9: FALSE | I9: FALSE | J9: FALSE | K9: FALSE | L9: FALSE | M9: FALSE | N9: FALSE | O9: FALSE | P9: FALSE
A10: 8/1/2024 9:45:00 AM | B10: 1F-CR3I | C10: 7.21605 | E10: TRUE | F10: FALSE | G10: FALSE | H10: FALSE | I10: FALSE | J10: FALSE | K10: FALSE | L10: FALSE | M10: FALSE | N10: FALSE | O10: FALSE | P10: FALSE
A11: 8/1/2024 9:45:00 AM | B11: 1F-CR3IPH | C11: 2.23 | E11: TRUE | F11: FALSE | G11: FALSE | H11: FALSE | I11: FALSE | J11: FALSE | K11: FALSE | L11: FALSE | M11: FALSE | N11: FALSE | O11: FALSE | P11: FALSE
A12: 8/1/2024 9:45:00 AM | B12: 1F-HCL1 | C12: 0.46765625 | E12: TRUE | F12: FALSE | G12: FALSE | H12: FALSE | I12: FALSE | J12: FALSE | K12: FALSE | L12: FALSE | M12: FALSE | N12: FALSE | O12: FALSE | P12: FALSE
A13: 8/1/2024 9:45:00 AM | B13: 1F-HCL3 | C13: 0.07984375 | E13: TRUE | F13: FALSE | G13: FALSE | H13: FALSE | I13: FALSE | J13: FALSE | K13: FALSE | L13: FALSE | M13: FALSE | N13: FALSE | O13: FALSE | P13: FALSE
A14: 8/1/2024 9:45:00 AM | B14: 1F-HNO3 | C14: 0.011088 | E14: TRUE | F14: FALSE | G14: FALSE | H14: FALSE | I14: FALSE | J14: FALSE | K14: FALSE | L14: FALSE | M14: FALSE | N14: FALSE | O14: FALSE | P14: FALSE
A15: 8/1/2024 9:45:00 AM | B15: 1F-MEM | C15: 175 | E15: TRUE | F15: FALSE | G15: FALSE | H15: FALSE | I15: FALSE | J15: FALSE | K15: FALSE | L15: FALSE | M15: FALSE | N15: FALSE | O15: FALSE | P15: FALSE
... A59: 8/1/2024 9:45:00 AM | B59: DC-BLACK08 | C59: 5.5 | E59: TRUE | F59: FALSE | G59: FALSE | H59: FALSE | I59: FALSE | J59: FALSE | K59: FALSE | L59: FALSE | M59: FALSE | N59: FALSE | O59: FALSE | P59: FALSE

Sheet 2
A1: "BÁO CÁO KẾT QUẢ HÓA NGHIỆM HÀNG NGÀY 表面處理生產製程管控記錄表"
A2: NGAY | B2: Ma__Hang_muc | C2: Nong_Do_02 | E2: 1 | F2: bs | G2: 2 | H2: bs | I2: 3 | J2: bs | K2: 4 | L2: bs | M2: 5 | N2: bs | O2: 6 | P2: bs | Q2: 2
A3: Date | B3: Code | C3: 濃度 g/L-02
A4: 8/1/2024 11:45:00 AM | B4: 1E-XB1 | C4: 26.6 | E4: FALSE | F4: FALSE | G4: TRUE | H4: FALSE | I4: FALSE | J4: FALSE | K4: FALSE | L4: FALSE | M4: FALSE | N4: FALSE | O4: FALSE | P4: FALSE
A5: 8/1/2024 11:45:00 AM | B5: 1E-XB2 | C5: 31 | E5: FALSE | F5: FALSE | G5: TRUE | H5: FALSE | I5: FALSE | J5: FALSE | K5: FALSE | L5: FALSE | M5: FALSE | N5: FALSE | O5: FALSE | P5: FALSE
A6: 8/1/2024 11:45:00 AM | B6: 1E-DG1 | C6: 77 | E6: FALSE | F6: FALSE | G6: TRUE | H6: FALSE | I6: FALSE | J6: FALSE | K6: FALSE | L6: FALSE | M6: FALSE | N6: FALSE | O6: FALSE | P6: FALSE
A7: 8/1/2024 11:45:00 AM | B7: 1E-DG2 | C7: 72.6 | E7: FALSE | F7: FALSE | G7: TRUE | H7: FALSE | I7: FALSE | J7: FALSE | K7: FALSE | L7: FALSE | M7: FALSE | N7: FALSE | O7: FALSE | P7: FALSE
A8: 8/1/2024 11:45:00 AM | B8: 1E-NAOH | C8: 133.6 | E8: FALSE | F8: FALSE | G8: TRUE | H8: FALSE | I8: FALSE | J8: FALSE | K8: FALSE | L8: FALSE | M8: FALSE | N8: FALSE | O8: FALSE | P8: FALSE
A9: 8/1/2024 11:45:00 AM | B9: 1E-ZN | C9: 12.74 | E9: FALSE | F9: FALSE | G9: TRUE | H9: FALSE | I9: FALSE | J9: FALSE | K9: FALSE | L9: FALSE | M9: FALSE | N9: FALSE | O9: FALSE | P9: FALSE
A10: 8/1/2024 11:45:00 AM | B10: 1E-CR3I | C10: 15.827338 | E10: FALSE | F10: FALSE | G10: TRUE | H10: FALSE | I10: FALSE | J10: FALSE | K10: FALSE | L10: FALSE | M10: FALSE | N10: FALSE | O10: FALSE | P10: FALSE
A11: 8/1/2024 11:45:00 AM | B11: 1E-CR3IPH | C11: 1.63 | E11: FALSE | F11: FALSE | G11: TRUE | H11: FALSE | I11: FALSE | J11: FALSE | K11: FALSE | L11: FALSE | M11: FALSE | N11: FALSE | O11: FALSE | P11: FALSE
A12: 8/1/2024 11:45:00 AM | B12: 1E-HCL1 | C12: 0.4334375 | E12: FALSE | F12: FALSE | G12: TRUE | H12: FALSE | I12: FALSE | J12: FALSE | K12: FALSE | L12: FALSE | M12: FALSE | N12: FALSE | O12: FALSE | P12: FALSE
A13: 8/1/2024 11:45:00 AM | B13: 1E-HCL3 | C13: 0.13459375 | E13: FALSE | F13: FALSE | G13: TRUE | H13: FALSE | I13: FALSE | J13: FALSE | K13: FALSE | L13: FALSE | M13: FALSE | N13: FALSE | O13: FALSE | P13: FALSE
A14: 8/1/2024 11:45:00 AM | B14: 1F-XB1 | C14: 72.688 | E14: FALSE | F14: FALSE | G14: TRUE | H14: FALSE | I14: FALSE | J14: FALSE | K14: FALSE | L14: FALSE | M14: FALSE | N14: FALSE | O14: FALSE | P14: FALSE
A15: 8/1/2024 11:45:00 AM | B15: 1F-XB2 | C15: 74.9595 | E15: FALSE | F15: FALSE | G15: TRUE | H15: FALSE | I15: FALSE | J15: FALSE | K15: FALSE | L15: FALSE | M15: FALSE | N15: FALSE | O15: FALSE | P15: FALSE
... A39: 8/1/2024 11:45:00 AM | B39: XT-MEM | C39: 197 | E39: FALSE | F39: FALSE | G39: TRUE | H39: FALSE | I39: FALSE | J39: FALSE | K39: FALSE | L39: FALSE | M39: FALSE | N39: FALSE | O39: FALSE | P39: FALSE

Sheet 3
A1: "BÁO CÁO KẾT QUẢ HÓA NGHIỆM HÀNG NGÀY 表面處理生產製程管控記錄表"
A2: NGAY | B2: Ma__Hang_muc | C2: Nong_Do_03 | E2: 1 | F2: bs | G2: 2 | H2: bs | I2: 3 | J2: bs | K2: 4 | L2: bs | M2: 5 | N2: bs | O2: 6 | P2: bs | Q2: 3
A3: Date | B3: Code | C3: 濃度 g/03
A4: 8/1/2024 4:30:00 PM | B4: 1E-XB1 | C4: 32.8 | E4: FALSE | F4: FALSE | G4: FALSE | H4: FALSE | I4: TRUE | J4: FALSE | K4: FALSE | L4: FALSE | M4: FALSE | N4: FALSE | O4: FALSE | P4: FALSE
A5: 8/1/2024 4:30:00 PM | B5: 1E-XB2 | C5: 30.2 | E5: FALSE | F5: FALSE | G5: FALSE | H5: FALSE | I5: TRUE | J5: FALSE | K5: FALSE | L5: FALSE | M5: FALSE | N5: FALSE | O5: FALSE | P5: FALSE
A6: 8/1/2024 4:30:00 PM | B6: 1E-DG1 | C6: 78 | E6: FALSE | F6: FALSE | G6: FALSE | H6: FALSE | I6: TRUE | J6: FALSE | K6: FALSE | L6: FALSE | M6: FALSE | N6: FALSE | O6: FALSE | P6: FALSE
A7: 8/1/2024 4:30:00 PM | B7: 1E-DG2 | C7: 72.4 | E7: FALSE | F7: FALSE | G7: FALSE | H7: FALSE | I7: TRUE | J7: FALSE | K7: FALSE | L7: FALSE | M7: FALSE | N7: FALSE | O7: FALSE | P7: FALSE
A8: 8/1/2024 4:30:00 PM | B8: 1E-NAOH | C8: 140.8 | E8: FALSE | F8: FALSE | G8: FALSE | H8: FALSE | I8: TRUE | J8: FALSE | K8: FALSE | L8: FALSE | M8: FALSE | N8: FALSE | O8: FALSE | P8: FALSE
A9: 8/1/2024 4:30:00 PM | B9: 1E-ZN | C9: 12.48 | E9: FALSE | F9: FALSE | G9: FALSE | H9: FALSE | I9: TRUE | J9: FALSE | K9: FALSE | L9: FALSE | M9: FALSE | N9: FALSE | O9: FALSE | P9: FALSE
A10: 8/1/2024 4:30:00 PM | B10: 1E-CR3I | C10: 15.827338 | E10: FALSE | F10: FALSE | G10: FALSE | H10: FALSE | I10: TRUE | J10: FALSE | K10: FALSE | L10: FALSE | M10: FALSE | N10: FALSE | O10: FALSE | P10: FALSE
A11: 8/1/2024 4:30:00 PM | B11: 1E-CR3IPH | C11: 1.64 | E11: FALSE | F11: FALSE | G11: FALSE | H11: FALSE | I11: TRUE | J11: FALSE | K11: FALSE | L11: FALSE | M11: FALSE | N11: FALSE | O11: FALSE | P11: FALSE
A12: 8/1/2024 4:30:00 PM | B12: 1E-HCL1 | C12: 0.4790625 | E12: FALSE | F12: FALSE | G12: FALSE | H12: FALSE | I12: TRUE | J12: FALSE | K12: FALSE | L12: FALSE | M12: FALSE | N12: FALSE | O12: FALSE | P12: FALSE
A13: 8/1/2024 4:30:00 PM | B13: 1E-HCL3 | C13: 0.18478125 | E13: FALSE | F13: FALSE | G13: FALSE | H13: FALSE | I13: TRUE | J13: FALSE | K13: FALSE | L13: FALSE | M13: FALSE | N13: FALSE | O13: FALSE | P13: FALSE
A14: 8/1/2024 4:30:00 PM | B14: 1F-XB1 | C14: 72.3635 | E14: FALSE | F14: FALSE | G14: FALSE | H14: FALSE | I14: TRUE | J14: FALSE | K14: FALSE | L14: FALSE | M14: FALSE | N14: FALSE | O14: FALSE | P14: FALSE
A15: 8/1/2024 4:30:00 PM | B15: 1F-XB2 | C15: 74.635 | E15: FALSE | F15: FALSE | G15: FALSE | H15: FALSE | I15: TRUE | J15: FALSE | K15: FALSE | L15: FALSE | M15: FALSE | N15: FALSE | O15: FALSE | P15: FALSE
... A46: 8/1/2024 4:30:00 PM | B46: RLG-XBPH | C46: 10 | E46: FALSE | F46: FALSE | G46: FALSE | H46: FALSE | I46: TRUE | J46: FALSE | K46: FALSE | L46: FALSE | M46: FALSE | N46: FALSE | O46: FALSE | P46: FALSE

Sheet 4
A1: "BÁO CÁO KẾT QUẢ HÓA NGHIỆM HÀNG NGÀY 表面處理生產製程管控記錄表"
A2: NGAY | B2: Ma__Hang_muc | C2: Nong_Do_03 | E2: 1 | F2: bs | G2: 2 | H2: bs | I2: 3 | J2: bs | K2: 4 | L2: bs | M2: 5 | N2: bs | O2: 6 | P2: bs | Q2: 3
A3: Date | B3: Code | C3: 濃度 g/03
A4: 8/1/2024 6:00:00 PM | B4: RLG-KD | C4: 38 | E4: FALSE | F4: FALSE | G4: FALSE | H4: FALSE | I4: TRUE | J4: FALSE | K4: FALSE | L4: FALSE | M4: FALSE | N4: FALSE | O4: FALSE | P4: FALSE
A5: 8/1/2024 6:00:00 PM | B5: RLG-HCL1 | C5: 9.855 | E5: FALSE | F5: FALSE | G5: FALSE | H5: FALSE | I5: TRUE | J5: FALSE | K5: FALSE | L5: FALSE | M5: FALSE | N5: FALSE | O5: FALSE | P5: FALSE
A6: 8/1/2024 6:00:00 PM | B6: RLG-PPTA | C6: 43 | E6: FALSE | F6: FALSE | G6: FALSE | H6: FALSE | I6: TRUE | J6: FALSE | K6: FALSE | L6: FALSE | M6: FALSE | N6: FALSE | O6: FALSE | P6: FALSE
A7: 8/1/2024 6:00:00 PM | B7: RLG-PPAX | C7: 8.9583333 | E7: FALSE | F7: FALSE | G7: FALSE | H7: FALSE | I7: TRUE | J7: FALSE | K7: FALSE | L7: FALSE | M7: FALSE | N7: FALSE | O7: FALSE | P7: FALSE
A8: 8/1/2024 6:00:00 PM | B8: RLG-PPPL | C8: 0.14 | E8: FALSE | F8: FALSE | G8: FALSE | H8: FALSE | I8: TRUE | J8: FALSE | K8: FALSE | L8: FALSE | M8: FALSE | N8: FALSE | O8: FALSE | P8: FALSE
A9: 8/1/2024 6:00:00 PM | B9: RLG-XB | C9: 0.95 | E9: FALSE | F9: FALSE | G9: FALSE | H9: FALSE | I9: TRUE | J9: FALSE | K9: FALSE | L9: FALSE | M9: FALSE | N9: FALSE | O9: FALSE | P9: FALSE
A10: 8/1/2024 6:00:00 PM | B10: RLG-XBPH | C10: 9.5 | E10: FALSE | F10: FALSE | G10: FALSE | H10: FALSE | I10: TRUE | J10: FALSE | K10: FALSE | L10: FALSE | M10: FALSE | N10: FALSE | O10: FALSE | P10: FALSE

Sheet 5
A1: "BÁO CÁO KẾT QUẢ HÓA NGHIỆM HÀNG NGÀY 表面處理生產製程管控記錄表"
A2: NGAY | B2: Ma__Hang_muc | C2: Nong_Do_04 | E2: 1 | F2: bs | G2: 2 | H2: bs | I2: 3 | J2: bs | K2: 4 | L2: bs | M2: 5 | N2: bs | O2: 6 | P2: bs | Q2: 4
A3: Date | B3: Code | C3: 濃度 g/L_04
A4: 8/1/2024 9:45:00 PM | B4: 1E-XB1 | C4: 33.6 | E4: FALSE | F4: FALSE | G4: FALSE | H4: FALSE | I4: FALSE | J4: FALSE | K4: TRUE | L4: FALSE | M4: FALSE | N4: FALSE | O4: FALSE | P4: FALSE
A5: 8/1/2024 9:45:00 PM | B5: 1E-XB2 | C5: 31.2 | E5: FALSE | F5: FALSE | G5: FALSE | H5: FALSE | I5: FALSE | J5: FALSE | K5: TRUE | L5: FALSE | M5: FALSE | N5: FALSE | O5: FALSE | P5: FALSE
A6: 8/1/2024 9:45:00 PM | B6: 1E-DG1 | C6: 75.2 | E6: FALSE | F6: FALSE | G6: FALSE | H6: FALSE | I6: FALSE | J6: FALSE | K6: TRUE | L6: FALSE | M6: FALSE | N6: FALSE | O6: FALSE | P6: FALSE
A7: 8/1/2024 9:45:00 PM | B7: 1E-DG2 | C7: 69.2 | E7: FALSE | F7: FALSE | G7: FALSE | H7: FALSE | I7: FALSE | J7: FALSE | K7: TRUE | L7: FALSE | M7: FALSE | N7: FALSE | O7: FALSE | P7: FALSE
A8: 8/1/2024 9:45:00 PM | B8: 1E-NAOH | C8: 143.2 | E8: FALSE | F8: FALSE | G8: FALSE | H8: FALSE | I8: FALSE | J8: FALSE | K8: TRUE | L8: FALSE | M8: FALSE | N8: FALSE | O8: FALSE | P8: FALSE
A9: 8/1/2024 9:45:00 PM | B9: 1E-ZN | C9: 11.44 | E9: FALSE | F9: FALSE | G9: FALSE | H9: FALSE | I9: FALSE | J9: FALSE | K9: TRUE | L9: FALSE | M9: FALSE | N9: FALSE | O9: FALSE | P9: FALSE
A10: 8/1/2024 9:45:00 PM | B10: 1E-CR3I | C10: 18.129496 | E10: FALSE | F10: FALSE | G10: FALSE | H10: FALSE | I10: FALSE | J10: FALSE | K10: TRUE | L10: FALSE | M10: FALSE | N10: FALSE | O10: FALSE | P10: FALSE
A11: 8/1/2024 9:45:00 PM | B11: 1E-CR3IPH | C11: 1.8 | E11: FALSE | F11: FALSE | G11: FALSE | H11: FALSE | I11: FALSE | J11: FALSE | K11: TRUE | L11: FALSE | M11: FALSE | N11: FALSE | O11: FALSE | P11: FALSE
A12: 8/1/2024 9:45:00 PM | B12: 1E-HCL1 | C12: 0.49046875 | E12: FALSE | F12: FALSE | G12: FALSE | H12: FALSE | I12: FALSE | J12: FALSE | K12: TRUE | L12: FALSE | M12: FALSE | N12: FALSE | O12: FALSE | P12: FALSE
A13: 8/1/2024 9:45:00 PM | B13: 1E-HCL3 | C13: 0.17109375 | E13: FALSE | F13: FALSE | G13: FALSE | H13: FALSE | I13: FALSE | J13: FALSE | K13: TRUE | L13: FALSE | M13: FALSE | N13: FALSE | O13: FALSE | P13: FALSE
A14: 8/1/2024 9:45:00 PM | B14: 1E-HNO3 | C14: 0.00819 | E14: FALSE | F14: FALSE | G14: FALSE | H14: FALSE | I14: FALSE | J14: FALSE | K14: TRUE | L14: FALSE | M14: FALSE | N14: FALSE | O14: FALSE | P14: FALSE
A15: 8/1/2024 9:45:00 PM | B15: 1E-MEM | C15: 460 | E15: FALSE | F15: FALSE | G15: FALSE | H15: FALSE | I15: FALSE | J15: FALSE | K15: TRUE | L15: FALSE | M15: FALSE | N15: FALSE | O15: FALSE | P15: FALSE
... A35: 8/1/2024 9:45:00 PM | B35: RLG-XBPH | C35: 10 | E35: FALSE | F35: FALSE | G35: FALSE | H35: FALSE | I35: FALSE | J35: FALSE | K35: TRUE | L35: FALSE | M35: FALSE | N35: FALSE | O35: FALSE | P35: FALSE

Sheet 6
A1: "BÁO CÁO KẾT QUẢ HÓA NGHIỆM HÀNG NGÀY 表面處理生產製程管控記錄表"
A2: NGAY | B2: Ma__Hang_muc | C2: Nong_Do_05 | E2: 1 | F2: bs | G2: 2 | H2: bs | I2: 3 | J2: bs | K2: 4 | L2: bs | M2: 5 | N2: bs | O2: 6 | P2: bs | Q2: 5
A3: Date | B3: Code | C3: 濃度 g/L_05
A4: 8/1/2024 11:45:00 PM | B4: 1E-XB1 | C4: 32 | E4: FALSE | F4: FALSE | G4: FALSE | H4: FALSE | I4: FALSE | J4: FALSE | K4: FALSE | L4: FALSE | M4: TRUE | N4: FALSE | O4: FALSE | P4: FALSE
A5: 8/1/2024 11:45:00 PM | B5: 1E-XB2 | C5: 32 | E5: FALSE | F5: FALSE | G5: FALSE | H5: FALSE | I5: FALSE | J5: FALSE | K5: FALSE | L5: FALSE | M5: TRUE | N5: FALSE | O5: FALSE | P5: FALSE
A6: 8/1/2024 11:45:00 PM | B6: 1E-DG1 | C6: 79.2 | E6: FALSE | F6: FALSE | G6: FALSE | H6: FALSE | I6: FALSE | J6: FALSE | K6: FALSE | L6: FALSE | M6: TRUE | N6: FALSE | O6: FALSE | P6: FALSE
A7: 8/1/2024 11:45:00 PM | B7: 1E-DG2 | C7: 68 | E7: FALSE | F7: FALSE | G7: FALSE | H7: FALSE | I7: FALSE | J7: FALSE | K7: FALSE | L7: FALSE | M7: TRUE | N7: FALSE | O7: FALSE | P7: FALSE
A8: 8/1/2024 11:45:00 PM | B8: 1E-NAOH | C8: 142.4 | E8: FALSE | F8: FALSE | G8: FALSE | H8: FALSE | I8: FALSE | J8: FALSE | K8: FALSE | L8: FALSE | M8: TRUE | N8: FALSE | O8: FALSE | P8: FALSE
A9: 8/1/2024 11:45:00 PM | B9: 1E-ZN | C9: 10.79 | E9: FALSE | F9: FALSE | G9: FALSE | H9: FALSE | I9: FALSE | J9: FALSE | K9: FALSE | L9: FALSE | M9: TRUE | N9: FALSE | O9: FALSE | P9: FALSE
A10: 8/1/2024 11:45:00 PM | B10: 1E-CR3I | C10: 15.251799 | E10: FALSE | F10: FALSE | G10: FALSE | H10: FALSE | I10: FALSE | J10: FALSE | K10: FALSE | L10: FALSE | M10: TRUE | N10: FALSE | O10: FALSE | P10: FALSE
A11: 8/1/2024 11:45:00 PM | B11: 1E-CR3IPH | C11: 1.8 | E11: FALSE | F11: FALSE | G11: FALSE | H11: FALSE | I11: FALSE | J11: FALSE | K11: FALSE | L11: FALSE | M11: TRUE | N11: FALSE | O11: FALSE | P11: FALSE
A12: 8/1/2024 11:45:00 PM | B12: 1E-HCL1 | C12: 0.46765625 | E12: FALSE | F12: FALSE | G12: FALSE | H12: FALSE | I12: FALSE | J12: FALSE | K12: FALSE | L12: FALSE | M12: TRUE | N12: FALSE | O12: FALSE | P12: FALSE
A13: 8/1/2024 11:45:00 PM | B13: 1E-HCL3 | C13: 0.15284375 | E13: FALSE | F13: FALSE | G13: FALSE | H13: FALSE | I13: FALSE | J13: FALSE | K13: FALSE | L13: FALSE | M13: TRUE | N13: FALSE | O13: FALSE | P13: FALSE
A14: 8/1/2024 11:45:00 PM | B14: 1E-HNO3 | C14: 0.008946 | E14: FALSE | F14: FALSE | G14: FALSE | H14: FALSE | I14: FALSE | J14: FALSE | K14: FALSE | L14: FALSE | M14: TRUE | N14: FALSE | O14: FALSE | P14: FALSE
A15: 8/1/2024 11:45:00 PM | B15: 1E-MEM | C15: 450 | E15: FALSE | F15: FALSE | G15: FALSE | H15: FALSE | I15: FALSE | J15: FALSE | K15: FALSE | L15: FALSE | M15: TRUE | N15: FALSE | O15: FALSE | P15: FALSE
... A28: 8/1/2024 11:45:00 PM | B28: 1F-BONG | C28: 27 | E28: FALSE | F28: FALSE | G28: FALSE | H28: FALSE | I28: FALSE | J28: FALSE | K28: FALSE | L28: FALSE | M28: TRUE | N28: FALSE | O28: FALSE | P28: FALSE

Sheet 7
A1: "BÁO CÁO KẾT QUẢ HÓA NGHIỆM HÀNG NGÀY 表面處理生產製程管控記錄表"
A2: NGAY | B2: Ma__Hang_muc | C2: Nong_Do_06 | E2: 1 | F2: bs | G2: 2 | H2: bs | I2: 3 | J2: bs | K2: 4 | L2: bs | M2: 5 | N2: bs | O2: 6 | P2: bs | Q2: 6
A3: Date | B3: Code | C3: 濃度 g/L_06
A4: 8/1/2024 4:00:00 AM | B4: 1E-XB1 | C4: 32.8 | E4: FALSE | F4: FALSE | G4: FALSE | H4: FALSE | I4: FALSE | J4: FALSE | K4: FALSE | L4: FALSE | M4: FALSE | N4: FALSE | O4: TRUE | P4: FALSE
A5: 8/1/2024 4:00:00 AM | B5: 1E-XB2 | C5: 32 | E5: FALSE | F5: FALSE | G5: FALSE | H5: FALSE | I5: FALSE | J5: FALSE | K5: FALSE | L5: FALSE | M5: FALSE | N5: FALSE | O5: TRUE | P5: FALSE
A6: 8/1/2024 4:00:00 AM | B6: 1E-DG1 | C6: 78.8 | E6: FALSE | F6: FALSE | G6: FALSE | H6: FALSE | I6: FALSE | J6: FALSE | K6: FALSE | L6: FALSE | M6: FALSE | N6: FALSE | O6: TRUE | P6: FALSE
A7: 8/1/2024 4:00:00 AM | B7: 1E-DG2 | C7: 68 | E7: FALSE | F7: FALSE | G7: FALSE | H7: FALSE | I7: FALSE | J7: FALSE | K7: FALSE | L7: FALSE | M7: FALSE | N7: FALSE | O7: TRUE | P7: FALSE
A8: 8/1/2024 4:00:00 AM | B8: 1E-NAOH | C8: 142.4 | E8: FALSE | F8: FALSE | G8: FALSE | H8: FALSE | I8: FALSE | J8: FALSE | K8: FALSE | L8: FALSE | M8: FALSE | N8: FALSE | O8: TRUE | P8: FALSE
A9: 8/1/2024 4:00:00 AM | B9: 1E-ZN | C9: 10.595 | E9: FALSE | F9: FALSE | G9: FALSE | H9: FALSE | I9: FALSE | J9: FALSE | K9: FALSE | L9: FALSE | M9: FALSE | N9: FALSE | O9: TRUE | P9: FALSE
A10: 8/1/2024 4:00:00 AM | B10: 1E-CR3I | C10: 14.676259 | E10: FALSE | F10: FALSE | G10: FALSE | H10: FALSE | I10: FALSE | J10: FALSE | K10: FALSE | L10: FALSE | M10: FALSE | N10: FALSE | O10: TRUE | P10: FALSE
A11: 8/1/2024 4:00:00 AM | B11: 1E-CR3IPH | C11: 1.76 | E11: FALSE | F11: FALSE | G11: FALSE | H11: FALSE | I11: FALSE | J11: FALSE | K11: FALSE | L11: FALSE | M11: FALSE | N11: FALSE | O11: TRUE | P11: FALSE
A12: 8/1/2024 4:00:00 AM | B12: 1E-HCL1 | C12: 0.46195312 | E12: FALSE | F12: FALSE | G12: FALSE | H12: FALSE | I12: FALSE | J12: FALSE | K12: FALSE | L12: FALSE | M12: FALSE | N12: FALSE | O12: TRUE | P12: FALSE
A13: 8/1/2024 4:00:00 AM | B13: 1E-HCL3 | C13: 0.1140625 | E13: FALSE | F13: FALSE | G13: FALSE | H13: FALSE | I13: FALSE | J13: FALSE | K13: FALSE | L13: FALSE | M13: FALSE | N13: FALSE | O13: TRUE | P13: FALSE
A14: 8/1/2024 4:00:00 AM | B14: 1E-HNO3 | C14: 0.00756 | E14: FALSE | F14: FALSE | G14: FALSE | H14: FALSE | I14: FALSE | J14: FALSE | K14: FALSE | L14: FALSE | M14: FALSE | N14: FALSE | O14: TRUE | P14: FALSE
A15: 8/1/2024 4:00:00 AM | B15: 1E-MEM | C15: 455 | E15: FALSE | F15: FALSE | G15: FALSE | H15: FALSE | I15: FALSE | J15: FALSE | K15: FALSE | L15: FALSE | M15: FALSE | N15: FALSE | O15: TRUE | P15: FALSE
... A35: 8/1/2024 4:00:00 AM | B35: RLG-XBPH | C35: 10 | E35: FALSE | F35: FALSE | G35: FALSE | H35: FALSE | I35: FALSE | J35: FALSE | K35: FALSE | L35: FALSE | M35: FALSE | N35: FALSE | O35: TRUE | P35: FALSE

Sheet 8
A1: "BÁO CÁO KẾT QUẢ HÓA NGHIỆM HÀNG NGÀY 表面處理生產製程管控記錄表"
A2: NGAY | B2: Ma__Hang_muc | C2: Nong_Do_06 | E2: 1 | F2: bs | G2: 2 | H2: bs | I2: 3 | J2: bs | K2: 4 | L2: bs | M2: 5 | N2: bs | O2: 6 | P2: bs | Q2: 6
A3: Date | B3: Code | C3: 濃度 g/L_06
A4: 8/1/2024 6:00:00 AM | B4: RLG-KD | C4: 38 | E4: FALSE | F4: FALSE | G4: FALSE | H4: FALSE | I4: FALSE | J4: FALSE | K4: FALSE | L4: FALSE | M4: FALSE | N4: FALSE | O4: TRUE | P4: FALSE
A5: 8/1/2024 6:00:00 AM | B5: RLG-HCL1 | C5: 8.76 | E5: FALSE | F5: FALSE | G5: FALSE | H5: FALSE | I5: FALSE | J5: FALSE | K5: FALSE | L5: FALSE | M5: FALSE | N5: FALSE | O5: TRUE | P5: FALSE
A6: 8/1/2024 6:00:00 AM | B6: RLG-PPTA | C6: 44 | E6: FALSE | F6: FALSE | G6: FALSE | H6: FALSE | I6: FALSE | J6: FALSE | K6: FALSE | L6: FALSE | M6: FALSE | N6: FALSE | O6: TRUE | P6: FALSE
A7: 8/1/2024 6:00:00 AM | B7: RLG-PPAX | C7: 11 | E7: FALSE | F7: FALSE | G7: FALSE | H7: FALSE | I7: FALSE | J7: FALSE | K7: FALSE | L7: FALSE | M7: FALSE | N7: FALSE | O7: TRUE | P7: FALSE
A8: 8/1/2024 6:00:00 AM | B8: RLG-PPPL | C8: 0.18 | E8: FALSE | F8: FALSE | G8: FALSE | H8: FALSE | I8: FALSE | J8: FALSE | K8: FALSE | L8: FALSE | M8: FALSE | N8: FALSE | O8: TRUE | P8: FALSE
A9: 8/1/2024 6:00:00 AM | B9: RLG-XB | C9: 0.95 | E9: FALSE | F9: FALSE | G9: FALSE | H9: FALSE | I9: FALSE | J9: FALSE | K9: FALSE | L9: FALSE | M9: FALSE | N9: FALSE | O9: TRUE | P9: FALSE
A10: 8/1/2024 6:00:00 AM | B10: RLG-XBPH | C10: 10 | E10: FALSE | F10: FALSE | G10: FALSE | H10: FALSE | I10: FALSE | J10: FALSE | K10: FALSE | L10: FALSE | M10: FALSE | N10: FALSE | O10: TRUE | P10: FALSE

Sheet MENU
B3: XI MẠ, XI TREO | J3: RỬA LIỆU, MÀNG LOA, XI ĐEN | R3: KHÁC | V3: IMPORT | AA3: khoảng thời gian Import | AE3: L.Yen | AF3: Trang
AE4: Trang | AF4: L.Yen
B6: XM.HN | F6: XM.GUI MAIL | J6: ED-XI DEN | N6: R.GUI MAIL | R6: IT.NONG DO | V6: 1 | Y6: =AD9+TIME(9,45,0) -> 45505.406 | AA6: 9:15-9:45 | AD6: CA 1 | AE6: L.Yen
AD7: CA 2 | AE7: Trang
B9: XM.FILE GOC | F9: 1. XL-1E TT(CA1) | J9: R.HN | N9: RL-LINE | R9: IT.NHIET DO | V9: 2 | Y9: =AD9+TIME(11,45,0) -> 45505.49 | AA9: 11:15-11:45 | AC9: Thứ 5, | AD9: 2024/08/01 | AF9: đánh Thứ, 'năm/tháng/ngày vào ô bên
B12: 1. XL-1E kh | F12: 1. XL-1E TT(CA2) | J12: R.FILE GOC | N12: 1.xi den TT | R12: GHI CHU | V12: 3 | Y12: =AD9+TIME(16,30,0) -> 45505.688 | AA12: 16:00-16:30 | AD12: ACID Đ.VAO
B15: 2. XL-1F kh | F15: 2. XL-1F TT(CA1) | J15: 1.xi den | N15: 2.RL E tt | R15: PP HÓA NGHIỆM FILE WORD | V15: 4 | Y15: =AD9+TIME(18,0,0) -> 45505.75 | AA15: 17:30-18:00 | AD15: THỜI GIAN GỬI BC LÊN LINE
B18: 3.XT-C KH | F18: 2. XL-1F TT(CA2) | J18: 2.RL E | N18: 3.RL G tt | R18: QC- E | V18: 5 | Y18: =AD9+TIME(21,45,0) -> 45505.906 | AA18: 21:15-21:45 | AD18: CA 1: | AE18: ĐỢT 1 | AF18: ĐỢT 2 | AG18: ĐỢT 3
AD19: RL | AE19: 0.38541667 | AF19: 0.60416667 | AG19: 0.72916667
AD20: ML | AE20: 0.39583333
B21: 4.Zn Ni.kh | F21: 3.XT-C TT(CA1) | J21: 3.RL G | N21: 4.RL F tt | R21: QC-1F | V21: 6 | Y21: =AD9+TIME(23,45,0) -> 45505.99 | AA21: 23:15-23:45 | AD21: XL | AE21: 0.39583333 | AF21: 0.47569444 | AG21: 0.66666667
AD22: XT | AE22: 0.40277778 | AF22: 0.47569444 | AG22: 0.66666667
AD23: XĐ | AE23: 0.41666667 | AF23: 0.61458333 | AG23: 0.75
B24: 3'.XT-C KH | F24: 3.XT-C TT(CA2) | J24: 4.RL F | N24: 5.ML tt | R24: QC- XT | V24: 7 | Y24: =AD9+TIME(4,0,0) -> 45505.167 | AA24: 3:30-4:00 | AD24: HUCELL | AE24: 0.4375 | AG24: 0.6875
AD26: CA 2: | AE26: ĐỢT 1 | AF26: ĐỢT 2 | AG26: ĐỢT 3
B27: 3''.XT-C KH | F27: 4.ZN-NI tt(CA1) | J27: 5.ML | N27: RL.chart1 | R27: QC-RL | V27: 8 | Y27: =AD9+TIME(6,0,0) -> 45505.25 | AA27: 5:30-6:00 | AD27: RL | AE27: 0.88541667 | AF27: 0.10416667 | AG27: 0.22916667
AD28: ML | AE28: 0.9375
AD29: XL | AE29: 0.91666667 | AG29: 0.1875
B30: XM.chart | F30: 4.ZN-NI tt(CA2) | J30: RL.chart | N30: RL.chart1 | R30: QC-XĐ | Y30: SOP HOA NGHIEM | AA30: tg import | AD30: XT | AE30: 0.91666667 | AG30: 0.1875
AD31: HUCELL | AE31: 0.95833333 | AG31: 0.20833333
F33: BS-XT | R33: QC-ML
F36: XM.chart 1 | R36: QC-NI
R39: PT TAP CHAT
R41: thời gian pha mới bồn màu
U43: 1E | Z43: 1F | AE43: XT
R44: I | U44: Pha mới: 2024/08/01 | Z44: Pha mới: 2024/07/28 | AE44: Pha mới: 2024/06/22
R45: K | U45: Pha mới: 2024/06/27 | Z45: Pha mới: 2024/07/28 | AE45: Pha mới: 2024/06/22
R46: MÀU NI | U46: \ | Z46: \ | AE46: Cr2O3 三價鉻Ni- PH HALO Pha mới: 2024/03/30

Sheet XM.HN
A1: =MENU!AD9 -> 2024/08/01
A2: XL-001E | B2: 07:15 | C2: 11:15 | D2: 15:15 | E2: 19:15 | F2: 23:15 | G2: 03:15 | H2: TIEU CHUAN | J2: 07:15 | K2: 11:15 | L2: 15:15 | M2: 19:15 | N2: 23:15 | O2: 03:15 | P2: NCC | R2: Quy đổi nồng độ acid HCl 32% đậm đặc từ %V/V sang nồng độ %
A3: Xà bông (1)脫脂 | C3: 6.65 | D3: 8.2 | E3: 8.4 | F3: 8 | G3: 8.2 | H3: ='XM.GUI MAIL'!$E$6 -> 20~40 | I3: ='XM.GUI MAIL'!$F$6 -> (30±5) | J3: ='XM.GUI MAIL'!I6 -> 0 | K3: ='XM.GUI MAIL'!P6 -> 26.6 | L3: ='XM.GUI MAIL'!W6 -> 32.8 | M3: ='XM.GUI MAIL'!AD6 -> 33.6 | N3: ='XM.GUI MAIL'!AK6 -> 32 | O3: ='XM.GUI MAIL'!AR6 -> 32.8 | P3: JASCO
H4: 按NaOH添加數據添加 | J4: ='XM.GUI MAIL'!I7 -> 0 | K4: ='XM.GUI MAIL'!P7 -> 0 | L4: ='XM.GUI MAIL'!W7 -> 0 | M4: ='XM.GUI MAIL'!AD7 -> 0 | N4: ='XM.GUI MAIL'!AK7 -> 0 | O4: ='XM.GUI MAIL'!AR7 -> 0
H5: 按NaOH添加數據添加 | J5: ='XM.GUI MAIL'!I8 -> 0 | K5: ='XM.GUI MAIL'!P8 -> 0 | L5: ='XM.GUI MAIL'!W8 -> 0 | M5: ='XM.GUI MAIL'!AD8 -> 0 | N5: ='XM.GUI MAIL'!AK8 -> 0 | O5: ='XM.GUI MAIL'!AR8 -> 0
A6: Xà bông (2)脫脂 | C6: 7.75 | D6: 7.55 | E6: 7.8 | F6: 8 | G6: 8 | H6: ='XM.GUI MAIL'!$E$9 -> 20~40 | I6: ='XM.GUI MAIL'!$F$9 -> (30±5) | J6: ='XM.GUI MAIL'!I9 -> 0 | K6: ='XM.GUI MAIL'!P9 -> 31 | L6: ='XM.GUI MAIL'!W9 -> 30.2 | M6: ='XM.GUI MAIL'!AD9 -> 31.2 | N6: ='XM.GUI MAIL'!AK9 -> 32 | O6: ='XM.GUI MAIL'!AR9 -> 32 | P6: JASCO | R6: 15%V/V | T6: 100%V/V
H7: 按NaOH添加數據添加 | J7: ='XM.GUI MAIL'!I10 -> 0 | K7: ='XM.GUI MAIL'!P10 -> 0 | L7: ='XM.GUI MAIL'!W10 -> 0 | M7: ='XM.GUI MAIL'!AD10 -> 0 | N7: ='XM.GUI MAIL'!AK10 -> 0 | O7: ='XM.GUI MAIL'!AR10 -> 0
H8: 按NaOH添加數據添加 | J8: ='XM.GUI MAIL'!I11 -> 0 | K8: ='XM.GUI MAIL'!P11 -> 0 | L8: ='XM.GUI MAIL'!W11 -> 0 | M8: ='XM.GUI MAIL'!AD11 -> 0 | N8: ='XM.GUI MAIL'!AK11 -> 0 | O8: ='XM.GUI MAIL'!AR11 -> 0
A9: điện giải(1)+電解 | C9: 19.25 | D9: 19.5 | E9: 18.8 | F9: 19.8 | G9: 19.7 | H9: ='XM.GUI MAIL'!$E$12 -> 60~80 | I9: ='XM.GUI MAIL'!$F$12 -> (70±10) | J9: ='XM.GUI MAIL'!I12 -> 0 | K9: ='XM.GUI MAIL'!P12 -> 77 | L9: ='XM.GUI MAIL'!W12 -> 78 | M9: ='XM.GUI MAIL'!AD12 -> 75.2 | N9: ='XM.GUI MAIL'!AK12 -> 79.2 | O9: ='XM.GUI MAIL'!AR12 -> 78.8 | P9: JASCO | R9: 0.048 | T9: 0.32
H10: 按NaOH添加數據添加 | J10: ='XM.GUI MAIL'!I13 -> 0 | K10: ='XM.GUI MAIL'!P13 -> 0 | L10: ='XM.GUI MAIL'!W13 -> 0 | M10: ='XM.GUI MAIL'!AD13 -> 0 | N10: ='XM.GUI MAIL'!AK13 -> 0 | O10: ='XM.GUI MAIL'!AR13 -> 0
A11: điện giải (2)+電解 | C11: 18.15 | D11: 18.1 | E11: 17.3 | F11: 17 | G11: 17 | H11: ='XM.GUI MAIL'!$E$14 -> 60~80 | I11: ='XM.GUI MAIL'!$F$14 -> (70±10) | J11: ='XM.GUI MAIL'!I14 -> 0 | K11: ='XM.GUI MAIL'!P14 -> 72.6 | L11: ='XM.GUI MAIL'!W14 -> 72.4 | M11: ='XM.GUI MAIL'!AD14 -> 69.2 | N11: ='XM.GUI MAIL'!AK14 -> 68 | O11: ='XM.GUI MAIL'!AR14 -> 68 | P11: JASCO
H12: 按NaOH添加數據添加 | J12: ='XM.GUI MAIL'!I15 -> 0 | K12: ='XM.GUI MAIL'!P15 -> 0 | L12: ='XM.GUI MAIL'!W15 -> 0 | M12: ='XM.GUI MAIL'!AD15 -> 0 | N12: ='XM.GUI MAIL'!AK15 -> 0 | O12: ='XM.GUI MAIL'!AR15 -> 0
A13: NaOH氫氧化鈉 | C13: 16.7 | D13: 17.6 | E13: 17.9 | F13: 17.8 | G13: 17.8 | H13: ='XM.GUI MAIL'!$E$16 -> 130 - 150 | I13: ='XM.GUI MAIL'!$F$16 -> (140±7) | J13: ='XM.GUI MAIL'!I16 -> 0 | K13: ='XM.GUI MAIL'!P16 -> 133.6 | L13: ='XM.GUI MAIL'!W16 -> 140.8 | M13: ='XM.GUI MAIL'!AD16 -> 143.2 | N13: ='XM.GUI MAIL'!AK16 -> 142.4 | O13: ='XM.GUI MAIL'!AR16 -> 142.4 | P13: JASCO | R13: 30%V/V | T13: 100%V/V
A14: Zn鋅 | C14: 9.8 | D14: 9.6 | E14: 8.8 | F14: 8.3 | G14: 8.15 | H14: ='XM.GUI MAIL'!$E$17 -> 8~12 | I14: ='XM.GUI MAIL'!$F$17 -> (10±2) | J14: ='XM.GUI MAIL'!I17 -> 0 | K14: ='XM.GUI MAIL'!P17 -> 12.74 | L14: ='XM.GUI MAIL'!W17 -> 12.48 | M14: ='XM.GUI MAIL'!AD17 -> 11.44 | N14: ='XM.GUI MAIL'!AK17 -> 10.79 | O14: ='XM.GUI MAIL'!AR17 -> 10.595 | P14: JASCO | R14: 0.096 | T14: 0.32
A15: Cr3+鈍化劑 (I) | C15: 11 | D15: 11 | E15: 12.6 | F15: 10.6 | G15: 10.2 | H15: ='XM.GUI MAIL'!$E$18 -> 12~18 | I15: ='XM.GUI MAIL'!$F$18 -> (14±2) | J15: ='XM.GUI MAIL'!I18 -> 0 | K15: ='XM.GUI MAIL'!P18 -> 15.827338 | L15: ='XM.GUI MAIL'!W18 -> 15.827338 | M15: ='XM.GUI MAIL'!AD18 -> 18.129496 | N15: ='XM.GUI MAIL'!AK18 -> 15.251799 | O15: ='XM.GUI MAIL'!AR18 -> 14.676259 | P15: JASCO
H16: ='XM.GUI MAIL'!$E$19 -> 1.5~1.9 | I16: ='XM.GUI MAIL'!$F$19 -> (1.7±0.1 ) | J16: ='XM.GUI MAIL'!I19 -> 0 | K16: ='XM.GUI MAIL'!P19 -> 1.63 | L16: ='XM.GUI MAIL'!W19 -> 1.64 | M16: ='XM.GUI MAIL'!AD19 -> 1.8 | N16: ='XM.GUI MAIL'!AK19 -> 1.8 | O16: ='XM.GUI MAIL'!AR19 -> 1.76
A17: HCl Đặc 濃酸洗 | C17: 3.8 | D17: 4.2 | E17: 4.3 | F17: 4.1 | G17: 4.05 | H17: ='XM.GUI MAIL'!$E$20 -> 40~50 | I17: ='XM.GUI MAIL'!$F$20 -> (45±5) | J17: ='XM.GUI MAIL'!I20 -> 0 | K17: ='XM.GUI MAIL'!P20 -> 0.4334375 | L17: ='XM.GUI MAIL'!W20 -> 0.4790625 | M17: ='XM.GUI MAIL'!AD20 -> 0.49046875 | N17: ='XM.GUI MAIL'!AK20 -> 0.46765625 | O17: ='XM.GUI MAIL'!AR20 -> 0.46195312 | R17: 60%V/V | T17: 100%V/V
A18: HCl Loãng弱酸洗 | H18: ='XM.GUI MAIL'!$E$21 -> (22±5) =17~27 | I18: ='XM.GUI MAIL'!$F$21 -> (22±5) | J18: ='XM.GUI MAIL'!I21 -> 0 | K18: ='XM.GUI MAIL'!P21 -> 0 | L18: ='XM.GUI MAIL'!W21 -> 0 | M18: ='XM.GUI MAIL'!AD21 -> 0 | N18: ='XM.GUI MAIL'!AK21 -> 0 | O18: ='XM.GUI MAIL'!AR21 -> 0 | R18: 0.192 | T18: 0.32
A19: HCl hoat hoa | C19: 5.9 | D19: 8.1 | E19: 7.5 | F19: 6.7 | G19: 5 | H19: ='XM.GUI MAIL'!$E$22 -> 5~15 | I19: ='XM.GUI MAIL'!$F$22 -> (10±3) | J19: ='XM.GUI MAIL'!I22 -> 0 | K19: ='XM.GUI MAIL'!P22 -> 0.13459375 | L19: ='XM.GUI MAIL'!W22 -> 0.18478125 | M19: ='XM.GUI MAIL'!AD22 -> 0.17109375 | N19: ='XM.GUI MAIL'!AK22 -> 0.15284375 | O19: ='XM.GUI MAIL'!AR22 -> 0.1140625
A20: HNO3 硝酸中和 | E20: 6.5 | F20: 7.1 | G20: 6 | H20: ='XM.GUI MAIL'!$E$23 -> 0.5~1.0 | I20: ='XM.GUI MAIL'!$F$23 -> (0.7±0.1) | J20: ='XM.GUI MAIL'!I23 -> 0 | K20: ='XM.GUI MAIL'!P23 -> 0 | L20: ='XM.GUI MAIL'!W23 -> 0 | M20: ='XM.GUI MAIL'!AD23 -> 0.00819 | N20: ='XM.GUI MAIL'!AK23 -> 0.008946 | O20: ='XM.GUI MAIL'!AR23 -> 0.00756
A21: Cr3+鈍化劑 (K) | C21: 12 | D21: 12 | E21: 12.3 | H21: ='XM.GUI MAIL'!$E$24 -> 5~10 | I21: ='XM.GUI MAIL'!$F$24 -> (7.5±1) | J21: ='XM.GUI MAIL'!I24 | K21: ='XM.GUI MAIL'!P24 -> 7.6923077 | L21: ='XM.GUI MAIL'!W24 -> 7.6923077 | M21: ='XM.GUI MAIL'!AD24 -> 7.8846154 | N21: ='XM.GUI MAIL'!AK24 -> ko sx | O21: ='XM.GUI MAIL'!AR24 -> ko sx | P21: JASCO
A22: Cr3+鈍化劑 (K) PH | C22: 2.28 | D22: 2.26 | E22: 2.4 | H22: ='XM.GUI MAIL'!$E$25 -> 2.0~2.4 | I22: ='XM.GUI MAIL'!$F$25 -> (2.2±0.1) | J22: ='XM.GUI MAIL'!I25 -> 0 | K22: ='XM.GUI MAIL'!P25 -> 2.28 | L22: ='XM.GUI MAIL'!W25 -> 2.26 | M22: ='XM.GUI MAIL'!AD25 -> 2.4 | N22: ='XM.GUI MAIL'!AK25 -> ko sx | O22: ='XM.GUI MAIL'!AR25 -> ko sx | P22: JASCO
A23: Cr3+鈍化劑 (I) PH | C23: 1.63 | D23: 1.64 | E23: 1.8 | F23: 1.8 | G23: 1.76 | H23: ='XM.GUI MAIL'!$E$19 -> 1.5~1.9 | I23: ='XM.GUI MAIL'!$F$19 -> (1.7±0.1 ) | J23: =B23 -> 0 | K23: =C23 -> 1.63 | L23: =D23 -> 1.64 | M23: =E23 -> 1.8 | N23: =F23 -> 1.8 | O23: =G23 -> 1.76 | P23: JASCO
A25: XL-001F | B25: 07:15 | C25: 11:15 | D25: 15:15 | E25: 19:15 | F25: 23:15 | G25: 03:15 | H25: TIEU CHUAN | J25: 07:15 | K25: 11:15 | L25: 15:15 | M25: 19:15 | N25: 23:15 | O25: 03:15 | P25: NCC
A26: Xà bông (1)脫脂 | B26: 11 | C26: 11.2 | D26: 11.15 | E26: 10.1 | F26: 10.2 | G26: 10.4 | H26: ='XM.GUI MAIL'!$E$43 -> 60~80 | I26: ='XM.GUI MAIL'!$F$43 -> (70±5) | J26: ='XM.GUI MAIL'!I43 -> 71.39 | K26: ='XM.GUI MAIL'!P43 -> 72.688 | L26: ='XM.GUI MAIL'!W43 -> 72.3635 | M26: ='XM.GUI MAIL'!AD43 -> 65.549 | N26: ='XM.GUI MAIL'!AK43 -> 66.198 | O26: ='XM.GUI MAIL'!AR43 -> 67.496 | P26: HALO
H27: CT-21A: 25kg/CT-21B: 5-10Lit | J27: ='XM.GUI MAIL'!I44 -> 0 | K27: ='XM.GUI MAIL'!P44 -> 0 | L27: ='XM.GUI MAIL'!W44 -> 0 | M27: ='XM.GUI MAIL'!AD44 -> 0 | N27: ='XM.GUI MAIL'!AK44 -> 0 | O27: ='XM.GUI MAIL'!AR44 -> 0
A28: Xà bông (2)脫脂 | B28: 11.1 | C28: 11.55 | D28: 11.5 | E28: 11.4 | F28: 11.5 | G28: 11.5 | H28: ='XM.GUI MAIL'!$E$45 -> 60~80 | I28: ='XM.GUI MAIL'!$F$45 -> (70±5) | J28: ='XM.GUI MAIL'!I45 -> 72.039 | K28: ='XM.GUI MAIL'!P45 -> 74.9595 | L28: ='XM.GUI MAIL'!W45 -> 74.635 | M28: ='XM.GUI MAIL'!AD45 -> 73.986 | N28: ='XM.GUI MAIL'!AK45 -> 74.635 | O28: ='XM.GUI MAIL'!AR45 -> 74.635 | P28: HALO | R28: Quy đổi nồng độ acid HCl 32% sang nồng độ g/l
H29: CT-21A: 25kg/CT-21B: 5-10Lit | J29: ='XM.GUI MAIL'!I46 -> 0 | K29: ='XM.GUI MAIL'!P46 -> 0 | L29: ='XM.GUI MAIL'!W46 -> 0 | M29: ='XM.GUI MAIL'!AD46 -> 0 | N29: ='XM.GUI MAIL'!AK46 -> 0 | O29: ='XM.GUI MAIL'!AR46 -> 0
A30: điện giải(1)+電解 | B30: 11.95 | C30: 13 | D30: 13.3 | E30: 13.5 | F30: 13.2 | G30: 12.9 | H30: ='XM.GUI MAIL'!$E$47 -> 50~70 | I30: ='XM.GUI MAIL'!$F$47 -> (60±10) | J30: ='XM.GUI MAIL'!I47 -> 55.209 | K30: ='XM.GUI MAIL'!P47 -> 60.06 | L30: ='XM.GUI MAIL'!W47 -> 61.446 | M30: ='XM.GUI MAIL'!AD47 -> 62.37 | N30: ='XM.GUI MAIL'!AK47 -> 60.984 | O30: ='XM.GUI MAIL'!AR47 -> 59.598 | P30: HALO
H31: EC-508A: 25kg/EC-508B:4-10Lit | J31: ='XM.GUI MAIL'!I48 -> 0 | K31: ='XM.GUI MAIL'!P48 -> 0 | L31: ='XM.GUI MAIL'!W48 -> 0 | M31: ='XM.GUI MAIL'!AD48 -> 0 | N31: ='XM.GUI MAIL'!AK48 -> 0 | O31: ='XM.GUI MAIL'!AR48 -> 0
A32: điện giải (2)+電解 | B32: 12.7 | C32: 13.55 | D32: 13.3 | E32: 12.5 | F32: 14.2 | G32: 14.7 | H32: ='XM.GUI MAIL'!$E$49 -> 50~70 | I32: ='XM.GUI MAIL'!$F$49 -> (60±10) | J32: ='XM.GUI MAIL'!I49 -> 58.674 | K32: ='XM.GUI MAIL'!P49 -> 62.601 | L32: ='XM.GUI MAIL'!W49 -> 61.446 | M32: ='XM.GUI MAIL'!AD49 -> 57.75 | N32: ='XM.GUI MAIL'!AK49 -> 65.604 | O32: ='XM.GUI MAIL'!AR49 -> 67.914 | P32: HALO
H33: EC-508A: 25kg/EC-508B:4-10Lit | J33: ='XM.GUI MAIL'!I50 -> 0 | K33: ='XM.GUI MAIL'!P50 -> 0 | L33: ='XM.GUI MAIL'!W50 -> 0 | M33: ='XM.GUI MAIL'!AD50 -> 0 | N33: ='XM.GUI MAIL'!AK50 -> 0 | O33: ='XM.GUI MAIL'!AR50 -> 0
A34: NaOH氫氧化鈉 | B34: 18.1 | C34: 18.1 | D34: 17.9 | E34: 17.9 | F34: 18 | G34: 18 | H34: ='XM.GUI MAIL'!$E$51 -> 130 - 150 | I34: ='XM.GUI MAIL'!$F$51 -> (140±7) | J34: ='XM.GUI MAIL'!I51 -> 144.8 | K34: ='XM.GUI MAIL'!P51 -> 144.8 | L34: ='XM.GUI MAIL'!W51 -> 143.2 | M34: ='XM.GUI MAIL'!AD51 -> 143.2 | N34: ='XM.GUI MAIL'!AK51 -> 144 | O34: ='XM.GUI MAIL'!AR51 -> 144 | P34: HALO | R34: %*1.162= (g/l)
A35: Zn鋅 | B35: 7.7 | C35: 7.5 | D35: 7.5 | E35: 7.6 | F35: 7.6 | G35: 7.7 | H35: ='XM.GUI MAIL'!$E$52 -> 8~12 | I35: ='XM.GUI MAIL'!$F$52 -> (10±2) | J35: ='XM.GUI MAIL'!I52 -> 10.01 | K35: ='XM.GUI MAIL'!P52 -> 9.75 | L35: ='XM.GUI MAIL'!W52 -> 9.75 | M35: ='XM.GUI MAIL'!AD52 -> 9.88 | N35: ='XM.GUI MAIL'!AK52 -> 9.88 | O35: ='XM.GUI MAIL'!AR52 -> 10.01 | P35: HALO
A36: Cr3+鈍化劑 (I) halo | B36: 19.5 | C36: 19.3 | D36: 19.5 | E36: 19.4 | F36: 19 | G36: 17.8 | H36: ='XM.GUI MAIL'!$E$53 -> 6~10 | I36: ='XM.GUI MAIL'!$F$53 -> (7±1) | J36: ='XM.GUI MAIL'!I53 -> 7.21605 | K36: ='XM.GUI MAIL'!P53 -> 7.13131 | L36: ='XM.GUI MAIL'!W53 -> 7.21605 | M36: ='XM.GUI MAIL'!AD53 -> 7.17368 | N36: ='XM.GUI MAIL'!AK53 -> 7.0042 | O36: ='XM.GUI MAIL'!AR53 -> 6.49576 | P36: HALO | R36: vd:
H37: ='XM.GUI MAIL'!$E$54 -> 2~2.5 | I37: ='XM.GUI MAIL'!$F$54 -> (2.3±0.1 ) | J37: ='XM.GUI MAIL'!I54 -> 2.23 | K37: ='XM.GUI MAIL'!P54 -> 2.24 | L37: ='XM.GUI MAIL'!W54 -> 2.35 | M37: ='XM.GUI MAIL'!AD54 -> 2.4 | N37: ='XM.GUI MAIL'!AK54 -> 2.35 | O37: ='XM.GUI MAIL'!AR54 -> 2.4
A38: HCl Đặc 濃酸洗 | B38: 4.1 | C38: 4.2 | D38: 4 | E38: 4 | F38: 3.9 | G38: 4.1 | H38: ='XM.GUI MAIL'!$E$55 -> 40~50 | I38: ='XM.GUI MAIL'!$F$55 -> (45±5) | J38: ='XM.GUI MAIL'!I55 -> 0.46765625 | K38: ='XM.GUI MAIL'!P55 -> 0.4790625 | L38: ='XM.GUI MAIL'!W55 -> 0.45625 | M38: ='XM.GUI MAIL'!AD55 -> 0.45625 | N38: ='XM.GUI MAIL'!AK55 -> 0.44484375 | O38: ='XM.GUI MAIL'!AR55 -> 0.46765625 | R38: =5*1.162 -> 5.81 | S38: (g/l)
A39: HCl Loãng弱酸洗 | H39: ='XM.GUI MAIL'!$E$56 -> (22±5) =17~27 | I39: ='XM.GUI MAIL'!$F$56 -> (22±5) | J39: ='XM.GUI MAIL'!I56 -> 0 | K39: ='XM.GUI MAIL'!P56 -> 0 | L39: ='XM.GUI MAIL'!W56 -> 0 | M39: ='XM.GUI MAIL'!AD56 -> 0 | N39: ='XM.GUI MAIL'!AK56 -> 0 | O39: ='XM.GUI MAIL'!AR56 -> 0 | R39: =R38*1000 -> 5810 | S39: (g/ml)
A40: HCl hoat hoa | B40: 3.5 | C40: 3.6 | D40: 3.85 | E40: 3 | F40: 5 | G40: 4.5 | H40: ='XM.GUI MAIL'!$E$57 -> 5~15 | I40: ='XM.GUI MAIL'!$F$57 -> (10±3) | J40: ='XM.GUI MAIL'!I57 -> 0.07984375 | K40: ='XM.GUI MAIL'!P57 -> 0.082125 | L40: ='XM.GUI MAIL'!W57 -> 0.087828125 | M40: ='XM.GUI MAIL'!AD57 -> 0.0684375 | N40: ='XM.GUI MAIL'!AK57 -> 0.1140625 | O40: ='XM.GUI MAIL'!AR57 -> 0.10265625
A41: HNO3 硝酸中和 | B41: 8.8 | C41: 10.5 | D41: 8.8 | E41: 8.5 | F41: 10 | G41: 8 | H41: ='XM.GUI MAIL'!$E$58 -> 0.5~1.5 | I41: ='XM.GUI MAIL'!$F$58 -> (1±0.4) | J41: ='XM.GUI MAIL'!I58 -> 0.011088 | K41: ='XM.GUI MAIL'!P58 -> 0.01323 | L41: ='XM.GUI MAIL'!W58 -> 0.011088 | M41: ='XM.GUI MAIL'!AD58 -> 0.01071 | N41: ='XM.GUI MAIL'!AK58 -> 0.0126 | O41: ='XM.GUI MAIL'!AR58 -> 0.01008
A42: Cr3+鈍化劑 (K) | B42: 7.25 | E42: 7.4 | H42: ='XM.GUI MAIL'!$E$59 -> 5~8 | I42: ='XM.GUI MAIL'!$F$59 -> (6±0.5) | J42: ='XM.GUI MAIL'!I59 -> 7.2 | K42: ='XM.GUI MAIL'!P59 -> ko sx | L42: ='XM.GUI MAIL'!W59 -> ko sx | M42: ='XM.GUI MAIL'!AD59 -> 7.32 | N42: ='XM.GUI MAIL'!AK59 -> ko sx | O42: ='XM.GUI MAIL'!AR59 -> ko sx | P42: HALO
A43: Cr3+鈍化劑 (K) PH | B43: 2.03 | E43: 2 | H43: ='XM.GUI MAIL'!$E$60 -> 1.8~2.4 | I43: ='XM.GUI MAIL'!$F$60 -> (2.1±0.1 ) | J43: ='XM.GUI MAIL'!I60 -> 2.03 | K43: ='XM.GUI MAIL'!P60 -> ko sx | L43: ='XM.GUI MAIL'!W60 -> ko sx | M43: ='XM.GUI MAIL'!AD60 -> 2 | N43: ='XM.GUI MAIL'!AK60 -> ko sx | O43: ='XM.GUI MAIL'!AR60 -> ko sx | P43: HALO
A44: Cr3+鈍化劑 (I) PH (HALO) | B44: 2.23 | C44: 2.24 | D44: 2.35 | E44: 2.4 | F44: 2.35 | G44: 2.4 | H44: ='XM.GUI MAIL'!$E$54 -> 2~2.5 | I44: ='XM.GUI MAIL'!$F$54 -> (2.3±0.1 ) | J44: =B44 -> 2.23 | K44: =C44 -> 2.24 | L44: =D44 -> 2.35 | M44: =E44 -> 2.4 | N44: =F44 -> 2.35 | O44: =G44 -> 2.4 | P44: HALO
A46: XT-000C | B46: 07:15 | C46: 11:15 | D46: 15:15 | E46: 19:15 | F46: 23:15 | G46: 03:15 | H46: TIEU CHUAN | J46: 07:15 | K46: 11:15 | L46: 15:15 | M46: 19:15 | N46: 23:15 | O46: 03:15 | P46: NCC
A47: Xà bông (1)脫脂 | B47: 7.4 | C47: 7.85 | D47: 7.9 | H47: ='XM.GUI MAIL'!$E$78 -> 40~60 | I47: ='XM.GUI MAIL'!$F$78 -> (50±5) | J47: ='XM.GUI MAIL'!I78 -> 48.026 | K47: ='XM.GUI MAIL'!P78 -> 50.9465 | L47: ='XM.GUI MAIL'!W78 -> 51.271 | M47: ='XM.GUI MAIL'!AD78 -> 0 | N47: ='XM.GUI MAIL'!AK78 -> 0 | O47: ='XM.GUI MAIL'!AR78 -> 0 | P47: HALO
H48: CT-21A: 25kg/CT-21B: 7-10L | J48: ='XM.GUI MAIL'!I79 -> 0 | K48: ='XM.GUI MAIL'!P79 -> 0 | L48: ='XM.GUI MAIL'!W79 -> 0 | M48: ='XM.GUI MAIL'!AD79 -> 0 | N48: ='XM.GUI MAIL'!AK79 -> 0 | O48: ='XM.GUI MAIL'!AR79 -> 0
A49: Xà bông (2)脫脂 | B49: 7.65 | C49: 7.75 | D49: 7.75 | H49: ='XM.GUI MAIL'!$E$80 -> 40~60 | I49: ='XM.GUI MAIL'!$F$80 -> (50±5) | J49: ='XM.GUI MAIL'!I80 -> 49.6485 | K49: ='XM.GUI MAIL'!P80 -> 50.2975 | L49: ='XM.GUI MAIL'!W80 -> 50.2975 | M49: ='XM.GUI MAIL'!AD80 -> 0 | N49: ='XM.GUI MAIL'!AK80 -> 0 | O49: ='XM.GUI MAIL'!AR80 -> 0 | P49: HALO
H50: CT-21A: 25kg/CT-21B: 7-10L | J50: ='XM.GUI MAIL'!I81 -> 0 | K50: ='XM.GUI MAIL'!P81 -> 0 | L50: ='XM.GUI MAIL'!W81 -> 0 | M50: ='XM.GUI MAIL'!AD81 -> 0 | N50: ='XM.GUI MAIL'!AK81 -> 0 | O50: ='XM.GUI MAIL'!AR81 -> 0
A51: điện giải(1)+電解 | B51: 13.3 | C51: 13.4 | D51: 13.5 | H51: ='XM.GUI MAIL'!$E$82 -> 50~70 | I51: ='XM.GUI MAIL'!$F$82 -> (60±5) | J51: ='XM.GUI MAIL'!I82 -> 61.446 | K51: ='XM.GUI MAIL'!P82 -> 61.908 | L51: ='XM.GUI MAIL'!W82 -> 62.37 | M51: ='XM.GUI MAIL'!AD82 -> 0 | N51: ='XM.GUI MAIL'!AK82 -> 0 | O51: ='XM.GUI MAIL'!AR82 -> 0 | P51: HALO
H52: EC-508A: 25kg/EC-508B:6-10L | J52: ='XM.GUI MAIL'!I83 -> 0 | K52: ='XM.GUI MAIL'!P83 -> 0 | L52: ='XM.GUI MAIL'!W83 -> 0 | M52: ='XM.GUI MAIL'!AD83 -> 0 | N52: ='XM.GUI MAIL'!AK83 -> 0 | O52: ='XM.GUI MAIL'!AR83 -> 0
A53: điện giải (2)+電解 | B53: 12.9 | C53: 13.15 | D53: 13.25 | H53: ='XM.GUI MAIL'!$E$84 -> 50~70 | I53: ='XM.GUI MAIL'!$F$84 -> (60±5) | J53: ='XM.GUI MAIL'!I84 -> 59.598 | K53: ='XM.GUI MAIL'!P84 -> 60.753 | L53: ='XM.GUI MAIL'!W84 -> 61.215 | M53: ='XM.GUI MAIL'!AD84 -> 0 | N53: ='XM.GUI MAIL'!AK84 -> 0 | O53: ='XM.GUI MAIL'!AR84 -> 0 | P53: HALO
H54: EC-508A: 25kg/EC-508B:6-10L | J54: ='XM.GUI MAIL'!I85 -> 0 | K54: ='XM.GUI MAIL'!P85 -> 0 | L54: ='XM.GUI MAIL'!W85 -> 0 | M54: ='XM.GUI MAIL'!AD85 -> 0 | N54: ='XM.GUI MAIL'!AK85 -> 0 | O54: ='XM.GUI MAIL'!AR85 -> 0
A55: NaOH | B55: 17.8 | C55: 17.9 | D55: 17.35 | H55: ='XM.GUI MAIL'!$E$86 -> 135~ 145 | I55: ='XM.GUI MAIL'!$F$86 -> (140±5) | J55: ='XM.GUI MAIL'!I86 -> 142.4 | K55: ='XM.GUI MAIL'!P86 -> 143.2 | L55: ='XM.GUI MAIL'!W86 -> 138.8 | M55: ='XM.GUI MAIL'!AD86 -> 0 | N55: ='XM.GUI MAIL'!AK86 -> 0 | O55: ='XM.GUI MAIL'!AR86 -> 0 | P55: HALO
A56: Zn | B56: 6.45 | C56: 6.45 | D56: 6.5 | H56: ='XM.GUI MAIL'!$E$87 -> 7~10 | I56: ='XM.GUI MAIL'!$F$87 -> (8.5±1) | J56: ='XM.GUI MAIL'!I87 -> 8.385 | K56: ='XM.GUI MAIL'!P87 -> 8.385 | L56: ='XM.GUI MAIL'!W87 -> 8.45 | M56: ='XM.GUI MAIL'!AD87 -> 0 | N56: ='XM.GUI MAIL'!AK87 -> 0 | O56: ='XM.GUI MAIL'!AR87 -> 0 | P56: HALO
A57: Cr3+鈍化劑 (I) HALO | B57: 18.35 | C57: 18.25 | D57: 18.1 | H57: ='XM.GUI MAIL'!$E$88 -> 5~8 | I57: ='XM.GUI MAIL'!$F$88 -> (6±1) | J57: ='XM.GUI MAIL'!I88 -> 6.728795 | K57: ='XM.GUI MAIL'!P88 -> 6.686425 | L57: ='XM.GUI MAIL'!W88 -> 6.62287 | M57: ='XM.GUI MAIL'!AD88 -> -1.0461 | N57: ='XM.GUI MAIL'!AK88 -> -1.0461 | O57: ='XM.GUI MAIL'!AR88 -> -1.0461 | P57: HALO
H58: ='XM.GUI MAIL'!$E$89 -> 2.0~2.4 | I58: ='XM.GUI MAIL'!$F$89 -> (2.2±0.1) | J58: ='XM.GUI MAIL'!I89 -> 2.11 | K58: ='XM.GUI MAIL'!P89 -> 2.1 | L58: ='XM.GUI MAIL'!W89 -> 2.14 | M58: ='XM.GUI MAIL'!AD89 -> 0 | N58: ='XM.GUI MAIL'!AK89 -> 0 | O58: ='XM.GUI MAIL'!AR89 -> 0
A59: HCl Đặc 12 | B59: 1.7 | C59: 2 | D59: 2.16 | H59: ='XM.GUI MAIL'!E90 -> 40~50 | I59: ='XM.GUI MAIL'!F90 -> (45±5) | J59: ='XM.GUI MAIL'!I90 -> 0.3878125 | K59: ='XM.GUI MAIL'!P90 -> 0.45625 | L59: ='XM.GUI MAIL'!W90 -> 0.49275 | M59: ='XM.GUI MAIL'!AD90 -> 0 | N59: ='XM.GUI MAIL'!AK90 -> 0 | O59: ='XM.GUI MAIL'!AR90 -> 0
A60: HCl Đặc 13 | H60: ='XM.GUI MAIL'!E91 -> 10~20 | I60: ='XM.GUI MAIL'!F91 -> (15±5) | J60: ='XM.GUI MAIL'!I91 -> 0 | K60: ='XM.GUI MAIL'!P91 -> 0 | L60: ='XM.GUI MAIL'!W91 -> 0 | M60: ='XM.GUI MAIL'!AD91 -> 0 | N60: ='XM.GUI MAIL'!AK91 -> 0 | O60: ='XM.GUI MAIL'!AR91 -> 0
A61: HCl Đặc 14 | B61: 1.96 | C61: 2.06 | D61: 2.12 | H61: ='XM.GUI MAIL'!E92 -> 40~50 | I61: ='XM.GUI MAIL'!F92 -> (45±5) | J61: ='XM.GUI MAIL'!I92 -> 0.447125 | K61: ='XM.GUI MAIL'!P92 -> 0.4699375 | L61: ='XM.GUI MAIL'!W92 -> 0.483625 | M61: ='XM.GUI MAIL'!AD92 -> 0 | N61: ='XM.GUI MAIL'!AK92 -> 0 | O61: ='XM.GUI MAIL'!AR92 -> 0
A62: HCl Đặc 15,16,17 | B62: 1.98 | C62: 2 | D62: 2 | H62: ='XM.GUI MAIL'!E93 -> 40~50 | I62: ='XM.GUI MAIL'!F93 -> (45±5) | J62: ='XM.GUI MAIL'!I93 -> 0.4516875 | K62: ='XM.GUI MAIL'!P93 -> 0.45625 | L62: ='XM.GUI MAIL'!W93 -> 0.45625 | M62: ='XM.GUI MAIL'!AD93 -> 0 | N62: ='XM.GUI MAIL'!AK93 -> 0 | O62: ='XM.GUI MAIL'!AR93 -> 0
A63: HNO3 (%) | B63: 5.9 | C63: 5.6 | D63: 5.8 | H63: ='XM.GUI MAIL'!$E$94 -> 0.5~1.0 | I63: ='XM.GUI MAIL'!$F$94 -> (0.7±0.1) | J63: ='XM.GUI MAIL'!I94 -> 0.007434 | K63: ='XM.GUI MAIL'!P94 -> 0.007056 | L63: ='XM.GUI MAIL'!W94 -> 0.007308 | M63: ='XM.GUI MAIL'!AD94 -> 0 | N63: ='XM.GUI MAIL'!AK94 -> 0 | O63: ='XM.GUI MAIL'!AR94 -> 0
A64: Cr3+鈍化劑 (K) | B64: 5.45 | C64: 5.4 | D64: 5.4 | H64: ='XM.GUI MAIL'!$E$95 -> 5~8 | I64: ='XM.GUI MAIL'!$F$95 -> (6±0.5) | J64: ='XM.GUI MAIL'!I95 -> 5.76 | K64: ='XM.GUI MAIL'!P95 -> 5.72 | L64: ='XM.GUI MAIL'!W95 -> 5.72 | M64: ='XM.GUI MAIL'!AD95 | N64: ='XM.GUI MAIL'!AK95 | O64: ='XM.GUI MAIL'!AR95 | P64: HALO
A65: Cr3+鈍化劑 (K) PH | B65: 2.03 | C65: 2 | D65: 2.05 | H65: ='XM.GUI MAIL'!$E$96 -> 1.8~2.4 | I65: ='XM.GUI MAIL'!$F$96 -> (2.1±0.1) | J65: ='XM.GUI MAIL'!I96 -> 2.03 | K65: ='XM.GUI MAIL'!P96 -> 2 | L65: ='XM.GUI MAIL'!W96 -> 2.05 | M65: ='XM.GUI MAIL'!AD96 -> 0 | N65: ='XM.GUI MAIL'!AK96 -> 0 | O65: ='XM.GUI MAIL'!AR96 -> 0 | P65: HALO
A66: Cr3+鈍化劑 (I) PH (HALO) | B66: 2.11 | C66: 2.1 | D66: 2.14 | H66: ='XM.GUI MAIL'!$E$89 -> 2.0~2.4 | I66: ='XM.GUI MAIL'!$F$89 -> (2.2±0.1) | J66: =B66 -> 2.11 | K66: =C66 -> 2.1 | L66: =D66 -> 2.14 | M66: =E66 -> 0 | N66: =F66 -> 0 | O66: =G66 -> 0 | P66: HALO
A67: Cr3+鈍化劑 (I) ( JASCO) | H67: ='XM.FILE GOC'!E97 -> 12~18 % | I67: ='XM.FILE GOC'!F97 -> (14±2%) | P67: JASCO
A68: Cr3+鈍化劑 (I) PH (JASCO) | H68: ='XM.FILE GOC'!E98 -> 1.5~1.9 | I68: ='XM.FILE GOC'!F98 -> (1.7 ±0.1) | P68: JASCO
A70: Niken (bồn Zn-Niken) | B70: 07:15 | C70: 11:15 | D70: 15:15 | E70: 19:15 | F70: 23:15 | G70: 03:15 | H70: TIEU CHUAN | J70: 07:15 | K70: 11:15 | L70: 15:15 | M70: 19:15 | N70: 23:15 | O70: 03:15 | P70: NCC
A71: Zn (bồn Zn-Niken) | H71: ='XM.GUI MAIL'!$E$99 -> 5~6 | I71: ='XM.GUI MAIL'!$F$99 -> (5.5± 0.5) | J71: ='XM.GUI MAIL'!I126 | K71: ='XM.GUI MAIL'!P126 | L71: ='XM.GUI MAIL'!W126 | M71: ='XM.GUI MAIL'!AD126 | N71: ='XM.GUI MAIL'!AK126 | O71: ='XM.GUI MAIL'!AR126 | P71: HALO
A72: NaOH (bồn Zn-Niken) | H72: ='XM.GUI MAIL'!$E$100 -> 130~140 | I72: ='XM.GUI MAIL'!$F$100 -> (135 ± 5) | J72: ='XM.GUI MAIL'!I127 -> 0 | K72: ='XM.GUI MAIL'!P127 -> 0 | L72: ='XM.GUI MAIL'!W127 -> 0 | M72: ='XM.GUI MAIL'!AD127 -> 0 | N72: ='XM.GUI MAIL'!AK127 -> 0 | O72: ='XM.GUI MAIL'!AR127 -> 0 | P72: HALO
A73: MÀU NIKEN-PH | H73: ='XM.FILE GOC'!E101 -> 3.0-4.5 | I73: ='XM.FILE GOC'!F101 -> (4.3±0.2) | J73: ='XM.GUI MAIL'!I128 -> 0 | K73: ='XM.GUI MAIL'!P128 -> 0 | L73: ='XM.GUI MAIL'!W128 -> 0 | M73: ='XM.GUI MAIL'!AD128 -> 0 | N73: ='XM.GUI MAIL'!AK128 -> 0 | O73: ='XM.GUI MAIL'!AR128 -> 0 | P73: HALO
A74: MÀU NIKEN | H74: ='XM.FILE GOC'!E102 -> 0 | I74: ='XM.FILE GOC'!F102 -> 0 | J74: ='XM.GUI MAIL'!I129 | K74: ='XM.GUI MAIL'!P129 | L74: ='XM.GUI MAIL'!W129 | M74: ='XM.GUI MAIL'!AD129 | N74: ='XM.GUI MAIL'!AK129 | O74: ='XM.GUI MAIL'!AR129 | P74: HALO
A76: Na2CO3 | B76: 07:15
A77: 1E | E77: =B77*10.6 -> 0
A78: 1F | E78: =B78*10.8 -> 0
A79: XT | E79: =B79*10.8 -> 0
A81: =MENU!AD9 -> 2024/08/01
A82: Type sample | B82: Test Item | C82: Standards | D82: Unit | E82: Result
A83: XL-1E | B83: Na2CO3 | C83: ＜70g/L | D83: g/l | E83: =E77 -> 0 | F83: JASCO
A84: XL-1F | B84: Na2CO3 | C84: ＜70g/L | D84: g/l | E84: =E78 -> 0 | F84: HALO
A85: XT-0C | B85: Na2CO3 | C85: ＜70g/L | D85: g/l | E85: =E79 -> 0 | F85: HALO

Sheet XM.FILE GOC
C1: BÁO CÁO KẾT QUẢ HÓA NGHIỆM HÀNG NGÀY 报告每日化学测试结果
A2: =MENU!$AC$9 -> Thứ 5, | C2: =MENU!$AD$9 -> 2024/08/01
A3: 生產線別：無氰鹼滾電E線 (XL-001E) | F3: =MENU!$AC$9 -> Thứ 5, | I3: =MENU!$AD$9 -> 2024/08/01 | AX3: =A2 -> Thứ 5,
G4: tiêu chuẩn khống chế để bổ sung | I4: 7:15 | P4: 11:15 | W4: 15:15 | AD4: 19:15 | AK4: 23:15 | AR4: 03:15 | AX4: =C2 -> 2024/08/01 | AZ4: =AX4-1 -> 45504 | BF4: =AZ4 -> 45504
A5: MÃ | B5: MÃ MÁY | C5: Hạng mục kiểm tra nồng độ 化驗檢查項目 | D5: Đơn vị 單位 | E5: Phạm vi kiểm soát 範圍值 | F5: Giới hạn kiểm soát 管控值 | I5: 濃度 | J5: 補充 BS | K5: 補充 BS | P5: 濃度 | Q5: 補充 BS | R5: 補充 BS | W5: 濃度 | X5: 補充 BS | Y5: 補充 BS | AD5: 濃度 | AE5: 補充 BS | AF5: 補充 BS | AK5: 濃度 | AL5: 補充 BS | AM5: 補充 BS | AR5: 濃度 | AS5: 補充 BS | AT5: 補充 BS | AX5: XI ĐEN 15:00 | AY5: XI ĐEN 03:00 | AZ5: XM | BF5: XI ĐEN 15:00 | BG5: XI ĐEN 03:00
A6: 1E-XB1 | B6: XL-001E | C6: Xà bông (1)脫脂 | D6: g/L | E6: ='XM.GUI MAIL'!E6 -> 20~40 | F6: ='XM.GUI MAIL'!F6 -> (30±5) | G6: ='XM.GUI MAIL'!G6 -> 30 | H6: =XM.HN!B3 -> 0 | I6: =H6*4 -> 0 | J6: =($G$6-I6)*2693/1000 -> 80.79 | K6: + | L6: =IF(J6<0,0,J6) -> 80.79 | N6: kg | O6: =XM.HN!C3 -> 6.65 | P6: =O6*4 -> 26.6 | Q6: =($G$6-P6)*2693/1000 -> 9.1562 | R6: + | S6: =IF(Q6<0,0,Q6) -> 9.1562 | U6: kg | V6: =XM.HN!D3 -> 8.2 | W6: =V6*4 -> 32.8 | X6: =($G$6-W6)*2693/1000 -> -7.5404 | Y6: + | Z6: =IF(X6<0,0,X6) -> 0 | AB6: kg | AC6: =XM.HN!E3 -> 8.4 | AD6: =AC6*4 -> 33.6 | AE6: =($G$6-AD6)*2693/1000 -> -9.6948 | AF6: + | AG6: =IF(AE6<0,0,AE6) -> 0 | AI6: kg | AJ6: =XM.HN!F3 -> 8 | AK6: =AJ6*4 -> 32 | AL6: =($G$6-AK6)*2693/1000 -> -5.386 | AM6: + | AN6: =IF(AL6<0,0,AL6) -> 0 | AP6: kg | AQ6: =XM.HN!G3 -> 8.2 | AR6: =AQ6*4 -> 32.8 | AS6: =($G$6-AR6)*2693/1000 -> -7.5404 | AT6: + | AU6: =IF(AS6<0,0,AS6) -> 0 | AW6: kg | AX6: ='R.FILE GOC'!AI57 -> 15.3 | AY6: ='R.FILE GOC'!AJ57 -> 0 | AZ6: 0 | BA6: 80.79 | BB6: + | BC6: 80.79 | BE6: kg | BF6: 15.5 | BG6: 0
C7: CleanA 840ml/NaOH 25kg | E7: 按NaOH添加數據添加 | K7: + | L7: =L6/25*840/1000 -> 2.714544 | M7: =IF('1. XL-1E TT'!AB7="","",'1. XL-1E TT'!AB7) | N7: L | R7: + | S7: =S6/25*840/1000 -> 0.30764832 | T7: =IF('1. XL-1E TT'!AF7="","",'1. XL-1E TT'!AF7) | U7: L | Y7: + | Z7: =Z6/25*840/1000 -> 0 | AA7: =IF('1. XL-1E TT'!AJ7="","",'1. XL-1E TT'!AJ7) | AB7: L | AF7: + | AG7: =AG6/25*840/1000 -> 0 | AH7: =IF('1. XL-1E TT(CA2)'!AB7="","",'1. XL-1E TT(CA2)'!AB7) | AI7: L | AM7: + | AN7: =AN6/25*840/1000 -> 0 | AO7: =IF('1. XL-1E TT(CA2)'!AF7="","",'1. XL-1E TT(CA2)'!AF7) | AP7: L | AT7: + | AU7: =AU6/25*840/1000 -> 0 | AV7: =IF('1. XL-1E TT(CA2)'!AJ7="","",'1. XL-1E TT(CA2)'!AJ7) | AW7: L | AX7: ='R.FILE GOC'!AI58 -> 15 | AY7: ='R.FILE GOC'!AJ58 -> 0 | BB7: + | BC7: 2.714544 | BE7: L | BF7: 15.3 | BG7: 0
C8: CleanB 8400ml/NaOH 25kg | E8: 按NaOH添加數據添加 | K8: + | L8: =L7*10 -> 27.14544 | M8: =IF('1. XL-1E TT'!AB8="","",'1. XL-1E TT'!AB8) | N8: L | R8: + | S8: =S7*10 -> 3.0764832 | T8: =IF('1. XL-1E TT'!AF8="","",'1. XL-1E TT'!AF8) | U8: L | Y8: + | Z8: =Z7*10 -> 0 | AA8: =IF('1. XL-1E TT'!AJ8="","",'1. XL-1E TT'!AJ8) | AB8: L | AF8: + | AG8: =AG7*10 -> 0 | AH8: =IF('1. XL-1E TT(CA2)'!AB8="","",'1. XL-1E TT(CA2)'!AB8) | AI8: L | AM8: + | AN8: =AN7*10 -> 0 | AO8: =IF('1. XL-1E TT(CA2)'!AF8="","",'1. XL-1E TT(CA2)'!AF8) | AP8: L | AT8: + | AU8: =AU7*10 -> 0 | AV8: =IF('1. XL-1E TT(CA2)'!AJ8="","",'1. XL-1E TT(CA2)'!AJ8) | AW8: L | AX8: ='R.FILE GOC'!AI59 -> 15 | AY8: ='R.FILE GOC'!AJ59 -> 0 | BB8: + | BC8: 27.14544 | BE8: L | BF8: 15.3 | BG8: 0
A9: 1E-XB2 | B9: XL-001E | C9: Xà bông (2)脫脂 | D9: g/L | E9: ='XM.GUI MAIL'!E9 -> 20~40 | F9: ='XM.GUI MAIL'!F9 -> (30±5) | G9: ='XM.GUI MAIL'!G9 -> 30 | H9: =XM.HN!B6 -> 0 | I9: =H9*4 -> 0 | J9: =($G$9-I9)*3305/1000 -> 99.15 | K9: + | L9: =IF(J9<0,0,J9) -> 99.15 | N9: kg | O9: =XM.HN!C6 -> 7.75 | P9: =O9*4 -> 31 | Q9: =($G$9-P9)*3305/1000 -> -3.305 | R9: + | S9: =IF(Q9<0,0,Q9) -> 0 | U9: kg | V9: =XM.HN!D6 -> 7.55 | W9: =V9*4 -> 30.2 | X9: =($G$9-W9)*3305/1000 -> -0.661 | Y9: + | Z9: =IF(X9<0,0,X9) -> 0 | AB9: kg | AC9: =XM.HN!E6 -> 7.8 | AD9: =AC9*4 -> 31.2 | AE9: =($G$9-AD9)*3305/1000 -> -3.966 | AF9: + | AG9: =IF(AE9<0,0,AE9) -> 0 | AI9: kg | AJ9: =XM.HN!F6 -> 8 | AK9: =AJ9*4 -> 32 | AL9: =($G$9-AK9)*3305/1000 -> -6.61 | AM9: + | AN9: =IF(AL9<0,0,AL9) -> 0 | AP9: kg | AQ9: =XM.HN!G6 -> 8 | AR9: =AQ9*4 -> 32 | AS9: =($G$9-AR9)*3305/1000 -> -6.61 | AT9: + | AU9: =IF(AS9<0,0,AS9) -> 0 | AW9: kg | AX9: ='R.FILE GOC'!AI60 -> 10.1 | AY9: ='R.FILE GOC'!AJ60 -> 0 | AZ9: 0 | BA9: 99.15 | BB9: + | BC9: 99.15 | BE9: kg | BF9: 10.3 | BG9: 0
C10: CleanA 840ml/NaOH 25kg | E10: 按NaOH添加數據添加 | K10: + | L10: =L9/25*840/1000 -> 3.33144 | M10: =IF('1. XL-1E TT'!AB10="","",'1. XL-1E TT'!AB10) | N10: L | R10: + | S10: =S9/25*840/1000 -> 0 | T10: =IF('1. XL-1E TT'!AF10="","",'1. XL-1E TT'!AF10) | U10: L | Y10: + | Z10: =Z9/25*840/1000 -> 0 | AA10: =IF('1. XL-1E TT'!AJ10="","",'1. XL-1E TT'!AJ10) | AB10: L | AF10: + | AG10: =AG9/25*840/1000 -> 0 | AH10: =IF('1. XL-1E TT(CA2)'!AB10="","",'1. XL-1E TT(CA2)'!AB10) | AI10: L | AM10: + | AN10: =AN9/25*840/1000 -> 0 | AO10: =IF('1. XL-1E TT(CA2)'!AF10="","",'1. XL-1E TT(CA2)'!AF10) | AP10: L | AT10: + | AU10: =AU9/25*840/1000 -> 0 | AV10: =IF('1. XL-1E TT(CA2)'!AJ10="","",'1. XL-1E TT(CA2)'!AJ10) | AW10: L | AX10: ='R.FILE GOC'!AI61 -> 1.2 | AY10: ='R.FILE GOC'!AJ61 -> 0 | BB10: + | BC10: 3.33144 | BE10: L | BF10: 1 | BG10: 0
C11: CleanB 8400ml/NaOH 25kg | E11: 按NaOH添加數據添加 | K11: + | L11: =L10*10 -> 33.3144 | M11: =IF('1. XL-1E TT'!AB11="","",'1. XL-1E TT'!AB11) | N11: L | R11: + | S11: =S10*10 -> 0 | T11: =IF('1. XL-1E TT'!AF11="","",'1. XL-1E TT'!AF11) | U11: L | Y11: + | Z11: =Z10*10 -> 0 | AA11: =IF('1. XL-1E TT'!AJ11="","",'1. XL-1E TT'!AJ11) | AB11: L | AF11: + | AG11: =AG10*10 -> 0 | AH11: =IF('1. XL-1E TT(CA2)'!AB11="","",'1. XL-1E TT(CA2)'!AB11) | AI11: L | AM11: + | AN11: =AN10*10 -> 0 | AO11: =IF('1. XL-1E TT(CA2)'!AF11="","",'1. XL-1E TT(CA2)'!AF11) | AP11: L | AT11: + | AU11: =AU10*10 -> 0 | AV11: =IF('1. XL-1E TT(CA2)'!AJ11="","",'1. XL-1E TT(CA2)'!AJ11) | AW11: L | AX11: ='R.FILE GOC'!AI62 -> 23.5 | AY11: ='R.FILE GOC'!AJ62 -> 0 | BB11: + | BC11: 33.3144 | BE11: L | BF11: 23 | BG11: 0
A12: 1E-DG1 | B12: XL-001E | C12: điện giải(1)+電解 | D12: g/L | E12: ='XM.GUI MAIL'!E12 -> 60~80 | F12: ='XM.GUI MAIL'!F12 -> (70±10) | G12: ='XM.GUI MAIL'!G12 -> 70 | H12: =XM.HN!B9 -> 0 | I12: =H12*4 -> 0 | J12: =($G$12-I12)*1156/1000 -> 80.92 | K12: + | L12: =IF(J12<0,0,J12) -> 80.92 | N12: kg | O12: =XM.HN!C9 -> 19.25 | P12: =O12*4 -> 77 | Q12: =($G$12-P12)*1156/1000 -> -8.092 | R12: + | S12: =IF(Q12<0,0,Q12) -> 0 | U12: kg | V12: =XM.HN!D9 -> 19.5 | W12: =V12*4 -> 78 | X12: =($G$12-W12)*1156/1000 -> -9.248 | Y12: + | Z12: =IF(X12<0,0,X12) -> 0 | AB12: kg | AC12: =XM.HN!E9 -> 18.8 | AD12: =AC12*4 -> 75.2 | AE12: =($G$12-AD12)*1156/1000 -> -6.0112 | AF12: + | AG12: =IF(AE12<0,0,AE12) -> 0 | AI12: kg | AJ12: =XM.HN!F9 -> 19.8 | AK12: 74.5 | AL12: =($G$12-AK12)*1156/1000 -> -5.202 | AM12: + | AN12: =IF(AL12<0,0,AL12) -> 0 | AP12: kg | AQ12: =XM.HN!G9 -> 19.7 | AR12: 74 | AS12: =($G$12-AR12)*1156/1000 -> -4.624 | AT12: + | AU12: =IF(AS12<0,0,AS12) -> 0 | AW12: kg | AX12: ='R.FILE GOC'!AI63 -> 7.5 | AY12: ='R.FILE GOC'!AJ63 -> 0 | AZ12: 0 | BA12: 80.92 | BB12: + | BC12: 80.92 | BE12: kg | BF12: 7.5 | BG12: 0
C13: CleanB 7.5L/NaOH 25kg | E13: 按NaOH添加數據添加 | K13: + | L13: =L12/25*7.5 -> 24.276 | M13: =IF('1. XL-1E TT'!AB13="","",'1. XL-1E TT'!AB13) | N13: L | R13: + | S13: =S12/25*7.5 -> 0 | T13: =IF('1. XL-1E TT'!AF13="","",'1. XL-1E TT'!AF13) | U13: L | Y13: + | Z13: =Z12/25*7.5 -> 0 | AA13: =IF('1. XL-1E TT'!AJ13="","",'1. XL-1E TT'!AJ13) | AB13: L | AF13: + | AG13: =AG12/25*7.5 -> 0 | AH13: =IF('1. XL-1E TT(CA2)'!AB13="","",'1. XL-1E TT(CA2)'!AB13) | AI13: L | AM13: + | AN13: =AN12/25*7.5 -> 0 | AO13: =IF('1. XL-1E TT(CA2)'!AF13="","",'1. XL-1E TT(CA2)'!AF13) | AP13: L | AT13: + | AU13: =AU12/25*7.5 -> 0 | AV13: =IF('1. XL-1E TT(CA2)'!AJ13="","",'1. XL-1E TT(CA2)'!AJ13) | AW13: L | AX13: ='R.FILE GOC'!AI64 -> 7.3 | AY13: ='R.FILE GOC'!AJ64 -> 0 | BB13: + | BC13: 24.276 | BE13: L | BF13: 7.3 | BG13: 0
A14: 1E-DG2 | B14: XL-001E | C14: điện giải (2)+電解 | D14: g/L | E14: ='XM.GUI MAIL'!E14 -> 60~80 | F14: ='XM.GUI MAIL'!F14 -> (70±10) | G14: ='XM.GUI MAIL'!G14 -> 70 | H14: =XM.HN!B11 -> 0 | I14: =H14*4 -> 0 | J14: =($G$14-I14)*1459/1000 -> 102.13 | K14: + | L14: =IF(J14<0,0,J14) -> 102.13 | N14: kg | O14: =XM.HN!C11 -> 18.15 | P14: =O14*4 -> 72.6 | Q14: =($G$14-P14)*1459/1000 -> -3.7934 | R14: + | S14: =IF(Q14<0,0,Q14) -> 0 | U14: kg | V14: =XM.HN!D11 -> 18.1 | W14: =V14*4 -> 72.4 | X14: =($G$14-W14)*1459/1000 -> -3.5016 | Y14: + | Z14: =IF(X14<0,0,X14) -> 0 | AB14: kg | AC14: =XM.HN!E11 -> 17.3 | AD14: 72 | AE14: =($G$14-AD14)*1459/1000 -> -2.918 | AF14: + | AG14: =IF(AE14<0,0,AE14) -> 0 | AI14: kg | AJ14: =XM.HN!F11 -> 17 | AK14: 71 | AL14: =($G$14-AK14)*1459/1000 -> -1.459 | AM14: + | AN14: =IF(AL14<0,0,AL14) -> 0 | AP14: kg | AQ14: =XM.HN!G11 -> 17 | AR14: =AQ14*4 -> 68 | AS14: =($G$14-AR14)*1459/1000 -> 2.918 | AT14: + | AU14: =IF(AS14<0,0,AS14) -> 2.918 | AW14: kg | AX14: ='R.FILE GOC'!AI65 -> 5.4 | AY14: ='R.FILE GOC'!AJ65 -> 0 | AZ14: 0 | BA14: 102.13 | BB14: + | BC14: 102.13 | BE14: kg | BF14: 5.4 | BG14: 0
C15: CleanB 7.5L/NaOH 25kg | E15: 按NaOH添加數據添加 | K15: + | L15: =L14/25*7.5 -> 30.639 | M15: =IF('1. XL-1E TT'!AB15="","",'1. XL-1E TT'!AB15) | N15: L | R15: + | S15: =S14/25*7.5 -> 0 | T15: =IF('1. XL-1E TT'!AF15="","",'1. XL-1E TT'!AF15) | U15: L | Y15: + | Z15: =Z14/25*7.5 -> 0 | AA15: =IF('1. XL-1E TT'!AJ15="","",'1. XL-1E TT'!AJ15) | AB15: L | AF15: + | AG15: =AG14/25*7.5 -> 0 | AH15: =IF('1. XL-1E TT(CA2)'!AB15="","",'1. XL-1E TT(CA2)'!AB15) | AI15: L | AM15: + | AN15: =AN14/25*7.5 -> 0 | AO15: =IF('1. XL-1E TT(CA2)'!AF15="","",'1. XL-1E TT(CA2)'!AF15) | AP15: L | AT15: + | AU15: =AU14/25*7.5 -> 0.8754 | AV15: =IF('1. XL-1E TT(CA2)'!AJ15="","",'1. XL-1E TT(CA2)'!AJ15) | AW15: L | AX15: ='R.FILE GOC'!AI66 -> 0 | AY15: ='R.FILE GOC'!AJ66 -> 0 | BB15: + | BC15: 30.639 | BE15: L | BF15: 0 | BG15: 0
A16: 1E-NAOH | B16: XL-001E | C16: Nồng độ NaOH 氫氧化鈉 | D16: g/L | E16: ='XM.GUI MAIL'!E16 -> 130 - 150 | F16: (140±7) | G16: ='XM.GUI MAIL'!G16 -> 140 | H16: =XM.HN!B13 -> 0 | I16: =H16*8 -> 0 | J16: =($G$16-I16)*19951/1000 -> 2793.14 | K16: + | L16: =IF(J16<0,0,J16) -> 2793.14 | N16: kg | O16: =XM.HN!C13 -> 16.7 | P16: =O16*8 -> 133.6 | Q16: =($G$16-P16)*19951/1000 -> 127.6864 | R16: + | S16: =IF(Q16<0,0,Q16) -> 127.6864 | U16: kg | V16: =XM.HN!D13 -> 17.6 | W16: =V16*8 -> 140.8 | X16: =($G$16-W16)*19951/1000 -> -15.9608 | Y16: + | Z16: =IF(X16<0,0,X16) -> 0 | AB16: kg | AC16: =XM.HN!E13 -> 17.9 | AD16: =AC16*8 -> 143.2 | AE16: =($G$16-AD16)*19951/1000 -> -63.8432 | AF16: + | AG16: =IF(AE16<0,0,AE16) -> 0 | AI16: kg | AJ16: =XM.HN!F13 -> 17.8 | AK16: =AJ16*8 -> 142.4 | AL16: =($G$16-AK16)*19951/1000 -> -47.8824 | AM16: + | AN16: =IF(AL16<0,0,AL16) -> 0 | AP16: kg | AQ16: =XM.HN!G13 -> 17.8 | AR16: =AQ16*8 -> 142.4 | AS16: =($G$16-AR16)*19951/1000 -> -47.8824 | AT16: + | AU16: =IF(AS16<0,0,AS16) -> 0 | AW16: kg | AX16: ='R.FILE GOC'!AI67 -> 15.035954 | AY16: ='R.FILE GOC'!AJ67 -> 0 | AZ16: 136 | BA16: 79.804 | BB16: + | BC16: 79.804 | BE16: kg | BF16: 15.048232 | BG16: 0
A17: 1E-ZN | B17: XL-001E | C17: Nồng độ Zn 鋅 (1 pcs Zn=25kg) | D17: g/L | E17: ='XM.GUI MAIL'!E17 -> 8~12 | F17: (10±2) | G17: ='XM.GUI MAIL'!G17 -> 10 | H17: =XM.HN!B14 -> 0 | I17: =H17*1.3 -> 0 | J17: =($G$17-I17)*19951/1000 -> 199.51 | K17: + | L17: =IF(J17<0,0,J17) -> 199.51 | N17: kg | O17: =XM.HN!C14 -> 9.8 | P17: =O17*1.3 -> 12.74 | Q17: =($G$17-P17)*19951/1000 -> -54.66574 | R17: + | S17: =IF(Q17<0,0,Q17) -> 0 | U17: kg | V17: =XM.HN!D14 -> 9.6 | W17: =V17*1.3 -> 12.48 | X17: =($G$17-W17)*19951/1000 -> -49.47848 | Y17: + | Z17: =IF(X17<0,0,X17) -> 0 | AB17: kg | AC17: =XM.HN!E14 -> 8.8 | AD17: =AC17*1.3 -> 11.44 | AE17: =($G$17-AD17)*19951/1000 -> -28.72944 | AF17: + | AG17: =IF(AE17<0,0,AE17) -> 0 | AI17: kg | AJ17: =XM.HN!F14 -> 8.3 | AK17: =AJ17*1.3 -> 10.79 | AL17: =($G$17-AK17)*19951/1000 -> -15.76129 | AM17: + | AN17: =IF(AL17<0,0,AL17) -> 0 | AP17: kg | AQ17: =XM.HN!G14 -> 8.15 | AR17: =AQ17*1.3 -> 10.595 | AS17: =($G$17-AR17)*19951/1000 -> -11.870845 | AT17: + | AU17: =IF(AS17<0,0,AS17) -> 0 | AW17: kg | AX17: ='R.FILE GOC'!AI68 -> 12.3 | AY17: ='R.FILE GOC'!AJ68 -> 0 | AZ17: 13.78 | BA17: -75.41478 | BB17: + | BC17: 0 | BE17: kg | BF17: 12.1 | BG17: 0
A18: 1E-CR3I | B18: XL-001E | C18: Nồng độ Cr2O3 三價鉻 | D18: % | E18: ='XM.GUI MAIL'!E18 -> 12~18 | F18: ='XM.GUI MAIL'!F18 -> (14±2) | G18: ='XM.GUI MAIL'!G18 -> 14 | H18: =XM.HN!B15 -> 0 | I18: =H18*100/6.95/10 -> 0 | J18: =($G$18-I18)*575/100 -> 80.5 | K18: + | L18: =IF(J18<0,0,J18) -> 80.5 | N18: L | O18: =XM.HN!C15 -> 11 | P18: =O18*100/6.95/10 -> 15.827338 | Q18: =($G$18-P18)*575/100 -> -10.507194 | R18: + | S18: =IF(Q18<0,0,Q18) -> 0 | U18: L | V18: =XM.HN!D15 -> 11 | W18: =V18*100/6.95/10 -> 15.827338 | X18: =($G$18-W18)*575/100 -> -10.507194 | Y18: + | Z18: =IF(X18<0,0,X18) -> 0 | AB18: L | AC18: =XM.HN!E15 -> 12.6 | AD18: 15.8 | AE18: =($G$18-AD18)*575/100 -> -10.35 | AF18: + | AG18: =IF(AE18<0,0,AE18) -> 0 | AI18: L | AJ18: =XM.HN!F15 -> 10.6 | AK18: =AJ18*100/6.95/10 -> 15.251799 | AL18: =($G$18-AK18)*575/100 -> -7.1978417 | AM18: + | AN18: =IF(AL18<0,0,AL18) -> 0 | AP18: L | AQ18: =XM.HN!G15 -> 10.2 | AR18: =AQ18*100/6.95/10 -> 14.676259 | AS18: =($G$18-AR18)*575/100 -> -3.8884892 | AT18: + | AU18: =IF(AS18<0,0,AS18) -> 0 | AW18: L | AX18: ='R.FILE GOC'!AI69 | AY18: ='R.FILE GOC'!AJ69 -> 0 | AZ18: 0 | BA18: 80.5 | BB18: + | BC18: 80.5 | BE18: L | BG18: 0
A19: 1E-CR3IPH | B19: XL-001E | D19: pH | E19: ='XM.GUI MAIL'!E19 -> 1.5~1.9 | F19: ='XM.GUI MAIL'!F19 -> (1.7±0.1 ) | G19: ='XM.GUI MAIL'!G19 -> 0 | I19: =XM.HN!B23 -> 0 | P19: =XM.HN!C23 -> 1.63 | W19: =XM.HN!D23 -> 1.64 | AD19: =XM.HN!E23 -> 1.8 | AK19: =XM.HN!F23 -> 1.8 | AR19: =XM.HN!G23 -> 1.76 | AX19: ='R.FILE GOC'!AI70 | AY19: ='R.FILE GOC'!AJ70 -> 0 | AZ19: 0 | BG19: 0
A20: 1E-HCL1 | B20: XL-001E | C20: Nồng độ acid đặc 鹽酸 濃度 | D20: %V/V | E20: ='XM.GUI MAIL'!E20 -> 40~50 | F20: ='XM.GUI MAIL'!F20 -> (45±5) | G20: ='XM.GUI MAIL'!G20 -> 0.45 | H20: =XM.HN!B17 -> 0 | I20: =(1*H20*36.5)/(1*10)/32%/100 -> 0 | J20: =($G$20-I20)*2122 -> 954.9 | K20: + | L20: =IF(J20<0,0,J20) -> 954.9 | N20: L | O20: =XM.HN!C17 -> 3.8 | P20: =(1*O20*36.5)/(1*10)/32%/100 -> 0.4334375 | Q20: =($G$20-P20)*2122 -> 35.145625 | R20: + | S20: =IF(Q20<0,0,Q20) -> 35.145625 | U20: L | V20: =XM.HN!D17 -> 4.2 | W20: =(1*V20*36.5)/(1*10)/32%/100 -> 0.4790625 | X20: =($G$20-W20)*2122 -> -61.670625 | Y20: + | Z20: =IF(X20<0,0,X20) -> 0 | AB20: L | AC20: =XM.HN!E17 -> 4.3 | AD20: =(1*AC20*36.5)/(1*10)/32%/100 -> 0.49046875 | AE20: =($G$20-AD20)*2122 -> -85.874687 | AF20: + | AG20: =IF(AE20<0,0,AE20) -> 0 | AI20: L | AJ20: =XM.HN!F17 -> 4.1 | AK20: =(1*AJ20*36.5)/(1*10)/32%/100 -> 0.46765625 | AL20: =($G$20-AK20)*2122 -> -37.466562 | AM20: + | AN20: =IF(AL20<0,0,AL20) -> 0 | AP20: L | AQ20: =XM.HN!G17 -> 4.05 | AR20: =(1*AQ20*36.5)/(1*10)/32%/100 -> 0.46195312 | AS20: =($G$20-AR20)*2122 -> -25.364531 | AT20: + | AU20: =IF(AS20<0,0,AS20) -> 0 | AW20: L | AX20: ='R.FILE GOC'!AI71 -> 0.43407043 | AY20: ='R.FILE GOC'!AJ71 -> 0 | AZ20: 0 | BA20: 954.9 | BB20: + | BC20: 954.9 | BE20: L | BF20: 0.57232913 | BG20: 0
A21: 1E-HCL2 | B21: XL-001E | C21: Nồng độ acid loãng 稀酸 濃度 | D21: %V/V | E21: ='XM.GUI MAIL'!E21 -> (22±5) =17~27 | F21: ='XM.GUI MAIL'!F21 -> (22±5) | G21: ='XM.GUI MAIL'!G21 -> 0.22 | H21: =XM.HN!B18 -> 0 | I21: =(1*H21*36.5)/(1*10)/32%/100 -> 0 | J21: =($G$21-I21)*612 -> 134.64 | K21: + | L21: =IF(J21<0,0,J21) -> 134.64 | N21: L | O21: =XM.HN!C18 -> 0 | P21: =(1*O21*36.5)/(1*10)/32%/100 -> 0 | Q21: =($G$21-P21)*612 -> 134.64 | R21: + | S21: =IF(Q21<0,0,Q21) -> 134.64 | U21: L | V21: =XM.HN!D18 -> 0 | W21: =(1*V21*36.5)/(1*10)/32%/100 -> 0 | X21: =($G$21-W21)*612 -> 134.64 | Y21: + | Z21: =IF(X21<0,0,X21) -> 134.64 | AB21: L | AC21: =XM.HN!E18 -> 0 | AD21: =(1*AC21*36.5)/(1*10)/32%/100 -> 0 | AE21: =($G$21-AD21)*612 -> 134.64 | AF21: + | AG21: =IF(AE21<0,0,AE21) -> 134.64 | AI21: L | AJ21: =XM.HN!F18 -> 0 | AK21: =(1*AJ21*36.5)/(1*10)/32%/100 -> 0 | AL21: =($G$21-AK21)*612 -> 134.64 | AM21: + | AN21: =IF(AL21<0,0,AL21) -> 134.64 | AP21: L | AQ21: =XM.HN!G18 -> 0 | AR21: =(1*AQ21*36.5)/(1*10)/32%/100 -> 0 | AS21: =($G$21-AR21)*612 -> 134.64 | AT21: + | AU21: =IF(AS21<0,0,AS21) -> 134.64 | AW21: L | AX21: ='R.FILE GOC'!AI72 -> 0.26837996 | AY21: ='R.FILE GOC'!AJ72 -> 0 | AZ21: 0 | BA21: 134.64 | BB21: + | BC21: 134.64 | BE21: L | BF21: 0.36169209 | BG21: 0
A22: 1E-HCL3 | B22: XL-001E | C22: Nồng độ HCl hoạt hóa 稀酸活化 濃度 | D22: %V/V | E22: ='XM.GUI MAIL'!E22 -> 5~15 | F22: ='XM.GUI MAIL'!F22 -> (10±3) | G22: ='XM.GUI MAIL'!G22 -> 0.1 | H22: =XM.HN!B19 -> 0 | I22: =(1*H22*36.5)/(5*10)/32%/100 -> 0 | J22: =($G$22-I22)*575 -> 57.5 | K22: + | L22: =IF(J22<0,0,J22) -> 57.5 | N22: L | O22: =XM.HN!C19 -> 5.9 | P22: =(1*O22*36.5)/(5*10)/32%/100 -> 0.13459375 | Q22: =($G$22-P22)*575 -> -19.891406 | R22: + | S22: =IF(Q22<0,0,Q22) -> 0 | U22: L | V22: =XM.HN!D19 -> 8.1 | W22: =(1*V22*36.5)/(5*10)/32%/100 -> 0.18478125 | X22: =($G$22-W22)*575 -> -48.749219 | Y22: + | Z22: =IF(X22<0,0,X22) -> 0 | AB22: L | AC22: =XM.HN!E19 -> 7.5 | AD22: =(1*AC22*36.5)/(5*10)/32%/100 -> 0.17109375 | AE22: =($G$22-AD22)*575 -> -40.878906 | AF22: + | AG22: =IF(AE22<0,0,AE22) -> 0 | AI22: L | AJ22: =XM.HN!F19 -> 6.7 | AK22: =(1*AJ22*36.5)/(5*10)/32%/100 -> 0.15284375 | AL22: =($G$22-AK22)*575 -> -30.385156 | AM22: + | AN22: =IF(AL22<0,0,AL22) -> 0 | AP22: L | AQ22: =XM.HN!G19 -> 5 | AR22: =(1*AQ22*36.5)/(5*10)/32%/100 -> 0.1140625 | AS22: =($G$22-AR22)*575 -> -8.0859375 | AT22: + | AU22: =IF(AS22<0,0,AS22) -> 0 | AW22: L | AY22: ='R.FILE GOC'!AJ73 -> 0 | AZ22: 0 | BA22: 57.5 | BB22: + | BC22: 57.5 | BE22: L | BG22: 0
A23: 1E-HNO3 | B23: XL-001E | C23: Nồng độ HNO3 硝酸濃度 | D23: % | E23: ='XM.GUI MAIL'!E23 -> 0.5~1.0 | F23: ='XM.GUI MAIL'!F23 -> (0.7±0.1) | G23: ='XM.GUI MAIL'!G23 -> 0.007 | H23: =XM.HN!B20 -> 0 | I23: =(H23*0.126)/100 -> 0 | J23: =($G$23-I23)*530/65%/1.51 -> 3.7799287 | K23: + | L23: =IF(J23<0,0,J23) -> 3.7799287 | N23: L | O23: =XM.HN!C20 -> 0 | P23: =(O23*0.126)/100 -> 0 | Q23: =($G$23-P23)*530/65%/1.51 -> 3.7799287 | R23: + | S23: =IF(Q23<0,0,Q23) -> 3.7799287 | U23: L | V23: =XM.HN!D20 -> 0 | W23: =(V23*0.126)/100 -> 0 | X23: =($G$23-W23)*530/65%/1.51 -> 3.7799287 | Y23: + | Z23: =IF(X23<0,0,X23) -> 3.7799287 | AB23: L | AC23: =XM.HN!E20 -> 6.5 | AD23: 0.007 | AE23: =($G$23-AD23)*530/65%/1.51 -> 0 | AF23: + | AG23: =IF(AE23<0,0,AE23) -> 0 | AI23: L | AJ23: =XM.HN!F20 -> 7.1 | AK23: 0.0068 | AL23: =($G$23-AK23)*530/65%/1.51 -> 0.10799796 | AM23: + | AN23: =IF(AL23<0,0,AL23) -> 0.10799796 | AP23: L | AQ23: =XM.HN!G20 -> 6 | AR23: =(AQ23*0.126)/100 -> 0.00756 | AS23: =($G$23-AR23)*530/65%/1.51 -> -0.30239429 | AT23: + | AU23: =IF(AS23<0,0,AS23) -> 0 | AW23: L | AZ23: 0 | BA23: 3.7799287 | BB23: + | BC23: 3.7799287 | BE23: L
A24: 1E-CR3K | B24: XL-001E | C24: Nồng độ Cr2O3 （K) 三價鉻 | D24: % | E24: ='XM.GUI MAIL'!E24 -> 5~10 | F24: ='XM.GUI MAIL'!F24 -> (7.5±1) | G24: ='XM.GUI MAIL'!G24 -> 7.5 | H24: =XM.HN!B21 -> 0 | I24: =H24*(0.1*100)/(5*3.12) -> 0 | J24: =($G$24-I24)*575/95 -> 45.394737 | K24: + | L24: =IF(J24<0,0,J24) -> 45.394737 | N24: L | O24: =XM.HN!C21 -> 12 | P24: =O24*(0.1*100)/(5*3.12) -> 7.6923077 | Q24: =($G$24-P24)*575/95 -> -1.1639676 | R24: + | S24: =IF(Q24<0,0,Q24) -> 0 | U24: L | V24: =XM.HN!D21 -> 12 | W24: =V24*(0.1*100)/(5*3.12) -> 7.6923077 | X24: =($G$24-W24)*575/95 -> -1.1639676 | Y24: + | Z24: =IF(X24<0,0,X24) -> 0 | AB24: L | AC24: =XM.HN!E21 -> 12.3 | AD24: =AC24*(0.1*100)/(5*3.12) -> 7.8846154 | AE24: =($G$24-AD24)*575/95 -> -2.3279352 | AF24: + | AG24: =IF(AE24<0,0,AE24) -> 0 | AI24: L | AJ24: =XM.HN!F21 -> 0 | AK24: ko sx | AL24: =($G$24-AK24)*575/95 -> #VALUE! | AM24: + | AP24: L | AQ24: =XM.HN!G21 -> 0 | AR24: ko sx | AS24: =($G$24-AR24)*575/95 -> #VALUE! | AT24: + | AW24: L | AZ24: 0 | BA24: 45.394737 | BB24: + | BC24: 45.394737 | BE24: L
A25: 1E-CR3KPH | B25: XL-001E | C25: pH | D25: pH | E25: ='XM.GUI MAIL'!E25 -> 2.0~2.4 | F25: ='XM.GUI MAIL'!F25 -> (2.2±0.1) | I25: =XM.HN!B22 -> 0 | P25: =XM.HN!C22 -> 2.28 | W25: =XM.HN!D22 -> 2.26 | AD25: =XM.HN!E22 -> 2.4 | AK25: ko sx | AR25: ko sx | AZ25: 0
A26: Hạng mục kiểm tra nhiệt độ 檢查溫度
A27: MÃ | B27: MÃ MÁY | C27: Hạng mục kiểm tra nhiệt độ 溫度檢查項目 | D27: nhiệt độ 溫度 | E27: Phạm vi kiểm soát 範圍值 | F27: Giới hạn kiểm soát 管控值 | I27: Nhiệt kế 温度計 | L27: Nhiệt tự động 自動温控 | P27: Nhiệt kế 温度計 | S27: Nhiệt tự động 自動温控 | W27: Nhiệt kế 温度計 | Z27: Nhiệt tự động 自動温控 | AD27: Nhiệt kế 温度計 | AG27: Nhiệt tự động 自動温控 | AK27: Nhiệt kế 温度計 | AN27: Nhiệt tự động 自動温控 | AR27: Nhiệt kế 温度計 | AU27: Nhiệt tự động 自動温控 | AZ27: Nhiệt kế 温度計 | BC27: Nhiệt tự động 自動温控
A28: 1E-TEMXB1 | B28: XL-001E | C28: Nhiệt độ xà bông nóng (1) 熱脫脂溫度(1) | D28: 0C | E28: ='XM.GUI MAIL'!E28 -> 50~70 | F28: ='XM.GUI MAIL'!F28 -> (60±5) | P28: 62 | S28: 63 | W28: 62 | Z28: 62 | AD28: 63 | AG28: 62 | AK28: 62 | AN28: 61 | AR28: 63 | AU28: 62
A29: 1E-TEMXB2 | B29: XL-001E | C29: Nhiệt độ xà bông nóng (2) 熱脫脂溫度(2) | D29: 0C | E29: ='XM.GUI MAIL'!E29 -> 50~70 | F29: ='XM.GUI MAIL'!F29 -> (60±5) | P29: 60 | S29: 60 | W29: 60 | Z29: 60 | AD29: 61 | AG29: 60 | AK29: 61 | AN29: 60 | AR29: 60 | AU29: 59
A30: 1E-TEMDG1 | B30: XL-001E | C30: Nhiệt độ điện giải (1) 電解1 溫度 | D30: 0C | E30: ='XM.GUI MAIL'!E30 -> 40~60 | F30: ='XM.GUI MAIL'!F30 -> (50±5) | P30: 53 | S30: 52 | W30: 53 | Z30: 53 | AD30: 54 | AG30: 53 | AK30: 53 | AN30: 52 | AR30: 53 | AU30: 52
A31: 1E-TEMDG2 | B31: XL-001E | C31: Nhiệt độ điện giải (2) 電解 2 溫度 | D31: 0C | E31: ='XM.GUI MAIL'!E31 -> 40~60 | F31: ='XM.GUI MAIL'!F31 -> (50±5) | P31: 55 | S31: 54 | W31: 54 | Z31: 54 | AD31: 50 | AG31: 49 | AK31: 48 | AN31: 47 | AR31: 49 | AU31: 48
A32: 1E-TEMBX | B32: XL-001E | C32: Nhiệt độ bồn xi 鍍鋅槽溫度 | D32: 0C | E32: ='XM.GUI MAIL'!E32 -> 20~35 | F32: ='XM.GUI MAIL'!F32 -> (30±4) | P32: 28 | S32: 27 | W32: 26 | Z32: 26 | AD32: 31 | AG32: 31 | AK32: 30 | AN32: 29 | AR32: 29 | AU32: 29
A33: 1E-TEMCR3I | B33: XL-001E | C33: Nhiệt độ bồn màu Cr2O3 (I) 三價鉻 溫度 | D33: 0C | E33: ='XM.GUI MAIL'!E33 -> 30~40 | F33: ='XM.GUI MAIL'!F33 -> (34±3) | P33: 33 | S33: 32 | W33: 37 | Z33: 37 | AD33: 37 | AG33: 37 | AK33: 37 | AN33: 36 | AR33: 38 | AU33: 38
A34: 1E-TEMH2O | B34: XL-001E | C34: Nhiệt độ bồn nước nóng 熱水溫度 | D34: 0C | E34: ='XM.GUI MAIL'!E34 -> 50~70 | F34: ='XM.GUI MAIL'!F34 -> (60±10) | P34: 44 | S34: 43 | W34: 61 | Z34: 61 | AD34: 57 | AG34: 56 | AK34: 54 | AN34: 53 | AR34: 56 | AU34: 55
A35: 1E-TEMSAY | B35: XL-001E | C35: Sấy khô 烘乾 | D35: 0C | E35: ='XM.GUI MAIL'!E35 -> 80~100 | F35: ='XM.GUI MAIL'!F35 -> (90±5) | I35: \ | P35: \ | S35: chưa mở | W35: \ | Z35: chưa mở | AD35: \ | AG35: 92 | AK35: \ | AN35: 89 | AR35: \ | AU35: 89 | AZ35: \
A36: Hạng mục kiểm tra bơm thuốc tự động 藥液自動添加
A37: 1E-MEM | B37: XL-001E | C37: chất mềm (merlin starer) 開缸劑 | D37: ml/1000 AH | E37: ='XM.GUI MAIL'!E37 -> 300-360 | F37: ='XM.GUI MAIL'!F37 -> 300-360 | AD37: 460 | AK37: 450 | AR37: 455
A38: 1E-BONG | B38: XL-001E | C38: chaát boùng (merlin brightener) 光亮劑 | D38: ml/1000 AH | E38: ='XM.GUI MAIL'!E38 -> 30-50 | F38: ='XM.GUI MAIL'!F38 -> 30-50 | AD38: SHOP | AK38: SHOP | AR38: SHOP
A40: 生產線別：無氰鹼滾電F線 (XL-001F) | F40: =MENU!$AC$9 -> Thứ 5, | I40: =MENU!$AD$9 -> 2024/08/01 | AK40: 生產線別：無氰鹼滾電F線 (XL-001F)
G41: tiêu chuẩn khống chế để bổ sung | I41: 7:15 | P41: 11:15 | W41: 15:15 | AD41: 19:15 | AK41: 23:15 | AR41: 03:15 | AZ41: 03:15
A42: MÃ | B42: MÃ MÁY | C42: Hạng mục kiểm tra nồng độ 化驗檢查項目 | D42: Đơn vị 單位 | E42: Phạm vi kiểm soát 範圍值 | F42: Giới hạn kiểm soát 管控值 | I42: 濃度 | J42: 補充 BS | K42: 補充 BS | P42: 濃度 | Q42: 補充 BS | R42: 補充 BS | W42: 濃度 | X42: 補充 BS | Y42: 補充 BS | AD42: 濃度 | AE42: 補充 BS | AF42: 補充 BS | AK42: 濃度 | AL42: 補充 BS | AM42: 補充 BS | AR42: 濃度 | AS42: 補充 BS | AT42: 補充 BS | AZ42: 濃度 | BA42: 補充 BS | BB42: 補充 BS
A43: 1F-XB1 | B43: XL-001F | C43: Xà bông (1)脫脂 CT-21A | D43: g/L | E43: ='XM.GUI MAIL'!E43 -> 60~80 | F43: ='XM.GUI MAIL'!F43 -> (70±5) | G43: ='XM.GUI MAIL'!G43 -> 70 | H43: =XM.HN!B26 -> 11 | I43: =H43*6.49 -> 71.39 | J43: =($G$43-I43)*2693/1000 -> -3.74327 | K43: + | L43: =IF(J43<0,0,J43) -> 0 | N43: kg | O43: =XM.HN!C26 -> 11.2 | P43: =O43*6.49 -> 72.688 | Q43: =($G$43-P43)*2693/1000 -> -7.238784 | R43: + | S43: =IF(Q43<0,0,Q43) -> 0 | U43: kg | V43: =XM.HN!D26 -> 11.15 | W43: =V43*6.49 -> 72.3635 | X43: =($G$43-W43)*2693/1000 -> -6.3649055 | Y43: + | Z43: =IF(X43<0,0,X43) -> 0 | AB43: kg | AC43: =XM.HN!E26 -> 10.1 | AD43: 71.8 | AE43: =($G$43-AD43)*2693/1000 -> -4.8474 | AF43: + | AG43: =IF(AE43<0,0,AE43) -> 0 | AI43: kg | AJ43: =XM.HN!F26 -> 10.2 | AK43: 71 | AL43: =($G$43-AK43)*2693/1000 -> -2.693 | AM43: + | AN43: =IF(AL43<0,0,AL43) -> 0 | AP43: kg | AQ43: =XM.HN!G26 -> 10.4 | AR43: 70 | AS43: =($G$43-AR43)*2693/1000 -> 0 | AT43: + | AU43: =IF(AS43<0,0,AS43) -> 0 | AW43: kg | AZ43: 71.39 | BA43: -3.74327 | BB43: + | BC43: 0 | BE43: kg
C44: CT-21B | E44: CT-21A: 25kg/CT-21B: 5-10Lit | K44: + | L44: =L43/25*7.5 -> 0 | N44: L | R44: + | S44: =S43/25*7.5 -> 0 | U44: L | Y44: + | Z44: =Z43/25*7.5 -> 0 | AB44: L | AF44: + | AG44: =AG43/25*7.5 -> 0 | AI44: L | AM44: + | AN44: =AN43/25*7.5 -> 0 | AT44: + | AU44: =AU43/25*7.5 -> 0 | AW44: L | BB44: + | BC44: 0 | BE44: L
A45: 1F-XB2 | B45: XL-001F | C45: Xà bông (2)脫脂 CT-21A | D45: g/L | E45: ='XM.GUI MAIL'!E45 -> 60~80 | F45: ='XM.GUI MAIL'!F45 -> (70±5) | G45: ='XM.GUI MAIL'!G45 -> 70 | H45: =XM.HN!B28 -> 11.1 | I45: =H45*6.49 -> 72.039 | J45: =($G$45-I45)*3305/1000 -> -6.738895 | K45: + | L45: =IF(J45<0,0,J45) -> 0 | N45: kg | O45: =XM.HN!C28 -> 11.55 | P45: =O45*6.49 -> 74.9595 | Q45: =($G$45-P45)*3305/1000 -> -16.391148 | R45: + | S45: =IF(Q45<0,0,Q45) -> 0 | U45: kg | V45: =XM.HN!D28 -> 11.5 | W45: =V45*6.49 -> 74.635 | X45: =($G$45-W45)*3305/1000 -> -15.318675 | Y45: + | Z45: =IF(X45<0,0,X45) -> 0 | AB45: kg | AC45: =XM.HN!E28 -> 11.4 | AD45: =AC45*6.49 -> 73.986 | AE45: =($G$45-AD45)*3305/1000 -> -13.17373 | AF45: + | AG45: =IF(AE45<0,0,AE45) -> 0 | AI45: kg | AJ45: =XM.HN!F28 -> 11.5 | AK45: 73.5 | AL45: =($G$45-AK45)*3305/1000 -> -11.5675 | AM45: + | AN45: =IF(AL45<0,0,AL45) -> 0 | AP45: kg | AQ45: =XM.HN!G28 -> 11.5 | AR45: 73 | AS45: =($G$45-AR45)*3305/1000 -> -9.915 | AT45: + | AU45: =IF(AS45<0,0,AS45) -> 0 | AW45: kg | AZ45: 73.986 | BA45: -13.17373 | BB45: + | BC45: 0 | BE45: kg
C46: CT-21B | E46: CT-21A: 25kg/CT-21B: 5-10Lit | K46: + | L46: =L45/25*7.5 -> 0 | N46: L | R46: + | S46: =S45/25*7.5 -> 0 | U46: L | Y46: + | Z46: =Z45/25*7.5 -> 0 | AB46: L | AF46: + | AG46: =AG45/25*7.5 -> 0 | AI46: L | AM46: + | AN46: =AN45/25*7.5 -> 0 | AT46: + | AU46: =AU45/25*7.5 -> 0 | AW46: L | BB46: + | BC46: 0 | BE46: L
A47: 1F-DG1 | B47: XL-001F | C47: điện giải(1)+電解 EC-508A | D47: g/L | E47: ='XM.GUI MAIL'!E47 -> 50~70 | F47: ='XM.GUI MAIL'!F47 -> (60±10) | G47: ='XM.GUI MAIL'!G47 -> 60 | H47: =XM.HN!B30 -> 11.95 | I47: =H47*4.62 -> 55.209 | J47: =($G$47-I47)*1156/1000 -> 5.538396 | K47: + | L47: =IF(J47<0,0,J47) -> 5.538396 | N47: kg | O47: =XM.HN!C30 -> 13 | P47: =O47*4.62 -> 60.06 | Q47: =($G$47-P47)*1156/1000 -> -0.06936 | R47: + | S47: =IF(Q47<0,0,Q47) -> 0 | U47: kg | V47: =XM.HN!D30 -> 13.3 | W47: =V47*4.62 -> 61.446 | X47: =($G$47-W47)*1156/1000 -> -1.671576 | Y47: + | Z47: =IF(X47<0,0,X47) -> 0 | AB47: kg | AC47: =XM.HN!E30 -> 13.5 | AD47: =AC47*4.62 -> 62.37 | AE47: =($G$47-AD47)*1156/1000 -> -2.73972 | AF47: + | AG47: =IF(AE47<0,0,AE47) -> 0 | AI47: kg | AJ47: =XM.HN!F30 -> 13.2 | AK47: =AJ47*4.62 -> 60.984 | AL47: =($G$47-AK47)*1156/1000 -> -1.137504 | AM47: + | AN47: =IF(AL47<0,0,AL47) -> 0 | AP47: kg | AQ47: =XM.HN!G30 -> 12.9 | AR47: =AQ47*4.62 -> 59.598 | AS47: =($G$47-AR47)*1156/1000 -> 0.464712 | AT47: + | AU47: =IF(AS47<0,0,AS47) -> 0.464712 | AW47: kg | AZ47: 60.2 | BA47: -0.2312 | BB47: + | BC47: 0 | BE47: kg
C48: EC-508B | E48: EC-508A: 25kg/EC-508B:4-10Lit | K48: + | L48: =L47/25*7 -> 1.5507509 | N48: L | R48: + | S48: =S47/25*7 -> 0 | U48: L | Y48: + | Z48: =Z47/25*7 -> 0 | AB48: L | AF48: + | AG48: =AG47/25*7 -> 0 | AI48: L | AM48: + | AN48: =AN47/25*7 -> 0 | AT48: + | AU48: =AU47/25*7 -> 0.13011936 | AW48: L | BB48: + | BC48: 0 | BE48: L
A49: 1F-DG2 | B49: XL-001F | C49: điện giải (2)+電解 EC-508A | D49: g/L | E49: ='XM.GUI MAIL'!E49 -> 50~70 | F49: ='XM.GUI MAIL'!F49 -> (60±10) | G49: ='XM.GUI MAIL'!G49 -> 60 | H49: =XM.HN!B32 -> 12.7 | I49: =H49*4.62 -> 58.674 | J49: =($G$49-I49)*1459/1000 -> 1.934634 | K49: + | L49: =IF(J49<0,0,J49) -> 1.934634 | N49: kg | O49: =XM.HN!C32 -> 13.55 | P49: =O49*4.62 -> 62.601 | Q49: =($G$49-P49)*1459/1000 -> -3.794859 | R49: + | S49: =IF(Q49<0,0,Q49) -> 0 | U49: kg | V49: =XM.HN!D32 -> 13.3 | W49: =V49*4.62 -> 61.446 | X49: =($G$49-W49)*1459/1000 -> -2.109714 | Y49: + | Z49: =IF(X49<0,0,X49) -> 0 | AB49: kg | AC49: =XM.HN!E32 -> 12.5 | AD49: =AC49*4.62 -> 57.75 | AE49: =($G$49-AD49)*1459/1000 -> 3.28275 | AF49: + | AG49: =IF(AE49<0,0,AE49) -> 3.28275 | AI49: kg | AJ49: =XM.HN!F32 -> 14.2 | AK49: =AJ49*4.62 -> 65.604 | AL49: =($G$49-AK49)*1459/1000 -> -8.176236 | AM49: + | AN49: =IF(AL49<0,0,AL49) -> 0 | AP49: kg | AQ49: =XM.HN!G32 -> 14.7 | AR49: 65 | AS49: =($G$49-AR49)*1459/1000 -> -7.295 | AT49: + | AU49: =IF(AS49<0,0,AS49) -> 0 | AW49: kg | AZ49: 61.1 | BA49: -1.6049 | BB49: + | BC49: 0 | BE49: kg
C50: EC-508B | E50: EC-508A: 25kg/EC-508B:4-10Lit | G50: ='XM.GUI MAIL'!G50 -> 0 | K50: + | L50: =L49/25*7 -> 0.54169752 | N50: L | R50: + | S50: =S49/25*7 -> 0 | U50: L | Y50: + | Z50: =Z49/25*7 -> 0 | AB50: L | AF50: + | AG50: =AG49/25*7 -> 0.91917 | AI50: L | AM50: + | AN50: =AN49/25*7 -> 0 | AT50: + | AU50: =AU49/25*7 -> 0 | AW50: L | BB50: + | BC50: 0 | BE50: L
A51: 1F-NAOH | B51: XL-001F | C51: Nồng độ NaOH 氫氧化鈉 | D51: g/L | E51: ='XM.GUI MAIL'!E51 -> 130 - 150 | F51: (140±7) | G51: ='XM.GUI MAIL'!G51 -> 140 | H51: =XM.HN!B34 -> 18.1 | I51: =H51*8 -> 144.8 | J51: =($G$51-I51)*19951/1000 -> -95.7648 | K51: + | L51: =IF(J51<0,0,J51) -> 0 | N51: kg | O51: =XM.HN!C34 -> 18.1 | P51: =O51*8 -> 144.8 | Q51: =($G$51-P51)*19951/1000 -> -95.7648 | R51: + | S51: =IF(Q51<0,0,Q51) -> 0 | U51: kg | V51: =XM.HN!D34 -> 17.9 | W51: =V51*8 -> 143.2 | X51: =($G$51-W51)*19951/1000 -> -63.8432 | Y51: + | Z51: =IF(X51<0,0,X51) -> 0 | AB51: kg | AC51: =XM.HN!E34 -> 17.9 | AD51: =AC51*8 -> 143.2 | AE51: =($G$51-AD51)*19951/1000 -> -63.8432 | AF51: + | AG51: =IF(AE51<0,0,AE51) -> 0 | AI51: kg | AJ51: =XM.HN!F34 -> 18 | AK51: =AJ51*8 -> 144 | AL51: =($G$51-AK51)*19951/1000 -> -79.804 | AM51: + | AN51: =IF(AL51<0,0,AL51) -> 0 | AP51: kg | AQ51: =XM.HN!G34 -> 18 | AR51: =AQ51*8 -> 144 | AS51: =($G$51-AR51)*19951/1000 -> -79.804 | AT51: + | AU51: =IF(AS51<0,0,AS51) -> 0 | AW51: kg | AZ51: 140.4 | BA51: -7.9804 | BB51: + | BC51: 0 | BE51: kg
A52: 1F-ZN | B52: XL-001F | C52: Nồng độ Zn 鋅 (1 pcs Zn=25kg) | D52: g/L | E52: ='XM.GUI MAIL'!E52 -> 8~12 | F52: (10±2) | G52: ='XM.GUI MAIL'!G52 -> 10 | H52: =XM.HN!B35 -> 7.7 | I52: =H52*1.3 -> 10.01 | J52: =($G$52-I52)*19951/1000 -> -0.19951 | K52: + | L52: =IF(J52<0,0,J52) -> 0 | N52: kg | O52: =XM.HN!C35 -> 7.5 | P52: =O52*1.3 -> 9.75 | Q52: =($G$52-P52)*19951/1000 -> 4.98775 | R52: + | S52: =IF(Q52<0,0,Q52) -> 4.98775 | U52: kg | V52: =XM.HN!D35 -> 7.5 | W52: =V52*1.3 -> 9.75 | X52: =($G$52-W52)*19951/1000 -> 4.98775 | Y52: + | Z52: =IF(X52<0,0,X52) -> 4.98775 | AB52: kg | AC52: =XM.HN!E35 -> 7.6 | AD52: =AC52*1.3 -> 9.88 | AE52: =($G$52-AD52)*19951/1000 -> 2.39412 | AF52: + | AG52: =IF(AE52<0,0,AE52) -> 2.39412 | AI52: kg | AJ52: =XM.HN!F35 -> 7.6 | AK52: =AJ52*1.3 -> 9.88 | AL52: =($G$52-AK52)*19951/1000 -> 2.39412 | AM52: + | AN52: =IF(AL52<0,0,AL52) -> 2.39412 | AP52: kg | AQ52: =XM.HN!G35 -> 7.7 | AR52: =AQ52*1.3 -> 10.01 | AS52: =($G$52-AR52)*19951/1000 -> -0.19951 | AT52: + | AU52: =IF(AS52<0,0,AS52) -> 0 | AW52: kg | AZ52: 9.75 | BA52: 4.98775 | BB52: + | BC52: 4.98775 | BE52: kg
A53: 1F-CR3I | B53: XL-001F | C53: Nồng độ Cr2O3 三價鉻 | D53: % | E53: ='XM.GUI MAIL'!E53 -> 6~10 | F53: ='XM.GUI MAIL'!F53 -> (7±1) | G53: ='XM.GUI MAIL'!G53 -> 7 | H53: =XM.HN!B36 -> 19.5 | I53: =(H53*0.4237)-1.0461 -> 7.21605 | J53: =($G$53-I53)*575/100 -> -1.2422875 | K53: + | L53: =IF(J53<0,0,J53) -> 0 | N53: L | O53: =XM.HN!C36 -> 19.3 | P53: =(O53*0.4237)-1.0461 -> 7.13131 | Q53: =($G$53-P53)*575/100 -> -0.7550325 | R53: + | S53: =IF(Q53<0,0,Q53) -> 0 | U53: L | V53: =XM.HN!D36 -> 19.5 | W53: =(V53*0.4237)-1.0461 -> 7.21605 | X53: =($G$53-W53)*575/100 -> -1.2422875 | Y53: + | Z53: =IF(X53<0,0,X53) -> 0 | AB53: L | AC53: =XM.HN!E36 -> 19.4 | AD53: =(AC53*0.4237)-1.0461 -> 7.17368 | AE53: =($G$53-AD53)*575/100 -> -0.99866 | AF53: + | AG53: =IF(AE53<0,0,AE53) -> 0 | AI53: L | AJ53: =XM.HN!F36 -> 19 | AK53: =(AJ53*0.4237)-1.0461 -> 7.0042 | AL53: =($G$53-AK53)*575/100 -> -0.02415 | AM53: + | AN53: =IF(AL53<0,0,AL53) -> 0 | AP53: L | AQ53: =XM.HN!G36 -> 17.8 | AR53: 6.5 | AS53: =($G$53-AR53)*575/100 -> 2.875 | AT53: + | AU53: =IF(AS53<0,0,AS53) -> 2.875 | AW53: L | AZ53: 6.8 | BA53: 1.15 | BB53: + | BC53: 1.15 | BE53: L
A54: 1F-CR3IPH | B54: XL-001F | C54: PH | D54: pH | E54: ='XM.GUI MAIL'!E54 -> 2~2.5 | F54: ='XM.GUI MAIL'!F54 -> (2.3±0.1 ) | G54: ='XM.GUI MAIL'!G54 -> 0 | I54: =XM.HN!B44 -> 2.23 | P54: =XM.HN!C44 -> 2.24 | W54: =XM.HN!D44 -> 2.35 | AD54: =XM.HN!E44 -> 2.4 | AK54: =XM.HN!F44 -> 2.35 | AR54: =XM.HN!G44 -> 2.4 | AZ54: 2.26
A55: 1F-HCL1 | B55: XL-001F | C55: Nồng độ acid đặc 鹽酸 濃度 | D55: %V/V | E55: ='XM.GUI MAIL'!E55 -> 40~50 | F55: ='XM.GUI MAIL'!F55 -> (45±5) | G55: ='XM.GUI MAIL'!G55 -> 0.45 | H55: =XM.HN!B38 -> 4.1 | I55: =(1*H55*36.5)/(1*10)/32%/100 -> 0.46765625 | J55: =($G$55-I55)*2122 -> -37.466562 | K55: + | L55: =IF(J55<0,0,J55) -> 0 | N55: L | O55: =XM.HN!C38 -> 4.2 | P55: =(1*O55*36.5)/(1*10)/32%/100 -> 0.4790625 | Q55: =($G$55-P55)*2122 -> -61.670625 | R55: + | S55: =IF(Q55<0,0,Q55) -> 0 | U55: L | V55: =XM.HN!D38 -> 4 | W55: =(1*V55*36.5)/(1*10)/32%/100 -> 0.45625 | X55: =($G$55-W55)*2122 -> -13.2625 | Y55: + | Z55: =IF(X55<0,0,X55) -> 0 | AB55: L | AC55: =XM.HN!E38 -> 4 | AD55: =(1*AC55*36.5)/(1*10)/32%/100 -> 0.45625 | AE55: =($G$55-AD55)*2122 -> -13.2625 | AF55: + | AG55: =IF(AE55<0,0,AE55) -> 0 | AI55: L | AJ55: =XM.HN!F38 -> 3.9 | AK55: =(1*AJ55*36.5)/(1*10)/32%/100 -> 0.44484375 | AL55: =($G$55-AK55)*2122 -> 10.941563 | AM55: + | AN55: =IF(AL55<0,0,AL55) -> 10.941563 | AP55: L | AQ55: =XM.HN!G38 -> 4.1 | AR55: =(1*AQ55*36.5)/(1*10)/32%/100 -> 0.46765625 | AS55: =($G$55-AR55)*2122 -> -37.466562 | AT55: + | AU55: =IF(AS55<0,0,AS55) -> 0 | AW55: L | AZ55: 0.43914063 | BA55: 23.043594 | BB55: + | BC55: 23.043594 | BE55: L
A56: 1F-HCL2 | B56: XL-001F | C56: Nồng độ acid loãng 稀酸 濃度 | D56: %V/V | E56: ='XM.GUI MAIL'!E56 -> (22±5) =17~27 | F56: ='XM.GUI MAIL'!F56 -> (22±5) | G56: ='XM.GUI MAIL'!G56 -> 0.22 | H56: =XM.HN!B39 -> 0 | I56: =(1*H56*36.5)/(1*10)/32%/100 -> 0 | J56: =($G$56-I56)*612 -> 134.64 | K56: + | L56: =IF(J56<0,0,J56) -> 134.64 | N56: L | O56: =XM.HN!C39 -> 0 | P56: =(1*O56*36.5)/(1*10)/32%/100 -> 0 | Q56: =($G$56-P56)*612 -> 134.64 | R56: + | S56: =IF(Q56<0,0,Q56) -> 134.64 | U56: L | V56: =XM.HN!D39 -> 0 | W56: =(1*V56*36.5)/(1*10)/32%/100 -> 0 | X56: =($G$56-W56)*612 -> 134.64 | Y56: + | Z56: =IF(X56<0,0,X56) -> 134.64 | AB56: L | AC56: =XM.HN!E39 -> 0 | AD56: =(1*AC56*36.5)/(1*10)/32%/100 -> 0 | AE56: =($G$56-AD56)*612 -> 134.64 | AF56: + | AG56: =IF(AE56<0,0,AE56) -> 134.64 | AI56: L | AJ56: =XM.HN!F39 -> 0 | AK56: =(1*AJ56*36.5)/(1*10)/32%/100 -> 0 | AL56: =($G$56-AK56)*612 -> 134.64 | AM56: + | AN56: =IF(AL56<0,0,AL56) -> 134.64 | AP56: L | AQ56: =XM.HN!G39 -> 0 | AR56: =(1*AQ56*36.5)/(1*10)/32%/100 -> 0 | AS56: =($G$56-AR56)*612 -> 134.64 | AT56: + | AU56: =IF(AS56<0,0,AS56) -> 134.64 | AW56: L | AZ56: 0 | BA56: 134.64 | BB56: + | BC56: 134.64 | BE56: L
A57: 1F-HCL3 | B57: XL-001F | C57: Nồng độ HCl hoạt hóa 稀酸活化 濃度 | D57: %V/V | E57: ='XM.GUI MAIL'!E57 -> 5~15 | F57: ='XM.GUI MAIL'!F57 -> (10±3) | G57: ='XM.GUI MAIL'!G57 -> 0.1 | H57: =XM.HN!B40 -> 3.5 | I57: =(1*H57*36.5)/(5*10)/32%/100 -> 0.07984375 | J57: =($G$57-I57)*575 -> 11.589844 | K57: + | L57: =IF(J57<0,0,J57) -> 11.589844 | N57: L | O57: =XM.HN!C40 -> 3.6 | P57: =(1*O57*36.5)/(5*10)/32%/100 -> 0.082125 | Q57: =($G$57-P57)*575 -> 10.278125 | R57: + | S57: =IF(Q57<0,0,Q57) -> 10.278125 | U57: L | V57: =XM.HN!D40 -> 3.85 | W57: =(1*V57*36.5)/(5*10)/32%/100 -> 0.087828125 | X57: =($G$57-W57)*575 -> 6.9988281 | Y57: + | Z57: =IF(X57<0,0,X57) -> 6.9988281 | AB57: L | AC57: =XM.HN!E40 -> 3 | AD57: =(1*AC57*36.5)/(5*10)/32%/100 -> 0.0684375 | AE57: =($G$57-AD57)*575 -> 18.148438 | AF57: + | AG57: =IF(AE57<0,0,AE57) -> 18.148438 | AI57: L | AJ57: =XM.HN!F40 -> 5 | AK57: =(1*AJ57*36.5)/(5*10)/32%/100 -> 0.1140625 | AL57: =($G$57-AK57)*575 -> -8.0859375 | AM57: + | AN57: =IF(AL57<0,0,AL57) -> 0 | AP57: L | AQ57: =XM.HN!G40 -> 4.5 | AR57: =(1*AQ57*36.5)/(5*10)/32%/100 -> 0.10265625 | AS57: =($G$57-AR57)*575 -> -1.5273437 | AT57: + | AU57: =IF(AS57<0,0,AS57) -> 0 | AW57: L | AZ57: 0.09353125 | BA57: 3.7195313 | BB57: + | BC57: 3.7195313 | BE57: L
A58: 1F-HNO3 | B58: XL-001F | C58: Nồng độ HNO3 硝酸濃度 | D58: % | E58: ='XM.GUI MAIL'!E58 -> 0.5~1.5 | F58: ='XM.GUI MAIL'!F58 -> (1±0.4) | G58: ='XM.GUI MAIL'!G58 -> 0.01 | H58: =XM.HN!B41 -> 8.8 | I58: =(H58*0.126)/100 -> 0.011088 | J58: =($G$23-I58)*530/65%/1.51 -> -2.2074783 | K58: + | L58: =IF(J58<0,0,J58) -> 0 | N58: L | O58: =XM.HN!C41 -> 10.5 | P58: =(O58*0.126)/100 -> 0.01323 | Q58: =($G$23-P58)*530/65%/1.51 -> -3.3641365 | R58: + | S58: =IF(Q58<0,0,Q58) -> 0 | U58: L | V58: =XM.HN!D41 -> 8.8 | W58: =(V58*0.126)/100 -> 0.011088 | X58: =($G$23-W58)*530/65%/1.51 -> -2.2074783 | Y58: + | Z58: =IF(X58<0,0,X58) -> 0 | AB58: L | AC58: =XM.HN!E41 -> 8.5 | AD58: =(AC58*0.126)/100 -> 0.01071 | AE58: =($G$23-AD58)*530/65%/1.51 -> -2.0033622 | AF58: + | AG58: =IF(AE58<0,0,AE58) -> 0 | AI58: L | AJ58: =XM.HN!F41 -> 10 | AK58: =(AJ58*0.126)/100 -> 0.0126 | AL58: =($G$23-AK58)*530/65%/1.51 -> -3.0239429 | AM58: + | AN58: =IF(AL58<0,0,AL58) -> 0 | AP58: L | AQ58: =XM.HN!G41 -> 8 | AR58: =(AQ58*0.126)/100 -> 0.01008 | AS58: =($G$23-AR58)*530/65%/1.51 -> -1.6631686 | AT58: + | AU58: =IF(AS58<0,0,AS58) -> 0 | AW58: L | AZ58: 0.011088 | BA58: -2.2074783 | BB58: + | BC58: 0 | BE58: L
A59: 1F-CR3K | B59: XL-001F | C59: Nồng độ Cr2O3 （K) 三價鉻 FINIDIP 124 | D59: % | E59: ='XM.GUI MAIL'!E59 -> 5~8 | F59: ='XM.GUI MAIL'!F59 -> (6±0.5) | G59: ='XM.GUI MAIL'!G59 -> 6 | H59: =XM.HN!B42 -> 7.25 | I59: 6.4 | J59: =($G$59-I59)*575/95 -> -2.4210526 | K59: + | L59: =IF(J59<0,0,J59) -> 0 | N59: L | O59: =XM.HN!C42 -> 0 | P59: ko sx | Q59: =($G$59-P59)*575/95 -> #VALUE! | U59: L | V59: =XM.HN!D42 -> 0 | W59: ko sx | X59: =($G$59-W59)*575/95 -> #VALUE! | AB59: L | AC59: =XM.HN!E42 -> 7.4 | AD59: 6.5 | AE59: =($G$59-AD59)*575/95 -> -3.0263158 | AF59: + | AG59: =IF(AE59<0,0,AE59) -> 0 | AI59: L | AJ59: =XM.HN!F42 -> 0 | AK59: ko sx | AL59: =($G$59-AK59)*575/95 -> #VALUE! | AM59: + | AP59: L | AQ59: =XM.HN!G42 -> 0 | AR59: ko sx | AS59: =($G$59-AR59)*575/95 -> #VALUE! | AT59: + | AW59: L | AZ59: KO SX | BA59: #VALUE! | BB59: + | BE59: L
A60: 1F-CR3KPH | B60: XL-001F | C60: PH | D60: pH | E60: ='XM.GUI MAIL'!E60 -> 1.8~2.4 | F60: ='XM.GUI MAIL'!F60 -> (2.1±0.1 ) | I60: =XM.HN!B43 -> 2.03 | P60: ko sx | Q60: =($G$59-P60)*575/95 -> #VALUE! | W60: ko sx | X60: =($G$59-W60)*575/95 -> #VALUE! | AD60: =XM.HN!E43 -> 2 | AK60: ko sx | AR60: ko sx | AZ60: KO SX
A61: Hạng mục kiểm tra nhiệt độ 檢查溫度
A62: MÃ | B62: MÃ MÁY | C62: Hạng mục kiểm tra nhiệt độ 溫度檢查項目 | D62: nhiệt độ 溫度 | E62: Phạm vi kiểm soát 範圍值 | F62: Giới hạn kiểm soát 管控值 | I62: Nhiệt kế 温度計 | L62: Nhiệt tự động 自動温控 | P62: Nhiệt kế 温度計 | S62: Nhiệt tự động 自動温控 | W62: Nhiệt kế 温度計 | Z62: Nhiệt tự động 自動温控 | AD62: Nhiệt kế 温度計 | AG62: Nhiệt tự động 自動温控 | AK62: Nhiệt kế 温度計 | AN62: Nhiệt tự động 自動温控 | AR62: Nhiệt kế 温度計 | AU62: Nhiệt tự động 自動温控 | AZ62: Nhiệt kế 温度計 | BC62: Nhiệt tự động 自動温控
A63: 1F-TEMXB1 | B63: XL-001F | C63: Nhiệt độ xà bông nóng (1) 熱脫脂溫度(1) | D63: 0C | E63: ='XM.GUI MAIL'!E63 -> 50~70 | F63: ='XM.GUI MAIL'!F63 -> (60±5) | I63: 43 | L63: 42 | P63: 42 | S63: 43 | W63: 55 | Z63: 55 | AD63: 55 | AG63: 54 | AK63: 55 | AN63: 54 | AR63: 55 | AU63: 54 | AZ63: 43 | BC63: 42
A64: 1F-TEMXB2 | B64: XL-001F | C64: Nhiệt độ xà bông nóng (2) 熱脫脂溫度(2) | D64: 0C | E64: ='XM.GUI MAIL'!E64 -> 50~70 | F64: ='XM.GUI MAIL'!F64 -> (60±5) | I64: 58 | L64: 57 | P64: 57 | S64: 58 | W64: 58 | Z64: 58 | AD64: 59 | AG64: 58 | AK64: 59 | AN64: 58 | AR64: 58 | AU64: 57 | AZ64: 59 | BC64: 58
A65: 1F-TEMDG1 | B65: XL-001F | C65: Nhiệt độ điện giải (1) 電解1 溫度 | D65: 0C | E65: ='XM.GUI MAIL'!E65 -> 40~60 | F65: ='XM.GUI MAIL'!F65 -> (50±5) | I65: 52 | L65: 51 | P65: 52 | S65: 51 | W65: 52 | Z65: 52 | AD65: 53 | AG65: 52 | AK65: 52 | AN65: 51 | AR65: 53 | AU65: 52 | AZ65: 53 | BC65: 52
A66: 1F-TEMDG2 | B66: XL-001F | C66: Nhiệt độ điện giải (2) 電解 2 溫度 | D66: 0C | E66: ='XM.GUI MAIL'!E66 -> 40~60 | F66: ='XM.GUI MAIL'!F66 -> (50±5) | I66: 50 | L66: 49 | P66: 48 | S66: 48 | W66: 48 | Z66: 48 | AD66: 49 | AG66: 48 | AK66: 51 | AN66: 50 | AR66: 49 | AU66: 48 | AZ66: 51 | BC66: 51
A67: 1F-TEMBX | B67: XL-001F | C67: Nhiệt độ bồn xi 鍍鋅槽溫度 | D67: 0C | E67: ='XM.GUI MAIL'!E67 -> 20~35 | F67: ='XM.GUI MAIL'!F67 -> (30±4) | I67: 28 | L67: 27 | P67: 29 | S67: 30 | W67: 30 | Z67: 30 | AD67: 30 | AG67: 29 | AK67: 30 | AN67: 29 | AR67: 29 | AU67: 29 | AZ67: 30 | BC67: 30
A68: 1F-TEMCR3I | B68: XL-001F | C68: Nhiệt độ bồn màu Cr2O3 三價鉻 溫度 | D68: 0C | E68: ='XM.GUI MAIL'!E68 -> 30-38 | F68: ='XM.GUI MAIL'!F68 -> (34±2) | I68: 39 | L68: 38 | P68: 38 | S68: 38 | W68: 38 | Z68: 38 | AD68: 38 | AG68: 38 | AK68: 37 | AN68: 37 | AR68: 37 | AU68: 37 | AZ68: 38 | BC68: 38
A69: 1F-TEMH2O | B69: XL-001F | C69: Nhiệt độ bồn nước nóng 熱水溫度 | D69: 0C | E69: ='XM.GUI MAIL'!E69 -> 50~70 | F69: ='XM.GUI MAIL'!F69 -> (60±10) | I69: 53 | L69: 52 | P69: 52 | S69: 52 | W69: 52 | Z69: 53 | AD69: 55 | AG69: 54 | AK69: 55 | AN69: 54 | AR69: 54 | AU69: 53 | AZ69: 53 | BC69: 52
A70: 1F-TEMSAY | B70: XL-001F | C70: Sấy khô 烘乾 | D70: 0C | E70: ='XM.GUI MAIL'!E70 -> 80~100 | F70: ='XM.GUI MAIL'!F70 -> (90±5) | I70: \ | L70: 90 | P70: \ | S70: 92 | W70: \ | Z70: 83 | AD70: \ | AG70: 90 | AK70: \ | AN70: 86 | AR70: \ | AU70: 89 | AZ70: \ | BC70: 90
A71: Hạng mục kiểm tra bơm thuốc tự động 藥液自動添加
A72: 1F-MEM | B72: XL-001F | C72: 開缸劑 250 Base | D72: ml/1000 AH | E72: ='XM.GUI MAIL'!E72 -> 100-200 | F72: ='XM.GUI MAIL'!F72 -> 100-200 | I72: 175 | P72: 178 | W72: 160 | AD72: 160 | AK72: 165 | AR72: 165 | AZ72: 170
A73: 1F-BONG | B73: XL-001F | C73: 光亮劑 250 Brightener | D73: ml/1000 AH | E73: ='XM.GUI MAIL'!E73 -> 20-50 | F73: ='XM.GUI MAIL'!F73 -> 20-50 | I73: 30 | P73: 32 | W73: 24 | AD73: 24 | AK73: 27 | AR73: 29 | AZ73: 30
A75: 生產線別：無氰鹼吊電C線 (XT-000C) | F75: =MENU!$AC$9 -> Thứ 5, | I75: =MENU!$AD$9 -> 2024/08/01 | AK75: 生產線別：無氰鹼吊電C線 (XT-000C)
G76: tiêu chuẩn khống chế để bổ sung | I76: 7:15 | P76: 11:15 | W76: 15:15 | AD76: 19:15 | AK76: 23:15 | AR76: 03:15 | AZ76: 03:15
A77: MÃ | B77: MÃ MÁY | C77: Hạng mục kiểm tra nồng độ 化驗檢查項目 | D77: Đơn vị 單位 | E77: Phạm vi kiểm soát 範圍值 | F77: Giới hạn kiểm soát 管控值 | I77: 濃度 | J77: 補充 BS | K77: 補充 BS | P77: 濃度 | Q77: 補充 BS | R77: 補充 BS | W77: 濃度 | X77: 補充 BS | Y77: 補充 BS | AD77: 濃度 | AE77: 補充 BS | AF77: 補充 BS | AK77: 濃度 | AL77: 補充 BS | AM77: 補充 BS | AR77: 濃度 | AS77: 補充 BS | AT77: 補充 BS | AZ77: 濃度 | BA77: 補充 BS | BB77: 補充 BS
A78: XT-XB1 | B78: XT-000C | C78: Xà bông 脫脂 (2,3,4) CT-21A | D78: g/L | E78: ='XM.GUI MAIL'!E78 -> 40~60 | F78: ='XM.GUI MAIL'!F78 -> (50±5) | G78: ='XM.GUI MAIL'!G78 -> 50 | H78: =XM.HN!B47 -> 7.4 | I78: =H78*6.49 -> 48.026 | J78: =($G$78-I78)*15517/1000 -> 30.630558 | K78: + | L78: =IF(J78<0,0,J78) -> 30.630558 | N78: kg | O78: =XM.HN!C47 -> 7.85 | P78: =O78*6.49 -> 50.9465 | Q78: =($G$78-P78)*15517/1000 -> -14.686841 | R78: + | S78: =IF(Q78<0,0,Q78) -> 0 | U78: kg | V78: =XM.HN!D47 -> 7.9 | W78: =V78*6.49 -> 51.271 | X78: =($G$78-W78)*15517/1000 -> -19.722107 | Y78: + | Z78: =IF(X78<0,0,X78) -> 0 | AB78: kg | AC78: =XM.HN!E47 -> 0 | AD78: =AC78*6.49 -> 0 | AE78: =($G$78-AD78)*15517/1000 -> 775.85 | AF78: + | AG78: =IF(AE78<0,0,AE78) -> 775.85 | AI78: kg | AJ78: =XM.HN!F47 -> 0 | AK78: =AJ78*6.49 -> 0 | AL78: =($G$78-AK78)*15517/1000 -> 775.85 | AM78: + | AN78: =IF(AL78<0,0,AL78) -> 775.85 | AP78: kg | AQ78: =XM.HN!G47 -> 0 | AR78: =AQ78*6.49 -> 0 | AS78: =($G$78-AR78)*15517/1000 -> 775.85 | AT78: + | AU78: =IF(AS78<0,0,AS78) -> 775.85 | AW78: kg | AZ78: 49.324 | BA78: 10.489492 | BB78: + | BC78: 10.489492 | BE78: kg
C79: CT-21B | E79: CT-21A: 25kg/CT-21B: 7-10L | K79: + | L79: =L78/25*8.5 -> 10.41439 | N79: L | R79: + | S79: =S78/25*8.5 -> 0 | U79: L | Y79: + | Z79: =Z78/25*8.5 -> 0 | AB79: L | AF79: + | AG79: =AG78/25*8.5 -> 263.789 | AI79: L | AM79: + | AN79: =AN78/25*8.5 -> 263.789 | AP79: L | AT79: + | AU79: =AU78/25*8.5 -> 263.789 | AW79: L | BB79: + | BC79: 3.5664273 | BE79: L
A80: XT-XB2 | B80: XT-000C | C80: Xà bông 脫脂 (5,6) CT-21A | D80: g/L | E80: ='XM.GUI MAIL'!E80 -> 40~60 | F80: ='XM.GUI MAIL'!F80 -> (50±5) | G80: ='XM.GUI MAIL'!G80 -> 50 | H80: =XM.HN!B49 -> 7.65 | I80: =H80*6.49 -> 49.6485 | J80: =($G$80-I80)*11475/1000 -> 4.0334625 | K80: + | L80: =IF(J80<0,0,J80) -> 4.0334625 | N80: kg | O80: =XM.HN!C49 -> 7.75 | P80: =O80*6.49 -> 50.2975 | Q80: =($G$80-P80)*11475/1000 -> -3.4138125 | R80: + | S80: =IF(Q80<0,0,Q80) -> 0 | U80: kg | V80: =XM.HN!D49 -> 7.75 | W80: =V80*6.49 -> 50.2975 | X80: =($G$80-W80)*11475/1000 -> -3.4138125 | Y80: + | Z80: =IF(X80<0,0,X80) -> 0 | AB80: kg | AC80: =XM.HN!E49 -> 0 | AD80: =AC80*6.49 -> 0 | AE80: =($G$80-AD80)*11475/1000 -> 573.75 | AF80: + | AG80: =IF(AE80<0,0,AE80) -> 573.75 | AI80: kg | AJ80: =XM.HN!F49 -> 0 | AK80: =AJ80*6.49 -> 0 | AL80: =($G$80-AK80)*11475/1000 -> 573.75 | AM80: + | AN80: =IF(AL80<0,0,AL80) -> 573.75 | AP80: kg | AQ80: =XM.HN!G49 -> 0 | AR80: =AQ80*6.49 -> 0 | AS80: =($G$80-AR80)*11475/1000 -> 573.75 | AT80: + | AU80: =IF(AS80<0,0,AS80) -> 573.75 | AW80: kg | AZ80: 50.622 | BA80: -7.13745 | BB80: + | BC80: 0 | BE80: kg
C81: CT-21B | E81: CT-21A: 25kg/CT-21B: 7-10L | K81: + | L81: =L80/25*8.5 -> 1.3713772 | N81: L | R81: + | S81: =S80/25*8.5 -> 0 | U81: L | Y81: + | Z81: =Z80/25*8.5 -> 0 | AB81: L | AF81: + | AG81: =AG80/25*8.5 -> 195.075 | AI81: L | AM81: + | AN81: =AN80/25*8.5 -> 195.075 | AP81: L | AT81: + | AU81: =AU80/25*8.5 -> 195.075 | AW81: L | BB81: + | BC81: 0 | BE81: L
A82: XT-DG1 | B82: XT-000C | C82: Điện giải 電解 (8) EC-508A | D82: g/L | E82: ='XM.GUI MAIL'!E82 -> 50~70 | F82: ='XM.GUI MAIL'!F82 -> (60±5) | G82: ='XM.GUI MAIL'!G82 -> 60 | H82: =XM.HN!B51 -> 13.3 | I82: =H82*4.62 -> 61.446 | J82: =($G$82-I82)*8200/1000 -> -11.8572 | K82: + | L82: =IF(J82<0,0,J82) -> 0 | N82: kg | O82: =XM.HN!C51 -> 13.4 | P82: =O82*4.62 -> 61.908 | Q82: =($G$82-P82)*8200/1000 -> -15.6456 | R82: + | S82: =IF(Q82<0,0,Q82) -> 0 | U82: kg | V82: =XM.HN!D51 -> 13.5 | W82: =V82*4.62 -> 62.37 | X82: =($G$82-W82)*8200/1000 -> -19.434 | Y82: + | Z82: =IF(X82<0,0,X82) -> 0 | AB82: kg | AC82: =XM.HN!E51 -> 0 | AD82: =AC82*4.62 -> 0 | AE82: =($G$82-AD82)*8200/1000 -> 492 | AF82: + | AG82: =IF(AE82<0,0,AE82) -> 492 | AI82: kg | AJ82: =XM.HN!F51 -> 0 | AK82: =AJ82*4.62 -> 0 | AL82: =($G$82-AK82)*8200/1000 -> 492 | AM82: + | AN82: =IF(AL82<0,0,AL82) -> 492 | AP82: kg | AQ82: =XM.HN!G51 -> 0 | AR82: =AQ82*4.62 -> 0 | AS82: =($G$82-AR82)*8200/1000 -> 492 | AT82: + | AU82: =IF(AS82<0,0,AS82) -> 492 | AW82: kg | AZ82: 61.5 | BA82: -12.3 | BB82: + | BC82: 0 | BE82: kg
C83: EC-508B | E83: EC-508A: 25kg/EC-508B:6-10L | K83: + | N83: L | R83: + | U83: L | Y83: + | AB83: L | AF83: + | AI83: L | AM83: + | AP83: L | AT83: + | AW83: L | BB83: + | BE83: L
A84: XT-DG2 | B84: XT-000C | C84: Điện giải 電解 (20,21) EC-508A | D84: g/L | E84: ='XM.GUI MAIL'!E84 -> 50~70 | F84: ='XM.GUI MAIL'!F84 -> (60±5) | G84: ='XM.GUI MAIL'!G84 -> 60 | H84: =XM.HN!B53 -> 12.9 | I84: =H84*4.62 -> 59.598 | J84: =($G$84-I84)*8668/1000 -> 3.484536 | K84: + | L84: =IF(J84<0,0,J84) -> 3.484536 | N84: kg | O84: =XM.HN!C53 -> 13.15 | P84: =O84*4.62 -> 60.753 | Q84: =($G$84-P84)*8668/1000 -> -6.527004 | R84: + | S84: =IF(Q84<0,0,Q84) -> 0 | U84: kg | V84: =XM.HN!D53 -> 13.25 | W84: =V84*4.62 -> 61.215 | X84: =($G$84-W84)*8668/1000 -> -10.53162 | Y84: + | Z84: =IF(X84<0,0,X84) -> 0 | AB84: kg | AC84: =XM.HN!E53 -> 0 | AD84: =AC84*4.62 -> 0 | AE84: =($G$84-AD84)*8668/1000 -> 520.08 | AF84: + | AG84: =IF(AE84<0,0,AE84) -> 520.08 | AI84: kg | AJ84: =XM.HN!F53 -> 0 | AK84: =AJ84*4.62 -> 0 | AL84: =($G$84-AK84)*8668/1000 -> 520.08 | AM84: + | AN84: =IF(AL84<0,0,AL84) -> 520.08 | AP84: kg | AQ84: =XM.HN!G53 -> 0 | AR84: =AQ84*4.62 -> 0 | AS84: =($G$84-AR84)*8668/1000 -> 520.08 | AT84: + | AU84: =IF(AS84<0,0,AS84) -> 520.08 | AW84: kg | AZ84: 62 | BA84: -17.336 | BB84: + | BC84: 0 | BE84: kg
C85: EC-508B | E85: EC-508A: 25kg/EC-508B:6-10L | K85: + | N85: L | R85: + | U85: L | Y85: + | AB85: L | AF85: + | AI85: L | AM85: + | AP85: L | AT85: + | AW85: L | BB85: + | BE85: L
A86: XT-NAOH | B86: XT-000C | C86: NaOH (26-35) 氫氧化鈉 | D86: g/L | E86: ='XM.GUI MAIL'!E86 -> 135~ 145 | F86: ='XM.GUI MAIL'!F86 -> (140±5) | G86: ='XM.GUI MAIL'!G86 -> 140 | H86: =XM.HN!B55 -> 17.8 | I86: =H86*8 -> 142.4 | J86: =($G$86-I86)*53066/1000 -> -127.3584 | K86: + | L86: =IF(J86<0,0,J86) -> 0 | N86: kg | O86: =XM.HN!C55 -> 17.9 | P86: =O86*8 -> 143.2 | Q86: =($G$86-P86)*53066/1000 -> -169.8112 | R86: + | S86: =IF(Q86<0,0,Q86) -> 0 | U86: kg | V86: =XM.HN!D55 -> 17.35 | W86: =V86*8 -> 138.8 | X86: =($G$86-W86)*53066/1000 -> 63.6792 | Y86: + | Z86: =IF(X86<0,0,X86) -> 63.6792 | AB86: kg | AC86: =XM.HN!E55 -> 0 | AD86: =AC86*8 -> 0 | AE86: =($G$86-AD86)*53066/1000 -> 7429.24 | AF86: + | AG86: =IF(AE86<0,0,AE86) -> 7429.24 | AI86: kg | AJ86: =XM.HN!F55 -> 0 | AK86: =AJ86*8 -> 0 | AL86: =($G$86-AK86)*53066/1000 -> 7429.24 | AM86: + | AN86: =IF(AL86<0,0,AL86) -> 7429.24 | AP86: kg | AQ86: =XM.HN!G55 -> 0 | AR86: =AQ86*8 -> 0 | AS86: =($G$86-AR86)*53066/1000 -> 7429.24 | AT86: + | AU86: =IF(AS86<0,0,AS86) -> 7429.24 | AW86: kg | AZ86: 138.4 | BA86: 84.9056 | BB86: + | BC86: 84.9056 | BE86: kg
A87: XT-ZN | B87: XT-000C | C87: Zn 鋅 (26-35) (1 pcs Zn=25kg) | D87: g/L | E87: ='XM.GUI MAIL'!E87 -> 7~10 | F87: ='XM.GUI MAIL'!F87 -> (8.5±1) | G87: ='XM.GUI MAIL'!G87 -> 8.5 | H87: =XM.HN!B56 -> 6.45 | I87: =H87*1.3 -> 8.385 | J87: =($G$87-I87)*53066/1000 -> 6.10259 | K87: + | L87: =IF(J87<0,0,J87) -> 6.10259 | N87: kg | O87: =XM.HN!C56 -> 6.45 | P87: =O87*1.3 -> 8.385 | Q87: =($G$87-P87)*53066/1000 -> 6.10259 | R87: + | S87: =IF(Q87<0,0,Q87) -> 6.10259 | U87: kg | V87: =XM.HN!D56 -> 6.5 | W87: =V87*1.3 -> 8.45 | X87: =($G$87-W87)*53066/1000 -> 2.6533 | Y87: + | Z87: =IF(X87<0,0,X87) -> 2.6533 | AB87: kg | AC87: =XM.HN!E56 -> 0 | AD87: =AC87*1.3 -> 0 | AE87: =($G$87-AD87)*53066/1000 -> 451.061 | AF87: + | AG87: =IF(AE87<0,0,AE87) -> 451.061 | AI87: kg | AJ87: =XM.HN!F56 -> 0 | AK87: =AJ87*1.3 -> 0 | AL87: =($G$87-AK87)*53066/1000 -> 451.061 | AM87: + | AN87: =IF(AL87<0,0,AL87) -> 451.061 | AP87: kg | AQ87: =XM.HN!G56 -> 0 | AR87: =AQ87*1.3 -> 0 | AS87: =($G$87-AR87)*53066/1000 -> 451.061 | AT87: + | AU87: =IF(AS87<0,0,AS87) -> 451.061 | AW87: kg | AZ87: 8.19 | BA87: 16.45046 | BB87: + | BC87: 16.45046 | BE87: kg
A88: XT-CR3I | B88: XT-000C | C88: Nồng độ Cr2O3 三價鉻(46) LANTHANE 318 (HALO) | D88: % | E88: ='XM.GUI MAIL'!E88 -> 5~8 | F88: ='XM.GUI MAIL'!F88 -> (6±1) | G88: ='XM.GUI MAIL'!G88 -> 6 | H88: =XM.HN!B57 -> 18.35 | I88: =(H88*0.4237)-1.0461 -> 6.728795 | J88: =($G$88-I88)*3360/100 -> -24.487512 | K88: + | L88: =IF(J88<0,0,J88) -> 0 | N88: L | O88: =XM.HN!C57 -> 18.25 | P88: =(O88*0.4237)-1.0461 -> 6.686425 | Q88: =($G$88-P88)*3360/100 -> -23.06388 | R88: + | S88: =IF(Q88<0,0,Q88) -> 0 | U88: L | V88: =XM.HN!D57 -> 18.1 | W88: =(V88*0.4237)-1.0461 -> 6.62287 | X88: =($G$88-W88)*3360/100 -> -20.928432 | Y88: + | Z88: =IF(X88<0,0,X88) -> 0 | AB88: L | AC88: =XM.HN!E57 -> 0 | AD88: =(AC88*0.4237)-1.0461 -> -1.0461 | AE88: =($G$88-AD88)*3360/100 -> 236.74896 | AF88: + | AG88: =IF(AE88<0,0,AE88) -> 236.74896 | AI88: L | AJ88: =XM.HN!F57 -> 0 | AK88: =(AJ88*0.4237)-1.0461 -> -1.0461 | AL88: =($G$88-AK88)*3360/100 -> 236.74896 | AM88: + | AN88: =IF(AL88<0,0,AL88) -> 236.74896 | AP88: L | AQ88: =XM.HN!G57 -> 0 | AR88: =(AQ88*0.4237)-1.0461 -> -1.0461 | AS88: =($G$88-AR88)*3360/100 -> 236.74896 | AT88: + | AU88: =IF(AS88<0,0,AS88) -> 236.74896 | AW88: L | AZ88: 6.07206 | BA88: -2.421216 | BB88: + | BC88: 0 | BE88: L
A89: XT-CR3IPH | B89: XT-000C | C89: =MENU!AE44 -> Pha mới: 2024/06/22 | D89: pH | E89: ='XM.GUI MAIL'!E89 -> 2.0~2.4 | F89: ='XM.GUI MAIL'!F89 -> (2.2±0.1) | G89: ='XM.GUI MAIL'!G89 -> 0 | I89: =XM.HN!B66 -> 2.11 | P89: =XM.HN!C66 -> 2.1 | W89: =XM.HN!D66 -> 2.14 | AD89: =XM.HN!E66 -> 0 | AK89: =XM.HN!F66 -> 0 | AR89: =XM.HN!G66 -> 0 | AZ89: 2.16
A90: XT-HCL3 | B90: XT-000C | C90: Nồng độ acid loãng (12) 稀酸 濃度 | D90: %V/V | E90: ='XM.GUI MAIL'!E90 -> 40~50 | F90: ='XM.GUI MAIL'!F90 -> (45±5) | G90: ='XM.GUI MAIL'!G90 -> 0.45 | H90: =XM.HN!B59 -> 1.7 | I90: 0.445 | J90: =($G$90-I90)*3234 -> 16.17 | K90: + | L90: =IF(J90<0,0,J90) -> 16.17 | N90: L | O90: =XM.HN!C59 -> 2 | P90: =(1*O90*36.5)/(0.5*10)/32%/100 -> 0.45625 | Q90: =($G$90-P90)*3234 -> -20.2125 | R90: + | S90: =IF(Q90<0,0,Q90) -> 0 | U90: L | V90: =XM.HN!D59 -> 2.16 | W90: =(1*V90*36.5)/(0.5*10)/32%/100 -> 0.49275 | X90: =($G$90-W90)*3234 -> -138.2535 | Y90: + | Z90: =IF(X90<0,0,X90) -> 0 | AB90: L | AC90: =XM.HN!E59 -> 0 | AD90: =(1*AC90*36.5)/(0.5*10)/32%/100 -> 0 | AE90: =($G$90-AD90)*3234 -> 1455.3 | AF90: + | AG90: =IF(AE90<0,0,AE90) -> 1455.3 | AI90: L | AJ90: =XM.HN!F59 -> 0 | AK90: =(1*AJ90*36.5)/(0.5*10)/32%/100 -> 0 | AL90: =($G$90-AK90)*3234 -> 1455.3 | AM90: + | AN90: =IF(AL90<0,0,AL90) -> 1455.3 | AP90: L | AQ90: =XM.HN!G59 -> 0 | AR90: =(1*AQ90*36.5)/(0.5*10)/32%/100 -> 0 | AS90: =($G$90-AR90)*3234 -> 1455.3 | AT90: + | AU90: =IF(AS90<0,0,AS90) -> 1455.3 | AW90: L | AZ90: 0.451 | BA90: -3.234 | BB90: + | BC90: 0 | BE90: L
A91: XT-HCL1 | B91: XT-000C | C91: Nồng độ acid đặc (13) 鹽酸 濃度 | D91: %V/V | E91: ='XM.GUI MAIL'!E91 -> 10~20 | F91: ='XM.GUI MAIL'!F91 -> (15±5) | G91: ='XM.GUI MAIL'!G91 -> 0.15 | H91: =XM.HN!B60 -> 0 | I91: 0.156 | J91: =($G$91-I91)*3361 -> -20.166 | K91: + | L91: =IF(J91<0,0,J91) -> 0 | N91: L | O91: =XM.HN!C60 -> 0 | P91: 0.152 | Q91: =($G$91-P91)*3361 -> -6.722 | R91: + | S91: =IF(Q91<0,0,Q91) -> 0 | U91: L | V91: =XM.HN!D60 -> 0 | W91: 0.146 | X91: =($G$91-W91)*3361 -> 13.444 | Y91: + | Z91: =IF(X91<0,0,X91) -> 13.444 | AB91: L | AC91: =XM.HN!E60 -> 0 | AD91: =(1*AC91*36.5)/(0.5*10)/32%/100 -> 0 | AE91: =($G$91-AD91)*3361 -> 504.15 | AF91: + | AG91: =IF(AE91<0,0,AE91) -> 504.15 | AI91: L | AJ91: =XM.HN!F60 -> 0 | AK91: =(1*AJ91*36.5)/(0.5*10)/32%/100 -> 0 | AL91: =($G$91-AK91)*3361 -> 504.15 | AM91: + | AN91: =IF(AL91<0,0,AL91) -> 504.15 | AP91: L | AQ91: =XM.HN!G60 -> 0 | AR91: =(1*AQ91*36.5)/(0.5*10)/32%/100 -> 0 | AS91: =($G$91-AR91)*3361 -> 504.15 | AT91: + | AU91: =IF(AS91<0,0,AS91) -> 504.15 | AW91: L | AZ91: 0.161 | BA91: -36.971 | BB91: + | BC91: 0 | BE91: L
C92: Nồng độ acid đặc (14) 鹽酸 濃度 | D92: %V/V | E92: ='XM.GUI MAIL'!E92 -> 40~50 | F92: ='XM.GUI MAIL'!F92 -> (45±5) | G92: ='XM.GUI MAIL'!G92 -> 0.45 | H92: =XM.HN!B61 -> 1.96 | I92: =(1*H92*36.5)/(0.5*10)/32%/100 -> 0.447125 | J92: =($G$92-I92)*3361 -> 9.662875 | K92: + | L92: =IF(J92<0,0,J92) -> 9.662875 | N92: L | O92: =XM.HN!C61 -> 2.06 | P92: =(1*O92*36.5)/(0.5*10)/32%/100 -> 0.4699375 | Q92: =($G$92-P92)*3361 -> -67.009937 | R92: + | S92: =IF(Q92<0,0,Q92) -> 0 | U92: L | V92: =XM.HN!D61 -> 2.12 | W92: =(1*V92*36.5)/(0.5*10)/32%/100 -> 0.483625 | X92: =($G$92-W92)*3361 -> -113.01363 | Y92: + | Z92: =IF(X92<0,0,X92) -> 0 | AB92: L | AC92: =XM.HN!E61 -> 0 | AD92: =(1*AC92*36.5)/(0.5*10)/32%/100 -> 0 | AE92: =($G$92-AD92)*3361 -> 1512.45 | AF92: + | AG92: =IF(AE92<0,0,AE92) -> 1512.45 | AI92: L | AJ92: =XM.HN!F61 -> 0 | AK92: =(1*AJ92*36.5)/(0.5*10)/32%/100 -> 0 | AL92: =($G$92-AK92)*3361 -> 1512.45 | AM92: + | AN92: =IF(AL92<0,0,AL92) -> 1512.45 | AP92: L | AQ92: =XM.HN!G61 -> 0 | AR92: =(1*AQ92*36.5)/(0.5*10)/32%/100 -> 0 | AS92: =($G$92-AR92)*3361 -> 1512.45 | AT92: + | AU92: =IF(AS92<0,0,AS92) -> 1512.45 | AW92: L | AZ92: 0.4608125 | BA92: -36.340812 | BB92: + | BC92: 0 | BE92: L
A93: XT-HCL2 | B93: XT-000C | C93: Nồng độ acid đặc (15,16,17) 鹽酸 濃度 | D93: %V/V | E93: ='XM.GUI MAIL'!E93 -> 40~50 | F93: ='XM.GUI MAIL'!F93 -> (45±5) | G93: ='XM.GUI MAIL'!G93 -> 0.45 | H93: =XM.HN!B62 -> 1.98 | I93: =(1*H93*36.5)/(0.5*10)/32%/100 -> 0.4516875 | J93: =($G$93-I93)*10509 -> -17.733937 | K93: + | L93: =IF(J93<0,0,J93) -> 0 | N93: L | O93: =XM.HN!C62 -> 2 | P93: =(1*O93*36.5)/(0.5*10)/32%/100 -> 0.45625 | Q93: =($G$93-P93)*10509 -> -65.68125 | R93: + | S93: =IF(Q93<0,0,Q93) -> 0 | U93: L | V93: =XM.HN!D62 -> 2 | W93: =(1*V93*36.5)/(0.5*10)/32%/100 -> 0.45625 | X93: =($G$93-W93)*10509 -> -65.68125 | Y93: + | Z93: =IF(X93<0,0,X93) -> 0 | AB93: L | AC93: =XM.HN!E62 -> 0 | AD93: =(1*AC93*36.5)/(0.5*10)/32%/100 -> 0 | AE93: =($G$93-AD93)*10509 -> 4729.05 | AF93: + | AG93: =IF(AE93<0,0,AE93) -> 4729.05 | AI93: L | AJ93: =XM.HN!F62 -> 0 | AK93: =(1*AJ93*36.5)/(0.5*10)/32%/100 -> 0 | AL93: =($G$93-AK93)*10509 -> 4729.05 | AM93: + | AN93: =IF(AL93<0,0,AL93) -> 4729.05 | AP93: L | AQ93: =XM.HN!G62 -> 0 | AR93: =(1*AQ93*36.5)/(0.5*10)/32%/100 -> 0 | AS93: =($G$93-AR93)*10509 -> 4729.05 | AT93: + | AU93: =IF(AS93<0,0,AS93) -> 4729.05 | AW93: L | AZ93: 0.4516875 | BA93: -17.733937 | BB93: + | BC93: 0 | BE93: L
A94: XT-HNO3 | B94: XT-000C | C94: Nồng độ HNO3 (42) 硝酸濃度 | D94: %V/V | E94: ='XM.GUI MAIL'!E94 -> 0.5~1.0 | F94: ='XM.GUI MAIL'!F94 -> (0.7±0.1) | G94: ='XM.GUI MAIL'!G94 -> 0.007 | H94: =XM.HN!B63 -> 5.9 | I94: =(H94*0.126)/100 -> 0.007434 | J94: =($G$94-I94)*2808/65%/1.51 -> -1.2416424 | K94: + | L94: =IF(J94<0,0,J94) -> 0 | N94: L | O94: =XM.HN!C63 -> 5.6 | P94: =(O94*0.126)/100 -> 0.007056 | Q94: =($G$94-P94)*2808/65%/1.51 -> -0.16021192 | R94: + | S94: =IF(Q94<0,0,Q94) -> 0 | U94: L | V94: =XM.HN!D63 -> 5.8 | W94: =(V94*0.126)/100 -> 0.007308 | X94: =($G$94-W94)*2808/65%/1.51 -> -0.88116556 | Y94: + | Z94: =IF(X94<0,0,X94) -> 0 | AB94: L | AC94: =XM.HN!E63 -> 0 | AD94: =(AC94*0.126)/100 -> 0 | AE94: =($G$94-AD94)*2808/65%/1.51 -> 20.02649 | AF94: + | AG94: =IF(AE94<0,0,AE94) -> 20.02649 | AI94: L | AJ94: =XM.HN!F63 -> 0 | AK94: =(AJ94*0.126)/100 -> 0 | AL94: =($G$94-AK94)*2808/65%/1.51 -> 20.02649 | AM94: + | AN94: =IF(AL94<0,0,AL94) -> 20.02649 | AP94: L | AQ94: =XM.HN!G63 -> 0 | AR94: =(AQ94*0.126)/100 -> 0 | AS94: =($G$94-AR94)*2808/65%/1.51 -> 20.02649 | AT94: + | AU94: =IF(AS94<0,0,AS94) -> 20.02649 | AW94: L | AZ94: 0.007 | BA94: 0 | BB94: + | BC94: 0 | BE94: L
A95: XT-CR3K | B95: XT-000C | C95: Cr2O3 （K) (49) 三價鉻 FINIDIP 124 | D95: % | E95: ='XM.GUI MAIL'!E95 -> 5~8 | F95: ='XM.GUI MAIL'!F95 -> (6±0.5) | G95: ='XM.GUI MAIL'!G95 -> 6 | H95: =XM.HN!B64 -> 5.45 | I95: =H95*0.8+1.4 -> 5.76 | J95: =($G$95-I95)*4042/95*0.88 -> 8.9860042 | K95: + | L95: =IF(J95<0,0,J95) -> 8.9860042 | N95: L | O95: =XM.HN!C64 -> 5.4 | P95: 5.85 | Q95: =($G$95-P95)*4042/95*0.88 -> 5.6162526 | R95: + | S95: =IF(Q95<0,0,Q95) -> 5.6162526 | U95: L | V95: =XM.HN!D64 -> 5.4 | W95: 6 | X95: =($G$95-W95)*4042/95*0.88 -> 0 | Y95: + | Z95: =IF(X95<0,0,X95) -> 0 | AB95: L | AC95: =XM.HN!E64 -> 0 | AD95: =AC95*0.8+1.4 -> 1.4 | AE95: =($G$95-AD95)*4042/95*0.88 -> 172.23175 | AF95: + | AG95: =IF(AE95<0,0,AE95) -> 172.23175 | AI95: L | AJ95: =XM.HN!F64 -> 0 | AK95: =AJ95*0.8+1.4 -> 1.4 | AL95: =($G$95-AK95)*4042/95*0.88 -> 172.23175 | AM95: + | AN95: =IF(AL95<0,0,AL95) -> 172.23175 | AP95: L | AQ95: =XM.HN!G64 -> 0 | AR95: =AQ95*0.8+1.4 -> 1.4 | AS95: =($G$95-AR95)*4042/95*0.88 -> 172.23175 | AT95: + | AU95: =IF(AS95<0,0,AS95) -> 172.23175 | AW95: L | AZ95: 5.85 | BA95: 5.6162526 | BB95: + | BC95: 5.6162526 | BE95: L
A96: XT-CR3KPH | B96: XT-000C | C96: PH | D96: pH | E96: ='XM.GUI MAIL'!E96 -> 1.8~2.4 | F96: ='XM.GUI MAIL'!F96 -> (2.1±0.1) | G96: ='XM.GUI MAIL'!G96 -> 0 | I96: =XM.HN!B65 -> 2.03 | P96: =XM.HN!C65 -> 2 | W96: =XM.HN!D65 -> 2.05 | AD96: =XM.HN!E65 -> 0 | AK96: =XM.HN!F65 -> 0 | AR96: =XM.HN!G65 -> 0 | AZ96: 2.2
C97: Nồng độ Cr2O3 三價鉻( JASCO 45) | D97: % | E97: 12~18 % | F97: (14±2%) | G97: 14 | H97: =XM.HN!B67 -> 0 | I97: 13.7 | J97: =($G$97-I97)*3360/100 -> 10.08 | K97: + | L97: =IF(J97<0,0,J97) -> 10.08 | N97: L | O97: =XM.HN!C67 -> 0 | P97: 14.1 | Q97: =($G$97-P97)*3360/100 -> -3.36 | R97: + | S97: =IF(Q97<0,0,Q97) -> 0 | U97: L | V97: =XM.HN!D67 -> 0 | W97: 14 | X97: =($G$97-W97)*3360/100 -> 0 | Y97: + | Z97: =IF(X97<0,0,X97) -> 0 | AB97: L | AC97: =XM.HN!E67 -> 0 | AD97: =AC97*100/6.95/10 -> 0 | AE97: =($G$97-AD97)*3360/100 -> 470.4 | AF97: + | AG97: =IF(AE97<0,0,AE97) -> 470.4 | AI97: L | AJ97: =XM.HN!F67 -> 0 | AK97: =AJ97*100/6.95/10 -> 0 | AL97: =($G$97-AK97)*3360/100 -> 470.4 | AM97: + | AN97: =IF(AL97<0,0,AL97) -> 470.4 | AP97: L | AQ97: =XM.HN!G67 -> 0 | AR97: =AQ97*100/6.95/10 -> 0 | AS97: =($G$97-AR97)*3360/100 -> 470.4 | AT97: + | AU97: =IF(AS97<0,0,AS97) -> 470.4 | AW97: L | AZ97: 14 | BA97: 0 | BB97: + | BC97: 0 | BE97: L
C98: PH | D98: pH | E98: 1.5~1.9 | F98: (1.7 ±0.1) | G98: 0 | I98: 1.67 | P98: 1.71 | W98: 1.69 | AD98: =XM.HN!E68 -> 0 | AK98: =XM.HN!F68 -> 0 | AR98: =XM.HN!G68 -> 0 | AZ98: 1.75
A99: XTNI-ZN | B99: XT-000C | C99: Zn-Niken Plating- Zn | D99: g/L | E99: ='XM.GUI MAIL'!E99 -> 5~6 | F99: ='XM.GUI MAIL'!F99 -> (5.5± 0.5) | G99: ='XM.GUI MAIL'!G99 -> 5.5 | H99: =XM.HN!B71 -> 0 | I99: =H99*1.3 -> 0 | J99: =($G$99-I99)*8000/1000 -> 44 | K99: + | L99: =IF(J99<0,0,J99) -> 44 | N99: kg | O99: =XM.HN!C71 -> 0 | P99: =O99*1.3 -> 0 | Q99: =($G$99-P99)*8000/1000 -> 44 | R99: + | S99: =IF(Q99<0,0,Q99) -> 44 | U99: kg | V99: =XM.HN!D71 -> 0 | W99: =V99*1.3 -> 0 | X99: =($G$99-W99)*8000/1000 -> 44 | Y99: + | Z99: =IF(X99<0,0,X99) -> 44 | AB99: kg | AC99: =XM.HN!E71 -> 0 | AD99: =AC99*1.3 -> 0 | AE99: =($G$99-AD99)*8000/1000 -> 44 | AF99: + | AG99: =IF(AE99<0,0,AE99) -> 44 | AJ99: =XM.HN!F71 -> 0 | AK99: =AJ99*1.3 -> 0 | AL99: =($G$99-AK99)*8000/1000 -> 44 | AM99: + | AN99: =IF(AL99<0,0,AL99) -> 44 | AP99: kg | AQ99: =XM.HN!G71 -> 0 | AR99: =AQ99*1.3 -> 0 | AS99: =($G$99-AR99)*8000/1000 -> 44 | AT99: + | AU99: =IF(AS99<0,0,AS99) -> 44 | AW99: kg | AZ99: 5.33 | BA99: 1.36 | BB99: + | BC99: 1.36 | BE99: kg
A100: XTNI-NAOH | B100: XT-000C | C100: Zn-Niken Plating- NaOH | D100: g/L | E100: ='XM.GUI MAIL'!E100 -> 130~140 | F100: ='XM.GUI MAIL'!F100 -> (135 ± 5) | G100: ='XM.GUI MAIL'!G100 -> 135 | H100: =XM.HN!B72 -> 0 | I100: =H100*8 -> 0 | J100: =($G$100-I100)*8000/1000 -> 1080 | K100: + | L100: =IF(J100<0,0,J100) -> 1080 | N100: kg | O100: =XM.HN!C72 -> 0 | P100: =O100*8 -> 0 | Q100: =($G$100-P100)*8000/1000 -> 1080 | R100: + | S100: =IF(Q100<0,0,Q100) -> 1080 | U100: kg | V100: =XM.HN!D72 -> 0 | W100: =V100*8 -> 0 | X100: =($G$100-W100)*8000/1000 -> 1080 | Y100: + | Z100: =IF(X100<0,0,X100) -> 1080 | AB100: kg | AC100: =XM.HN!E72 -> 0 | AD100: =AC100*8 -> 0 | AE100: =($G$100-AD100)*8000/1000 -> 1080 | AF100: + | AG100: =IF(AE100<0,0,AE100) -> 1080 | AJ100: =XM.HN!F72 -> 0 | AK100: =AJ100*8 -> 0 | AL100: =($G$100-AK100)*8000/1000 -> 1080 | AM100: + | AN100: =IF(AL100<0,0,AL100) -> 1080 | AP100: kg | AQ100: =XM.HN!G72 -> 0 | AR100: =AQ100*8 -> 0 | AS100: =($G$100-AR100)*8000/1000 -> 1080 | AT100: + | AU100: =IF(AS100<0,0,AS100) -> 1080 | AW100: kg | AZ100: 134 | BA100: 8 | BB100: + | BC100: 8 | BE100: kg
A101: XTNI-CR3PH | B101: XT-000C | C101: Cr2O3 三價鉻Ni- PH | D101: PH | E101: ='XM.GUI MAIL'!E101 -> 3.0-4.5 | F101: ='XM.GUI MAIL'!F101 -> (4.3±0.2) | G101: ='XM.GUI MAIL'!G101 -> 0 | I101: =XM.HN!B73 -> 0 | P101: =XM.HN!C73 -> 0 | W101: =XM.HN!D73 -> 0 | AD101: =XM.HN!E73 -> 0 | AK101: =XM.HN!F73 -> 0 | AR101: =XM.HN!G73 -> 0 | AZ101: 4.21
C102: Nồng độ màu niken 129 partA 三價鉻濃度Ni-Ken 129 partA | D102: ml/l | E102: ='XM.GUI MAIL'!E103 -> 0 | F102: ='XM.GUI MAIL'!F103 -> 0 | G102: 60 | H102: =XM.HN!B74 -> 0 | I102: =H102*5*0.1*36.6-10%*H102*5*0.1*36.6 -> 0 | J102: =($G$102-I102)*3360/1000 -> 201.6 | K102: + | L102: =IF(J102<0,0,J102) -> 201.6 | N102: kg | O102: =XM.HN!C74 -> 0 | P102: =O102*5*0.1*36.6-10%*O102*5*0.1*36.6 -> 0 | Q102: =($G$102-P102)*3360/1000 -> 201.6 | R102: + | S102: =IF(Q102<0,0,Q102) -> 201.6 | U102: kg | V102: =XM.HN!D74 -> 0 | W102: =V102*5*0.1*36.6-10%*V102*5*0.1*36.6 -> 0 | X102: =($G$102-W102)*3360/1000 -> 201.6 | Y102: + | Z102: =IF(X102<0,0,X102) -> 201.6 | AB102: kg | AC102: =XM.HN!E74 -> 0 | AD102: =AC102*5*0.1*36.6-10%*AC102*5*0.1*36.6 -> 0 | AE102: =($G$102-AD102)*3360/1000 -> 201.6 | AF102: + | AG102: =IF(AE102<0,0,AE102) -> 201.6 | AI102: kg | AJ102: =XM.HN!F74 -> 0 | AK102: =AJ102*5*0.1*36.6-10%*AJ102*5*0.1*36.6 -> 0 | AL102: =($G$102-AK102)*3360/1000 -> 201.6 | AM102: + | AN102: =IF(AL102<0,0,AL102) -> 201.6 | AP102: kg | AQ102: =XM.HN!G74 -> 0 | AR102: =AQ102*5*0.1*36.6-10%*AQ102*5*0.1*36.6 -> 0 | AS102: =($G$102-AR102)*3360/1000 -> 201.6 | AT102: + | AU102: =IF(AS102<0,0,AS102) -> 201.6 | AW102: kg | AZ102: 0 | BA102: 201.6 | BB102: + | BC102: 201.6 | BE102: kg
...

Sheet 1. XL-1E kh
B1: 錩新科技股份有限公司 CX TECHNOLOGY CORPORATION
B2: BÁO CÁO KẾT QUẢ HÓA NGHIỆM HÀNG NGÀY XL-001E 表面處理生產製程管控記錄表 | AD2: Lập biểu 作成 | AF2: Xác nhận 確認
B3: XL-001E | G3: Ca 1, | H3: =MENU!$AC$9 -> Thứ 5, | I3: =MENU!$AD$9 -> 2024/08/01 | AD3: =MENU!AE6 -> L.Yen | AF3: Yen
A4: NO | B4: Hạng mục kiểm tra nồng dộ 化驗檢查項目 | F4: Đơn vị 單位 | G4: Phạm vi kiểm soát 範圍值 | H4: Giới hạn kiểm soát 管控值 | I4: 0.30208333 | M4: KQ bổ sung sau 1H | Q4: 0.46875 | U4: KQ bổ sung sau 1H | Y4: 0.63541667 | AC4: KQ bổ sung sau 1H | AG4: Mã số văn kiện 文件編號
I5: 濃度 | J5: 補充 BS | M5: 濃度 | N5: 補充 BS | Q5: 濃度 | R5: 補充 BS | U5: 濃度 | V5: 補充 BS | Y5: 濃度 | Z5: 補充 BS | AC5: 濃度 | AD5: 補充 BS | AG5: Q3-CXVN -PC01-
A6: 1 | B6: Xà bông (1) 脫脂 | D6: NaOH | F6: g/L | G6: ='XM.FILE GOC'!$E$6 -> 20~40 | H6: ='XM.FILE GOC'!$F$6 -> (30±5) | I6: ='XM.FILE GOC'!I6 -> 0 | J6: + | K6: ='XM.FILE GOC'!L6 -> 80.79 | L6: kg | N6: =IF(M6="","","+") | O6: =IF(M6="","",('XM.FILE GOC'!$G$6-M6)*2693/1000) | P6: =IF(O6="","","kg") | Q6: ='XM.FILE GOC'!P6 -> 26.6 | R6: + | S6: ='XM.FILE GOC'!S6 -> 9.1562 | T6: kg | V6: =IF(U6="","","+") | W6: =IF(U6="","",('XM.FILE GOC'!$G$6-U6)*2693/1000) | X6: =IF(W6="","","kg") | Y6: ='XM.FILE GOC'!W6 -> 32.8 | Z6: + | AA6: ='XM.FILE GOC'!Z6 -> 0 | AB6: kg | AD6: =IF(AC6="","","+") | AE6: =IF(AC6="","",('XM.FILE GOC'!$G$6-AC6)*2693/1000) | AF6: =IF(AE6="","","kg") | AG6: IS06
D7: CleanA 840ml/NaOH 25kg | F7: ml/L | G7: 按NaOH添加數據添加 | J7: + | K7: =K6/25*840/1000 -> 2.714544 | L7: L | N7: =IF(M6="","","+") | O7: =IF(O6="","",O6/25*840/1000) | P7: =IF(O6="","","L") | R7: + | S7: =S6/25*840/1000 -> 0.30764832 | T7: L | V7: =IF(U6="","","+") | W7: =IF(W6="","",W6/25*840/1000) | X7: =IF(W6="","","L") | Z7: + | AA7: =AA6/25*840/1000 -> 0 | AB7: L | AD7: =IF(AC6="","","+") | AE7: =IF(AE6="","",AE6/25*840/1000) | AF7: =IF(AE6="","","L")
D8: CleanB 8400ml/NaOH 25kg | F8: ml/L | G8: 按NaOH添加數據添加 | J8: + | K8: =K7*10 -> 27.14544 | L8: L | N8: =IF(M6="","","+") | O8: =IF(O6="","",O7*10) | P8: =IF(O6="","","L") | R8: + | S8: =S7*10 -> 3.0764832 | T8: L | V8: =IF(U6="","","+") | W8: =IF(W6="","",W7*10) | X8: =IF(W6="","","L") | Z8: + | AA8: =AA7*10 -> 0 | AB8: L | AD8: =IF(AC6="","","+") | AE8: =IF(AE6="","",AE7*10) | AF8: =IF(AE6="","","L")
A9: 2 | B9: Xà bông (2) 脫脂 | D9: NaOH | F9: g/L | G9: ='XM.FILE GOC'!$E$9 -> 20~40 | H9: ='XM.FILE GOC'!$F$9 -> (30±5) | I9: ='XM.FILE GOC'!I9 -> 0 | J9: + | K9: ='XM.FILE GOC'!L9 -> 99.15 | L9: kg | N9: =IF(M9="","","+") | O9: =IF(M9="","",('XM.FILE GOC'!$G$9-M9)*3305/1000) | P9: =IF(O9="","","kg") | Q9: ='XM.FILE GOC'!P9 -> 31 | R9: + | S9: ='XM.FILE GOC'!S9 -> 0 | T9: kg | V9: =IF(U9="","","+") | W9: =IF(U9="","",('XM.FILE GOC'!$G$9-U9)*3305/1000) | X9: =IF(W9="","","kg") | Y9: ='XM.FILE GOC'!W9 -> 30.2 | Z9: + | AA9: ='XM.FILE GOC'!Z9 -> 0 | AB9: kg | AD9: =IF(AC9="","","+") | AE9: =IF(AC9="","",('XM.FILE GOC'!$G$9-AC9)*3305/1000) | AF9: =IF(AE9="","","kg") | AG9: IS06
D10: CleanA 840ml/NaOH 25kg | F10: ml/L | G10: 按NaOH添加數據添加 | J10: + | K10: =K9/25*840/1000 -> 3.33144 | L10: L | N10: =IF(M9="","","+") | O10: =IF(O9="","",O9/25*840/1000) | P10: =IF(O9="","","L") | R10: + | S10: =S9/25*840/1000 -> 0 | T10: L | V10: =IF(U9="","","+") | W10: =IF(W9="","",W9/25*840/1000) | X10: =IF(W9="","","L") | Z10: + | AA10: =AA9/25*840/1000 -> 0 | AB10: L | AD10: =IF(AC9="","","+") | AE10: =IF(AE9="","",AE9/25*840/1000) | AF10: =IF(AE9="","","L")
D11: CleanB 8400ml/NaOH 25kg | F11: ml/L | G11: 按NaOH添加數據添加 | J11: + | K11: =K10*10 -> 33.3144 | L11: L | N11: =IF(M9="","","+") | O11: =IF(O9="","",O10*10) | P11: =IF(O9="","","L") | R11: + | S11: =S10*10 -> 0 | T11: L | V11: =IF(U9="","","+") | W11: =IF(W9="","",W10*10) | X11: =IF(W9="","","L") | Z11: + | AA11: =AA10*10 -> 0 | AB11: L | AD11: =IF(AC9="","","+") | AE11: =IF(AE9="","",AE10*10) | AF11: =IF(AE9="","","L")
A12: 3 | B12: Điện giải(1) 電解 | D12: NaOH | F12: g/L | G12: ='XM.FILE GOC'!$E$12 -> 60~80 | H12: ='XM.FILE GOC'!$F$12 -> (70±10) | I12: ='XM.FILE GOC'!I12 -> 0 | J12: + | K12: ='XM.FILE GOC'!L12 -> 80.92 | L12: kg | N12: =IF(M12="","","+") | O12: =IF(M12="","",('XM.FILE GOC'!$G$12-M12)*1156/1000) | P12: =IF(O12="","","kg") | Q12: ='XM.FILE GOC'!P12 -> 77 | R12: + | S12: ='XM.FILE GOC'!S12 -> 0 | T12: kg | V12: =IF(U12="","","+") | W12: =IF(U12="","",('XM.FILE GOC'!$G$12-U12)*1156/1000) | X12: =IF(W12="","","kg") | Y12: ='XM.FILE GOC'!W12 -> 78 | Z12: + | AA12: ='XM.FILE GOC'!Z12 -> 0 | AB12: kg | AD12: =IF(AC12="","","+") | AE12: =IF(AC12="","",('XM.FILE GOC'!$G$12-AC12)*1156/1000) | AF12: =IF(AE12="","","kg") | AG12: IS06
D13: CleanB 7.5L/NaOH 25kg | F13: ml/L | G13: 按NaOH添加數據添加 | J13: + | K13: =K12/25*7.5 -> 24.276 | L13: L | N13: =IF(M12="","","+") | O13: =IF(O12="","",O12/25*7.5) | P13: =IF(O12="","","L") | R13: + | S13: =S12/25*7.5 -> 0 | T13: L | V13: =IF(U12="","","+") | W13: =IF(W12="","",W12/25*7.5) | X13: =IF(W12="","","L") | Z13: + | AA13: =AA12/25*7.5 -> 0 | AB13: L | AD13: =IF(AC12="","","+") | AE13: =IF(AE12="","",AE12/25*7.5) | AF13: =IF(AE12="","","L")
A14: 4 | B14: Điện giải (2) 電解 | D14: NaOH | F14: g/L | G14: ='XM.FILE GOC'!$E$14 -> 60~80 | H14: ='XM.FILE GOC'!$F$14 -> (70±10) | I14: ='XM.FILE GOC'!I14 -> 0 | J14: + | K14: ='XM.FILE GOC'!L14 -> 102.13 | L14: kg | N14: =IF(M14="","","+") | O14: =IF(M14="","",('XM.FILE GOC'!$G$14-M14)*1459/1000) | P14: =IF(O14="","","kg") | Q14: ='XM.FILE GOC'!P14 -> 72.6 | R14: + | S14: ='XM.FILE GOC'!S14 -> 0 | T14: kg | V14: =IF(U14="","","+") | W14: =IF(U14="","",('XM.FILE GOC'!$G$14-U14)*1459/1000) | X14: =IF(W14="","","kg") | Y14: ='XM.FILE GOC'!W14 -> 72.4 | Z14: + | AA14: ='XM.FILE GOC'!Z14 -> 0 | AB14: kg | AD14: =IF(AC14="","","+") | AE14: =IF(AC14="","",('XM.FILE GOC'!$G$14-AC14)*1459/1000) | AF14: =IF(AE14="","","kg") | AG14: IS06
D15: CleanB 7.5L/NaOH 25kg | F15: ml/L | G15: 按NaOH添加數據添加 | J15: + | K15: =K14/25*7.5 -> 30.639 | L15: L | N15: =IF(M14="","","+") | O15: =IF(O14="","",O14/25*7.5) | P15: =IF(O14="","","L") | R15: + | S15: =S14/25*7.5 -> 0 | T15: L | V15: =IF(U14="","","+") | W15: =IF(W14="","",W14/25*7.5) | X15: =IF(W14="","","L") | Z15: + | AA15: =AA14/25*7.5 -> 0 | AB15: L | AD15: =IF(AC14="","","+") | AE15: =IF(AE14="","",AE14/25*7.5) | AF15: =IF(AE14="","","L")
A16: 5 | B16: Nồng độ NaOH 氫氧化鈉 | F16: g/L | G16: ='XM.FILE GOC'!$E$16 -> 130 - 150 | H16: ='XM.FILE GOC'!$F$16 -> (140±7) | I16: ='XM.FILE GOC'!I16 -> 0 | J16: + | K16: ='XM.FILE GOC'!L16 -> 2793.14 | L16: kg | N16: =IF(M16="","","+") | O16: =IF(M16="","",('XM.FILE GOC'!$G$16-M16)*19951/1000) | P16: =IF(O16="","","kg") | Q16: ='XM.FILE GOC'!P16 -> 133.6 | R16: + | S16: ='XM.FILE GOC'!S16 -> 127.6864 | T16: kg | V16: =IF(U16="","","+") | W16: =IF(U16="","",('XM.FILE GOC'!$G$16-U16)*19951/1000) | X16: =IF(W16="","","kg") | Y16: ='XM.FILE GOC'!W16 -> 140.8 | Z16: + | AA16: ='XM.FILE GOC'!Z16 -> 0 | AB16: kg | AD16: =IF(AC16="","","+") | AE16: =IF(AC16="","",('XM.FILE GOC'!$G$16-AC16)*19951/1000) | AF16: =IF(AE16="","","kg") | AG16: IS08
B17: Nồng độ Zn 鋅 (1 pcs Zn=25kg) | F17: g/L | G17: ='XM.FILE GOC'!$E$17 -> 8~12 | H17: ='XM.FILE GOC'!$F$17 -> (10±2) | I17: ='XM.FILE GOC'!I17 -> 0 | J17: + | K17: ='XM.FILE GOC'!L17 -> 199.51 | L17: kg | N17: =IF(M17="","","+") | O17: =IF(M17="","",('XM.FILE GOC'!$G$17-M17)*19951/1000) | P17: =IF(O17="","","pcs") | Q17: ='XM.FILE GOC'!P17 -> 12.74 | R17: + | S17: ='XM.FILE GOC'!S17 -> 0 | T17: kg | V17: =IF(U17="","","+") | W17: =IF(U17="","",('XM.FILE GOC'!$G$17-U17)*19951/1000) | X17: =IF(W17="","","pcs") | Y17: ='XM.FILE GOC'!W17 -> 12.48 | Z17: + | AA17: ='XM.FILE GOC'!Z17 -> 0 | AB17: kg | AD17: =IF(AC17="","","+") | AE17: =IF(AC17="","",('XM.FILE GOC'!$G$17-AC17)*19951/1000) | AF17: =IF(AE17="","","pcs") | AG17: IS07
A18: 6 | B18: Nồng độ Cr2O3 三價鉻 | F18: % | G18: ='XM.FILE GOC'!$E$18 -> 12~18 | H18: ='XM.FILE GOC'!$F$18 -> (14±2) | I18: ='XM.FILE GOC'!I18 -> 0 | J18: + | K18: ='XM.FILE GOC'!L18 -> 80.5 | L18: L | N18: =IF(M18="","","+") | O18: =IF(M18="","",('XM.FILE GOC'!$G$18-M18)*575/99) | P18: =IF(O18="","","L") | Q18: ='XM.FILE GOC'!P18 -> 15.827338 | R18: + | S18: ='XM.FILE GOC'!S18 -> 0 | T18: L | V18: =IF(U18="","","+") | W18: =IF(U18="","",('XM.FILE GOC'!$G$18-U18)*575/99) | X18: =IF(W18="","","L") | Y18: ='XM.FILE GOC'!W18 -> 15.827338 | Z18: + | AA18: ='XM.FILE GOC'!Z18 -> 0 | AB18: L | AD18: =IF(AC18="","","+") | AE18: =IF(AC18="","",('XM.FILE GOC'!$G$18-AC18)*575/99) | AF18: =IF(AE18="","","L") | AG18: IS05
F19: pH | G19: ='XM.FILE GOC'!$E$19 -> 1.5~1.9 | H19: ='XM.FILE GOC'!$F$19 -> (1.7±0.1 ) | I19: ='XM.FILE GOC'!I19 -> 0 | K19: ='XM.FILE GOC'!L19 -> 0 | N19: =IF(M19="","","+") | Q19: ='XM.FILE GOC'!P19 -> 1.63 | V19: =IF(U19="","","+") | Y19: ='XM.FILE GOC'!W19 -> 1.64 | AD19: =IF(AC19="","","+")
A20: 7 | B20: Nồng độ acid đặc 鹽酸 濃度 | F20: %V/V | G20: ='XM.FILE GOC'!$E$20 -> 40~50 | H20: ='XM.FILE GOC'!$F$20 -> (45±5) | I20: ='XM.FILE GOC'!I20 -> 0 | J20: + | K20: ='XM.FILE GOC'!L20 -> 954.9 | L20: L | N20: =IF(M20="","","+") | O20: =IF(M20="","",('XM.FILE GOC'!$G$20-M20)*2122) | P20: =IF(O20="","","L") | Q20: ='XM.FILE GOC'!P20 -> 0.4334375 | R20: + | S20: ='XM.FILE GOC'!S20 -> 35.145625 | T20: L | V20: =IF(U20="","","+") | W20: =IF(U20="","",('XM.FILE GOC'!$G$20-U20)*2122) | X20: =IF(W20="","","L") | Y20: ='XM.FILE GOC'!W20 -> 0.4790625 | Z20: + | AA20: ='XM.FILE GOC'!Z20 -> 0 | AB20: L | AD20: =IF(AC20="","","+") | AE20: =IF(AC20="","",('XM.FILE GOC'!$G$20-AC20)*2122) | AF20: =IF(AE20="","","L") | AG20: IS04
A21: 8 | B21: Nồng độ acid loãng 稀酸 濃度 | F21: %V/V | G21: ='XM.FILE GOC'!$E$21 -> (22±5) =17~27 | H21: ='XM.FILE GOC'!$F$21 -> (22±5) | I21: ='XM.FILE GOC'!I21 -> 0 | J21: + | K21: ='XM.FILE GOC'!L21 -> 134.64 | L21: L | N21: =IF(M21="","","+") | O21: =('XM.FILE GOC'!$G$21-M21)*612 -> 134.64 | P21: L | Q21: ='XM.FILE GOC'!P21 -> 0 | R21: + | S21: ='XM.FILE GOC'!S21 -> 134.64 | T21: L | V21: =IF(U21="","","+") | W21: =('XM.FILE GOC'!$G$21-U21)*612 -> 134.64 | X21: L | Y21: ='XM.FILE GOC'!W21 -> 0 | Z21: + | AA21: ='XM.FILE GOC'!Z21 -> 134.64 | AB21: L | AD21: =IF(AC21="","","+") | AE21: =('XM.FILE GOC'!$G$21-AC21)*612 -> 134.64 | AF21: L | AG21: IS04
A22: 9 | B22: Nồng độ HCL hoạt hóa 稀酸活化 濃度 | F22: %V/V | G22: ='XM.FILE GOC'!$E$22 -> 5~15 | H22: ='XM.FILE GOC'!$F$22 -> (10±3) | I22: ='XM.FILE GOC'!I22 -> 0 | J22: + | K22: ='XM.FILE GOC'!L22 -> 57.5 | L22: L | N22: =IF(M22="","","+") | O22: =('XM.FILE GOC'!$G$22-M22)*575 -> 57.5 | P22: L | Q22: ='XM.FILE GOC'!P22 -> 0.13459375 | R22: + | S22: ='XM.FILE GOC'!S22 -> 0 | T22: L | V22: =IF(U22="","","+") | W22: =('XM.FILE GOC'!$G$22-U22)*575 -> 57.5 | X22: L | Y22: ='XM.FILE GOC'!W22 -> 0.18478125 | Z22: + | AA22: ='XM.FILE GOC'!Z22 -> 0 | AB22: L | AD22: =IF(AC22="","","+") | AE22: =('XM.FILE GOC'!$G$22-AC22)*575 -> 57.5 | AF22: L | AG22: IS15
A23: 10 | B23: Nồng độ HNO3 硝酸濃度 | F23: % | G23: ='XM.FILE GOC'!$E$23 -> 0.5~1.0 | H23: ='XM.FILE GOC'!$F$23 -> (0.7±0.1) | I23: ='XM.FILE GOC'!I23 -> 0 | J23: + | K23: ='XM.FILE GOC'!L23 -> 3.7799287 | L23: L | N23: =IF(M23="","","+") | O23: =IF(M23="","",('XM.FILE GOC'!$G$23-M23)*530/65%) | P23: =IF(O23="","","L") | Q23: ='XM.FILE GOC'!P23 -> 0 | R23: + | S23: ='XM.FILE GOC'!S23 -> 3.7799287 | T23: L | V23: =IF(U23="","","+") | W23: =IF(U23="","",('XM.FILE GOC'!$G$23-U23)*530/65%) | X23: =IF(W23="","","L") | Y23: ='XM.FILE GOC'!W23 -> 0 | Z23: + | AA23: ='XM.FILE GOC'!Z23 -> 3.7799287 | AB23: L | AD23: =IF(AC23="","","+") | AE23: =IF(AC23="","",('XM.FILE GOC'!$G$23-AC23)*530/65%) | AF23: =IF(AE23="","","L") | AG23: IS15
B24: Nồng độ Cr2O3 （K) 三價鉻 | F24: % | G24: ='XM.GUI MAIL'!$E$24 -> 5~10 | H24: ='XM.GUI MAIL'!$F$24 -> (7.5±1) | I24: ='XM.FILE GOC'!I24 -> 0 | J24: + | K24: ='XM.FILE GOC'!L24 -> 45.394737 | L24: L | N24: =IF(M24="","","+") | O24: =IF(M24="","",('XM.FILE GOC'!$G$24-M24)*575/95*1.13) | P24: =IF(O24="","","L") | Q24: ='XM.FILE GOC'!P24 -> 7.6923077 | R24: + | S24: ='XM.FILE GOC'!S24 -> 0 | T24: L | V24: =IF(U24="","","+") | W24: =IF(U24="","",('XM.FILE GOC'!$G$24-U24)*575/95*1.13) | X24: =IF(W24="","","L") | Y24: ='XM.FILE GOC'!W24 -> 7.6923077 | Z24: + | AA24: ='XM.FILE GOC'!Z24 -> 0 | AB24: L | AD24: =IF(AC24="","","+") | AE24: =IF(AC24="","",('XM.FILE GOC'!$G$24-AC24)*575/95*1.13) | AF24: =IF(AE24="","","L") | AG24: IS16
F25: pH | G25: ='XM.GUI MAIL'!$E$25 -> 2.0~2.4 | H25: ='XM.GUI MAIL'!$F$25 -> (2.2±0.1) | I25: ='XM.FILE GOC'!I25 -> 0 | Q25: ='XM.FILE GOC'!P25 -> 2.28 | Y25: ='XM.FILE GOC'!W25 -> 2.26 | AG25: IS17
B26: Hạng mục kiểm tra nhiệt độ 檢查溫度
A27: NO | B27: Hạng mục kiểm tra nhiệt độ 溫度檢查項目 | F27: nhiệt độ 溫度 | G27: Phạm vi kiểm soát 範圍值 | H27: Giới hạn kiểm soát 管控值 | I27: Nhiệt kế 温度計 | K27: Nhiệt tự động 自動温控 | Q27: Nhiệt kế 温度計 | S27: Nhiệt tự động 自動温控 | Y27: Nhiệt kế 温度計 | AA27: Nhiệt tự động 自動温控
A28: 1 | B28: Nhiệt độ xà bông nóng (1) 熱脫脂溫度(1) | F28: 0C | G28: ='XM.FILE GOC'!$E$28 -> 50~70 | H28: ='XM.FILE GOC'!$F$28 -> (60±5) | I28: ='XM.FILE GOC'!I28 -> 0 | K28: ='XM.FILE GOC'!L28 -> 0 | Q28: ='XM.FILE GOC'!P28 -> 62 | S28: ='XM.FILE GOC'!S28 -> 63 | Y28: ='XM.FILE GOC'!W28 -> 62 | AA28: ='XM.FILE GOC'!Z28 -> 62
A29: 2 | B29: Nhiệt độ xà bông nóng (2) 熱脫脂溫度(2) | C29: Nhiệt độ xà bông nóng (2) 熱脫脂溫度(2) | D29: Nhiệt độ xà bông nóng (2) 熱脫脂溫度(2) | E29: Nhiệt độ xà bông nóng (2) 熱脫脂溫度(2) | F29: 0C | G29: ='XM.FILE GOC'!$E$29 -> 50~70 | H29: ='XM.FILE GOC'!$F$29 -> (60±5) | I29: ='XM.FILE GOC'!I29 -> 0 | K29: ='XM.FILE GOC'!L29 -> 0 | Q29: ='XM.FILE GOC'!P29 -> 60 | S29: ='XM.FILE GOC'!S29 -> 60 | Y29: ='XM.FILE GOC'!W29 -> 60 | AA29: ='XM.FILE GOC'!Z29 -> 60
A30: 3 | B30: Nhiệt độ điện giải (1) 電解1 溫度 | C30: Nhiệt độ điện giải (1) 電解1 溫度 | D30: Nhiệt độ điện giải (1) 電解1 溫度 | E30: Nhiệt độ điện giải (1) 電解1 溫度 | F30: 0C | G30: ='XM.FILE GOC'!$E$30 -> 40~60 | H30: ='XM.FILE GOC'!$F$30 -> (50±5) | I30: ='XM.FILE GOC'!I30 -> 0 | K30: ='XM.FILE GOC'!L30 -> 0 | Q30: ='XM.FILE GOC'!P30 -> 53 | S30: ='XM.FILE GOC'!S30 -> 52 | Y30: ='XM.FILE GOC'!W30 -> 53 | AA30: ='XM.FILE GOC'!Z30 -> 53
A31: 4 | B31: Nhiệt độ điện giải (2) 電解 2 溫度 | C31: Nhiệt độ điện giải (2) 電解 2 溫度 | D31: Nhiệt độ điện giải (2) 電解 2 溫度 | E31: Nhiệt độ điện giải (2) 電解 2 溫度 | F31: 0C | G31: ='XM.FILE GOC'!$E$31 -> 40~60 | H31: ='XM.FILE GOC'!$F$31 -> (50±5) | I31: ='XM.FILE GOC'!I31 -> 0 | K31: ='XM.FILE GOC'!L31 -> 0 | Q31: ='XM.FILE GOC'!P31 -> 55 | S31: ='XM.FILE GOC'!S31 -> 54 | Y31: ='XM.FILE GOC'!W31 -> 54 | AA31: ='XM.FILE GOC'!Z31 -> 54
A32: 5 | B32: Nhiệt độ bồn xi 鍍鋅槽溫度 | C32: Nhiệt độ bồn xi 鍍鋅槽溫度 | D32: Nhiệt độ bồn xi 鍍鋅槽溫度 | E32: Nhiệt độ bồn xi 鍍鋅槽溫度 | F32: 0C | G32: ='XM.FILE GOC'!$E$32 -> 20~35 | H32: ='XM.FILE GOC'!$F$32 -> (30±4) | I32: ='XM.FILE GOC'!I32 -> 0 | K32: ='XM.FILE GOC'!L32 -> 0 | Q32: ='XM.FILE GOC'!P32 -> 28 | S32: ='XM.FILE GOC'!S32 -> 27 | Y32: ='XM.FILE GOC'!W32 -> 26 | AA32: ='XM.FILE GOC'!Z32 -> 26
A33: 6 | B33: Nhiệt độ bồn màu Cr2O3 三價鉻 溫度 | C33: Nhiệt độ bồn màu Cr2O3 三價鉻 溫度 | D33: Nhiệt độ bồn màu Cr2O3 三價鉻 溫度 | E33: Nhiệt độ bồn màu Cr2O3 三價鉻 溫度 | F33: 0C | G33: ='XM.FILE GOC'!$E$33 -> 30~40 | H33: ='XM.FILE GOC'!$F$33 -> (34±3) | I33: ='XM.FILE GOC'!I33 -> 0 | K33: ='XM.FILE GOC'!L33 -> 0 | Q33: ='XM.FILE GOC'!P33 -> 33 | S33: ='XM.FILE GOC'!S33 -> 32 | Y33: ='XM.FILE GOC'!W33 -> 37 | AA33: ='XM.FILE GOC'!Z33 -> 37
A34: 7 | B34: Nhiệt độ bồn nước nóng 熱水溫度 | C34: Nhiệt độ bồn nước nóng 熱水溫度 | D34: Nhiệt độ bồn nước nóng 熱水溫度 | E34: Nhiệt độ bồn nước nóng 熱水溫度 | F34: 0C | G34: ='XM.FILE GOC'!$E$34 -> 50~70 | H34: ='XM.FILE GOC'!$F$34 -> (60±10) | I34: ='XM.FILE GOC'!I34 -> 0 | K34: ='XM.FILE GOC'!L34 -> 0 | Q34: ='XM.FILE GOC'!P34 -> 44 | S34: ='XM.FILE GOC'!S34 -> 43 | Y34: ='XM.FILE GOC'!W34 -> 61 | AA34: ='XM.FILE GOC'!Z34 -> 61
A35: 8 | B35: Sấy khô 烘乾 | C35: Sấy khô 烘乾 | D35: Sấy khô 烘乾 | E35: Sấy khô 烘乾 | F35: 0C | G35: ='XM.FILE GOC'!$E$35 -> 80~100 | H35: ='XM.FILE GOC'!$F$35 -> (90±5) | I35: ='XM.FILE GOC'!I35 -> \ | K35: ='XM.FILE GOC'!L35 -> 0 | Q35: ='XM.FILE GOC'!P35 -> \ | S35: ='XM.FILE GOC'!S35 -> chưa mở | Y35: ='XM.FILE GOC'!W35 -> \ | AA35: ='XM.FILE GOC'!Z35 -> chưa mở
B36: Hạng mục kiểm tra bơm thuốc tự động 藥液自動添加
A37: NO | B37: Hạng mục bơm thuốc 自動添加檢查項目 | F37: Đơn vị 單位 | G37: Phạm vi kiểm soát 範圍值 | H37: Giới hạn kiểm soát 管控值 | I37: Lượng bơm 添加量 | Q37: Lượng bơm 添加量 | Y37: Lượng bơm 添加量
A38: 1 | B38: Chất mềm 開缸劑 | F38: ml/1000 AH | G38: ='XM.FILE GOC'!$E$37 -> 300-360 | H38: ='XM.FILE GOC'!$F$37 -> 300-360 | I38: ='XM.FILE GOC'!I37 -> 0 | Q38: ='XM.FILE GOC'!P37 -> 0 | Y38: ='XM.FILE GOC'!W37 -> 0
A39: 2 | B39: Chất bóng 光亮劑 | F39: ml/1000 AH | G39: ='XM.FILE GOC'!$E$38 -> 30-50 | H39: ='XM.FILE GOC'!$F$38 -> 30-50 | I39: ='XM.FILE GOC'!I38 -> 0 | Q39: ='XM.FILE GOC'!P38 -> 0 | Y39: ='XM.FILE GOC'!W38 -> 0
B41: 錩新科技股份有限公司 CX TECHNOLOGY CORPORATION
B42: BÁO CÁO KẾT QUẢ HÓA NGHIỆM HÀNG NGÀY XL-001E 表面處理生產製程管控記錄表 | AD42: Lập biểu 作成 | AF42: Xác nhận 確認
B43: XL-001E | G43: Ca 2, | H43: =MENU!$AC$9 -> Thứ 5, | I43: =MENU!$AD$9 -> 2024/08/01 | AD43: =MENU!AE7 -> Trang | AF43: Yen
A44: NO | B44: Hạng mục kiểm tra nồng dộ 化驗檢查項目 | F44: Đơn vị 單位 | G44: Phạm vi kiểm soát 範圍值 | H44: Giới hạn kiểm soát 管控值 | I44: 0.80208333 | M44: KQ bổ sung sau 1H | Q44: 0.96875 | U44: KQ bổ sung sau 1H | Y44: 0.13541667 | AC44: KQ bổ sung sau 1H | AG44: Mã số văn kiện 文件編號
I45: 濃度 | J45: 補充 BS | M45: 濃度 | N45: 補充 BS | Q45: 濃度 | R45: 補充 BS | U45: 濃度 | V45: 補充 BS | Y45: 濃度 | Z45: 補充 BS | AC45: 濃度 | AD45: 補充 BS | AG45: Q3-CXVN -PC01-
A46: 1 | B46: Xà bông (1) 脫脂 | D46: NaOH | F46: g/L | G46: ='XM.FILE GOC'!$E$6 -> 20~40 | H46: ='XM.FILE GOC'!$F$6 -> (30±5) | I46: ='XM.FILE GOC'!AD6 -> 33.6 | J46: + | K46: ='XM.FILE GOC'!AG6 -> 0 | L46: kg | N46: =IF(M46="","","+") | O46: =IF(M46="","",('XM.FILE GOC'!$G$6-M46)*2693/1000) | P46: =IF(O46="","","kg") | Q46: ='XM.FILE GOC'!AK6 -> 32 | R46: + | S46: ='XM.FILE GOC'!AN6 -> 0 | T46: kg | V46: =IF(U46="","","+") | W46: =IF(U46="","",('XM.FILE GOC'!$G$6-U46)*2693/1000) | X46: =IF(W46="","","kg") | Y46: ='XM.FILE GOC'!AR6 -> 32.8 | Z46: + | AA46: ='XM.FILE GOC'!AU6 -> 0 | AB46: kg | AD46: =IF(AC46="","","+") | AE46: =IF(AC46="","",('XM.FILE GOC'!$G$6-AC46)*2693/1000) | AF46: =IF(AE46="","","kg") | AG46: IS06
D47: CleanA 840ml/NaOH 25kg | F47: ml/L | G47: 按NaOH添加數據添加 | J47: + | K47: =K46/25*840/1000 -> 0 | L47: L | N47: =IF(M46="","","+") | O47: =IF(O46="","",O46/25*840/1000) | P47: =IF(O46="","","L") | R47: + | S47: =S46/25*840/1000 -> 0 | T47: L | V47: =IF(U46="","","+") | W47: =IF(W46="","",W46/25*840/1000) | X47: =IF(W46="","","L") | Z47: + | AA47: =AA46/25*840/1000 -> 0 | AB47: L | AD47: =IF(AC46="","","+") | AE47: =IF(AE46="","",AE46/25*840/1000) | AF47: =IF(AE46="","","L")
D48: CleanB 8400ml/NaOH 25kg | F48: ml/L | G48: 按NaOH添加數據添加 | J48: + | K48: =K47*10 -> 0 | L48: L | N48: =IF(M46="","","+") | O48: =IF(O46="","",O47*10) | P48: =IF(O46="","","L") | R48: + | S48: =S47*10 -> 0 | T48: L | V48: =IF(U46="","","+") | W48: =IF(W46="","",W47*10) | X48: =IF(W46="","","L") | Z48: + | AA48: =AA47*10 -> 0 | AB48: L | AD48: =IF(AC46="","","+") | AE48: =IF(AE46="","",AE47*10) | AF48: =IF(AE46="","","L")
A49: 2 | B49: Xà bông (2) 脫脂 | D49: NaOH | F49: g/L | G49: ='XM.FILE GOC'!$E$9 -> 20~40 | H49: ='XM.FILE GOC'!$F$9 -> (30±5) | I49: ='XM.FILE GOC'!AD9 -> 31.2 | J49: + | K49: ='XM.FILE GOC'!AG9 -> 0 | L49: kg | N49: =IF(M49="","","+") | O49: =IF(M49="","",('XM.FILE GOC'!$G$9-M49)*3305/1000) | P49: =IF(O49="","","kg") | Q49: ='XM.FILE GOC'!AK9 -> 32 | R49: + | S49: ='XM.FILE GOC'!AN9 -> 0 | T49: kg | V49: =IF(U49="","","+") | W49: =IF(U49="","",('XM.FILE GOC'!$G$9-U49)*3305/1000) | X49: =IF(W49="","","kg") | Y49: ='XM.FILE GOC'!AR9 -> 32 | Z49: + | AA49: ='XM.FILE GOC'!AU9 -> 0 | AB49: kg | AD49: =IF(AC49="","","+") | AE49: =IF(AC49="","",('XM.FILE GOC'!$G$9-AC49)*3305/1000) | AF49: =IF(AE49="","","kg") | AG49: IS06
D50: CleanA 840ml/NaOH 25kg | F50: ml/L | G50: 按NaOH添加數據添加 | J50: + | K50: =K49/25*840/1000 -> 0 | L50: L | N50: =IF(M49="","","+") | O50: =IF(O49="","",O49/25*840/1000) | P50: =IF(O49="","","L") | R50: + | S50: =S49/25*840/1000 -> 0 | T50: L | V50: =IF(U49="","","+") | W50: =IF(W49="","",W49/25*840/1000) | X50: =IF(W49="","","L") | Z50: + | AA50: =AA49/25*840/1000 -> 0 | AB50: L | AD50: =IF(AC49="","","+") | AE50: =IF(AE49="","",AE49/25*840/1000) | AF50: =IF(AE49="","","L")
D51: CleanB 8400ml/NaOH 25kg | F51: ml/L | G51: 按NaOH添加數據添加 | J51: + | K51: =K50*10 -> 0 | L51: L | N51: =IF(M49="","","+") | O51: =IF(O49="","",O50*10) | P51: =IF(O49="","","L") | R51: + | S51: =S50*10 -> 0 | T51: L | V51: =IF(U49="","","+") | W51: =IF(W49="","",W50*10) | X51: =IF(W49="","","L") | Z51: + | AA51: =AA50*10 -> 0 | AB51: L | AD51: =IF(AC49="","","+") | AE51: =IF(AE49="","",AE50*10) | AF51: =IF(AE49="","","L")
A52: 3 | B52: Điện giải(1) 電解 | D52: NaOH | F52: g/L | G52: ='XM.FILE GOC'!$E$12 -> 60~80 | H52: ='XM.FILE GOC'!$F$12 -> (70±10) | I52: ='XM.FILE GOC'!AD12 -> 75.2 | J52: + | K52: ='XM.FILE GOC'!AG12 -> 0 | L52: kg | N52: =IF(M52="","","+") | O52: =IF(M52="","",('XM.FILE GOC'!$G$12-M52)*1156/1000) | P52: =IF(O52="","","kg") | Q52: ='XM.FILE GOC'!AK12 -> 74.5 | R52: + | S52: ='XM.FILE GOC'!AN12 -> 0 | T52: kg | V52: =IF(U52="","","+") | W52: =IF(U52="","",('XM.FILE GOC'!$G$12-U52)*1156/1000) | X52: =IF(W52="","","kg") | Y52: ='XM.FILE GOC'!AR12 -> 74 | Z52: + | AA52: ='XM.FILE GOC'!AU12 -> 0 | AB52: kg | AD52: =IF(AC52="","","+") | AE52: =IF(AC52="","",('XM.FILE GOC'!$G$12-AC52)*1156/1000) | AF52: =IF(AE52="","","kg") | AG52: IS06
D53: CleanB 7.5L/NaOH 25kg | F53: ml/L | G53: 按NaOH添加數據添加 | J53: + | K53: =K52/25*7.5 -> 0 | L53: L | N53: =IF(M52="","","+") | O53: =IF(O52="","",O52/25*7.5) | P53: =IF(O52="","","L") | R53: + | S53: =S52/25*7.5 -> 0 | T53: L | V53: =IF(U52="","","+") | W53: =IF(W52="","",W52/25*7.5) | X53: =IF(W52="","","L") | Z53: + | AA53: =AA52/25*7.5 -> 0 | AB53: L | AD53: =IF(AC52="","","+") | AE53: =IF(AE52="","",AE52/25*7.5) | AF53: =IF(AE52="","","L")
A54: 4 | B54: Điện giải (2) 電解 | D54: NaOH | F54: g/L | G54: ='XM.FILE GOC'!$E$14 -> 60~80 | H54: ='XM.FILE GOC'!$F$14 -> (70±10) | I54: ='XM.FILE GOC'!AD14 -> 72 | J54: + | K54: ='XM.FILE GOC'!AG14 -> 0 | L54: kg | N54: =IF(M54="","","+") | O54: =IF(M54="","",('XM.FILE GOC'!$G$14-M54)*1459/1000) | P54: =IF(O54="","","kg") | Q54: ='XM.FILE GOC'!AK14 -> 71 | R54: + | S54: ='XM.FILE GOC'!AN14 -> 0 | T54: kg | V54: =IF(U54="","","+") | W54: =IF(U54="","",('XM.FILE GOC'!$G$14-U54)*1459/1000) | X54: =IF(W54="","","kg") | Y54: ='XM.FILE GOC'!AR14 -> 68 | Z54: + | AA54: ='XM.FILE GOC'!AU14 -> 2.918 | AB54: kg | AC54: 69.5 | AD54: =IF(AC54="","","+") -> + | AE54: =IF(AC54="","",('XM.FILE GOC'!$G$14-AC54)*1459/1000) -> 0.7295 | AF54: =IF(AE54="","","kg") -> kg | AG54: IS06
D55: CleanB 7.5L/NaOH 25kg | F55: ml/L | G55: 按NaOH添加數據添加 | J55: + | K55: =K54/25*7.5 -> 0 | L55: L | N55: =IF(M54="","","+") | O55: =IF(O54="","",O54/25*7.5) | P55: =IF(O54="","","L") | R55: + | S55: =S54/25*7.5 -> 0 | T55: L | V55: =IF(U54="","","+") | W55: =IF(W54="","",W54/25*7.5) | X55: =IF(W54="","","L") | Z55: + | AA55: =AA54/25*7.5 -> 0.8754 | AB55: L | AD55: =IF(AC54="","","+") -> + | AE55: =IF(AE54="","",AE54/25*7.5) -> 0.21885 | AF55: =IF(AE54="","","L") -> L
A56: 5 | B56: Nồng độ NaOH 氫氧化鈉 | F56: g/L | G56: ='XM.FILE GOC'!$E$16 -> 130 - 150 | H56: ='XM.FILE GOC'!$F$16 -> (140±7) | I56: ='XM.FILE GOC'!AD16 -> 143.2 | J56: + | K56: ='XM.FILE GOC'!AG16 -> 0 | L56: kg | N56: =IF(M56="","","+") | O56: =IF(M56="","",('XM.FILE GOC'!$G$16-M56)*19951/1000) | P56: =IF(O56="","","kg") | Q56: ='XM.FILE GOC'!AK16 -> 142.4 | R56: + | S56: ='XM.FILE GOC'!AN16 -> 0 | T56: kg | V56: =IF(U56="","","+") | W56: =IF(U56="","",('XM.FILE GOC'!$G$16-U56)*19951/1000) | X56: =IF(W56="","","kg") | Y56: ='XM.FILE GOC'!AR16 -> 142.4 | Z56: + | AA56: ='XM.FILE GOC'!AU16 -> 0 | AB56: kg | AD56: =IF(AC56="","","+") | AE56: =IF(AC56="","",('XM.FILE GOC'!$G$16-AC56)*19951/1000) | AF56: =IF(AE56="","","kg") | AG56: IS08
B57: Nồng độ Zn 鋅 (1 pcs Zn=25kg) | F57: g/L | G57: ='XM.FILE GOC'!$E$17 -> 8~12 | H57: ='XM.FILE GOC'!$F$17 -> (10±2) | I57: ='XM.FILE GOC'!AD17 -> 11.44 | J57: + | K57: ='XM.FILE GOC'!AG17 -> 0 | L57: kg | N57: =IF(M57="","","+") | O57: =IF(M57="","",('XM.FILE GOC'!$G$17-M57)*19951/1000) | P57: =IF(O57="","","pcs") | Q57: ='XM.FILE GOC'!AK17 -> 10.79 | R57: + | S57: ='XM.FILE GOC'!AN17 -> 0 | T57: kg | V57: =IF(U57="","","+") | W57: =IF(U57="","",('XM.FILE GOC'!$G$17-U57)*19951/1000) | X57: =IF(W57="","","pcs") | Y57: ='XM.FILE GOC'!AR17 -> 10.595 | Z57: + | AA57: ='XM.FILE GOC'!AU17 -> 0 | AB57: kg | AD57: =IF(AC57="","","+") | AE57: =IF(AC57="","",('XM.FILE GOC'!$G$17-AC57)*19951/1000) | AF57: =IF(AE57="","","pcs") | AG57: IS07
A58: 6 | B58: Nồng độ Cr2O3 三價鉻 | F58: % | G58: ='XM.FILE GOC'!$E$18 -> 12~18 | H58: ='XM.FILE GOC'!$F$18 -> (14±2) | I58: ='XM.FILE GOC'!AD18 -> 15.8 | J58: + | K58: ='XM.FILE GOC'!AG18 -> 0 | L58: L | N58: =IF(M58="","","+") | O58: =IF(M58="","",('XM.FILE GOC'!$G$18-M58)*575/99) | P58: =IF(O58="","","L") | Q58: ='XM.FILE GOC'!AK18 -> 15.251799 | R58: + | S58: ='XM.FILE GOC'!AN18 -> 0 | T58: L | V58: =IF(U58="","","+") | W58: =IF(U58="","",('XM.FILE GOC'!$G$18-U58)*575/99) | X58: =IF(W58="","","L") | Y58: ='XM.FILE GOC'!AR18 -> 14.676259 | Z58: + | AA58: ='XM.FILE GOC'!AU18 -> 0 | AB58: L | AD58: =IF(AC58="","","+") | AE58: =IF(AC58="","",('XM.FILE GOC'!$G$18-AC58)*575/99) | AF58: =IF(AE58="","","L") | AG58: IS05
F59: pH | G59: ='XM.FILE GOC'!$E$19 -> 1.5~1.9 | H59: ='XM.FILE GOC'!$F$19 -> (1.7±0.1 ) | I59: ='XM.FILE GOC'!AD19 -> 1.8 | K59: ='XM.FILE GOC'!AG19 -> 0 | N59: =IF(M59="","","+") | Q59: ='XM.FILE GOC'!AK19 -> 1.8 | S59: ='XM.FILE GOC'!AN19 -> 0 | V59: =IF(U59="","","+") | Y59: ='XM.FILE GOC'!AR19 -> 1.76 | AA59: ='XM.FILE GOC'!AU19 -> 0 | AD59: =IF(AC59="","","+")
A60: 7 | B60: Nồng độ acid đặc 鹽酸 濃度 | F60: %V/V | G60: ='XM.FILE GOC'!$E$20 -> 40~50 | H60: ='XM.FILE GOC'!$F$20 -> (45±5) | I60: ='XM.FILE GOC'!AD20 -> 0.49046875 | J60: + | K60: ='XM.FILE GOC'!AG20 -> 0 | L60: L | N60: =IF(M60="","","+") | O60: =IF(M60="","",('XM.FILE GOC'!$G$20-M60)*2122) | P60: =IF(O60="","","L") | Q60: ='XM.FILE GOC'!AK20 -> 0.46765625 | R60: + | S60: ='XM.FILE GOC'!AN20 -> 0 | T60: L | V60: =IF(U60="","","+") | W60: =IF(U60="","",('XM.FILE GOC'!$G$20-U60)*2122) | X60: =IF(W60="","","L") | Y60: ='XM.FILE GOC'!AR20 -> 0.46195312 | Z60: + | AA60: ='XM.FILE GOC'!AU20 -> 0 | AB60: L | AD60: =IF(AC60="","","+") | AE60: =IF(AC60="","",('XM.FILE GOC'!$G$20-AC60)*2122) | AF60: =IF(AE60="","","L") | AG60: IS04
A61: 8 | B61: Nồng độ acid loãng 稀酸 濃度 | F61: %V/V | G61: ='XM.FILE GOC'!$E$21 -> (22±5) =17~27 | H61: ='XM.FILE GOC'!$F$21 -> (22±5) | I61: ='XM.FILE GOC'!AD21 -> 0 | J61: + | K61: ='XM.FILE GOC'!AG21 -> 134.64 | L61: L | N61: =IF(M61="","","+") | O61: =('XM.FILE GOC'!$G$21-M61)*612 -> 134.64 | P61: L | Q61: ='XM.FILE GOC'!AK21 -> 0 | R61: + | S61: ='XM.FILE GOC'!AN21 -> 134.64 | T61: L | V61: =IF(U61="","","+") | W61: =('XM.FILE GOC'!$G$21-U61)*612 -> 134.64 | X61: L | Y61: ='XM.FILE GOC'!AR21 -> 0 | Z61: + | AA61: ='XM.FILE GOC'!AU21 -> 134.64 | AB61: L | AD61: =IF(AC61="","","+") | AE61: =('XM.FILE GOC'!$G$21-AC61)*612 -> 134.64 | AF61: L | AG61: IS04
A62: 9 | B62: Nồng độ HCL hoạt hóa 稀酸活化 濃度 | F62: %V/V | G62: ='XM.FILE GOC'!$E$22 -> 5~15 | H62: ='XM.FILE GOC'!$F$22 -> (10±3) | I62: ='XM.FILE GOC'!AD22 -> 0.17109375 | J62: + | K62: ='XM.FILE GOC'!AG22 -> 0 | L62: L | N62: =IF(M62="","","+") | O62: =('XM.FILE GOC'!$G$22-M62)*575 -> 57.5 | P62: L | Q62: ='XM.FILE GOC'!AK22 -> 0.15284375 | R62: + | S62: ='XM.FILE GOC'!AN22 -> 0 | T62: L | V62: =IF(U62="","","+") | W62: =('XM.FILE GOC'!$G$22-U62)*575 -> 57.5 | X62: L | Y62: ='XM.FILE GOC'!AR22 -> 0.1140625 | Z62: + | AA62: ='XM.FILE GOC'!AU22 -> 0 | AB62: L | AD62: =IF(AC62="","","+") | AE62: =('XM.FILE GOC'!$G$22-AC62)*575 -> 57.5 | AF62: L | AG62: IS15
A63: 10 | B63: Nồng độ HNO3 硝酸濃度 | F63: % | G63: ='XM.FILE GOC'!$E$23 -> 0.5~1.0 | H63: ='XM.FILE GOC'!$F$23 -> (0.7±0.1) | I63: ='XM.FILE GOC'!AD23 -> 0.007 | J63: + | K63: ='XM.FILE GOC'!AG23 -> 0 | L63: L | N63: =IF(M63="","","+") | O63: =IF(M63="","",('XM.FILE GOC'!$G$23-M63)*530/65%) | P63: =IF(O63="","","L") | Q63: ='XM.FILE GOC'!AK23 -> 0.0068 | R63: + | S63: ='XM.FILE GOC'!AN23 -> 0.10799796 | T63: L | U63: 0.003 | V63: =IF(U63="","","+") -> + | W63: =IF(U63="","",('XM.FILE GOC'!$G$23-U63)*530/65%) -> 3.2615385 | X63: =IF(W63="","","L") -> L | Y63: ='XM.FILE GOC'!AR23 -> 0.00756 | Z63: + | AA63: ='XM.FILE GOC'!AU23 -> 0 | AB63: L | AD63: =IF(AC63="","","+") | AE63: =IF(AC63="","",('XM.FILE GOC'!$G$23-AC63)*530/65%) | AF63: =IF(AE63="","","L") | AG63: IS15
B64: Nồng độ Cr2O3 （K) 三價鉻 | F64: % | G64: ='XM.GUI MAIL'!$E$24 -> 5~10 | H64: ='XM.GUI MAIL'!$F$24 -> (7.5±1) | I64: ='XM.FILE GOC'!AD24 -> 7.8846154 | J64: + | K64: ='XM.FILE GOC'!AG24 -> 0 | L64: L | N64: =IF(M64="","","+") | O64: =IF(M64="","",('XM.FILE GOC'!$G$24-M64)*575/95*1.13) | P64: =IF(O64="","","L") | Q64: ='XM.FILE GOC'!AK24 -> ko sx | R64: + | S64: ='XM.FILE GOC'!AN24 -> 0 | T64: L | V64: =IF(U64="","","+") | W64: =IF(U64="","",('XM.FILE GOC'!$G$24-U64)*575/95*1.13) | X64: =IF(W64="","","L") | Y64: ='XM.FILE GOC'!AR24 -> ko sx | Z64: + | AA64: ='XM.FILE GOC'!AU24 -> 0 | AB64: L | AD64: =IF(AC64="","","+") | AE64: =IF(AC64="","",('XM.FILE GOC'!$G$24-AC64)*575/95*1.13) | AF64: =IF(AE64="","","L")
F65: pH | G65: ='XM.GUI MAIL'!$E$25 -> 2.0~2.4 | H65: ='XM.GUI MAIL'!$F$25 -> (2.2±0.1) | I65: 2.2 | Q65: ='XM.FILE GOC'!AK25 -> ko sx | Y65: ='XM.FILE GOC'!AR25 -> ko sx
B66: Hạng mục kiểm tra nhiệt độ 檢查溫度
A67: NO | B67: Hạng mục kiểm tra nhiệt độ 溫度檢查項目 | F67: nhiệt độ 溫度 | G67: Phạm vi kiểm soát 範圍值 | H67: Giới hạn kiểm soát 管控值 | I67: Nhiệt kế 温度計 | K67: Nhiệt tự động 自動温控 | Q67: Nhiệt kế 温度計 | S67: Nhiệt tự động 自動温控 | Y67: Nhiệt kế 温度計 | AA67: Nhiệt tự động 自動温控
A68: 1 | B68: Nhiệt độ xà bông nóng (1) 熱脫脂溫度(1) | F68: 0C | G68: ='XM.FILE GOC'!$E$28 -> 50~70 | H68: ='XM.FILE GOC'!$F$28 -> (60±5) | I68: ='XM.FILE GOC'!AD28 -> 63 | K68: ='XM.FILE GOC'!AG28 -> 62 | Q68: ='XM.FILE GOC'!AK28 -> 62 | S68: ='XM.FILE GOC'!AN28 -> 61 | Y68: ='XM.FILE GOC'!AR28 -> 63 | AA68: ='XM.FILE GOC'!AU28 -> 62
A69: 2 | B69: Nhiệt độ xà bông nóng (2) 熱脫脂溫度(2) | C69: Nhiệt độ xà bông nóng (2) 熱脫脂溫度(2) | D69: Nhiệt độ xà bông nóng (2) 熱脫脂溫度(2) | E69: Nhiệt độ xà bông nóng (2) 熱脫脂溫度(2) | F69: 0C | G69: ='XM.FILE GOC'!$E$29 -> 50~70 | H69: ='XM.FILE GOC'!$F$29 -> (60±5) | I69: ='XM.FILE GOC'!AD29 -> 61 | K69: ='XM.FILE GOC'!AG29 -> 60 | Q69: ='XM.FILE GOC'!AK29 -> 61 | S69: ='XM.FILE GOC'!AN29 -> 60 | Y69: ='XM.FILE GOC'!AR29 -> 60 | AA69: ='XM.FILE GOC'!AU29 -> 59
A70: 3 | B70: Nhiệt độ điện giải (1) 電解1 溫度 | C70: Nhiệt độ điện giải (1) 電解1 溫度 | D70: Nhiệt độ điện giải (1) 電解1 溫度 | E70: Nhiệt độ điện giải (1) 電解1 溫度 | F70: 0C | G70: ='XM.FILE GOC'!$E$30 -> 40~60 | H70: ='XM.FILE GOC'!$F$30 -> (50±5) | I70: ='XM.FILE GOC'!AD30 -> 54 | K70: ='XM.FILE GOC'!AG30 -> 53 | Q70: ='XM.FILE GOC'!AK30 -> 53 | S70: ='XM.FILE GOC'!AN30 -> 52 | Y70: ='XM.FILE GOC'!AR30 -> 53 | AA70: ='XM.FILE GOC'!AU30 -> 52
A71: 4 | B71: Nhiệt độ điện giải (2) 電解 2 溫度 | C71: Nhiệt độ điện giải (2) 電解 2 溫度 | D71: Nhiệt độ điện giải (2) 電解 2 溫度 | E71: Nhiệt độ điện giải (2) 電解 2 溫度 | F71: 0C | G71: ='XM.FILE GOC'!$E$31 -> 40~60 | H71: ='XM.FILE GOC'!$F$31 -> (50±5) | I71: ='XM.FILE GOC'!AD31 -> 50 | K71: ='XM.FILE GOC'!AG31 -> 49 | Q71: ='XM.FILE GOC'!AK31 -> 48 | S71: ='XM.FILE GOC'!AN31 -> 47 | Y71: ='XM.FILE GOC'!AR31 -> 49 | AA71: ='XM.FILE GOC'!AU31 -> 48
A72: 5 | B72: Nhiệt độ bồn xi 鍍鋅槽溫度 | C72: Nhiệt độ bồn xi 鍍鋅槽溫度 | D72: Nhiệt độ bồn xi 鍍鋅槽溫度 | E72: Nhiệt độ bồn xi 鍍鋅槽溫度 | F72: 0C | G72: ='XM.FILE GOC'!$E$32 -> 20~35 | H72: ='XM.FILE GOC'!$F$32 -> (30±4) | I72: ='XM.FILE GOC'!AD32 -> 31 | K72: ='XM.FILE GOC'!AG32 -> 31 | Q72: ='XM.FILE GOC'!AK32 -> 30 | S72: ='XM.FILE GOC'!AN32 -> 29 | Y72: ='XM.FILE GOC'!AR32 -> 29 | AA72: ='XM.FILE GOC'!AU32 -> 29
A73: 6 | B73: Nhiệt độ bồn màu Cr2O3 三價鉻 溫度 | C73: Nhiệt độ bồn màu Cr2O3 三價鉻 溫度 | D73: Nhiệt độ bồn màu Cr2O3 三價鉻 溫度 | E73: Nhiệt độ bồn màu Cr2O3 三價鉻 溫度 | F73: 0C | G73: ='XM.FILE GOC'!$E$33 -> 30~40 | H73: ='XM.FILE GOC'!$F$33 -> (34±3) | I73: ='XM.FILE GOC'!AD33 -> 37 | K73: ='XM.FILE GOC'!AG33 -> 37 | Q73: ='XM.FILE GOC'!AK33 -> 37 | S73: ='XM.FILE GOC'!AN33 -> 36 | Y73: 36 | AA73: 35
A74: 7 | B74: Nhiệt độ bồn nước nóng 熱水溫度 | C74: Nhiệt độ bồn nước nóng 熱水溫度 | D74: Nhiệt độ bồn nước nóng 熱水溫度 | E74: Nhiệt độ bồn nước nóng 熱水溫度 | F74: 0C | G74: ='XM.FILE GOC'!$E$34 -> 50~70 | H74: ='XM.FILE GOC'!$F$34 -> (60±10) | I74: ='XM.FILE GOC'!AD34 -> 57 | K74: ='XM.FILE GOC'!AG34 -> 56 | Q74: ='XM.FILE GOC'!AK34 -> 54 | S74: ='XM.FILE GOC'!AN34 -> 53 | Y74: ='XM.FILE GOC'!AR34 -> 56 | AA74: ='XM.FILE GOC'!AU34 -> 55
A75: 8 | B75: Sấy khô 烘乾 | C75: Sấy khô 烘乾 | D75: Sấy khô 烘乾 | E75: Sấy khô 烘乾 | F75: 0C | G75: ='XM.FILE GOC'!$E$35 -> 80~100 | H75: ='XM.FILE GOC'!$F$35 -> (90±5) | I75: ='XM.FILE GOC'!AD35 -> \ | K75: ='XM.FILE GOC'!AG35 -> 92 | Q75: ='XM.FILE GOC'!AK35 -> \ | S75: ='XM.FILE GOC'!AN35 -> 89 | Y75: ='XM.FILE GOC'!AR35 -> \ | AA75: ='XM.FILE GOC'!AU35 -> 89
B76: Hạng mục kiểm tra bơm thuốc tự động 藥液自動添加
A77: NO | B77: Hạng mục bơm thuốc 自動添加檢查項目 | F77: Đơn vị 單位 | G77: Phạm vi kiểm soát 範圍值 | H77: Giới hạn kiểm soát 管控值 | I77: Lượng bơm 添加量 | Q77: Lượng bơm 添加量 | Y77: Lượng bơm 添加量
A78: 1 | B78: Chất mềm 開缸劑 | F78: ml/1000 AH | G78: ='XM.FILE GOC'!$E$37 -> 300-360 | H78: ='XM.FILE GOC'!$F$37 -> 300-360 | I78: 360 | Q78: 350 | Y78: 345
A79: 2 | B79: Chất bóng 光亮劑 | F79: ml/1000 AH | G79: ='XM.FILE GOC'!$E$38 -> 30-50 | H79: ='XM.FILE GOC'!$F$38 -> 30-50 | I79: 42 | Q79: 40 | Y79: 41

Sheet 2. XL-1F kh
B1: 錩新科技股份有限公司 CX TECHNOLOGY CORPORATION
B2: BÁO CÁO KẾT QUẢ HÓA NGHIỆM HÀNG NGÀY XL-001F 表面處理生產製程管控記錄表 | AD2: Lập biểu 作成 | AF2: Xác nhận 確認
B3: XL-001F | G3: Ca 1, | H3: =MENU!$AC$9 -> Thứ 5, | I3: =MENU!$AD$9 -> 2024/08/01 | AD3: =MENU!AE6 -> L.Yen | AF3: Yen
A4: NO | B4: Hạng mục kiểm tra nồng dộ 化驗檢查項目 | F4: Đơn vị 單位 | G4: Phạm vi kiểm soát 範圍值 | H4: Giới hạn kiểm soát 管控值 | I4: 0.30208333 | M4: KQ bổ sung sau 1H | Q4: 0.46875 | U4: KQ bổ sung sau 1H | Y4: 0.63541667 | AC4: KQ bổ sung sau 1H | AG4: Mã số văn kiện 文件編號
I5: 濃度 | J5: 補充 BS | M5: 濃度 | N5: 補充 BS | Q5: 濃度 | R5: 補充 BS | U5: 濃度 | V5: 補充 BS | Y5: 濃度 | Z5: 補充 BS | AC5: 濃度 | AD5: 補充 BS
A6: 1 | B6: Xà bông (1) 脫脂 | D6: CT-21A | F6: g/L | G6: ='XM.FILE GOC'!$E$43 -> 60~80 | H6: ='XM.FILE GOC'!$F$43 -> (70±5) | I6: ='XM.FILE GOC'!I43 -> 71.39 | J6: + | K6: ='XM.FILE GOC'!L43 -> 0 | L6: kg | N6: =IF(M6="","","+") | O6: =IF(M6="","",('XM.FILE GOC'!$G$43-M6)*2693/1000) | P6: =IF(O6="","","kg") | Q6: ='XM.FILE GOC'!P43 -> 72.688 | R6: + | S6: ='XM.FILE GOC'!S43 -> 0 | T6: kg | V6: =IF(U6="","","+") | W6: =IF(U6="","",('XM.FILE GOC'!$G$43-U6)*2693/1000) | X6: =IF(W6="","","kg") | Y6: ='XM.FILE GOC'!W43 -> 72.3635 | Z6: + | AA6: ='XM.FILE GOC'!Z43 -> 0 | AB6: kg | AD6: =IF(AC6="","","+") | AE6: =IF(AC6="","",('XM.FILE GOC'!$G$43-AC6)*2693/1000) | AF6: =IF(AE6="","","kg") | AG6: Q3-CXVN-PC01-IS06
D7: CT-21B | G7: CT-21A: 25kg/CT-21B: 5-10Lit | K7: =K6/25*7.5 -> 0 | L7: L | N7: =IF(M6="","","+") | O7: =IF(O6="","",O6/25*7.5) | P7: =IF(O6="","","L") | S7: =S6/25*7.5 -> 0 | T7: L | V7: =IF(U6="","","+") | W7: =IF(W6="","",W6/25*7.5) | X7: =IF(W6="","","L") | AA7: =AA6/25*7.5 -> 0 | AB7: L | AD7: =IF(AC6="","","+") | AE7: =IF(AE6="","",AE6/25*7.5) | AF7: =IF(AE6="","","L")
A8: 2 | B8: Xà bông (2) 脫脂 | D8: CT-21A | F8: g/L | G8: ='XM.FILE GOC'!$E$45 -> 60~80 | H8: ='XM.FILE GOC'!$F$45 -> (70±5) | I8: ='XM.FILE GOC'!I45 -> 72.039 | J8: + | K8: ='XM.FILE GOC'!L45 -> 0 | L8: kg | N8: =IF(M8="","","+") | O8: =IF(M8="","",('XM.FILE GOC'!$G$45-M8)*3305/1000) | P8: =IF(O8="","","kg") | Q8: ='XM.FILE GOC'!P45 -> 74.9595 | R8: + | S8: ='XM.FILE GOC'!S45 -> 0 | T8: kg | V8: =IF(U8="","","+") | W8: =IF(U8="","",('XM.FILE GOC'!$G$45-U8)*3305/1000) | X8: =IF(W8="","","kg") | Y8: ='XM.FILE GOC'!W45 -> 74.635 | Z8: + | AA8: ='XM.FILE GOC'!Z45 -> 0 | AB8: kg | AD8: =IF(AC8="","","+") | AE8: =IF(AC8="","",('XM.FILE GOC'!$G$45-AC8)*3305/1000) | AF8: =IF(AE8="","","kg") | AG8: Q3-CXVN-PC01-IS06
D9: CT-21B | G9: CT-21A: 25kg/CT-21B: 5-10Lit | K9: =K8/25*7.5 -> 0 | L9: L | N9: =IF(M8="","","+") | O9: =IF(O8="","",O8/25*7.5) | P9: =IF(O8="","","L") | S9: =S8/25*7.5 -> 0 | T9: L | V9: =IF(U8="","","+") | W9: =IF(W8="","",W8/25*7.5) | X9: =IF(W8="","","L") | AA9: =AA8/25*7.5 -> 0 | AB9: L | AD9: =IF(AC8="","","+") | AE9: =IF(AE8="","",AE8/25*7.5) | AF9: =IF(AE8="","","L")
A10: 3 | B10: Điện giải(1) 電解 | D10: EC-508A | E10: EC-508A | F10: g/L | G10: ='XM.FILE GOC'!$E$47 -> 50~70 | H10: ='XM.FILE GOC'!$F$47 -> (60±10) | I10: ='XM.FILE GOC'!I47 -> 55.209 | J10: + | K10: ='XM.FILE GOC'!L47 -> 5.538396 | L10: kg | M10: 60.1 | N10: =IF(M10="","","+") -> + | O10: =IF(M10="","",('XM.FILE GOC'!$G$47-M10)*1156/1000) -> -0.1156 | P10: =IF(O10="","","kg") -> kg | Q10: ='XM.FILE GOC'!P47 -> 60.06 | R10: + | S10: ='XM.FILE GOC'!S47 -> 0 | T10: kg | V10: =IF(U10="","","+") | W10: =IF(U10="","",('XM.FILE GOC'!$G$47-U10)*1156/1000) | X10: =IF(W10="","","kg") | Y10: ='XM.FILE GOC'!W47 -> 61.446 | Z10: + | AA10: ='XM.FILE GOC'!Z47 -> 0 | AB10: kg | AD10: =IF(AC10="","","+") | AE10: =IF(AC10="","",('XM.FILE GOC'!$G$47-AC10)*1156/1000) | AF10: =IF(AE10="","","kg") | AG10: Q3-CXVN-PC01-IS06
D11: EC-508B | E11: EC-508B | G11: EC-508A: 25kg/EC-508B:4-10Lit | K11: =K10/25*7 -> 1.5507509 | L11: L | N11: =IF(M10="","","+") -> + | O11: =IF(O10="","",O10/25*7) -> -0.032368 | P11: =IF(O10="","","L") -> L | S11: =S10/25*7 -> 0 | T11: L | V11: =IF(U10="","","+") | W11: =IF(W10="","",W10/25*7) | X11: =IF(W10="","","L") | AA11: =AA10/25*7 -> 0 | AB11: L | AD11: =IF(AC10="","","+") | AE11: =IF(AE10="","",AE10/25*7) | AF11: =IF(AE10="","","L")
A12: 4 | B12: Điện giải (2) 電解 | D12: EC-508A | E12: EC-508A | F12: g/L | G12: ='XM.FILE GOC'!$E$49 -> 50~70 | H12: ='XM.FILE GOC'!$F$49 -> (60±10) | I12: ='XM.FILE GOC'!I49 -> 58.674 | J12: + | K12: ='XM.FILE GOC'!L49 -> 1.934634 | L12: kg | M12: 61.5 | N12: =IF(M12="","","+") -> + | O12: =IF(M12="","",('XM.FILE GOC'!$G$49-M12)*1459/1000) -> -2.1885 | P12: =IF(O12="","","kg") -> kg | Q12: ='XM.FILE GOC'!P49 -> 62.601 | R12: + | S12: ='XM.FILE GOC'!S49 -> 0 | T12: kg | V12: =IF(U12="","","+") | W12: =IF(U12="","",('XM.FILE GOC'!$G$49-U12)*1459/1000) | X12: =IF(W12="","","kg") | Y12: ='XM.FILE GOC'!W49 -> 61.446 | Z12: + | AA12: ='XM.FILE GOC'!Z49 -> 0 | AB12: kg | AD12: =IF(AC12="","","+") | AE12: =IF(AC12="","",('XM.FILE GOC'!$G$49-AC12)*1459/1000) | AF12: =IF(AE12="","","kg") | AG12: Q3-CXVN-PC01-IS06
D13: EC-508B | E13: EC-508B | G13: EC-508A: 25kg/EC-508B:4-10Lit | K13: =K12/25*7 -> 0.54169752 | L13: L | N13: =IF(M12="","","+") -> + | O13: =IF(O12="","",O12/25*7) -> -0.61278 | P13: =IF(O12="","","L") -> L | S13: =S12/25*7 -> 0 | T13: L | V13: =IF(U12="","","+") | W13: =IF(W12="","",W12/25*7) | X13: =IF(W12="","","L") | AA13: =AA12/25*7 -> 0 | AB13: L | AD13: =IF(AC12="","","+") | AE13: =IF(AE12="","",AE12/25*7) | AF13: =IF(AE12="","","L")
A14: 5 | B14: Nồng độ NaOH 氫氧化鈉 | F14: g/L | G14: ='XM.FILE GOC'!$E$51 -> 130 - 150 | H14: ='XM.FILE GOC'!$F$51 -> (140±7) | I14: ='XM.FILE GOC'!I51 -> 144.8 | J14: + | K14: ='XM.FILE GOC'!L51 -> 0 | L14: kg | N14: =IF(M14="","","+") | O14: =IF(M14="","",('XM.FILE GOC'!$G$51-M14)*19951/1000) | P14: =IF(O14="","","kg") | Q14: ='XM.FILE GOC'!P51 -> 144.8 | R14: + | S14: ='XM.FILE GOC'!S51 -> 0 | T14: kg | V14: =IF(U14="","","+") | W14: =IF(U14="","",('XM.FILE GOC'!$G$51-U14)*19951/1000) | X14: =IF(W14="","","kg") | Y14: ='XM.FILE GOC'!W51 -> 143.2 | Z14: + | AA14: ='XM.FILE GOC'!Z51 -> 0 | AB14: kg | AD14: =IF(AC14="","","+") | AE14: =IF(AC14="","",('XM.FILE GOC'!$G$51-AC14)*19951/1000) | AF14: =IF(AE14="","","kg") | AG14: Q3-CXVN-PC01-IS08
A15: 6 | B15: Nồng độ Zn 鋅 (1 pcs Zn=25kg) | F15: g/L | G15: ='XM.FILE GOC'!$E$52 -> 8~12 | H15: ='XM.FILE GOC'!$F$52 -> (10±2) | I15: ='XM.FILE GOC'!I52 -> 10.01 | J15: + | K15: ='XM.FILE GOC'!L52 -> 0 | L15: kg | N15: =IF(M15="","","+") | O15: =IF(M15="","",('XM.FILE GOC'!$G$52-M15)*19951/1000) | P15: =IF(O15="","","kg") | Q15: ='XM.FILE GOC'!P52 -> 9.75 | R15: + | S15: ='XM.FILE GOC'!S52 -> 4.98775 | T15: kg | U15: 9.75 | V15: =IF(U15="","","+") -> + | W15: =IF(U15="","",('XM.FILE GOC'!$G$52-U15)*19951/1000) -> 4.98775 | X15: =IF(W15="","","kg") -> kg | Y15: ='XM.FILE GOC'!W52 -> 9.75 | Z15: + | AA15: ='XM.FILE GOC'!Z52 -> 4.98775 | AB15: kg | AC15: 9.75 | AD15: =IF(AC15="","","+") -> + | AE15: =IF(AC15="","",('XM.FILE GOC'!$G$52-AC15)*19951/1000) -> 4.98775 | AF15: =IF(AE15="","","kg") -> kg | AG15: Q3-CXVN-PC01-IS07
A16: 7 | B16: Nồng độ Cr2O3 三價鉻 | F16: % | G16: ='XM.FILE GOC'!$E$53 -> 6~10 | H16: ='XM.FILE GOC'!$F$53 -> (7±1) | I16: ='XM.FILE GOC'!I53 -> 7.21605 | J16: + | K16: ='XM.FILE GOC'!L53 -> 0 | N16: =IF(M16="","","+") | O16: =IF(M16="","",('XM.FILE GOC'!$G$53-M16)*575/108) | P16: =IF(O16="","","L") | Q16: ='XM.FILE GOC'!P53 -> 7.13131 | R16: + | S16: ='XM.FILE GOC'!S53 -> 0 | T16: L | V16: =IF(U16="","","+") | W16: =IF(U16="","",('XM.FILE GOC'!$G$53-U16)*575/108) | X16: =IF(W16="","","L") | Y16: ='XM.FILE GOC'!W53 -> 7.21605 | Z16: + | AA16: ='XM.FILE GOC'!Z53 -> 0 | AB16: L | AD16: =IF(AC16="","","+") | AE16: =IF(AC16="","",('XM.FILE GOC'!$G$53-AC16)*575/108) | AF16: =IF(AE16="","","L")
F17: pH | G17: ='XM.FILE GOC'!$E$54 -> 2~2.5 | H17: ='XM.FILE GOC'!$F$54 -> (2.3±0.1 ) | I17: ='XM.FILE GOC'!I54 -> 2.23 | K17: ='XM.FILE GOC'!L54 -> 0 | N17: =IF(M17="","","+") | Q17: ='XM.FILE GOC'!P54 -> 2.24 | S17: ='XM.FILE GOC'!S54 -> 0 | V17: =IF(U17="","","+") | Y17: ='XM.FILE GOC'!W54 -> 2.35 | AA17: ='XM.FILE GOC'!Z54 -> 0 | AD17: =IF(AC17="","","+")
A18: 8 | B18: Nồng độ acid đặc 鹽酸 濃度 | F18: %V/V | G18: ='XM.FILE GOC'!$E$55 -> 40~50 | H18: ='XM.FILE GOC'!$F$55 -> (45±5) | I18: ='XM.FILE GOC'!I55 -> 0.46765625 | J18: + | K18: ='XM.FILE GOC'!L55 -> 0 | L18: L | N18: =IF(M18="","","+") | O18: =IF(M18="","",('XM.FILE GOC'!$G$55-M18)*2122) | P18: =IF(O18="","","L") | Q18: ='XM.FILE GOC'!P55 -> 0.4790625 | R18: + | S18: ='XM.FILE GOC'!S55 -> 0 | T18: L | V18: =IF(U18="","","+") | W18: =IF(U18="","",('XM.FILE GOC'!$G$55-U18)*2122) | X18: =IF(W18="","","L") | Y18: ='XM.FILE GOC'!W55 -> 0.45625 | Z18: + | AA18: ='XM.FILE GOC'!Z55 -> 0 | AB18: L | AD18: =IF(AC18="","","+") | AE18: =IF(AC18="","",('XM.FILE GOC'!$G$55-AC18)*2122) | AF18: =IF(AE18="","","L") | AG18: Q3-CXVN-PC01-IS04
A19: 9 | B19: Nồng độ acid loãng 稀酸 濃度 | F19: %V/V | G19: ='XM.FILE GOC'!$E$56 -> (22±5) =17~27 | H19: ='XM.FILE GOC'!$F$56 -> (22±5) | I19: ='XM.FILE GOC'!I56 -> 0 | J19: + | K19: ='XM.FILE GOC'!L56 -> 134.64 | L19: L | N19: =IF(M19="","","+") | O19: =('XM.FILE GOC'!$G$56-M19)*612 -> 134.64 | P19: L | Q19: ='XM.FILE GOC'!P56 -> 0 | R19: + | S19: ='XM.FILE GOC'!S56 -> 134.64 | T19: L | V19: =IF(U19="","","+") | W19: =('XM.FILE GOC'!$G$56-U19)*612 -> 134.64 | X19: L | Y19: ='XM.FILE GOC'!W56 -> 0 | Z19: + | AA19: ='XM.FILE GOC'!Z56 -> 134.64 | AB19: L | AD19: =IF(AC19="","","+") | AE19: =('XM.FILE GOC'!$G$56-AC19)*612 -> 134.64 | AF19: L | AG19: Q3-CXVN-PC01-IS04
A20: 11 | B20: Nồng độ HCL hoạt hóa 稀酸活化 濃度 | F20: %V/V | G20: ='XM.FILE GOC'!$E$57 -> 5~15 | H20: ='XM.FILE GOC'!$F$57 -> (10±3) | I20: ='XM.FILE GOC'!I57 -> 0.07984375 | J20: + | K20: ='XM.FILE GOC'!L57 -> 11.589844 | L20: L | N20: =IF(M20="","","+") | O20: =('XM.FILE GOC'!$G$57-M20)*575 -> 57.5 | P20: L | Q20: ='XM.FILE GOC'!P57 -> 0.082125 | R20: + | S20: ='XM.FILE GOC'!S57 -> 10.278125 | T20: L | V20: =IF(U20="","","+") | W20: =('XM.FILE GOC'!$G$57-U20)*575 -> 57.5 | X20: L | Y20: ='XM.FILE GOC'!W57 -> 0.087828125 | Z20: + | AA20: ='XM.FILE GOC'!Z57 -> 6.9988281 | AB20: L | AD20: =IF(AC20="","","+") | AE20: =('XM.FILE GOC'!$G$57-AC20)*575 -> 57.5 | AF20: L | AG20: Q3-CXVN-PC01-IS15
A21: 9 | B21: Nồng độ HNO3 硝酸濃度 | F21: % | G21: ='XM.FILE GOC'!$E$58 -> 0.5~1.5 | H21: ='XM.FILE GOC'!$F$58 -> (1±0.4) | I21: ='XM.FILE GOC'!I58 -> 0.011088 | J21: + | K21: ='XM.FILE GOC'!L58 -> 0 | L21: L | N21: =IF(M21="","","+") | O21: =IF(M21="","",('XM.FILE GOC'!$G$58-M21)*530/65%) | P21: =IF(O21="","","L") | Q21: ='XM.FILE GOC'!P58 -> 0.01323 | R21: + | S21: ='XM.FILE GOC'!S58 -> 0 | T21: L | V21: =IF(U21="","","+") | W21: =IF(U21="","",('XM.FILE GOC'!$G$58-U21)*530/65%) | X21: =IF(W21="","","L") | Y21: ='XM.FILE GOC'!W58 -> 0.011088 | Z21: + | AA21: ='XM.FILE GOC'!Z58 -> 0 | AB21: L | AD21: =IF(AC21="","","+") | AE21: =IF(AC21="","",('XM.FILE GOC'!$G$58-AC21)*530/65%) | AF21: =IF(AE21="","","L") | AG21: Q3-CXVN-PC01-IS15
A22: 10 | B22: Nồng độ Cr2O3 （K) 三價鉻 FINIDIP 124 | F22: % | G22: ='XM.GUI MAIL'!$E$59 -> 5~8 | H22: ='XM.GUI MAIL'!$F$59 -> (6±0.5) | I22: ='XM.FILE GOC'!I59 -> 6.4 | J22: + | K22: ='XM.FILE GOC'!L59 -> 0 | L22: L | N22: =IF(M22="","","+") | O22: =IF(M22="","",('XM.FILE GOC'!$G$59-M22)*575/95*0.765) | P22: =IF(O22="","","L") | Q22: ='XM.FILE GOC'!P59 -> ko sx | R22: + | S22: ='XM.FILE GOC'!S59 -> 0 | T22: L | V22: =IF(U22="","","+") | W22: =IF(U22="","",('XM.FILE GOC'!$G$59-U22)*575/95*0.765) | X22: =IF(W22="","","L") | Y22: ='XM.FILE GOC'!W59 -> ko sx | Z22: + | AA22: ='XM.FILE GOC'!Z59 -> 0 | AB22: L | AD22: =IF(AC22="","","+") | AE22: =IF(AC22="","",('XM.FILE GOC'!$G$59-AC22)*575/95*0.765) | AF22: =IF(AE22="","","L")
F23: pH | G23: ='XM.GUI MAIL'!$E$60 -> 1.8~2.4 | H23: ='XM.GUI MAIL'!$F$60 -> (2.1±0.1 ) | I23: ='XM.FILE GOC'!I60 -> 2.03 | J23: + | K23: ='XM.FILE GOC'!L60 -> 0 | L23: L | Q23: ='XM.FILE GOC'!P60 -> ko sx | R23: + | S23: ='XM.FILE GOC'!S60 -> 0 | T23: L | Y23: ='XM.FILE GOC'!W60 -> ko sx | Z23: + | AA23: ='XM.FILE GOC'!Z60 -> 0 | AB23: L
B24: Hạng mục kiểm tra nhiệt độ 檢查溫度
A25: NO | B25: Hạng mục kiểm tra nhiệt độ 溫度檢查項目 | F25: nhiệt độ 溫度 | G25: Phạm vi kiểm soát 範圍值 | H25: Giới hạn kiểm soát 管控值 | I25: Nhiệt kế 温度計 | K25: Nhiệt tự động 自動温控 | Q25: Nhiệt kế 温度計 | S25: Nhiệt tự động 自動温控 | Y25: Nhiệt kế 温度計 | AA25: Nhiệt tự động 自動温控
A26: 1 | B26: Nhiệt độ xà bông nóng (1) 熱脫脂溫度(1) | F26: 0C | G26: ='XM.FILE GOC'!$E$63 -> 50~70 | H26: ='XM.FILE GOC'!$F$63 -> (60±5) | I26: 58 | K26: 57 | Q26: 57 | S26: 58 | Y26: ='XM.GUI MAIL'!W63 -> 55 | AA26: ='XM.FILE GOC'!Z63 -> 55
A27: 2 | B27: Nhiệt độ xà bông nóng (2) 熱脫脂溫度(2) | C27: Nhiệt độ xà bông nóng (2) 熱脫脂溫度(2) | D27: Nhiệt độ xà bông nóng (2) 熱脫脂溫度(2) | E27: Nhiệt độ xà bông nóng (2) 熱脫脂溫度(2) | F27: 0C | G27: ='XM.FILE GOC'!$E$64 -> 50~70 | H27: ='XM.FILE GOC'!$F$64 -> (60±5) | I27: ='XM.GUI MAIL'!I64 -> 58 | K27: ='XM.FILE GOC'!L64 -> 57 | Q27: ='XM.GUI MAIL'!P64 -> 57 | S27: ='XM.FILE GOC'!S64 -> 58 | Y27: ='XM.GUI MAIL'!W64 -> 58 | AA27: ='XM.FILE GOC'!Z64 -> 58
A28: 3 | B28: Nhiệt độ điện giải (1) 電解1 溫度 | C28: Nhiệt độ điện giải (1) 電解1 溫度 | D28: Nhiệt độ điện giải (1) 電解1 溫度 | E28: Nhiệt độ điện giải (1) 電解1 溫度 | F28: 0C | G28: ='XM.FILE GOC'!$E$65 -> 40~60 | H28: ='XM.FILE GOC'!$F$65 -> (50±5) | I28: ='XM.GUI MAIL'!I65 -> 52 | K28: ='XM.FILE GOC'!L65 -> 51 | Q28: ='XM.GUI MAIL'!P65 -> 52 | S28: ='XM.FILE GOC'!S65 -> 51 | Y28: ='XM.GUI MAIL'!W65 -> 52 | AA28: ='XM.FILE GOC'!Z65 -> 52
A29: 4 | B29: Nhiệt độ điện giải (2) 電解 2 溫度 | C29: Nhiệt độ điện giải (2) 電解 2 溫度 | D29: Nhiệt độ điện giải (2) 電解 2 溫度 | E29: Nhiệt độ điện giải (2) 電解 2 溫度 | F29: 0C | G29: ='XM.FILE GOC'!$E$66 -> 40~60 | H29: ='XM.FILE GOC'!$F$66 -> (50±5) | I29: ='XM.GUI MAIL'!I66 -> 50 | K29: ='XM.FILE GOC'!L66 -> 49 | Q29: ='XM.GUI MAIL'!P66 -> 48 | S29: ='XM.FILE GOC'!S66 -> 48 | Y29: ='XM.GUI MAIL'!W66 -> 48 | AA29: ='XM.FILE GOC'!Z66 -> 48
A30: 5 | B30: Nhiệt độ bồn xi 鍍鋅槽溫度 | C30: Nhiệt độ bồn xi 鍍鋅槽溫度 | D30: Nhiệt độ bồn xi 鍍鋅槽溫度 | E30: Nhiệt độ bồn xi 鍍鋅槽溫度 | F30: 0C | G30: ='XM.FILE GOC'!$E$67 -> 20~35 | H30: ='XM.FILE GOC'!$F$67 -> (30±4) | I30: ='XM.GUI MAIL'!I67 -> 28 | K30: ='XM.FILE GOC'!L67 -> 27 | Q30: ='XM.GUI MAIL'!P67 -> 29 | S30: ='XM.FILE GOC'!S67 -> 30 | Y30: ='XM.GUI MAIL'!W67 -> 30 | AA30: ='XM.FILE GOC'!Z67 -> 30
A31: 6 | B31: Nhiệt độ bồn màu Cr2O3 三價鉻 溫度 | C31: Nhiệt độ bồn màu Cr2O3 三價鉻 溫度 | D31: Nhiệt độ bồn màu Cr2O3 三價鉻 溫度 | E31: Nhiệt độ bồn màu Cr2O3 三價鉻 溫度 | F31: 0C | G31: ='XM.FILE GOC'!$E$68 -> 30-38 | H31: ='XM.FILE GOC'!$F$68 -> (34±2) | I31: 34 | K31: 35 | Q31: 36 | S31: 35 | Y31: 36 | AA31: 35
A32: 7 | B32: Nhiệt độ bồn nước nóng 熱水溫度 | C32: Nhiệt độ bồn nước nóng 熱水溫度 | D32: Nhiệt độ bồn nước nóng 熱水溫度 | E32: Nhiệt độ bồn nước nóng 熱水溫度 | F32: 0C | G32: ='XM.FILE GOC'!$E$69 -> 50~70 | H32: ='XM.FILE GOC'!$F$69 -> (60±10) | I32: ='XM.GUI MAIL'!I69 -> 53 | K32: ='XM.FILE GOC'!L69 -> 52 | Q32: ='XM.GUI MAIL'!P69 -> 52 | S32: ='XM.FILE GOC'!S69 -> 52 | Y32: ='XM.GUI MAIL'!W69 -> 52 | AA32: ='XM.FILE GOC'!Z69 -> 53
A33: 8 | B33: Sấy khô 烘乾 | C33: Sấy khô 烘乾 | D33: Sấy khô 烘乾 | E33: Sấy khô 烘乾 | F33: 0C | G33: ='XM.FILE GOC'!$E$70 -> 80~100 | H33: ='XM.FILE GOC'!$F$70 -> (90±5) | I33: \ | K33: ='XM.FILE GOC'!L70 -> 90 | Q33: \ | S33: ='XM.FILE GOC'!S70 -> 92 | Y33: \ | AA33: 90
B34: Hạng mục kiểm tra bơm thuốc tự động 藥液自動添加
A35: NO | B35: Hạng mục bơm thuốc 自動添加檢查項目 | F35: Đơn vị 單位 | G35: Phạm vi kiểm soát 範圍值 | H35: Giới hạn kiểm soát 管控值 | I35: Lượng bơm 添加量 | Q35: Lượng bơm 添加量 | Y35: Lượng bơm 添加量
A36: 1 | B36: Chất mềm 開缸劑 | F36: ml/1000 AH | G36: ='XM.FILE GOC'!$E$72 -> 100-200 | H36: ='XM.FILE GOC'!$F$72 -> 100-200 | I36: ='XM.GUI MAIL'!I72 -> 175 | Q36: ='XM.GUI MAIL'!P72 -> 178 | Y36: ='XM.GUI MAIL'!W72 -> 160
A37: 2 | B37: Chất bóng 光亮劑 | F37: ml/1000 AH | G37: ='XM.FILE GOC'!$E$73 -> 20-50 | H37: ='XM.FILE GOC'!$F$73 -> 20-50 | I37: ='XM.GUI MAIL'!I73 -> 30 | Q37: ='XM.GUI MAIL'!P73 -> 32 | Y37: ='XM.GUI MAIL'!W73 -> 24
B39: 錩新科技股份有限公司 CX TECHNOLOGY CORPORATION
B40: BÁO CÁO KẾT QUẢ HÓA NGHIỆM HÀNG NGÀY XL-001F 表面處理生產製程管控記錄表 | AD40: Lập biểu 作成 | AF40: Xác nhận 確認
B41: XL-001F | G41: Ca 2, | H41: =MENU!$AC$9 -> Thứ 5, | I41: =MENU!$AD$9 -> 2024/08/01 | AD41: =MENU!AE7 -> Trang | AF41: Yen
A42: NO | B42: Hạng mục kiểm tra nồng dộ 化驗檢查項目 | F42: Đơn vị 單位 | G42: Phạm vi kiểm soát 範圍值 | H42: Giới hạn kiểm soát 管控值 | I42: 0.80208333 | M42: KQ bổ sung sau 1H | Q42: 0.96875 | U42: KQ bổ sung sau 1H | Y42: 0.13541667 | AC42: KQ bổ sung sau 1H | AG42: Mã số văn kiện 文件編號
I43: 濃度 | J43: 補充 BS | M43: 濃度 | N43: 補充 BS | Q43: 濃度 | R43: 補充 BS | U43: 濃度 | V43: 補充 BS | Y43: 濃度 | Z43: 補充 BS | AC43: 濃度 | AD43: 補充 BS
A44: 1 | B44: Xà bông (1) 脫脂 | D44: CT-21A | F44: g/L | G44: ='XM.FILE GOC'!$E$43 -> 60~80 | H44: ='XM.FILE GOC'!$F$43 -> (70±5) | I44: ='XM.FILE GOC'!AD43 -> 71.8 | J44: + | K44: ='XM.FILE GOC'!AG43 -> 0 | L44: kg | N44: =IF(M44="","","+") | O44: =IF(M44="","",('XM.FILE GOC'!$G$43-M44)*2693/1000) | P44: =IF(O44="","","kg") | Q44: ='XM.FILE GOC'!AK43 -> 71 | R44: + | S44: ='XM.FILE GOC'!AN43 -> 0 | T44: kg | V44: =IF(U44="","","+") | W44: =IF(U44="","",('XM.FILE GOC'!$G$43-U44)*2693/1000) | X44: =IF(W44="","","kg") | Y44: ='XM.FILE GOC'!AR43 -> 70 | Z44: + | AA44: ='XM.FILE GOC'!AU43 -> 0 | AB44: kg | AD44: =IF(AC44="","","+") | AE44: =IF(AC44="","",('XM.FILE GOC'!$G$43-AC44)*2693/1000) | AF44: =IF(AE44="","","kg") | AG44: Q3-CXVN-PC01-IS06
D45: CT-21B | G45: CT-21A: 25kg/CT-21B: 5-10Lit | K45: =K44/25*7.5 -> 0 | L45: L | N45: =IF(M44="","","+") | O45: =IF(O44="","",O44/25*7.5) | P45: =IF(O44="","","L") | S45: =S44/25*7.5 -> 0 | T45: L | V45: =IF(U44="","","+") | W45: =IF(W44="","",W44/25*7.5) | X45: =IF(W44="","","L") | AA45: =AA44/25*7.5 -> 0 | AB45: L | AD45: =IF(AC44="","","+") | AE45: =IF(AE44="","",AE44/25*7.5) | AF45: =IF(AE44="","","L")
A46: 2 | B46: Xà bông (2) 脫脂 | D46: CT-21A | F46: g/L | G46: ='XM.FILE GOC'!$E$45 -> 60~80 | H46: ='XM.FILE GOC'!$F$45 -> (70±5) | I46: ='XM.FILE GOC'!AD45 -> 73.986 | J46: + | K46: ='XM.FILE GOC'!AG45 -> 0 | L46: kg | N46: =IF(M46="","","+") | O46: =IF(M46="","",('XM.FILE GOC'!$G$45-M46)*3305/1000) | P46: =IF(O46="","","kg") | Q46: ='XM.FILE GOC'!AK45 -> 73.5 | R46: + | S46: ='XM.FILE GOC'!AN45 -> 0 | T46: kg | V46: =IF(U46="","","+") | W46: =IF(U46="","",('XM.FILE GOC'!$G$45-U46)*3305/1000) | X46: =IF(W46="","","kg") | Y46: ='XM.FILE GOC'!AR45 -> 73 | Z46: + | AA46: ='XM.FILE GOC'!AU45 -> 0 | AB46: kg | AD46: =IF(AC46="","","+") | AE46: =IF(AC46="","",('XM.FILE GOC'!$G$45-AC46)*3305/1000) | AF46: =IF(AE46="","","kg") | AG46: Q3-CXVN-PC01-IS06
D47: CT-21B | G47: CT-21A: 25kg/CT-21B: 5-10Lit | K47: =K46/25*7.5 -> 0 | L47: L | N47: =IF(M46="","","+") | O47: =IF(O46="","",O46/25*7.5) | P47: =IF(O46="","","L") | S47: =S46/25*7.5 -> 0 | T47: L | V47: =IF(U46="","","+") | W47: =IF(W46="","",W46/25*7.5) | X47: =IF(W46="","","L") | AA47: =AA46/25*7.5 -> 0 | AB47: L | AD47: =IF(AC46="","","+") | AE47: =IF(AE46="","",AE46/25*7.5) | AF47: =IF(AE46="","","L")
A48: 3 | B48: Điện giải(1) 電解 | D48: EC-508A | E48: EC-508A | F48: g/L | G48: ='XM.FILE GOC'!$E$47 -> 50~70 | H48: ='XM.FILE GOC'!$F$47 -> (60±10) | I48: ='XM.FILE GOC'!AD47 -> 62.37 | J48: + | K48: ='XM.FILE GOC'!AG47 -> 0 | L48: kg | N48: =IF(M48="","","+") | O48: =IF(M48="","",('XM.FILE GOC'!$G$47-M48)*1156/1000) | P48: =IF(O48="","","kg") | Q48: ='XM.FILE GOC'!AK47 -> 60.984 | R48: + | S48: ='XM.FILE GOC'!AN47 -> 0 | T48: kg | V48: =IF(U48="","","+") | W48: =IF(U48="","",('XM.FILE GOC'!$G$47-U48)*1156/1000) | X48: =IF(W48="","","kg") | Y48: ='XM.FILE GOC'!AR47 -> 59.598 | Z48: + | AA48: ='XM.FILE GOC'!AU47 -> 0.464712 | AB48: kg | AD48: =IF(AC48="","","+") | AE48: =IF(AC48="","",('XM.FILE GOC'!$G$47-AC48)*1156/1000) | AF48: =IF(AE48="","","kg") | AG48: Q3-CXVN-PC01-IS06
D49: EC-508B | E49: EC-508B | G49: EC-508A: 25kg/EC-508B:4-10Lit | K49: =K48/25*7 -> 0 | L49: L | N49: =IF(M48="","","+") | O49: =IF(O48="","",O48/25*7) | P49: =IF(O48="","","L") | S49: =S48/25*7 -> 0 | T49: L | V49: =IF(U48="","","+") | W49: =IF(W48="","",W48/25*7) | X49: =IF(W48="","","L") | AA49: =AA48/25*7 -> 0.13011936 | AB49: L | AD49: =IF(AC48="","","+") | AE49: =IF(AE48="","",AE48/25*7) | AF49: =IF(AE48="","","L")
A50: 4 | B50: Điện giải (2) 電解 | D50: EC-508A | E50: EC-508A | F50: g/L | G50: ='XM.FILE GOC'!$E$49 -> 50~70 | H50: ='XM.FILE GOC'!$F$49 -> (60±10) | I50: ='XM.FILE GOC'!AD49 -> 57.75 | J50: + | K50: ='XM.FILE GOC'!AG49 -> 3.28275 | L50: kg | M50: 61.5 | N50: =IF(M50="","","+") -> + | O50: =IF(M50="","",('XM.FILE GOC'!$G$49-M50)*1459/1000) -> -2.1885 | P50: =IF(O50="","","kg") -> kg | Q50: ='XM.FILE GOC'!AK49 -> 65.604 | R50: + | S50: ='XM.FILE GOC'!AN49 -> 0 | T50: kg | V50: =IF(U50="","","+") | W50: =IF(U50="","",('XM.FILE GOC'!$G$49-U50)*1459/1000) | X50: =IF(W50="","","kg") | Y50: ='XM.FILE GOC'!AR49 -> 65 | Z50: + | AA50: ='XM.FILE GOC'!AU49 -> 0 | AB50: kg | AD50: =IF(AC50="","","+") | AE50: =IF(AC50="","",('XM.FILE GOC'!$G$49-AC50)*1459/1000) | AF50: =IF(AE50="","","kg") | AG50: Q3-CXVN-PC01-IS06
D51: EC-508B | E51: EC-508B | G51: EC-508A: 25kg/EC-508B:4-10Lit | K51: =K50/25*7 -> 0.91917 | L51: L | N51: =IF(M50="","","+") -> + | O51: =IF(O50="","",O50/25*7) -> -0.61278 | P51: =IF(O50="","","L") -> L | S51: =S50/25*7 -> 0 | T51: L | V51: =IF(U50="","","+") | W51: =IF(W50="","",W50/25*7) | X51: =IF(W50="","","L") | AA51: =AA50/25*7 -> 0 | AB51: L | AD51: =IF(AC50="","","+") | AE51: =IF(AE50="","",AE50/25*7) | AF51: =IF(AE50="","","L")
A52: 5 | B52: Nồng độ NaOH 氫氧化鈉 | F52: g/L | G52: ='XM.FILE GOC'!$E$51 -> 130 - 150 | H52: ='XM.FILE GOC'!$F$51 -> (140±7) | I52: ='XM.FILE GOC'!AD51 -> 143.2 | J52: + | K52: ='XM.FILE GOC'!AG51 -> 0 | L52: kg | N52: =IF(M52="","","+") | O52: =IF(M52="","",('XM.FILE GOC'!$G$51-M52)*19951/1000) | P52: =IF(O52="","","kg") | Q52: ='XM.FILE GOC'!AK51 -> 144 | R52: + | S52: ='XM.FILE GOC'!AN51 -> 0 | T52: kg | V52: =IF(U52="","","+") | W52: =IF(U52="","",('XM.FILE GOC'!$G$51-U52)*19951/1000) | X52: =IF(W52="","","kg") | Y52: ='XM.FILE GOC'!AR51 -> 144 | Z52: + | AA52: ='XM.FILE GOC'!AU51 -> 0 | AB52: kg | AD52: =IF(AC52="","","+") | AE52: =IF(AC52="","",('XM.FILE GOC'!$G$51-AC52)*19951/1000) | AF52: =IF(AE52="","","kg") | AG52: Q3-CXVN-PC01-IS08
A53: 6 | B53: Nồng độ Zn 鋅 (1 pcs Zn=25kg) | F53: g/L | G53: ='XM.FILE GOC'!$E$52 -> 8~12 | H53: ='XM.FILE GOC'!$F$52 -> (10±2) | I53: ='XM.FILE GOC'!AD52 -> 9.88 | J53: + | K53: ='XM.FILE GOC'!AG52 -> 2.39412 | L53: kg | M53: 9.9 | N53: =IF(M53="","","+") -> + | O53: =IF(M53="","",('XM.FILE GOC'!$G$52-M53)*19951/1000) -> 1.9951 | P53: =IF(O53="","","kg") -> kg | Q53: ='XM.FILE GOC'!AK52 -> 9.88 | R53: + | S53: ='XM.FILE GOC'!AN52 -> 2.39412 | T53: kg | U53: 9.9 | V53: =IF(U53="","","+") -> + | W53: =IF(U53="","",('XM.FILE GOC'!$G$52-U53)*19951/1000) -> 1.9951 | X53: =IF(W53="","","kg") -> kg | Y53: ='XM.FILE GOC'!AR52 -> 10.01 | Z53: + | AA53: ='XM.FILE GOC'!AU52 -> 0 | AB53: kg | AD53: =IF(AC53="","","+") | AE53: =IF(AC53="","",('XM.FILE GOC'!$G$52-AC53)*19951/1000) | AF53: =IF(AE53="","","kg") | AG53: Q3-CXVN-PC01-IS07
A54: 7 | B54: Nồng độ Cr2O3 三價鉻 | F54: % | G54: ='XM.FILE GOC'!$E$53 -> 6~10 | H54: ='XM.FILE GOC'!$F$53 -> (7±1) | I54: ='XM.FILE GOC'!AD53 -> 7.17368 | J54: + | K54: ='XM.FILE GOC'!AG53 -> 0 | L54: L | N54: =IF(M54="","","+") | O54: =IF(M54="","",('XM.FILE GOC'!$G$53-M54)*575/108) | P54: =IF(O54="","","L") | Q54: ='XM.FILE GOC'!AK53 -> 7.0042 | R54: + | S54: ='XM.FILE GOC'!AN53 -> 0 | T54: L | V54: =IF(U54="","","+") | W54: =IF(U54="","",('XM.FILE GOC'!$G$53-U54)*575/108) | X54: =IF(W54="","","L") | Y54: ='XM.FILE GOC'!AR53 -> 6.5 | Z54: + | AA54: ='XM.FILE GOC'!AU53 -> 2.875 | AB54: L | AC54: 6.8 | AD54: =IF(AC54="","","+") -> + | AE54: =IF(AC54="","",('XM.FILE GOC'!$G$53-AC54)*575/108) -> 1.0648148 | AF54: =IF(AE54="","","L") -> L
F55: pH | G55: ='XM.FILE GOC'!$E$54 -> 2~2.5 | H55: ='XM.FILE GOC'!$F$54 -> (2.3±0.1 ) | I55: ='XM.FILE GOC'!AD54 -> 2.4 | K55: ='XM.FILE GOC'!AG54 -> 0 | N55: =IF(M55="","","+") | Q55: ='XM.FILE GOC'!AK54 -> 2.35 | S55: ='XM.FILE GOC'!AN54 -> 0 | V55: =IF(U55="","","+") | Y55: ='XM.FILE GOC'!AR54 -> 2.4 | AA55: ='XM.FILE GOC'!AU54 -> 0 | AD55: =IF(AC55="","","+")
A56: 8 | B56: Nồng độ acid đặc 鹽酸 濃度 | F56: %V/V | G56: ='XM.FILE GOC'!$E$55 -> 40~50 | H56: ='XM.FILE GOC'!$F$55 -> (45±5) | I56: ='XM.FILE GOC'!AD55 -> 0.45625 | J56: + | K56: ='XM.FILE GOC'!AG55 -> 0 | L56: L | N56: =IF(M56="","","+") | O56: =IF(M56="","",('XM.FILE GOC'!$G$55-M56)*2122) | P56: =IF(O56="","","L") | Q56: ='XM.FILE GOC'!AK55 -> 0.44484375 | R56: + | S56: ='XM.FILE GOC'!AN55 -> 10.941563 | T56: L | U56: 0.456 | V56: =IF(U56="","","+") -> + | W56: =IF(U56="","",('XM.FILE GOC'!$G$55-U56)*2122) -> -12.732 | X56: =IF(W56="","","L") -> L | Y56: ='XM.FILE GOC'!AR55 -> 0.46765625 | Z56: + | AA56: ='XM.FILE GOC'!AU55 -> 0 | AB56: L | AD56: =IF(AC56="","","+") | AE56: =IF(AC56="","",('XM.FILE GOC'!$G$55-AC56)*2122) | AF56: =IF(AE56="","","L") | AG56: Q3-CXVN-PC01-IS04
A57: 9 | B57: Nồng độ acid loãng 稀酸 濃度 | F57: %V/V | G57: ='XM.FILE GOC'!$E$56 -> (22±5) =17~27 | H57: ='XM.FILE GOC'!$F$56 -> (22±5) | I57: ='XM.FILE GOC'!AD56 -> 0 | J57: + | K57: ='XM.FILE GOC'!AG56 -> 134.64 | L57: L | N57: =IF(M57="","","+") | O57: =('XM.FILE GOC'!$G$56-M57)*612 -> 134.64 | P57: L | Q57: ='XM.FILE GOC'!AK56 -> 0 | R57: + | S57: ='XM.FILE GOC'!AN56 -> 134.64 | T57: L | V57: =IF(U57="","","+") | W57: =('XM.FILE GOC'!$G$56-U57)*612 -> 134.64 | X57: L | Y57: ='XM.FILE GOC'!AR56 -> 0 | Z57: + | AA57: ='XM.FILE GOC'!AU56 -> 134.64 | AB57: L | AD57: =IF(AC57="","","+") | AE57: =('XM.FILE GOC'!$G$56-AC57)*612 -> 134.64 | AF57: L | AG57: Q3-CXVN-PC01-IS04
A58: 11 | B58: Nồng độ HCL hoạt hóa 稀酸活化 濃度 | F58: %V/V | G58: ='XM.FILE GOC'!$E$57 -> 5~15 | H58: ='XM.FILE GOC'!$F$57 -> (10±3) | I58: ='XM.FILE GOC'!AD57 -> 0.0684375 | J58: + | K58: ='XM.FILE GOC'!AG57 -> 18.148438 | L58: L | N58: =IF(M58="","","+") | O58: =('XM.FILE GOC'!$G$57-M58)*575 -> 57.5 | P58: L | Q58: ='XM.FILE GOC'!AK57 -> 0.1140625 | R58: + | S58: ='XM.FILE GOC'!AN57 -> 0 | T58: L | V58: =IF(U58="","","+") | W58: =('XM.FILE GOC'!$G$57-U58)*575 -> 57.5 | X58: L | Y58: ='XM.FILE GOC'!AR57 -> 0.10265625 | Z58: + | AA58: ='XM.FILE GOC'!AU57 -> 0 | AB58: L | AD58: =IF(AC58="","","+") | AE58: =('XM.FILE GOC'!$G$57-AC58)*575 -> 57.5 | AF58: L | AG58: Q3-CXVN-PC01-IS15
A59: 9 | B59: Nồng độ HNO3 硝酸濃度 | F59: % | G59: ='XM.FILE GOC'!$E$58 -> 0.5~1.5 | H59: ='XM.FILE GOC'!$F$58 -> (1±0.4) | I59: ='XM.FILE GOC'!AD58 -> 0.01071 | J59: + | K59: ='XM.FILE GOC'!AG58 -> 0 | L59: L | N59: =IF(M59="","","+") | O59: =IF(M59="","",('XM.FILE GOC'!$G$58-M59)*530/65%) | P59: =IF(O59="","","L") | Q59: ='XM.FILE GOC'!AK58 -> 0.0126 | R59: + | S59: ='XM.FILE GOC'!AN58 -> 0 | T59: L | V59: =IF(U59="","","+") | W59: =IF(U59="","",('XM.FILE GOC'!$G$58-U59)*530/65%) | X59: =IF(W59="","","L") | Y59: ='XM.FILE GOC'!AR58 -> 0.01008 | Z59: + | AA59: ='XM.FILE GOC'!AU58 -> 0 | AB59: L | AD59: =IF(AC59="","","+") | AE59: =IF(AC59="","",('XM.FILE GOC'!$G$58-AC59)*530/65%) | AF59: =IF(AE59="","","L") | AG59: Q3-CXVN-PC01-IS15
A60: 10 | B60: Nồng độ Cr2O3 （K) 三價鉻 FINIDIP 124 | F60: % | G60: ='XM.GUI MAIL'!$E$59 -> 5~8 | H60: ='XM.GUI MAIL'!$F$59 -> (6±0.5) | I60: ='XM.FILE GOC'!AD59 -> 6.5 | J60: + | K60: ='XM.FILE GOC'!L98 -> 0 | L60: L | N60: =IF(M60="","","+") | O60: =IF(M60="","",('XM.FILE GOC'!$G$59-M60)*575/95*0.765) | P60: =IF(O60="","","L") | Q60: ='XM.FILE GOC'!AK59 -> ko sx | R60: + | S60: ='XM.FILE GOC'!S98 -> 0 | T60: L | V60: =IF(U60="","","+") | W60: =IF(U60="","",('XM.FILE GOC'!$G$59-U60)*575/95*0.765) | X60: =IF(W60="","","L") | Y60: ='XM.FILE GOC'!AR59 -> ko sx | Z60: + | AA60: ='XM.FILE GOC'!Z98 -> 0 | AB60: L | AD60: =IF(AC60="","","+") | AE60: =IF(AC60="","",('XM.FILE GOC'!$G$59-AC60)*575/95*0.765) | AF60: =IF(AE60="","","L")
F61: pH | G61: ='XM.GUI MAIL'!$E$60 -> 1.8~2.4 | H61: ='XM.GUI MAIL'!$F$60 -> (2.1±0.1 ) | I61: ='XM.FILE GOC'!AD60 -> 2 | Q61: ='XM.FILE GOC'!AK60 -> ko sx | Y61: ='XM.FILE GOC'!AR60 -> ko sx
B62: Hạng mục kiểm tra nhiệt độ 檢查溫度
A63: NO | B63: Hạng mục kiểm tra nhiệt độ 溫度檢查項目 | F63: nhiệt độ 溫度 | G63: Phạm vi kiểm soát 範圍值 | H63: Giới hạn kiểm soát 管控值 | I63: Nhiệt kế 温度計 | K63: Nhiệt tự động 自動温控 | Q63: Nhiệt kế 温度計 | S63: Nhiệt tự động 自動温控 | Y63: Nhiệt kế 温度計 | AA63: Nhiệt tự động 自動温控
A64: 1 | B64: Nhiệt độ xà bông nóng (1) 熱脫脂溫度(1) | F64: 0C | G64: ='XM.FILE GOC'!$E$63 -> 50~70 | H64: ='XM.FILE GOC'!$F$63 -> (60±5) | I64: 57 | K64: 56 | Q64: 57 | S64: 56 | Y64: 57 | AA64: 56
A65: 2 | B65: Nhiệt độ xà bông nóng (2) 熱脫脂溫度(2) | C65: Nhiệt độ xà bông nóng (2) 熱脫脂溫度(2) | D65: Nhiệt độ xà bông nóng (2) 熱脫脂溫度(2) | E65: Nhiệt độ xà bông nóng (2) 熱脫脂溫度(2) | F65: 0C | G65: ='XM.FILE GOC'!$E$64 -> 50~70 | H65: ='XM.FILE GOC'!$F$64 -> (60±5) | I65: ='XM.GUI MAIL'!AD64 -> 59 | K65: ='XM.FILE GOC'!AG64 -> 58 | Q65: ='XM.GUI MAIL'!AK64 -> 59 | S65: ='XM.FILE GOC'!AN64 -> 58 | Y65: ='XM.GUI MAIL'!AR64 -> 58 | AA65: ='XM.FILE GOC'!AU64 -> 57
A66: 3 | B66: Nhiệt độ điện giải (1) 電解1 溫度 | C66: Nhiệt độ điện giải (1) 電解1 溫度 | D66: Nhiệt độ điện giải (1) 電解1 溫度 | E66: Nhiệt độ điện giải (1) 電解1 溫度 | F66: 0C | G66: ='XM.FILE GOC'!$E$65 -> 40~60 | H66: ='XM.FILE GOC'!$F$65 -> (50±5) | I66: ='XM.GUI MAIL'!AD65 -> 53 | K66: ='XM.FILE GOC'!AG65 -> 52 | Q66: ='XM.GUI MAIL'!AK65 -> 52 | S66: ='XM.FILE GOC'!AN65 -> 51 | Y66: ='XM.GUI MAIL'!AR65 -> 53 | AA66: ='XM.FILE GOC'!AU65 -> 52
A67: 4 | B67: Nhiệt độ điện giải (2) 電解 2 溫度 | C67: Nhiệt độ điện giải (2) 電解 2 溫度 | D67: Nhiệt độ điện giải (2) 電解 2 溫度 | E67: Nhiệt độ điện giải (2) 電解 2 溫度 | F67: 0C | G67: ='XM.FILE GOC'!$E$66 -> 40~60 | H67: ='XM.FILE GOC'!$F$66 -> (50±5) | I67: ='XM.GUI MAIL'!AD66 -> 49 | K67: ='XM.FILE GOC'!AG66 -> 48 | Q67: ='XM.GUI MAIL'!AK66 -> 51 | S67: ='XM.FILE GOC'!AN66 -> 50 | Y67: ='XM.GUI MAIL'!AR66 -> 49 | AA67: ='XM.FILE GOC'!AU66 -> 48
A68: 5 | B68: Nhiệt độ bồn xi 鍍鋅槽溫度 | C68: Nhiệt độ bồn xi 鍍鋅槽溫度 | D68: Nhiệt độ bồn xi 鍍鋅槽溫度 | E68: Nhiệt độ bồn xi 鍍鋅槽溫度 | F68: 0C | G68: ='XM.FILE GOC'!$E$67 -> 20~35 | H68: ='XM.FILE GOC'!$F$67 -> (30±4) | I68: ='XM.GUI MAIL'!AD67 -> 30 | K68: ='XM.FILE GOC'!AG67 -> 29 | Q68: ='XM.GUI MAIL'!AK67 -> 30 | S68: ='XM.FILE GOC'!AN67 -> 29 | Y68: ='XM.GUI MAIL'!AR67 -> 29 | AA68: ='XM.FILE GOC'!AU67 -> 29
A69: 6 | B69: Nhiệt độ bồn màu Cr2O3 三價鉻 溫度 | C69: Nhiệt độ bồn màu Cr2O3 三價鉻 溫度 | D69: Nhiệt độ bồn màu Cr2O3 三價鉻 溫度 | E69: Nhiệt độ bồn màu Cr2O3 三價鉻 溫度 | F69: 0C | G69: ='XM.FILE GOC'!$E$68 -> 30-38 | H69: ='XM.FILE GOC'!$F$68 -> (34±2) | I69: 35 | K69: 34 | Q69: 35 | S69: 34 | Y69: 36 | AA69: 35
A70: 7 | B70: Nhiệt độ bồn nước nóng 熱水溫度 | C70: Nhiệt độ bồn nước nóng 熱水溫度 | D70: Nhiệt độ bồn nước nóng 熱水溫度 | E70: Nhiệt độ bồn nước nóng 熱水溫度 | F70: 0C | G70: ='XM.FILE GOC'!$E$69 -> 50~70 | H70: ='XM.FILE GOC'!$F$69 -> (60±10) | I70: ='XM.GUI MAIL'!AD69 -> 55 | K70: ='XM.FILE GOC'!AG69 -> 54 | Q70: ='XM.GUI MAIL'!AK69 -> 55 | S70: ='XM.FILE GOC'!AN69 -> 54 | Y70: ='XM.GUI MAIL'!AR69 -> 54 | AA70: ='XM.FILE GOC'!AU69 -> 53
A71: 8 | B71: Sấy khô 烘乾 | C71: Sấy khô 烘乾 | D71: Sấy khô 烘乾 | E71: Sấy khô 烘乾 | F71: 0C | G71: ='XM.FILE GOC'!$E$70 -> 80~100 | H71: ='XM.FILE GOC'!$F$70 -> (90±5) | I71: \ | K71: ='XM.FILE GOC'!AG70 -> 90 | Q71: \ | S71: ='XM.FILE GOC'!AN70 -> 86 | Y71: \ | AA71: ='XM.FILE GOC'!AU70 -> 89
B72: Hạng mục kiểm tra bơm thuốc tự động 藥液自動添加
A73: NO | B73: Hạng mục bơm thuốc 自動添加檢查項目 | F73: Đơn vị 單位 | G73: Phạm vi kiểm soát 範圍值 | H73: Giới hạn kiểm soát 管控值 | I73: Lượng bơm 添加量 | Q73: Lượng bơm 添加量 | Y73: Lượng bơm 添加量
A74: 1 | B74: Chất mềm 開缸劑 | F74: ml/1000 AH | G74: ='XM.FILE GOC'!$E$72 -> 100-200 | H74: ='XM.FILE GOC'!$F$72 -> 100-200 | I74: ='XM.FILE GOC'!AD72 -> 160 | Q74: ='XM.FILE GOC'!AK72 -> 165 | Y74: ='XM.GUI MAIL'!AR72 -> 165
A75: 2 | B75: Chất bóng 光亮劑 | F75: ml/1000 AH | G75: ='XM.FILE GOC'!$E$73 -> 20-50 | H75: ='XM.FILE GOC'!$F$73 -> 20-50 | I75: ='XM.GUI MAIL'!AD73 -> 24 | Q75: ='XM.GUI MAIL'!AK73 -> 27 | Y75: ='XM.GUI MAIL'!AR73 -> 29

Sheet 3.XT-C KH
B1: 錩新科技股份有限公司 CX TECHNOLOGY CORPORATION | AJ1: 錩新科技股份有限公司 CX TECHNOLOGY CORPORATION
B2: BAÙO CAÙO KEÁT QUAÛ HOÙA NGHIEÄM HAÈNG NGAØY XT- 000C 吊電化驗結果報告 | AD2: Lập biểu 作成 | AF2: Xác nhận 確認 | AJ2: BAÙO CAÙO KEÁT QUAÛ HOÙA NGHIEÄM HAÈNG NGAØY- Zn-Ni (XT- 000C) 吊電化驗結果報告 - Zn-Ni(XT-000C) | BL2: Lập biểu 作成 | BN2: Xác nhận 確認
B3: XT-000C | G3: Ca 1, | H3: =MENU!$AC$9 -> Thứ 5, | I3: =MENU!$AD$9 -> 2024/08/01 | AD3: =MENU!AE6 -> L.Yen | AF3: Yen | AJ3: XT-000C | AO3: Ca 1, | AP3: =MENU!$AC$9 -> Thứ 5, | AQ3: =MENU!$AD$9 -> 2024/08/01 | BL3: =MENU!AE6 -> L.Yen | BN3: Yen
A4: NO | B4: Hạng mục kiểm tra nồng dộ 化驗檢查項目 | F4: Đơn vị 單位 | G4: Phạm vi kiểm soát 範圍值 | H4: Giới hạn kiểm soát 管控值 | I4: 0.30208333 | M4: KQ bổ sung sau 1H | Q4: 0.46875 | U4: KQ bổ sung sau 1H | Y4: 0.63541667 | AC4: KQ bổ sung sau 1H | AG4: Mã số văn kiện 文件編號 Q3-CXVN-PC01- | AI4: NO | AJ4: Hạng mục kiểm tra nồng dộ 化驗檢查項目 | AN4: Đơn vị 單位 | AO4: Phạm vi kiểm soát 範圍值 | AP4: Giới hạn kiểm soát 管控值 | AQ4: 0.30208333 | AU4: KQ bổ sung sau 1H | AY4: 0.46875 | BC4: KQ bổ sung sau 1H | BG4: 0.63541667 | BK4: KQ bổ sung sau 1H | BO4: Mã số văn kiện 文件編號 Q3-CXVN-PC01-
I5: 濃度 | J5: 補充 BS | M5: 濃度 | N5: 補充 BS | Q5: 濃度 | R5: 補充 BS | U5: 濃度 | V5: 補充 BS | Y5: 濃度 | Z5: 補充 BS | AC5: 濃度 | AD5: 補充 BS | AQ5: 濃度 | AR5: 補充 BS | AU5: 濃度 | AV5: 補充 BS | AY5: 濃度 | AZ5: 補充 BS | BC5: 濃度 | BD5: 補充 BS | BG5: 濃度 | BH5: 補充 BS | BK5: 濃度 | BL5: 補充 BS
A6: 1 | B6: Xaø boâng 脫脂 (2,3,4) | D6: CT-21A | F6: g/L | G6: ='[6]XM.FILE GOC'!$E$78 -> 40~60 | H6: ='XM.FILE GOC'!$F$78 -> (50±5) | I6: ='XM.FILE GOC'!I78 -> 48.026 | J6: + | K6: ='XM.FILE GOC'!L78 -> 30.630558 | L6: kg | M6: 50 | N6: =IF(M6="","","+") -> + | O6: =IF(M6=0,"",('XM.FILE GOC'!$G$78-M6)*15517/1000) -> 0 | P6: =IF(O6="","","kg") -> kg | Q6: ='XM.FILE GOC'!P78 -> 50.9465 | R6: + | S6: ='XM.FILE GOC'!S78 -> 0 | T6: kg | V6: =IF(U6="","","+") | W6: =IF(U6=0,"",('XM.FILE GOC'!$G$78-U6)*15517/1000) | X6: =IF(W6="","","kg") | Y6: ='XM.FILE GOC'!W78 -> 51.271 | Z6: + | AA6: ='XM.FILE GOC'!Z78 -> 0 | AB6: kg | AD6: =IF(AC6="","","+") | AE6: =IF(AC6=0,"",('XM.FILE GOC'!$G$78-AC6)*15517/1000) | AF6: =IF(AE6="","","kg") | AG6: IS06 | AI6: 1 | AJ6: 鋅鎳合金電鍍槽 Zn-Niken Plating (36-37) | AL6: Zn | AN6: g/L | AO6: ='XM.GUI MAIL'!$E$99 -> 5~6 | AP6: ='XM.GUI MAIL'!$F$99 -> (5.5± 0.5) | AQ6: ='XM.FILE GOC'!I99 -> 0 | AR6: + | AS6: ='XM.FILE GOC'!L99 -> 44 | AT6: kg | AV6: =IF(AU6="","","+") | AW6: =IF(AU6=0,"",('XM.FILE GOC'!$G$99-AU6)*8000/1000) | AX6: =IF(AW6="","","kg") | AY6: ='XM.FILE GOC'!P99 -> 0 | AZ6: + | BA6: ='XM.FILE GOC'!S99 -> 44 | BB6: kg | BD6: =IF(BC6="","","+") | BE6: =IF(BC6=0,"",('XM.FILE GOC'!$G$99-BC6)*8000/1000) | BF6: =IF(BE6="","","kg") | BG6: ='XM.FILE GOC'!W99 -> 0 | BH6: + | BI6: ='XM.FILE GOC'!Z99 -> 44 | BJ6: kg | BL6: =IF(BK6="","","+") | BM6: =IF(BK6=0,"",('XM.FILE GOC'!$G$99-BK6)*8000/1000) | BN6: =IF(BM6="","","kg") | BO6: IS08
D7: CT-21B | G7: CT-21A: 25kg/CT-21B: 7-10L | K7: =K6/25*8.5 -> 10.41439 | L7: L | N7: =IF(M6="","","+") -> + | O7: =IF(M6=0,"",O6/25*8.5) -> 0 | P7: =IF(O6="","","L") -> L | S7: =S6/25*8.5 -> 0 | T7: L | V7: =IF(U6="","","+") | W7: =IF(U6=0,"",W6/25*8.5) | X7: =IF(W6="","","L") | AA7: =AA6/25*8.5 -> 0 | AB7: L | AD7: =IF(AC6="","","+") | AE7: =IF(AC6=0,"",AE6/25*8.5) | AF7: =IF(AE6="","","L") | AI7: 2 | AL7: NaOH | AN7: g/L | AO7: ='XM.GUI MAIL'!$E$100 -> 130~140 | AP7: ='XM.GUI MAIL'!$F$100 -> (135 ± 5) | AQ7: ='XM.FILE GOC'!I100 -> 0 | AR7: + | AS7: ='XM.FILE GOC'!L100 -> 1080 | AT7: kg | AV7: =IF(AU7="","","+") | AW7: =IF(AU7=0,"",('XM.FILE GOC'!$G$100-AU7)*8000/1000) | AX7: =IF(AW7="","","kg") | AY7: ='XM.FILE GOC'!P100 -> 0 | AZ7: + | BA7: ='XM.FILE GOC'!S100 -> 1080 | BB7: kg | BD7: =IF(BC7="","","+") | BE7: =IF(BC7=0,"",('XM.FILE GOC'!$G$100-BC7)*8000/1000) | BF7: =IF(BE7="","","kg") | BG7: ='XM.FILE GOC'!W100 -> 0 | BH7: + | BI7: ='XM.FILE GOC'!Z100 -> 1080 | BJ7: kg | BL7: =IF(BK7="","","+") | BM7: =IF(BK7=0,"",('XM.FILE GOC'!$G$100-BK7)*8000/1000) | BN7: =IF(BM7="","","kg") | BO7: IS07
A8: 2 | B8: Xaø boâng 脫脂 (5,6) | D8: CT-21A | F8: g/L | G8: ='[6]XM.FILE GOC'!$E$80 -> 40~60 | H8: ='XM.FILE GOC'!$F$80 -> (50±5) | I8: ='XM.FILE GOC'!I80 -> 49.6485 | J8: + | K8: ='XM.FILE GOC'!L80 -> 4.0334625 | L8: kg | M8: 50.3 | N8: =IF(M8="","","+") -> + | O8: =IF(M8=0,"",('XM.FILE GOC'!$G$80-M8)*11475/1000) -> -3.4425 | P8: =IF(O8="","","kg") -> kg | Q8: ='XM.FILE GOC'!P80 -> 50.2975 | R8: + | S8: ='XM.FILE GOC'!S80 -> 0 | T8: kg | V8: =IF(U8="","","+") | W8: =IF(U8=0,"",('XM.FILE GOC'!$G$80-U8)*11475/1000) | X8: =IF(W8="","","kg") | Y8: ='XM.FILE GOC'!W80 -> 50.2975 | Z8: + | AA8: ='XM.FILE GOC'!Z80 -> 0 | AB8: kg | AD8: =IF(AC8="","","+") | AE8: =IF(AC8=0,"",('XM.FILE GOC'!$G$80-AC8)*11475/1000) | AF8: =IF(AE8="","","kg") | AG8: IS06 | AI8: 3 | AJ8: Noàng ñoä Cr2O3 (Niken) 三價鉻 (49) | AN8: pH | AO8: ='XM.GUI MAIL'!$E$101 -> 3.0-4.5 | AP8: ='XM.GUI MAIL'!$F$101 -> (4.3±0.2) | AQ8: ='XM.FILE GOC'!I101 -> 0 | AY8: ='XM.FILE GOC'!P101 -> 0 | BG8: ='XM.FILE GOC'!W101 -> 0 | BO8: IS05
D9: CT-21B | G9: CT-21A: 25kg/CT-21B: 7-10L | K9: =K8/25*8.5 -> 1.3713772 | L9: L | N9: =IF(M8="","","+") -> + | O9: =IF(M8=0,"",O8/25*8.5) -> -1.17045 | P9: =IF(O8="","","L") -> L | S9: =S8/25*8.5 -> 0 | T9: L | V9: =IF(U8="","","+") | W9: =IF(U8=0,"",W8/25*8.5) | X9: =IF(W8="","","L") | AA9: =AA8/25*8.5 -> 0 | AB9: L | AD9: =IF(AC8="","","+") | AE9: =IF(AC8=0,"",AE8/25*8.5) | AF9: =IF(AE8="","","L") | AI9: 4 | AJ9: Nồng độ màu niken 129 partA 三價鉻濃度Ni-Ken 129 partA | AN9: ml/L | AO9: ='XM.GUI MAIL'!$E$102 -> 0 | AP9: ='XM.GUI MAIL'!$F$102 -> 0 | AQ9: ='XM.FILE GOC'!I102 -> 0 | AR9: + | AS9: ='XM.FILE GOC'!L102 -> 201.6 | AT9: kg | AV9: =IF(AU9="","","+") | AW9: =IF(AU9=0,"",('XM.FILE GOC'!$G$102-AU9)*3360/1000) | AX9: =IF(AW9="","","kg") | AY9: ='XM.FILE GOC'!P102 -> 0 | AZ9: + | BA9: ='XM.FILE GOC'!S102 -> 201.6 | BB9: kg | BD9: =IF(BC9="","","+") | BE9: =IF(BC9=0,"",('XM.FILE GOC'!$G$102-BC9)*3360/1000) | BF9: =IF(BE9="","","kg") | BG9: ='XM.FILE GOC'!W102 -> 0 | BH9: + | BI9: ='XM.FILE GOC'!Z102 -> 201.6 | BJ9: kg | BL9: =IF(BK9="","","+") | BM9: =IF(BK9=0,"",('XM.FILE GOC'!$G$102-BK9)*3360/1000) | BN9: =IF(BM9="","","kg")
A10: 3 | B10: Điện giải 電解 (8) | D10: EC-508A | E10: EC-508A | F10: g/L | G10: ='[6]XM.GUI MAIL'!$E$82 -> 50~70 | H10: ='XM.FILE GOC'!$F$82 -> (60±5) | I10: ='XM.FILE GOC'!I82 -> 61.446 | J10: + | K10: ='XM.FILE GOC'!L82 -> 0 | L10: kg | N10: =IF(M10="","","+") | O10: =IF(M10=0,"",('XM.FILE GOC'!$G$82-M10)*8200/1000) | P10: =IF(O10="","","kg") | Q10: ='XM.FILE GOC'!P82 -> 61.908 | R10: + | S10: ='XM.FILE GOC'!S82 -> 0 | T10: kg | V10: =IF(U10="","","+") | W10: =IF(U10=0,"",('XM.FILE GOC'!$G$82-U10)*8200/1000) | X10: =IF(W10="","","kg") | Y10: ='XM.FILE GOC'!W82 -> 62.37 | Z10: + | AA10: ='XM.FILE GOC'!Z82 -> 0 | AB10: kg | AD10: =IF(AC10="","","+") | AE10: =IF(AC10=0,"",('XM.FILE GOC'!$G$82-AC10)*8200/1000) | AF10: =IF(AE10="","","kg") | AG10: IS06 | AJ10: Haïng muïc kieåm tra nhieät ñoä 檢查溫度
D11: EC-508B | E11: EC-508B | G11: EC-508A: 25kg/EC-508B:6-10L | K11: =K10/25*8 -> 0 | L11: L | N11: =IF(M10="","","+") | O11: =IF(M10=0,"",O10/25*8) | P11: =IF(O10="","","L") | S11: =S10/25*8 -> 0 | T11: L | V11: =IF(U10="","","+") | W11: =IF(U10=0,"",W10/25*8) | X11: =IF(W10="","","L") | AA11: =AA10/25*8 -> 0 | AB11: L | AD11: =IF(AC10="","","+") | AE11: =IF(AC10=0,"",AE10/25*8) | AF11: =IF(AE10="","","L") | AJ11: Haïng muïc kieåm tra nhieät ñoä 溫度檢查項目 | AN11: nhieät ñoä 溫度 | AO11: Phạm vi kiểm soát 範圍值 | AP11: Giới hạn kiểm soát 管控值 | AQ11: Nhiệt kế 温度計 | AS11: nhieät töï ñoäng 自動温控 | AY11: Nhiệt kế 温度計 | BA11: nhieät töï ñoäng 自動温控 | BG11: Nhiệt kế 温度計 | BI11: nhieät töï ñoäng 自動温控
A12: 4 | B12: Điện giải 電解 (20,21) | D12: EC-508A | E12: EC-508A | F12: g/L | G12: ='[6]XM.GUI MAIL'!$E$84 -> 50~70 | H12: ='XM.FILE GOC'!$F$84 -> (60±5) | I12: ='XM.FILE GOC'!I84 -> 59.598 | J12: + | K12: ='XM.FILE GOC'!L84 -> 3.484536 | L12: kg | M12: 60.3 | N12: =IF(M12="","","+") -> + | O12: =IF(M12=0,"",('XM.FILE GOC'!$G$84-M12)*8668/1000) -> -2.6004 | P12: =IF(O12="","","kg") -> kg | Q12: ='XM.FILE GOC'!P84 -> 60.753 | R12: + | S12: ='XM.FILE GOC'!S84 -> 0 | T12: kg | V12: =IF(U12="","","+") | W12: =IF(U12=0,"",('XM.FILE GOC'!$G$84-U12)*8668/1000) | X12: =IF(W12="","","kg") | Y12: ='XM.FILE GOC'!W84 -> 61.215 | Z12: + | AA12: ='XM.FILE GOC'!Z84 -> 0 | AB12: kg | AD12: =IF(AC12="","","+") | AE12: =IF(AC12=0,"",('XM.FILE GOC'!$G$84-AC12)*8668/1000) | AF12: =IF(AE12="","","kg") | AG12: IS06 | AI12: 5 | AJ12: Nhiệt độ bồn xi Zn-Niken Zn-Niken 鍍鋅槽溫度 | AN12: 0C | AO12: ='XM.GUI MAIL'!$E$117 -> 24~28 | AP12: ='XM.GUI MAIL'!$F$117 -> (26±2) | AQ12: ='XM.FILE GOC'!I117 -> 0 | AS12: ='XM.FILE GOC'!L117 -> 0 | AY12: ='XM.FILE GOC'!P117 -> 0 | BA12: ='XM.FILE GOC'!S117 -> 0 | BG12: ='XM.FILE GOC'!W117 -> 0 | BI12: ='XM.FILE GOC'!Z117 -> 0
D13: EC-508B | E13: EC-508B | G13: EC-508A: 25kg/EC-508B:6-10L | K13: =K12/25*8 -> 1.1150515 | L13: L | N13: =IF(M12="","","+") -> + | O13: =IF(M12=0,"",O12/25*8) -> -0.832128 | P13: =IF(O12="","","L") -> L | S13: =S12/25*8 -> 0 | T13: L | V13: =IF(U12="","","+") | W13: =IF(U12=0,"",W12/25*8) | X13: =IF(W12="","","L") | AA13: =AA12/25*8 -> 0 | AB13: L | AD13: =IF(AC12="","","+") | AE13: =IF(AC12=0,"",AE12/25*8) | AF13: =IF(AE12="","","L") | AI13: 6 | AJ13: Nhiệt độ bồn màu Cr2O3 (Niken) 三價鉻 溫度 | AN13: 0C | AO13: ='XM.GUI MAIL'!$E$118 -> 20~30 | AP13: ='XM.GUI MAIL'!$F$118 -> (25±5) | AQ13: ='XM.FILE GOC'!I118 -> 0 | AS13: ='XM.FILE GOC'!L118 -> 0 | AY13: ='XM.FILE GOC'!P118 -> 0 | BA13: ='XM.FILE GOC'!S118 -> 0 | BG13: ='XM.FILE GOC'!W118 -> 0 | BI13: ='XM.FILE GOC'!Z118 -> 0
A14: 5 | B14: Boàn xi (26-35) 鋅電鍍槽 Zinc Plating | C14: Noàng ñoä NaOH 氫氧化鈉 | F14: g/L | G14: ='XM.FILE GOC'!$E$86 -> 135~ 145 | H14: ='XM.FILE GOC'!$F$86 -> (140±5) | I14: ='XM.FILE GOC'!I86 -> 142.4 | J14: + | K14: ='XM.FILE GOC'!L86 -> 0 | L14: kg | N14: =IF(M14="","","+") | O14: =IF(M14="","",('XM.FILE GOC'!$G$86-M14)*53066/1000) | P14: =IF(O14="","","kg") | Q14: ='XM.FILE GOC'!P86 -> 143.2 | R14: + | S14: ='XM.FILE GOC'!S86 -> 0 | T14: kg | V14: =IF(U14="","","+") | W14: =IF(U14="","",('XM.FILE GOC'!$G$86-U14)*53066/1000) | X14: =IF(W14="","","kg") | Y14: ='XM.FILE GOC'!W86 -> 138.8 | Z14: + | AA14: ='XM.FILE GOC'!Z86 -> 63.6792 | AB14: kg | AC14: 140 | AD14: =IF(AC14="","","+") -> + | AE14: =IF(AC14="","",('XM.FILE GOC'!$G$86-AC14)*53066/1000) -> 0 | AF14: =IF(AE14="","","kg") -> kg | AG14: IS08
C15: Noàng ñoä Zn 鋅 (1 pcs Zn=25kg) | F15: g/L | G15: ='XM.FILE GOC'!$E$87 -> 7~10 | H15: ='XM.FILE GOC'!$F$87 -> (8.5±1) | I15: ='XM.FILE GOC'!I87 -> 8.385 | J15: + | K15: ='XM.FILE GOC'!L87 -> 6.10259 | L15: kg | M15: 8.4 | N15: =IF(M15="","","+") -> + | O15: =IF(M15="","",('XM.FILE GOC'!$G$87-M15)*53066/1000) -> 5.3066 | P15: =IF(O15="","","kg") -> kg | Q15: ='XM.FILE GOC'!P87 -> 8.385 | R15: + | S15: ='XM.FILE GOC'!S87 -> 6.10259 | T15: kg | U15: 8.5 | V15: =IF(U15="","","+") -> + | W15: =IF(U15="","",('XM.FILE GOC'!$G$87-U15)*53066/1000) -> 0 | X15: =IF(W15="","","kg") -> kg | Y15: ='XM.FILE GOC'!W87 -> 8.45 | Z15: + | AA15: ='XM.FILE GOC'!Z87 -> 2.6533 | AB15: kg | AC15: 8.6 | AD15: =IF(AC15="","","+") -> + | AE15: =IF(AC15="","",('XM.FILE GOC'!$G$87-AC15)*53066/1000) -> -5.3066 | AF15: =IF(AE15="","","kg") -> kg | AG15: IS07
A16: 6 | B16: Noàng ñoä Cr2O3 (46) 三價鉻 | F16: % | G16: ='XM.FILE GOC'!$E$88 -> 5~8 | H16: ='XM.FILE GOC'!$F$88 -> (6±1) | I16: ='XM.FILE GOC'!I88 -> 6.728795 | J16: + | K16: ='XM.FILE GOC'!L88 -> 0 | L16: L | N16: =IF(M16="","","+") | O16: =IF(M16="","",('XM.FILE GOC'!$G$88-M16)*3360/85) | P16: =IF(O16="","","L") | Q16: ='XM.FILE GOC'!P88 -> 6.686425 | R16: + | S16: ='XM.FILE GOC'!S88 -> 0 | T16: L | V16: =IF(U16="","","+") | W16: =IF(U16="","",('XM.FILE GOC'!$G$88-U16)*3360/85) | X16: =IF(W16="","","L") | Y16: ='XM.FILE GOC'!W88 -> 6.62287 | Z16: + | AA16: ='XM.FILE GOC'!Z88 -> 0 | AB16: L | AD16: =IF(AC16="","","+") | AE16: =IF(AC16="","",('XM.FILE GOC'!$G$88-AC16)*3360/85) | AF16: =IF(AE16="","","L") | AG16: IS05
F17: pH | G17: ='XM.FILE GOC'!$E$89 -> 2.0~2.4 | H17: ='XM.FILE GOC'!$F$89 -> (2.2±0.1) | I17: ='XM.FILE GOC'!I89 -> 2.11 | Q17: ='XM.FILE GOC'!P89 -> 2.1 | Y17: ='XM.FILE GOC'!W89 -> 2.14
A18: 7 | B18: Noàng ñoä axit ñaëc (12) 鹽酸 濃度 | F18: %V/V | G18: ='XM.FILE GOC'!$E$90 -> 40~50 | H18: ='XM.FILE GOC'!$F$90 -> (45±5) | I18: ='XM.FILE GOC'!I90 -> 0.445 | J18: + | K18: ='XM.FILE GOC'!L90 -> 16.17 | L18: L | M18: 0.455 | N18: =IF(M18="","","+") -> + | O18: =IF(M18="","",('XM.FILE GOC'!$G$90-M18)*3234) -> -16.17 | P18: =IF(O18="","","L") -> L | Q18: ='XM.FILE GOC'!P90 -> 0.45625 | R18: + | S18: ='XM.FILE GOC'!S90 -> 0 | T18: L | V18: =IF(U18="","","+") | W18: =IF(U18="","",('XM.FILE GOC'!$G$90-U18)*3234) | X18: =IF(W18="","","L") | Y18: ='XM.FILE GOC'!W90 -> 0.49275 | Z18: + | AA18: ='XM.FILE GOC'!Z90 -> 0 | AB18: L | AD18: =IF(AC18="","","+") | AE18: =IF(AC18="","",('XM.FILE GOC'!$G$90-AC18)*3234) | AF18: =IF(AE18="","","L") | AG18: IS15
A19: 8 | B19: Nồng độ acid loãng (13) 稀酸 濃度 | F19: %V/V | G19: ='XM.FILE GOC'!$E$91 -> 10~20 | H19: ='XM.FILE GOC'!$F$91 -> (15±5) | I19: ='XM.FILE GOC'!I91 -> 0.156 | J19: + | K19: ='XM.FILE GOC'!L91 -> 0 | L19: L | N19: =IF(M19="","","+") | O19: =IF(M19="","",('XM.FILE GOC'!$G$91-M19)*3361) | P19: =IF(O19="","","L") | Q19: ='XM.FILE GOC'!P91 -> 0.152 | R19: + | S19: ='XM.FILE GOC'!S91 -> 0 | T19: L | V19: =IF(U19="","","+") | W19: =IF(U19="","",('XM.FILE GOC'!$G$91-U19)*3361) | X19: =IF(W19="","","L") | Y19: ='XM.FILE GOC'!W91 -> 0.146 | Z19: + | AA19: ='XM.FILE GOC'!Z91 -> 13.444 | AB19: L | AC19: 0.165 | AD19: =IF(AC19="","","+") -> + | AE19: =IF(AC19="","",('XM.FILE GOC'!$G$91-AC19)*3361) -> -50.415 | AF19: =IF(AE19="","","L") -> L | AG19: IS04
A20: 9 | B20: Noàng ñoä axit ñaëc (14) 鹽酸 濃度 | F20: %V/V | G20: ='XM.FILE GOC'!$E$92 -> 40~50 | H20: ='XM.FILE GOC'!$F$92 -> (45±5) | I20: ='XM.FILE GOC'!I92 -> 0.447125 | J20: + | K20: ='XM.FILE GOC'!L92 -> 9.662875 | L20: L | M20: 0.465 | N20: =IF(M20="","","+") -> + | O20: =IF(M20="","",('XM.FILE GOC'!$G$92-M20)*3361) -> -50.415 | P20: =IF(O20="","","L") -> L | Q20: ='XM.FILE GOC'!P92 -> 0.4699375 | R20: + | S20: ='XM.FILE GOC'!S92 -> 0 | T20: L | V20: =IF(U20="","","+") | W20: =IF(U20="","",('XM.FILE GOC'!$G$92-U20)*3361) | X20: =IF(W20="","","L") | Y20: ='XM.FILE GOC'!W92 -> 0.483625 | Z20: + | AA20: ='XM.FILE GOC'!Z92 -> 0 | AB20: L | AD20: =IF(AC20="","","+") | AE20: =IF(AC20="","",('XM.FILE GOC'!$G$92-AC20)*3361) | AF20: =IF(AE20="","","L") | AG20: IS04
A21: 10 | B21: Noàng ñoä axit ñaëc 鹽酸 濃度 (15,16,17) | F21: %V/V | G21: ='XM.FILE GOC'!$E$93 -> 40~50 | H21: ='XM.FILE GOC'!$F$93 -> (45±5) | I21: ='XM.FILE GOC'!I93 -> 0.4516875 | J21: + | K21: ='XM.FILE GOC'!L93 -> 0 | L21: L | N21: =IF(M21="","","+") | O21: =IF(M21="","",('XM.FILE GOC'!$G$93-M21)*10509) | P21: =IF(O21="","","L") | Q21: ='XM.FILE GOC'!P93 -> 0.45625 | R21: + | S21: ='XM.FILE GOC'!S93 -> 0 | T21: L | V21: =IF(U21="","","+") | W21: =IF(U21="","",('XM.FILE GOC'!$G$93-U21)*10509) | X21: =IF(W21="","","L") | Y21: ='XM.FILE GOC'!W93 -> 0.45625 | Z21: + | AA21: ='XM.FILE GOC'!Z93 -> 0 | AB21: L | AD21: =IF(AC21="","","+") | AE21: =IF(AC21="","",('XM.FILE GOC'!$G$93-AC21)*10509) | AF21: =IF(AE21="","","L") | AG21: IS04
