Workbook
Name _NEW2: [1]吊電B線入出料標準數據!$B$4:$P$4003
Name _XM_XT_THUCTE: '[2]XM.GUI MAIL'!$A$6:$AQ$108
Name _XM_XT_THUCTE: 'XM.GUI MAIL'!$A$6:$AQ$108
Name AB: #REF!
Name AB: #REF!
Name AB: #REF!
Name AB: #REF!
Name AB: #REF!
Name AB: #REF!
Name AB: #REF!
Name abcd: #REF!
Name abcd: #REF!
Name abcd: #REF!
Name abcd: #REF!
Name abcd: #REF!
Name abcd: #REF!
Name abcd: #REF!
Name abcd: #REF!
Name abcd: #REF!
Name abcd: #REF!
Name abcd: #REF!
Name abcd: #REF!
Name CCC: #REF!
Name CCC: #REF!
Name CCC: #REF!
Name CCC: #REF!
Name CCC: #REF!
Name CCC: #REF!
Name CCC: #REF!
Name CXXTA: #REF!
Name CXXTA: #REF!
Name CXXTA: #REF!
Name CXXTA: #REF!
Name CXXTA: #REF!
Name CXXTA: #REF!
Name CXXTA: #REF!
Name CXXTB: [1]吊電B線入出料標準數據!$B$3:$P$428
Name HUANGHAIDONGA: #REF!
Name HUANGHAIDONGA: #REF!
Name HUANGHAIDONGA: #REF!
Name HUANGHAIDONGA: #REF!
Name HUANGHAIDONGA: #REF!
Name HUANGHAIDONGA: #REF!
Name HUANGHAIDONGA: #REF!
Name HUANGHAIDONGB: [1]吊電B線入出料標準數據!$A$3:$P$428
Name PartNo: [3]All!$B$5:$Q$65536
Name RLMLXD: '[2]R.GUI MAIL'!$A$6:$AQ$114
Name RLMLXD: 'R.GUI MAIL'!$A$6:$AQ$114
Name sss: '[4]附表-01'!$A$2:$L$1662
Name WUJIWEI: #REF!
Name WUJIWEI: #REF!
Name WUJIWEI: #REF!
Name WUJIWEI: #REF!
Name WUJIWEI: #REF!
Name WUJIWEI: #REF!
Name WUJIWEI: #REF!
Name XTB123: [5]輸入!#REF!
Name XTB123: [5]輸入!#REF!
Name XTB123: [5]輸入!#REF!
Name XTB123: [5]輸入!#REF!

Sheet PT TAP CHAT
B1: MẪU GỬI NHÀ CUNG ỨNG
B2: =MENU!AC9 -> 2023/03/21
A3: NCC | B3: Type sample | C3: Test Item | D3: Standards | F3: Unit | G3: Result | H3: KQ NCC | I3: ±5%
A4: JASCO | B4: Akaline Zinc (XL-1E) | C4: Zn2+ | D4: ='XM.GUI MAIL'!E11 -> 7~12 | E4: ='XM.GUI MAIL'!F11 -> (9g±1) | F4: g/l | G4: ='XM.GUI MAIL'!I11 -> 0 | I4: =IF(H4="","",(G4-H4)/G4)
A5: JASCO | C5: NaOH | D5: ='XM.GUI MAIL'!E10 -> 130 - 150 | E5: ='XM.GUI MAIL'!F12 -> (14±2) | F5: g/l | G5: ='XM.GUI MAIL'!I10 -> 0 | I5: =IF(H5="","",(G5-H5)/G5)
A6: JASCO | C6: Na2CO3 | D6: ＜70g/L | E6: ='XM.GUI MAIL'!F13 -> (1.8±0.1 ) | F6: g/l | G6: =XM.HN!E60 -> 0 | I6: =IF(H6="","",(G6-H6)/G6)
A7: JASCO | C7: Fe | D7: <5 | E7: ='XM.GUI MAIL'!F14 -> (45±5) | F7: ppm | I7: =IF(H7="","",(G7-H7)/G7)
A8: JASCO | C8: Cu | D8: <5 | E8: ='XM.GUI MAIL'!F15 -> (22±5) | F8: ppm | I8: =IF(H8="","",(G8-H8)/G8)
A9: JASCO | C9: Cr | D9: <5 | E9: ='XM.GUI MAIL'!F16 -> (10±3) | F9: ppm | I9: =IF(H9="","",(G9-H9)/G9)
A10: JASCO | C10: Pb | D10: <5 | E10: ='XM.GUI MAIL'!F17 -> (1±0.4) | F10: ppm | I10: =IF(H10="","",(G10-H10)/G10)
A11: JASCO | B11: Màu (I) (TR173AH) (XL-1E) | C11: Cr2O3 (TR173AH) | D11: ='XM.GUI MAIL'!E12 -> 12~18 | E11: ='XM.GUI MAIL'!F18 -> (7.5±1) | F11: % | G11: ='XM.GUI MAIL'!I12 -> 0 | I11: =IF(H11="","",(G11-H11)/G11)
A12: JASCO | C12: pH | D12: ='XM.GUI MAIL'!E13 -> 1.6~2.2 | E12: ='XM.GUI MAIL'!F19 -> (1.8±0.1) | F12: / | G12: ='XM.GUI MAIL'!I13 -> 0 | I12: =IF(H12="","",(G12-H12)/G12)
A13: JASCO | C13: Fe | D13: <80 | E13: ='XM.GUI MAIL'!F20 -> 0 | F13: ppm | I13: =IF(H13="","",(G13-H13)/G13)
A14: JASCO | C14: Cu | D14: ＜5 | E14: ='XM.GUI MAIL'!F21 -> Giới hạn kiểm soát 管控值 | F14: ppm | I14: =IF(H14="","",(G14-H14)/G14)
A15: JASCO | C15: Zn | D15: ＜7000ppm | E15: ='XM.GUI MAIL'!F22 -> (70±3) | F15: ppm | I15: =IF(H15="","",(G15-H15)/G15)
A16: JASCO | B16: Màu K (5U109A) (XL-1E) | C16: Màu K (5U109A) | D16: ='XM.GUI MAIL'!E18 -> 5~10 | E16: ='XM.GUI MAIL'!F23 -> (70±3) | F16: % | G16: ='XM.GUI MAIL'!I18 | I16: =IF(H16="","",(G16-H16)/G16)
A17: JASCO | C17: pH | D17: ='XM.GUI MAIL'!E19 -> 1.6~2.0 | E17: ='XM.GUI MAIL'!F24 -> (55±3) | F17: / | G17: ='XM.GUI MAIL'!I19 -> 0 | I17: =IF(H17="","",(G17-H17)/G17)
A18: JASCO | C18: Fe | D18: <40ppm | F18: ppm | I18: =(G18-H18)/G18 -> #DIV/0!
A19: JASCO | C19: Cu | D19: ＜5ppm | F19: ppm | I19: =(G19-H19)/G19 -> #DIV/0!
A20: JASCO | C20: Zn | D20: ＜6000ppm | F20: ppm | I20: =(G20-H20)/G20 -> #DIV/0!
B22: Type sample | C22: Test Item | D22: Standards | F22: Unit | G22: Result
A23: HALO | B23: Akaline Zinc (XL-1F) | C23: Zn2+ | D23: ='XM.GUI MAIL'!E42 -> 8~12 | E23: ='XM.GUI MAIL'!F42 -> (10±1) | F23: g/l | G23: ='XM.GUI MAIL'!I42 -> 0 | I23: =IF(H23="","",(G23-H23)/G23)
A24: HALO | C24: NaOH | D24: ='XM.GUI MAIL'!E41 -> 130 - 150 | E24: ='XM.GUI MAIL'!F41 -> (140±10) | F24: g/l | G24: ='XM.GUI MAIL'!I41 -> 0 | I24: =IF(H24="","",(G24-H24)/G24)
A25: HALO | C25: Na2CO3 | D25: ＜70g/L | E25: ＜70g/L | F25: g/l | G25: =XM.HN!E61 -> 0 | I25: =IF(H25="","",(G25-H25)/G25)
A26: HALO | C26: Fe | D26: <5 | E26: <5 | F26: ppm | I26: =IF(H26="","",(G26-H26)/G26)
A27: HALO | C27: Cu | D27: <5 | E27: <5 | F27: ppm | I27: =IF(H27="","",(G27-H27)/G27)
A28: HALO | C28: Cr | D28: <5 | E28: <5 | F28: ppm | I28: =IF(H28="","",(G28-H28)/G28)
A29: HALO | C29: Pb | D29: <5 | E29: <5 | F29: ppm | I29: =IF(H29="","",(G29-H29)/G29)
A30: HALO | B30: Màu (I) (Lanthane 318) (XL-1F) | C30: Lanthane 318 | D30: ='XM.GUI MAIL'!E43 -> 6~10 | E30: ='XM.GUI MAIL'!F43 -> (8±0.5) | F30: % | G30: ='XM.GUI MAIL'!I43 -> -1.0461 | I30: =IF(H30="","",(G30-H30)/G30)
A31: HALO | C31: pH | D31: ='XM.GUI MAIL'!E44 -> 2~2.5 | E31: ='XM.GUI MAIL'!F44 -> (2.3±0.1 ) | F31: / | G31: ='XM.GUI MAIL'!I44 -> 0 | I31: =IF(H31="","",(G31-H31)/G31)
A32: HALO | C32: Fe | D32: <80 | E32: <80 | F32: ppm | I32: =IF(H32="","",(G32-H32)/G32)
A33: HALO | C33: Cu | D33: ＜5 | E33: ＜5 | F33: ppm | I33: =IF(H33="","",(G33-H33)/G33)
A34: HALO | C34: Zn | D34: ＜7000ppm | E34: ＜7000ppm | F34: ppm | I34: =IF(H34="","",(G34-H34)/G34)
A35: HALO | B35: Màu (K) (Finidip 124) (XL-1F) | C35: Finidip 124 | D35: ='XM.GUI MAIL'!E49 -> 5~8 | E35: ='XM.GUI MAIL'!F49 -> (6%±0.5) | F35: % | G35: ='XM.GUI MAIL'!I49 | I35: =IF(H35="","",(G35-H35)/G35)
A36: HALO | C36: pH | D36: ='XM.GUI MAIL'!E50 -> 1.8~2.4 | E36: ='XM.GUI MAIL'!F50 -> (2.1±0.1 ) | F36: / | G36: ='XM.GUI MAIL'!I50 -> 0 | I36: =IF(H36="","",(G36-H36)/G36)
A37: HALO | C37: Fe | D37: (2.1±0.1 ) | F37: ppm | I37: =(G37-H37)/G37 -> #DIV/0!
A38: HALO | C38: Cu | D38: ＜5ppm | F38: ppm | I38: =(G38-H38)/G38 -> #DIV/0!
A39: HALO | C39: Zn | D39: ＜7000ppm | F39: ppm | I39: =(G39-H39)/G39 -> #DIV/0!
B41: Type sample | C41: Test Item | D41: Standards | F41: Unit | G41: Result
A42: HALO | B42: Akaline Zinc (XT-0C) | C42: Zn2+ | D42: ='XM.GUI MAIL'!E73 -> 6~8 | E42: ='XM.GUI MAIL'!F73 -> (7±0.5) | F42: g/l | G42: ='XM.GUI MAIL'!I73 -> 5.85 | I42: =IF(H42="","",(G42-H42)/G42)
A43: HALO | C43: NaOH | D43: ='XM.GUI MAIL'!E72 -> 135~ 145 | E43: ='XM.GUI MAIL'!F72 -> (140±5) | F43: g/l | G43: ='XM.GUI MAIL'!I72 -> 138.4 | I43: =IF(H43="","",(G43-H43)/G43)
A44: HALO | C44: Na2CO3 | D44: ＜70g/L | E44: ＜70g/L | F44: g/l | G44: =XM.HN!E62 -> 0 | I44: =IF(H44="","",(G44-H44)/G44)
A45: HALO | C45: Fe | D45: <5 | E45: <5 | F45: ppm | I45: =IF(H45="","",(G45-H45)/G45)
A46: HALO | C46: Cu | D46: <5 | E46: <5 | F46: ppm | I46: =IF(H46="","",(G46-H46)/G46)
A47: HALO | C47: Cr | D47: <5 | E47: <5 | F47: ppm | I47: =IF(H47="","",(G47-H47)/G47)
A48: HALO | C48: Pb | D48: <5 | E48: <5 | F48: ppm | I48: =IF(H48="","",(G48-H48)/G48)
A49: HALO | B49: Nickel Zinc (XT-0C) | C49: Zn2+ | D49: ='XM.GUI MAIL'!E84 -> 5~6 | E49: ='XM.GUI MAIL'!F84 -> (5.5± 0.5L) | F49: g/l | G49: ='XM.GUI MAIL'!I84 | I49: =IF(H49="","",(G49-H49)/G49)
A50: HALO | C50: Ni2+ | D50: 1-1.8 | E50: 1-1.8 | F50: g/l | I50: =IF(H50="","",(G50-H50)/G50)
A51: HALO | C51: NaOH | D51: ='XM.GUI MAIL'!E86 -> 120~130 | E51: ='XM.GUI MAIL'!F86 -> (125 ± 5) | F51: g/l | G51: ='XM.GUI MAIL'!I86 -> 0 | I51: =IF(H51="","",(G51-H51)/G51)
A52: HALO | C52: Na2CO3 | D52: ＜70g/L | E52: ＜70g/L | F52: g/l | I52: =IF(H52="","",(G52-H52)/G52)
A53: HALO | C53: Fe | D53: ＜80mg/L | E53: ＜80mg/L | F53: ppm | I53: =IF(H53="","",(G53-H53)/G53)
A54: HALO | C54: Cu | D54: ＜5ppm | E54: ＜5ppm | F54: ppm | I54: =IF(H54="","",(G54-H54)/G54)
A55: HALO | C55: Cr | D55: ＜5ppm | E55: ＜5ppm | F55: ppm | I55: =IF(H55="","",(G55-H55)/G55)
A56: HALO | C56: Pb | D56: ＜5ppm | E56: ＜5ppm | F56: ppm | I56: =IF(H56="","",(G56-H56)/G56)
A57: HALO | B57: Màu (I) (Lanthane 318) (XT-0C) | C57: Lanthane 318 | D57: ='XM.GUI MAIL'!E74 -> 5~8 | E57: ='XM.GUI MAIL'!F74 -> (6±0.5) | F57: % | G57: ='XM.GUI MAIL'!I74 -> -1.0461 | I57: =IF(H57="","",(G57-H57)/G57)
A58: HALO | C58: pH | D58: ='XM.GUI MAIL'!E75 -> 2.0~2.4 | E58: ='XM.GUI MAIL'!F75 -> (2.2±0.2 ) | F58: / | G58: ='XM.GUI MAIL'!I75 -> 0 | I58: =IF(H58="","",(G58-H58)/G58)
A59: HALO | C59: Fe | D59: <80 | E59: <80 | F59: ppm | I59: =IF(H59="","",(G59-H59)/G59)
A60: HALO | C60: Cu | D60: ＜5 | E60: ＜5 | F60: ppm | I60: =IF(H60="","",(G60-H60)/G60)
A61: HALO | C61: Zn | D61: ＜7000ppm | E61: ＜7000ppm | F61: ppm | I61: =IF(H61="","",(G61-H61)/G61)
A62: JASCO | B62: Màu (I) (TR173AH) (XT-0C) | C62: Cr2O3 (TR173AH) | D62: ='XM.GUI MAIL'!E82 -> 8~16 % | E62: ='XM.GUI MAIL'!F82 -> (12±2%) | F62: % | G62: ='XM.GUI MAIL'!I82 | I62: =IF(H62="","",(G62-H62)/G62)
A63: JASCO | C63: pH | D63: ='XM.GUI MAIL'!E83 -> 1.8~2.4 | E63: ='XM.GUI MAIL'!F83 -> (2.0 ±0.2 ) | F63: / | G63: ='XM.GUI MAIL'!I83 -> 0 | I63: =IF(H63="","",(G63-H63)/G63)
A64: JASCO | C64: Fe | D64: <500ppm | E64: <500ppm | F64: ppm | I64: =IF(H64="","",(G64-H64)/G64)
A65: JASCO | C65: Cu | D65: ＜5ppm | E65: ＜5ppm | F65: ppm | I65: =IF(H65="","",(G65-H65)/G65)
A66: JASCO | C66: Zn | D66: ＜7000ppm | E66: ＜7000ppm | F66: ppm | I66: =IF(H66="","",(G66-H66)/G66)
A67: JASCO | B67: Màu K (5U109A) (XT-0C) | C67: Màu K (5U109A) | D67: ='XM.GUI MAIL'!E80 -> 3~9 | E67: ='XM.GUI MAIL'!F80 -> (6±1) | F67: % | G67: ='XM.GUI MAIL'!I80 -> 4.24 | I67: =IF(H67="","",(G67-H67)/G67)
A68: JASCO | C68: pH | D68: ='XM.GUI MAIL'!E81 -> 1.8~2.4 | E68: ='XM.GUI MAIL'!F81 -> (2.0±0.1) | F68: / | G68: ='XM.GUI MAIL'!I81 -> 1.88 | I68: =IF(H68="","",(G68-H68)/G68)
A69: JASCO | C69: Fe | D69: <500ppm | F69: ppm
A70: JASCO | C70: Cu | D70: ＜5ppm | F70: ppm
A71: JASCO | C71: Zn | D71: ＜7000ppm | F71: ppm
A72: JASCO | B72: Màu Ni (XT-0C) | C72: Màu Ni (988C1) | D72: 50-100 | F72: ml/l
A73: JASCO | C73: Màu Ni (988S1) | D73: 15-35 | F73: ml/l

Sheet MENU
B3: XI MẠ, XI TREO | J3: RỬA LIỆU, MÀNG LOA, XI ĐEN | R3: KHÁC | V3: IMPORT | AA3: khoảng thời gian Import
B6: XM.HN | F6: XM.GUI MAIL | J6: ED-XI DEN | N6: R.GUI MAIL | R6: IT.NONG DO | V6: 1 | Y6: =AC9+TIME(8,45,0) -> 45006.365 | AA6: 8:15-8:45 | AC6: CA 1 | AD6: Trang
AC7: CA 2 | AD7: L.Yen
B9: XM.FILE GOC | F9: 1. XL-1E TT(CA1) | J9: R.HN | N9: RL-LINE | R9: IT.NHIET DO | V9: 2 | Y9: =AC9+TIME(10,45,0) -> 45006.448 | AA9: 10:15-10:45 | AC9: 2023/03/21 | AE9: đánh năm/tháng/ngày vào ô bên
B12: 1. XL-1E kh | F12: 1. XL-1E TT(CA2) | J12: R.FILE GOC | N12: 1.xi den TT | R12: GHI CHU | V12: 3 | Y12: =AC9+TIME(15,30,0) -> 45006.646 | AA12: 15:00-15:30
B15: 2. XL-1F kh | F15: 2. XL-1F TT(CA1) | J15: 1.xi den | N15: 2.RL E tt | R15: PP HÓA NGHIỆM FILE WORD | V15: 4 | Y15: =AC9+TIME(17,0,0) -> 45006.708 | AA15: 16:30-17:00 | AC15: ACID Đ.VAO
B18: 3.XT-C kh | F18: 2. XL-1F TT(CA2) | J18: 2.RL E | N18: 3.RL G tt | R18: QC- E | V18: 5 | Y18: =AC9+TIME(20,45,0) -> 45006.865 | AA18: 20:15-20:45
B21: 4.Zn Ni.kh | F21: 3.XT-C TT(CA1) | J21: 3.RL G | N21: 4.RL F tt | R21: QC-1F | V21: 6 | Y21: =AC9+TIME(22,45,0) -> 45006.948 | AA21: 22:15-22:45
F24: 3.XT-C TT(CA2) | J24: 4.RL F | N24: 5.ML tt | R24: QC- XT | V24: 7 | Y24: =AC9+TIME(3,0,0) -> 45006.125 | AA24: 2:30-3:00
F27: 4.Zn Ni TT | J27: 5.ML | R27: QC-RL | V27: 8 | Y27: =AC9+TIME(5,0,0) -> 45006.208 | AA27: 4:30-5:00
B30: XM.chart | F30: XM.chart 1 | J30: RL.chart | N30: RL.chart1 | R30: QC-NI | AA30: tg import
F33: 4.ZN-NI tt(CA1) | R33: PT TAP CHAT
F36: 4.ZN-NI tt(CA2)
F39: BS-XT

Sheet 1
A1: "BÁO CÁO KẾT QUẢ HÓA NGHIỆM HÀNG NGÀY 表面處理生產製程管控記錄表"
A2: NGAY | B2: Ma__Hang_muc | C2: Nong_Do_01 | E2: 1 | F2: bs | G2: 2 | H2: bs | I2: 3 | J2: bs | K2: 4 | L2: bs | M2: 5 | N2: bs | O2: 6 | P2: bs | Q2: 1
A3: Date | B3: Code | C3: 濃度 g/L-01
A4: =MENU!Y6 -> 45006.365 | B4: 1E-XB1 | C4: =IFERROR(VLOOKUP($B4,_XM_XT_THUCTE,9,0),"") -> 0 | E4: =ISNUMBER(C4) -> TRUE | F4: =ISNUMBER(#REF!) -> FALSE | G4: =ISNUMBER(#REF!) -> FALSE | H4: =ISNUMBER(#REF!) -> FALSE | I4: =ISNUMBER(#REF!) -> FALSE | J4: =ISNUMBER(#REF!) -> FALSE | K4: =ISNUMBER(#REF!) -> FALSE | L4: =ISNUMBER(#REF!) -> FALSE | M4: =ISNUMBER(#REF!) -> FALSE | ... P4: =ISNUMBER(#REF!) -> FALSE | Q4: =IF(E4=TRUE,"",1)
A5: =$A$4 -> 45006.365 | B5: 1E-XB2 | C5: =IFERROR(VLOOKUP($B5,_XM_XT_THUCTE,9,0),"") -> 0 | E5: =ISNUMBER(C5) -> TRUE | F5: =ISNUMBER(#REF!) -> FALSE | G5: =ISNUMBER(#REF!) -> FALSE | H5: =ISNUMBER(#REF!) -> FALSE | I5: =ISNUMBER(#REF!) -> FALSE | J5: =ISNUMBER(#REF!) -> FALSE | K5: =ISNUMBER(#REF!) -> FALSE | L5: =ISNUMBER(#REF!) -> FALSE | M5: =ISNUMBER(#REF!) -> FALSE | ... P5: =ISNUMBER(#REF!) -> FALSE | Q5: =IF(E5=TRUE,"",1)
A6: =$A$4 -> 45006.365 | B6: 1E-DG1 | C6: =IFERROR(VLOOKUP($B6,_XM_XT_THUCTE,9,0),"") -> 0 | E6: =ISNUMBER(C6) -> TRUE | F6: =ISNUMBER(#REF!) -> FALSE | G6: =ISNUMBER(#REF!) -> FALSE | H6: =ISNUMBER(#REF!) -> FALSE | I6: =ISNUMBER(#REF!) -> FALSE | J6: =ISNUMBER(#REF!) -> FALSE | K6: =ISNUMBER(#REF!) -> FALSE | L6: =ISNUMBER(#REF!) -> FALSE | M6: =ISNUMBER(#REF!) -> FALSE | ... P6: =ISNUMBER(#REF!) -> FALSE | Q6: =IF(E6=TRUE,"",1)
A7: =$A$4 -> 45006.365 | B7: 1E-DG2 | C7: =IFERROR(VLOOKUP($B7,_XM_XT_THUCTE,9,0),"") -> 0 | E7: =ISNUMBER(C7) -> TRUE | F7: =ISNUMBER(#REF!) -> FALSE | G7: =ISNUMBER(#REF!) -> FALSE | H7: =ISNUMBER(#REF!) -> FALSE | I7: =ISNUMBER(#REF!) -> FALSE | J7: =ISNUMBER(#REF!) -> FALSE | K7: =ISNUMBER(#REF!) -> FALSE | L7: =ISNUMBER(#REF!) -> FALSE | M7: =ISNUMBER(#REF!) -> FALSE | ... P7: =ISNUMBER(#REF!) -> FALSE | Q7: =IF(E7=TRUE,"",1)
A8: =$A$4 -> 45006.365 | B8: 1E-NAOH | C8: =IFERROR(VLOOKUP($B8,_XM_XT_THUCTE,9,0),"") -> 0 | E8: =ISNUMBER(C8) -> TRUE | F8: =ISNUMBER(#REF!) -> FALSE | G8: =ISNUMBER(#REF!) -> FALSE | H8: =ISNUMBER(#REF!) -> FALSE | I8: =ISNUMBER(#REF!) -> FALSE | J8: =ISNUMBER(#REF!) -> FALSE | K8: =ISNUMBER(#REF!) -> FALSE | L8: =ISNUMBER(#REF!) -> FALSE | M8: =ISNUMBER(#REF!) -> FALSE | ... P8: =ISNUMBER(#REF!) -> FALSE | Q8: =IF(E8=TRUE,"",1)
A9: =$A$4 -> 45006.365 | B9: 1E-ZN | C9: =IFERROR(VLOOKUP($B9,_XM_XT_THUCTE,9,0),"") -> 0 | E9: =ISNUMBER(C9) -> TRUE | F9: =ISNUMBER(#REF!) -> FALSE | G9: =ISNUMBER(#REF!) -> FALSE | H9: =ISNUMBER(#REF!) -> FALSE | I9: =ISNUMBER(#REF!) -> FALSE | J9: =ISNUMBER(#REF!) -> FALSE | K9: =ISNUMBER(#REF!) -> FALSE | L9: =ISNUMBER(#REF!) -> FALSE | M9: =ISNUMBER(#REF!) -> FALSE | ... P9: =ISNUMBER(#REF!) -> FALSE | Q9: =IF(E9=TRUE,"",1)
A10: =$A$4 -> 45006.365 | B10: 1E-CR3I | C10: =IFERROR(VLOOKUP($B10,_XM_XT_THUCTE,9,0),"") -> 0 | E10: =ISNUMBER(C10) -> TRUE | F10: =ISNUMBER(#REF!) -> FALSE | G10: =ISNUMBER(#REF!) -> FALSE | H10: =ISNUMBER(#REF!) -> FALSE | I10: =ISNUMBER(#REF!) -> FALSE | J10: =ISNUMBER(#REF!) -> FALSE | K10: =ISNUMBER(#REF!) -> FALSE | L10: =ISNUMBER(#REF!) -> FALSE | M10: =ISNUMBER(#REF!) -> FALSE | ... P10: =ISNUMBER(#REF!) -> FALSE | Q10: =IF(E10=TRUE,"",1)
A11: =$A$4 -> 45006.365 | B11: 1E-CR3IPH | C11: =IFERROR(VLOOKUP($B11,_XM_XT_THUCTE,9,0),"") -> 0 | E11: =ISNUMBER(C11) -> TRUE | F11: =ISNUMBER(#REF!) -> FALSE | G11: =ISNUMBER(#REF!) -> FALSE | H11: =ISNUMBER(#REF!) -> FALSE | I11: =ISNUMBER(#REF!) -> FALSE | J11: =ISNUMBER(#REF!) -> FALSE | K11: =ISNUMBER(#REF!) -> FALSE | L11: =ISNUMBER(#REF!) -> FALSE | M11: =ISNUMBER(#REF!) -> FALSE | ... P11: =ISNUMBER(#REF!) -> FALSE | Q11: =IF(E11=TRUE,"",1)
A12: =$A$4 -> 45006.365 | B12: 1E-HCL1 | C12: =IFERROR(VLOOKUP($B12,_XM_XT_THUCTE,9,0),"") -> 0 | E12: =ISNUMBER(C12) -> TRUE | F12: =ISNUMBER(#REF!) -> FALSE | G12: =ISNUMBER(#REF!) -> FALSE | H12: =ISNUMBER(#REF!) -> FALSE | I12: =ISNUMBER(#REF!) -> FALSE | J12: =ISNUMBER(#REF!) -> FALSE | K12: =ISNUMBER(#REF!) -> FALSE | L12: =ISNUMBER(#REF!) -> FALSE | M12: =ISNUMBER(#REF!) -> FALSE | ... P12: =ISNUMBER(#REF!) -> FALSE | Q12: =IF(E12=TRUE,"",1)
A13: =$A$4 -> 45006.365 | B13: 1E-HCL2 | C13: =IFERROR(VLOOKUP($B13,_XM_XT_THUCTE,9,0),"") -> 0 | E13: =ISNUMBER(C13) -> TRUE | F13: =ISNUMBER(#REF!) -> FALSE | G13: =ISNUMBER(#REF!) -> FALSE | H13: =ISNUMBER(#REF!) -> FALSE | I13: =ISNUMBER(#REF!) -> FALSE | J13: =ISNUMBER(#REF!) -> FALSE | K13: =ISNUMBER(#REF!) -> FALSE | L13: =ISNUMBER(#REF!) -> FALSE | M13: =ISNUMBER(#REF!) -> FALSE | ... P13: =ISNUMBER(#REF!) -> FALSE | Q13: =IF(E13=TRUE,"",1)
A14: =$A$4 -> 45006.365 | B14: 1E-HCL3 | C14: =IFERROR(VLOOKUP($B14,_XM_XT_THUCTE,9,0),"") -> 0 | E14: =ISNUMBER(C14) -> TRUE | F14: =ISNUMBER(#REF!) -> FALSE | G14: =ISNUMBER(#REF!) -> FALSE | H14: =ISNUMBER(#REF!) -> FALSE | I14: =ISNUMBER(#REF!) -> FALSE | J14: =ISNUMBER(#REF!) -> FALSE | K14: =ISNUMBER(#REF!) -> FALSE | L14: =ISNUMBER(#REF!) -> FALSE | M14: =ISNUMBER(#REF!) -> FALSE | ... P14: =ISNUMBER(#REF!) -> FALSE | Q14: =IF(E14=TRUE,"",1)
A15: =$A$4 -> 45006.365 | B15: 1E-HNO3 | C15: =IFERROR(VLOOKUP($B15,_XM_XT_THUCTE,9,0),"") -> 0 | E15: =ISNUMBER(C15) -> TRUE | F15: =ISNUMBER(#REF!) -> FALSE | G15: =ISNUMBER(#REF!) -> FALSE | H15: =ISNUMBER(#REF!) -> FALSE | I15: =ISNUMBER(#REF!) -> FALSE | J15: =ISNUMBER(#REF!) -> FALSE | K15: =ISNUMBER(#REF!) -> FALSE | L15: =ISNUMBER(#REF!) -> FALSE | M15: =ISNUMBER(#REF!) -> FALSE | ... P15: =ISNUMBER(#REF!) -> FALSE | Q15: =IF(E15=TRUE,"",1)
A16: =$A$4 -> 45006.365 | B16: 1E-MEM | C16: =IFERROR(VLOOKUP($B16,_XM_XT_THUCTE,9,0),"") -> 0 | E16: =ISNUMBER(C16) -> TRUE | F16: =ISNUMBER(#REF!) -> FALSE | G16: =ISNUMBER(#REF!) -> FALSE | H16: =ISNUMBER(#REF!) -> FALSE | I16: =ISNUMBER(#REF!) -> FALSE | J16: =ISNUMBER(#REF!) -> FALSE | K16: =ISNUMBER(#REF!) -> FALSE | L16: =ISNUMBER(#REF!) -> FALSE | M16: =ISNUMBER(#REF!) -> FALSE | ... P16: =ISNUMBER(#REF!) -> FALSE | Q16: =IF(E16=TRUE,"",1)
... A45: =$A$4 -> 45006.365 | B45: XT-MEM | C45: =IFERROR(VLOOKUP($B45,_XM_XT_THUCTE,9,0),"") -> 0 | E45: =ISNUMBER(C45) -> TRUE | F45: =ISNUMBER(#REF!) -> FALSE | G45: =ISNUMBER(#REF!) -> FALSE | H45: =ISNUMBER(#REF!) -> FALSE | I45: =ISNUMBER(#REF!) -> FALSE | J45: =ISNUMBER(#REF!) -> FALSE | K45: =ISNUMBER(#REF!) -> FALSE | L45: =ISNUMBER(#REF!) -> FALSE | M45: =ISNUMBER(#REF!) -> FALSE | ... P45: =ISNUMBER(#REF!) -> FALSE | Q45: =IF(E45=TRUE,"",1)
A46: =$A$4 -> 45006.365 | B46: RLE-HCL1 | C46: =IFERROR(VLOOKUP($B46,RLMLXD,8,0),"") -> 0 | E46: =ISNUMBER(C46) -> TRUE | F46: =ISNUMBER(#REF!) -> FALSE | G46: =ISNUMBER(#REF!) -> FALSE | H46: =ISNUMBER(#REF!) -> FALSE | I46: =ISNUMBER(#REF!) -> FALSE | J46: =ISNUMBER(#REF!) -> FALSE | K46: =ISNUMBER(#REF!) -> FALSE | L46: =ISNUMBER(#REF!) -> FALSE | M46: =ISNUMBER(#REF!) -> FALSE | ... P46: =ISNUMBER(#REF!) -> FALSE | Q46: =IF(E46=TRUE,"",1)
A47: =$A$4 -> 45006.365 | B47: RLE-HCL2 | C47: =IFERROR(VLOOKUP($B47,RLMLXD,8,0),"") -> 0 | E47: =ISNUMBER(C47) -> TRUE | F47: =ISNUMBER(#REF!) -> FALSE | G47: =ISNUMBER(#REF!) -> FALSE | H47: =ISNUMBER(#REF!) -> FALSE | I47: =ISNUMBER(#REF!) -> FALSE | J47: =ISNUMBER(#REF!) -> FALSE | K47: =ISNUMBER(#REF!) -> FALSE | L47: =ISNUMBER(#REF!) -> FALSE | M47: =ISNUMBER(#REF!) -> FALSE | ... P47: =ISNUMBER(#REF!) -> FALSE | Q47: =IF(E47=TRUE,"",1)
A48: =$A$4 -> 45006.365 | B48: RLE-PP1TA | C48: =IFERROR(VLOOKUP($B48,RLMLXD,8,0),"") -> 0 | E48: =ISNUMBER(C48) -> TRUE | F48: =ISNUMBER(#REF!) -> FALSE | G48: =ISNUMBER(#REF!) -> FALSE | H48: =ISNUMBER(#REF!) -> FALSE | I48: =ISNUMBER(#REF!) -> FALSE | J48: =ISNUMBER(#REF!) -> FALSE | K48: =ISNUMBER(#REF!) -> FALSE | L48: =ISNUMBER(#REF!) -> FALSE | M48: =ISNUMBER(#REF!) -> FALSE | ... P48: =ISNUMBER(#REF!) -> FALSE | Q48: =IF(E48=TRUE,"",1)
A49: =$A$4 -> 45006.365 | B49: RLE-PP1AX | C49: =IFERROR(VLOOKUP($B49,RLMLXD,8,0),"") -> 0 | E49: =ISNUMBER(C49) -> TRUE | F49: =ISNUMBER(#REF!) -> FALSE | G49: =ISNUMBER(#REF!) -> FALSE | H49: =ISNUMBER(#REF!) -> FALSE | I49: =ISNUMBER(#REF!) -> FALSE | J49: =ISNUMBER(#REF!) -> FALSE | K49: =ISNUMBER(#REF!) -> FALSE | L49: =ISNUMBER(#REF!) -> FALSE | M49: =ISNUMBER(#REF!) -> FALSE | ... P49: =ISNUMBER(#REF!) -> FALSE | Q49: =IF(E49=TRUE,"",1)
A50: =$A$4 -> 45006.365 | B50: RLE-PP1PL | C50: =IFERROR(VLOOKUP($B50,RLMLXD,8,0),"") -> 0 | E50: =ISNUMBER(C50) -> TRUE | F50: =ISNUMBER(#REF!) -> FALSE | G50: =ISNUMBER(#REF!) -> FALSE | H50: =ISNUMBER(#REF!) -> FALSE | I50: =ISNUMBER(#REF!) -> FALSE | J50: =ISNUMBER(#REF!) -> FALSE | K50: =ISNUMBER(#REF!) -> FALSE | L50: =ISNUMBER(#REF!) -> FALSE | M50: =ISNUMBER(#REF!) -> FALSE | ... P50: =ISNUMBER(#REF!) -> FALSE | Q50: =IF(E50=TRUE,"",1)
A51: =$A$4 -> 45006.365 | B51: RLE-PP2TA | C51: =IFERROR(VLOOKUP($B51,RLMLXD,8,0),"") -> 0 | E51: =ISNUMBER(C51) -> TRUE | F51: =ISNUMBER(#REF!) -> FALSE | G51: =ISNUMBER(#REF!) -> FALSE | H51: =ISNUMBER(#REF!) -> FALSE | I51: =ISNUMBER(#REF!) -> FALSE | J51: =ISNUMBER(#REF!) -> FALSE | K51: =ISNUMBER(#REF!) -> FALSE | L51: =ISNUMBER(#REF!) -> FALSE | M51: =ISNUMBER(#REF!) -> FALSE | ... P51: =ISNUMBER(#REF!) -> FALSE | Q51: =IF(E51=TRUE,"",1)
A52: =$A$4 -> 45006.365 | B52: RLE-PP2AX | C52: =IFERROR(VLOOKUP($B52,RLMLXD,8,0),"") -> 0 | E52: =ISNUMBER(C52) -> TRUE | F52: =ISNUMBER(#REF!) -> FALSE | G52: =ISNUMBER(#REF!) -> FALSE | H52: =ISNUMBER(#REF!) -> FALSE | I52: =ISNUMBER(#REF!) -> FALSE | J52: =ISNUMBER(#REF!) -> FALSE | K52: =ISNUMBER(#REF!) -> FALSE | L52: =ISNUMBER(#REF!) -> FALSE | M52: =ISNUMBER(#REF!) -> FALSE | ... P52: =ISNUMBER(#REF!) -> FALSE | Q52: =IF(E52=TRUE,"",1)
A53: =$A$4 -> 45006.365 | B53: RLE-PP2PL | C53: =IFERROR(VLOOKUP($B53,RLMLXD,8,0),"") -> 0 | E53: =ISNUMBER(C53) -> TRUE | F53: =ISNUMBER(#REF!) -> FALSE | G53: =ISNUMBER(#REF!) -> FALSE | H53: =ISNUMBER(#REF!) -> FALSE | I53: =ISNUMBER(#REF!) -> FALSE | J53: =ISNUMBER(#REF!) -> FALSE | K53: =ISNUMBER(#REF!) -> FALSE | L53: =ISNUMBER(#REF!) -> FALSE | M53: =ISNUMBER(#REF!) -> FALSE | ... P53: =ISNUMBER(#REF!) -> FALSE | Q53: =IF(E53=TRUE,"",1)
A54: =$A$4 -> 45006.365 | B54: RLE-XB | C54: =IFERROR(VLOOKUP($B54,RLMLXD,8,0),"") -> 0 | E54: =ISNUMBER(C54) -> TRUE | F54: =ISNUMBER(#REF!) -> FALSE | G54: =ISNUMBER(#REF!) -> FALSE | H54: =ISNUMBER(#REF!) -> FALSE | I54: =ISNUMBER(#REF!) -> FALSE | J54: =ISNUMBER(#REF!) -> FALSE | K54: =ISNUMBER(#REF!) -> FALSE | L54: =ISNUMBER(#REF!) -> FALSE | M54: =ISNUMBER(#REF!) -> FALSE | ... P54: =ISNUMBER(#REF!) -> FALSE | Q54: =IF(E54=TRUE,"",1)
A55: =$A$4 -> 45006.365 | B55: RLE-XBPH | C55: =IFERROR(VLOOKUP($B55,RLMLXD,8,0),"") -> 0 | E55: =ISNUMBER(C55) -> TRUE | F55: =ISNUMBER(#REF!) -> FALSE | G55: =ISNUMBER(#REF!) -> FALSE | H55: =ISNUMBER(#REF!) -> FALSE | I55: =ISNUMBER(#REF!) -> FALSE | J55: =ISNUMBER(#REF!) -> FALSE | K55: =ISNUMBER(#REF!) -> FALSE | L55: =ISNUMBER(#REF!) -> FALSE | M55: =ISNUMBER(#REF!) -> FALSE | ... P55: =ISNUMBER(#REF!) -> FALSE | Q55: =IF(E55=TRUE,"",1)
A56: =$A$4 -> 45006.365 | B56: RLG-KD | C56: =IFERROR(VLOOKUP($B56,RLMLXD,8,0),"") -> 0 | E56: =ISNUMBER(C56) -> TRUE | F56: =ISNUMBER(#REF!) -> FALSE | G56: =ISNUMBER(#REF!) -> FALSE | H56: =ISNUMBER(#REF!) -> FALSE | I56: =ISNUMBER(#REF!) -> FALSE | J56: =ISNUMBER(#REF!) -> FALSE | K56: =ISNUMBER(#REF!) -> FALSE | L56: =ISNUMBER(#REF!) -> FALSE | M56: =ISNUMBER(#REF!) -> FALSE | ... P56: =ISNUMBER(#REF!) -> FALSE | Q56: =IF(E56=TRUE,"",1)
A57: =$A$4 -> 45006.365 | B57: RLG-HCL1 | C57: =IFERROR(VLOOKUP($B57,RLMLXD,8,0),"") -> 0 | E57: =ISNUMBER(C57) -> TRUE | F57: =ISNUMBER(#REF!) -> FALSE | G57: =ISNUMBER(#REF!) -> FALSE | H57: =ISNUMBER(#REF!) -> FALSE | I57: =ISNUMBER(#REF!) -> FALSE | J57: =ISNUMBER(#REF!) -> FALSE | K57: =ISNUMBER(#REF!) -> FALSE | L57: =ISNUMBER(#REF!) -> FALSE | M57: =ISNUMBER(#REF!) -> FALSE | ... P57: =ISNUMBER(#REF!) -> FALSE | Q57: =IF(E57=TRUE,"",1)
... A96: =$A$4 -> 45006.365 | B96: DC-BLACK08 | C96: =IFERROR(VLOOKUP($B96,RLMLXD,8,0),"") -> 0 | E96: =ISNUMBER(C96) -> TRUE | F96: =ISNUMBER(#REF!) -> FALSE | G96: =ISNUMBER(#REF!) -> FALSE | H96: =ISNUMBER(#REF!) -> FALSE | I96: =ISNUMBER(#REF!) -> FALSE | J96: =ISNUMBER(#REF!) -> FALSE | K96: =ISNUMBER(#REF!) -> FALSE | L96: =ISNUMBER(#REF!) -> FALSE | M96: =ISNUMBER(#REF!) -> FALSE | ... P96: =ISNUMBER(#REF!) -> FALSE | Q96: =IF(E96=TRUE,"",1)

Sheet 2
A1: "BÁO CÁO KẾT QUẢ HÓA NGHIỆM HÀNG NGÀY 表面處理生產製程管控記錄表"
A2: NGAY | B2: Ma__Hang_muc | C2: Nong_Do_02 | E2: 1 | F2: bs | G2: 2 | H2: bs | I2: 3 | J2: bs | K2: 4 | L2: bs | M2: 5 | N2: bs | O2: 6 | P2: bs | Q2: 2
A3: Date | B3: Code | C3: 濃度 g/L-02
A4: =MENU!Y9 -> 45006.448 | B4: 1E-XB1 | C4: =IFERROR(VLOOKUP($B4,_XM_XT_THUCTE,15,0),"") -> 0 | E4: =ISNUMBER(#REF!) -> FALSE | F4: =ISNUMBER(#REF!) -> FALSE | G4: =ISNUMBER(C4) -> TRUE | H4: =ISNUMBER(#REF!) -> FALSE | I4: =ISNUMBER(#REF!) -> FALSE | J4: =ISNUMBER(#REF!) -> FALSE | K4: =ISNUMBER(#REF!) -> FALSE | L4: =ISNUMBER(#REF!) -> FALSE | M4: =ISNUMBER(#REF!) -> FALSE | N4: =ISNUMBER(#REF!) -> FALSE | O4: =ISNUMBER(#REF!) -> FALSE | P4: =ISNUMBER(#REF!) -> FALSE | Q4: =IF(G4=TRUE,"",1)
A5: =$A$4 -> 45006.448 | B5: 1E-XB2 | C5: =IFERROR(VLOOKUP($B5,_XM_XT_THUCTE,15,0),"") -> 0 | E5: =ISNUMBER(#REF!) -> FALSE | F5: =ISNUMBER(#REF!) -> FALSE | G5: =ISNUMBER(C5) -> TRUE | H5: =ISNUMBER(#REF!) -> FALSE | I5: =ISNUMBER(#REF!) -> FALSE | J5: =ISNUMBER(#REF!) -> FALSE | K5: =ISNUMBER(#REF!) -> FALSE | L5: =ISNUMBER(#REF!) -> FALSE | M5: =ISNUMBER(#REF!) -> FALSE | N5: =ISNUMBER(#REF!) -> FALSE | O5: =ISNUMBER(#REF!) -> FALSE | P5: =ISNUMBER(#REF!) -> FALSE | Q5: =IF(G5=TRUE,"",1)
A6: =$A$4 -> 45006.448 | B6: 1E-DG1 | C6: =IFERROR(VLOOKUP($B6,_XM_XT_THUCTE,15,0),"") -> 0 | E6: =ISNUMBER(#REF!) -> FALSE | F6: =ISNUMBER(#REF!) -> FALSE | G6: =ISNUMBER(C6) -> TRUE | H6: =ISNUMBER(#REF!) -> FALSE | I6: =ISNUMBER(#REF!) -> FALSE | J6: =ISNUMBER(#REF!) -> FALSE | K6: =ISNUMBER(#REF!) -> FALSE | L6: =ISNUMBER(#REF!) -> FALSE | M6: =ISNUMBER(#REF!) -> FALSE | N6: =ISNUMBER(#REF!) -> FALSE | O6: =ISNUMBER(#REF!) -> FALSE | P6: =ISNUMBER(#REF!) -> FALSE | Q6: =IF(G6=TRUE,"",1)
A7: =$A$4 -> 45006.448 | B7: 1E-DG2 | C7: =IFERROR(VLOOKUP($B7,_XM_XT_THUCTE,15,0),"") -> 0 | E7: =ISNUMBER(#REF!) -> FALSE | F7: =ISNUMBER(#REF!) -> FALSE | G7: =ISNUMBER(C7) -> TRUE | H7: =ISNUMBER(#REF!) -> FALSE | I7: =ISNUMBER(#REF!) -> FALSE | J7: =ISNUMBER(#REF!) -> FALSE | K7: =ISNUMBER(#REF!) -> FALSE | L7: =ISNUMBER(#REF!) -> FALSE | M7: =ISNUMBER(#REF!) -> FALSE | N7: =ISNUMBER(#REF!) -> FALSE | O7: =ISNUMBER(#REF!) -> FALSE | P7: =ISNUMBER(#REF!) -> FALSE | Q7: =IF(G7=TRUE,"",1)
A8: =$A$4 -> 45006.448 | B8: 1E-NAOH | C8: =IFERROR(VLOOKUP($B8,_XM_XT_THUCTE,15,0),"") -> 0 | E8: =ISNUMBER(#REF!) -> FALSE | F8: =ISNUMBER(#REF!) -> FALSE | G8: =ISNUMBER(C8) -> TRUE | H8: =ISNUMBER(#REF!) -> FALSE | I8: =ISNUMBER(#REF!) -> FALSE | J8: =ISNUMBER(#REF!) -> FALSE | K8: =ISNUMBER(#REF!) -> FALSE | L8: =ISNUMBER(#REF!) -> FALSE | M8: =ISNUMBER(#REF!) -> FALSE | N8: =ISNUMBER(#REF!) -> FALSE | O8: =ISNUMBER(#REF!) -> FALSE | P8: =ISNUMBER(#REF!) -> FALSE | Q8: =IF(G8=TRUE,"",1)
A9: =$A$4 -> 45006.448 | B9: 1E-ZN | C9: =IFERROR(VLOOKUP($B9,_XM_XT_THUCTE,15,0),"") -> 0 | E9: =ISNUMBER(#REF!) -> FALSE | F9: =ISNUMBER(#REF!) -> FALSE | G9: =ISNUMBER(C9) -> TRUE | H9: =ISNUMBER(#REF!) -> FALSE | I9: =ISNUMBER(#REF!) -> FALSE | J9: =ISNUMBER(#REF!) -> FALSE | K9: =ISNUMBER(#REF!) -> FALSE | L9: =ISNUMBER(#REF!) -> FALSE | M9: =ISNUMBER(#REF!) -> FALSE | N9: =ISNUMBER(#REF!) -> FALSE | O9: =ISNUMBER(#REF!) -> FALSE | P9: =ISNUMBER(#REF!) -> FALSE | Q9: =IF(G9=TRUE,"",1)
A10: =$A$4 -> 45006.448 | B10: 1E-CR3I | C10: =IFERROR(VLOOKUP($B10,_XM_XT_THUCTE,15,0),"") -> 0 | E10: =ISNUMBER(#REF!) -> FALSE | F10: =ISNUMBER(#REF!) -> FALSE | G10: =ISNUMBER(C10) -> TRUE | H10: =ISNUMBER(#REF!) -> FALSE | I10: =ISNUMBER(#REF!) -> FALSE | J10: =ISNUMBER(#REF!) -> FALSE | K10: =ISNUMBER(#REF!) -> FALSE | L10: =ISNUMBER(#REF!) -> FALSE | M10: =ISNUMBER(#REF!) -> FALSE | N10: =ISNUMBER(#REF!) -> FALSE | O10: =ISNUMBER(#REF!) -> FALSE | P10: =ISNUMBER(#REF!) -> FALSE | Q10: =IF(G10=TRUE,"",1)
A11: =$A$4 -> 45006.448 | B11: 1E-CR3IPH | C11: =IFERROR(VLOOKUP($B11,_XM_XT_THUCTE,15,0),"") -> 0 | E11: =ISNUMBER(#REF!) -> FALSE | F11: =ISNUMBER(#REF!) -> FALSE | G11: =ISNUMBER(C11) -> TRUE | H11: =ISNUMBER(#REF!) -> FALSE | I11: =ISNUMBER(#REF!) -> FALSE | J11: =ISNUMBER(#REF!) -> FALSE | K11: =ISNUMBER(#REF!) -> FALSE | L11: =ISNUMBER(#REF!) -> FALSE | M11: =ISNUMBER(#REF!) -> FALSE | N11: =ISNUMBER(#REF!) -> FALSE | O11: =ISNUMBER(#REF!) -> FALSE | P11: =ISNUMBER(#REF!) -> FALSE | Q11: =IF(G11=TRUE,"",1)
A12: =$A$4 -> 45006.448 | B12: 1E-HCL1 | C12: =IFERROR(VLOOKUP($B12,_XM_XT_THUCTE,15,0),"") -> 0 | E12: =ISNUMBER(#REF!) -> FALSE | F12: =ISNUMBER(#REF!) -> FALSE | G12: =ISNUMBER(C12) -> TRUE | H12: =ISNUMBER(#REF!) -> FALSE | I12: =ISNUMBER(#REF!) -> FALSE | J12: =ISNUMBER(#REF!) -> FALSE | K12: =ISNUMBER(#REF!) -> FALSE | L12: =ISNUMBER(#REF!) -> FALSE | M12: =ISNUMBER(#REF!) -> FALSE | N12: =ISNUMBER(#REF!) -> FALSE | O12: =ISNUMBER(#REF!) -> FALSE | P12: =ISNUMBER(#REF!) -> FALSE | Q12: =IF(G12=TRUE,"",1)
A13: =$A$4 -> 45006.448 | B13: 1E-HCL2 | C13: =IFERROR(VLOOKUP($B13,_XM_XT_THUCTE,15,0),"") -> 0 | E13: =ISNUMBER(#REF!) -> FALSE | F13: =ISNUMBER(#REF!) -> FALSE | G13: =ISNUMBER(C13) -> TRUE | H13: =ISNUMBER(#REF!) -> FALSE | I13: =ISNUMBER(#REF!) -> FALSE | J13: =ISNUMBER(#REF!) -> FALSE | K13: =ISNUMBER(#REF!) -> FALSE | L13: =ISNUMBER(#REF!) -> FALSE | M13: =ISNUMBER(#REF!) -> FALSE | N13: =ISNUMBER(#REF!) -> FALSE | O13: =ISNUMBER(#REF!) -> FALSE | P13: =ISNUMBER(#REF!) -> FALSE | Q13: =IF(G13=TRUE,"",1)
A14: =$A$4 -> 45006.448 | B14: 1E-HCL3 | C14: =IFERROR(VLOOKUP($B14,_XM_XT_THUCTE,15,0),"") -> 0 | E14: =ISNUMBER(#REF!) -> FALSE | F14: =ISNUMBER(#REF!) -> FALSE | G14: =ISNUMBER(C14) -> TRUE | H14: =ISNUMBER(#REF!) -> FALSE | I14: =ISNUMBER(#REF!) -> FALSE | J14: =ISNUMBER(#REF!) -> FALSE | K14: =ISNUMBER(#REF!) -> FALSE | L14: =ISNUMBER(#REF!) -> FALSE | M14: =ISNUMBER(#REF!) -> FALSE | N14: =ISNUMBER(#REF!) -> FALSE | O14: =ISNUMBER(#REF!) -> FALSE | P14: =ISNUMBER(#REF!) -> FALSE | Q14: =IF(G14=TRUE,"",1)
A15: =$A$4 -> 45006.448 | B15: 1E-HNO3 | C15: =IFERROR(VLOOKUP($B15,_XM_XT_THUCTE,15,0),"") -> 0 | E15: =ISNUMBER(#REF!) -> FALSE | F15: =ISNUMBER(#REF!) -> FALSE | G15: =ISNUMBER(C15) -> TRUE | H15: =ISNUMBER(#REF!) -> FALSE | I15: =ISNUMBER(#REF!) -> FALSE | J15: =ISNUMBER(#REF!) -> FALSE | K15: =ISNUMBER(#REF!) -> FALSE | L15: =ISNUMBER(#REF!) -> FALSE | M15: =ISNUMBER(#REF!) -> FALSE | N15: =ISNUMBER(#REF!) -> FALSE | O15: =ISNUMBER(#REF!) -> FALSE | P15: =ISNUMBER(#REF!) -> FALSE | Q15: =IF(G15=TRUE,"",1)
A16: =$A$4 -> 45006.448 | B16: 1E-MEM | C16: =IFERROR(VLOOKUP($B16,_XM_XT_THUCTE,15,0),"") -> 0 | E16: =ISNUMBER(#REF!) -> FALSE | F16: =ISNUMBER(#REF!) -> FALSE | G16: =ISNUMBER(C16) -> TRUE | H16: =ISNUMBER(#REF!) -> FALSE | I16: =ISNUMBER(#REF!) -> FALSE | J16: =ISNUMBER(#REF!) -> FALSE | K16: =ISNUMBER(#REF!) -> FALSE | L16: =ISNUMBER(#REF!) -> FALSE | M16: =ISNUMBER(#REF!) -> FALSE | N16: =ISNUMBER(#REF!) -> FALSE | O16: =ISNUMBER(#REF!) -> FALSE | P16: =ISNUMBER(#REF!) -> FALSE | Q16: =IF(G16=TRUE,"",1)
... A45: =$A$4 -> 45006.448 | B45: XT-MEM | C45: =IFERROR(VLOOKUP($B45,_XM_XT_THUCTE,15,0),"") -> 0 | E45: =ISNUMBER(#REF!) -> FALSE | F45: =ISNUMBER(#REF!) -> FALSE | G45: =ISNUMBER(C45) -> TRUE | H45: =ISNUMBER(#REF!) -> FALSE | I45: =ISNUMBER(#REF!) -> FALSE | J45: =ISNUMBER(#REF!) -> FALSE | K45: =ISNUMBER(#REF!) -> FALSE | L45: =ISNUMBER(#REF!) -> FALSE | M45: =ISNUMBER(#REF!) -> FALSE | N45: =ISNUMBER(#REF!) -> FALSE | O45: =ISNUMBER(#REF!) -> FALSE | P45: =ISNUMBER(#REF!) -> FALSE | Q45: =IF(G45=TRUE,"",1)

Sheet 3
A1: "BÁO CÁO KẾT QUẢ HÓA NGHIỆM HÀNG NGÀY 表面處理生產製程管控記錄表"
A2: NGAY | B2: Ma__Hang_muc | C2: Nong_Do_03 | E2: 1 | F2: bs | G2: 2 | H2: bs | I2: 3 | J2: bs | K2: 4 | L2: bs | M2: 5 | N2: bs | O2: 6 | P2: bs | Q2: 3
A3: Date | B3: Code | C3: 濃度 g/03
A4: =MENU!Y12 -> 45006.646 | B4: 1E-XB1 | C4: =IFERROR(VLOOKUP($B4,_XM_XT_THUCTE,21,0),"") -> 0 | E4: =ISNUMBER(#REF!) -> FALSE | F4: =ISNUMBER(#REF!) -> FALSE | G4: =ISNUMBER(#REF!) -> FALSE | H4: =ISNUMBER(#REF!) -> FALSE | I4: =ISNUMBER(C4) -> TRUE | J4: =ISNUMBER(#REF!) -> FALSE | K4: =ISNUMBER(#REF!) -> FALSE | L4: =ISNUMBER(#REF!) -> FALSE | M4: =ISNUMBER(#REF!) -> FALSE | N4: =ISNUMBER(#REF!) -> FALSE | O4: =ISNUMBER(#REF!) -> FALSE | P4: =ISNUMBER(#REF!) -> FALSE | Q4: =IF(I4=TRUE,"",1)
A5: =IF(B5="","",$A$4) -> 45006.646 | B5: 1E-XB2 | C5: =IFERROR(VLOOKUP($B5,_XM_XT_THUCTE,21,0),"") -> 0 | E5: =ISNUMBER(#REF!) -> FALSE | F5: =ISNUMBER(#REF!) -> FALSE | G5: =ISNUMBER(#REF!) -> FALSE | H5: =ISNUMBER(#REF!) -> FALSE | I5: =ISNUMBER(C5) -> TRUE | J5: =ISNUMBER(#REF!) -> FALSE | K5: =ISNUMBER(#REF!) -> FALSE | L5: =ISNUMBER(#REF!) -> FALSE | M5: =ISNUMBER(#REF!) -> FALSE | N5: =ISNUMBER(#REF!) -> FALSE | O5: =ISNUMBER(#REF!) -> FALSE | P5: =ISNUMBER(#REF!) -> FALSE | Q5: =IF(I5=TRUE,"",1)
A6: =IF(B6="","",$A$4) -> 45006.646 | B6: 1E-DG1 | C6: =IFERROR(VLOOKUP($B6,_XM_XT_THUCTE,21,0),"") -> 0 | E6: =ISNUMBER(#REF!) -> FALSE | F6: =ISNUMBER(#REF!) -> FALSE | G6: =ISNUMBER(#REF!) -> FALSE | H6: =ISNUMBER(#REF!) -> FALSE | I6: =ISNUMBER(C6) -> TRUE | J6: =ISNUMBER(#REF!) -> FALSE | K6: =ISNUMBER(#REF!) -> FALSE | L6: =ISNUMBER(#REF!) -> FALSE | M6: =ISNUMBER(#REF!) -> FALSE | N6: =ISNUMBER(#REF!) -> FALSE | O6: =ISNUMBER(#REF!) -> FALSE | P6: =ISNUMBER(#REF!) -> FALSE | Q6: =IF(I6=TRUE,"",1)
A7: =IF(B7="","",$A$4) -> 45006.646 | B7: 1E-DG2 | C7: =IFERROR(VLOOKUP($B7,_XM_XT_THUCTE,21,0),"") -> 0 | E7: =ISNUMBER(#REF!) -> FALSE | F7: =ISNUMBER(#REF!) -> FALSE | G7: =ISNUMBER(#REF!) -> FALSE | H7: =ISNUMBER(#REF!) -> FALSE | I7: =ISNUMBER(C7) -> TRUE | J7: =ISNUMBER(#REF!) -> FALSE | K7: =ISNUMBER(#REF!) -> FALSE | L7: =ISNUMBER(#REF!) -> FALSE | M7: =ISNUMBER(#REF!) -> FALSE | N7: =ISNUMBER(#REF!) -> FALSE | O7: =ISNUMBER(#REF!) -> FALSE | P7: =ISNUMBER(#REF!) -> FALSE | Q7: =IF(I7=TRUE,"",1)
A8: =IF(B8="","",$A$4) -> 45006.646 | B8: 1E-NAOH | C8: =IFERROR(VLOOKUP($B8,_XM_XT_THUCTE,21,0),"") -> 0 | E8: =ISNUMBER(#REF!) -> FALSE | F8: =ISNUMBER(#REF!) -> FALSE | G8: =ISNUMBER(#REF!) -> FALSE | H8: =ISNUMBER(#REF!) -> FALSE | I8: =ISNUMBER(C8) -> TRUE | J8: =ISNUMBER(#REF!) -> FALSE | K8: =ISNUMBER(#REF!) -> FALSE | L8: =ISNUMBER(#REF!) -> FALSE | M8: =ISNUMBER(#REF!) -> FALSE | N8: =ISNUMBER(#REF!) -> FALSE | O8: =ISNUMBER(#REF!) -> FALSE | P8: =ISNUMBER(#REF!) -> FALSE | Q8: =IF(I8=TRUE,"",1)
A9: =IF(B9="","",$A$4) -> 45006.646 | B9: 1E-ZN | C9: =IFERROR(VLOOKUP($B9,_XM_XT_THUCTE,21,0),"") -> 0 | E9: =ISNUMBER(#REF!) -> FALSE | F9: =ISNUMBER(#REF!) -> FALSE | G9: =ISNUMBER(#REF!) -> FALSE | H9: =ISNUMBER(#REF!) -> FALSE | I9: =ISNUMBER(C9) -> TRUE | J9: =ISNUMBER(#REF!) -> FALSE | K9: =ISNUMBER(#REF!) -> FALSE | L9: =ISNUMBER(#REF!) -> FALSE | M9: =ISNUMBER(#REF!) -> FALSE | N9: =ISNUMBER(#REF!) -> FALSE | O9: =ISNUMBER(#REF!) -> FALSE | P9: =ISNUMBER(#REF!) -> FALSE | Q9: =IF(I9=TRUE,"",1)
A10: =IF(B10="","",$A$4) -> 45006.646 | B10: 1E-CR3I | C10: =IFERROR(VLOOKUP($B10,_XM_XT_THUCTE,21,0),"") -> 0 | E10: =ISNUMBER(#REF!) -> FALSE | F10: =ISNUMBER(#REF!) -> FALSE | G10: =ISNUMBER(#REF!) -> FALSE | H10: =ISNUMBER(#REF!) -> FALSE | I10: =ISNUMBER(C10) -> TRUE | J10: =ISNUMBER(#REF!) -> FALSE | K10: =ISNUMBER(#REF!) -> FALSE | L10: =ISNUMBER(#REF!) -> FALSE | M10: =ISNUMBER(#REF!) -> FALSE | N10: =ISNUMBER(#REF!) -> FALSE | O10: =ISNUMBER(#REF!) -> FALSE | P10: =ISNUMBER(#REF!) -> FALSE | Q10: =IF(I10=TRUE,"",1)
A11: =IF(B11="","",$A$4) -> 45006.646 | B11: 1E-CR3IPH | C11: =IFERROR(VLOOKUP($B11,_XM_XT_THUCTE,21,0),"") -> 0 | E11: =ISNUMBER(#REF!) -> FALSE | F11: =ISNUMBER(#REF!) -> FALSE | G11: =ISNUMBER(#REF!) -> FALSE | H11: =ISNUMBER(#REF!) -> FALSE | I11: =ISNUMBER(C11) -> TRUE | J11: =ISNUMBER(#REF!) -> FALSE | K11: =ISNUMBER(#REF!) -> FALSE | L11: =ISNUMBER(#REF!) -> FALSE | M11: =ISNUMBER(#REF!) -> FALSE | N11: =ISNUMBER(#REF!) -> FALSE | O11: =ISNUMBER(#REF!) -> FALSE | P11: =ISNUMBER(#REF!) -> FALSE | Q11: =IF(I11=TRUE,"",1)
A12: =IF(B12="","",$A$4) -> 45006.646 | B12: 1E-HCL1 | C12: =IFERROR(VLOOKUP($B12,_XM_XT_THUCTE,21,0),"") -> 0 | E12: =ISNUMBER(#REF!) -> FALSE | F12: =ISNUMBER(#REF!) -> FALSE | G12: =ISNUMBER(#REF!) -> FALSE | H12: =ISNUMBER(#REF!) -> FALSE | I12: =ISNUMBER(C12) -> TRUE | J12: =ISNUMBER(#REF!) -> FALSE | K12: =ISNUMBER(#REF!) -> FALSE | L12: =ISNUMBER(#REF!) -> FALSE | M12: =ISNUMBER(#REF!) -> FALSE | N12: =ISNUMBER(#REF!) -> FALSE | O12: =ISNUMBER(#REF!) -> FALSE | P12: =ISNUMBER(#REF!) -> FALSE | Q12: =IF(I12=TRUE,"",1)
A13: =IF(B13="","",$A$4) -> 45006.646 | B13: 1E-HCL2 | C13: =IFERROR(VLOOKUP($B13,_XM_XT_THUCTE,21,0),"") -> 0 | E13: =ISNUMBER(#REF!) -> FALSE | F13: =ISNUMBER(#REF!) -> FALSE | G13: =ISNUMBER(#REF!) -> FALSE | H13: =ISNUMBER(#REF!) -> FALSE | I13: =ISNUMBER(C13) -> TRUE | J13: =ISNUMBER(#REF!) -> FALSE | K13: =ISNUMBER(#REF!) -> FALSE | L13: =ISNUMBER(#REF!) -> FALSE | M13: =ISNUMBER(#REF!) -> FALSE | N13: =ISNUMBER(#REF!) -> FALSE | O13: =ISNUMBER(#REF!) -> FALSE | P13: =ISNUMBER(#REF!) -> FALSE | Q13: =IF(I13=TRUE,"",1)
A14: =IF(B14="","",$A$4) -> 45006.646 | B14: 1E-HCL3 | C14: =IFERROR(VLOOKUP($B14,_XM_XT_THUCTE,21,0),"") -> 0 | E14: =ISNUMBER(#REF!) -> FALSE | F14: =ISNUMBER(#REF!) -> FALSE | G14: =ISNUMBER(#REF!) -> FALSE | H14: =ISNUMBER(#REF!) -> FALSE | I14: =ISNUMBER(C14) -> TRUE | J14: =ISNUMBER(#REF!) -> FALSE | K14: =ISNUMBER(#REF!) -> FALSE | L14: =ISNUMBER(#REF!) -> FALSE | M14: =ISNUMBER(#REF!) -> FALSE | N14: =ISNUMBER(#REF!) -> FALSE | O14: =ISNUMBER(#REF!) -> FALSE | P14: =ISNUMBER(#REF!) -> FALSE | Q14: =IF(I14=TRUE,"",1)
A15: =IF(B15="","",$A$4) -> 45006.646 | B15: 1E-HNO3 | C15: =IFERROR(VLOOKUP($B15,_XM_XT_THUCTE,21,0),"") -> 0 | E15: =ISNUMBER(#REF!) -> FALSE | F15: =ISNUMBER(#REF!) -> FALSE | G15: =ISNUMBER(#REF!) -> FALSE | H15: =ISNUMBER(#REF!) -> FALSE | I15: =ISNUMBER(C15) -> TRUE | J15: =ISNUMBER(#REF!) -> FALSE | K15: =ISNUMBER(#REF!) -> FALSE | L15: =ISNUMBER(#REF!) -> FALSE | M15: =ISNUMBER(#REF!) -> FALSE | N15: =ISNUMBER(#REF!) -> FALSE | O15: =ISNUMBER(#REF!) -> FALSE | P15: =ISNUMBER(#REF!) -> FALSE | Q15: =IF(I15=TRUE,"",1)
A16: =IF(B16="","",$A$4) -> 45006.646 | B16: 1E-MEM | C16: =IFERROR(VLOOKUP($B16,_XM_XT_THUCTE,21,0),"") -> 0 | E16: =ISNUMBER(#REF!) -> FALSE | F16: =ISNUMBER(#REF!) -> FALSE | G16: =ISNUMBER(#REF!) -> FALSE | H16: =ISNUMBER(#REF!) -> FALSE | I16: =ISNUMBER(C16) -> TRUE | J16: =ISNUMBER(#REF!) -> FALSE | K16: =ISNUMBER(#REF!) -> FALSE | L16: =ISNUMBER(#REF!) -> FALSE | M16: =ISNUMBER(#REF!) -> FALSE | N16: =ISNUMBER(#REF!) -> FALSE | O16: =ISNUMBER(#REF!) -> FALSE | P16: =ISNUMBER(#REF!) -> FALSE | Q16: =IF(I16=TRUE,"",1)
... A45: =IF(B45="","",$A$4) -> 45006.646 | B45: XT-MEM | C45: =IFERROR(VLOOKUP($B45,_XM_XT_THUCTE,21,0),"") -> 0 | E45: =ISNUMBER(#REF!) -> FALSE | F45: =ISNUMBER(#REF!) -> FALSE | G45: =ISNUMBER(#REF!) -> FALSE | H45: =ISNUMBER(#REF!) -> FALSE | I45: =ISNUMBER(C45) -> TRUE | J45: =ISNUMBER(#REF!) -> FALSE | K45: =ISNUMBER(#REF!) -> FALSE | L45: =ISNUMBER(#REF!) -> FALSE | M45: =ISNUMBER(#REF!) -> FALSE | N45: =ISNUMBER(#REF!) -> FALSE | O45: =ISNUMBER(#REF!) -> FALSE | P45: =ISNUMBER(#REF!) -> FALSE | Q45: =IF(I45=TRUE,"",1)
A46: =IF(B46="","",$A$4) -> 45006.646 | B46: RLE-HCL1 | C46: =IFERROR(VLOOKUP($B46,RLMLXD,14,0),"") -> 0 | E46: =ISNUMBER(#REF!) -> FALSE | F46: =ISNUMBER(#REF!) -> FALSE | G46: =ISNUMBER(#REF!) -> FALSE | H46: =ISNUMBER(#REF!) -> FALSE | I46: =ISNUMBER(C46) -> TRUE | J46: =ISNUMBER(#REF!) -> FALSE | K46: =ISNUMBER(#REF!) -> FALSE | L46: =ISNUMBER(#REF!) -> FALSE | M46: =ISNUMBER(#REF!) -> FALSE | N46: =ISNUMBER(#REF!) -> FALSE | O46: =ISNUMBER(#REF!) -> FALSE | P46: =ISNUMBER(#REF!) -> FALSE | Q46: =IF(I46=TRUE,"",1)
A47: =IF(B47="","",$A$4) -> 45006.646 | B47: RLE-HCL2 | C47: =IFERROR(VLOOKUP($B47,RLMLXD,14,0),"") -> 0 | E47: =ISNUMBER(#REF!) -> FALSE | F47: =ISNUMBER(#REF!) -> FALSE | G47: =ISNUMBER(#REF!) -> FALSE | H47: =ISNUMBER(#REF!) -> FALSE | I47: =ISNUMBER(C47) -> TRUE | J47: =ISNUMBER(#REF!) -> FALSE | K47: =ISNUMBER(#REF!) -> FALSE | L47: =ISNUMBER(#REF!) -> FALSE | M47: =ISNUMBER(#REF!) -> FALSE | N47: =ISNUMBER(#REF!) -> FALSE | O47: =ISNUMBER(#REF!) -> FALSE | P47: =ISNUMBER(#REF!) -> FALSE | Q47: =IF(I47=TRUE,"",1)
A48: =IF(B48="","",$A$4) -> 45006.646 | B48: RLE-PP1TA | C48: =IFERROR(VLOOKUP($B48,RLMLXD,14,0),"") -> 0 | E48: =ISNUMBER(#REF!) -> FALSE | F48: =ISNUMBER(#REF!) -> FALSE | G48: =ISNUMBER(#REF!) -> FALSE | H48: =ISNUMBER(#REF!) -> FALSE | I48: =ISNUMBER(C48) -> TRUE | J48: =ISNUMBER(#REF!) -> FALSE | K48: =ISNUMBER(#REF!) -> FALSE | L48: =ISNUMBER(#REF!) -> FALSE | M48: =ISNUMBER(#REF!) -> FALSE | N48: =ISNUMBER(#REF!) -> FALSE | O48: =ISNUMBER(#REF!) -> FALSE | P48: =ISNUMBER(#REF!) -> FALSE | Q48: =IF(I48=TRUE,"",1)
A49: =IF(B49="","",$A$4) -> 45006.646 | B49: RLE-PP1AX | C49: =IFERROR(VLOOKUP($B49,RLMLXD,14,0),"") -> 0 | E49: =ISNUMBER(#REF!) -> FALSE | F49: =ISNUMBER(#REF!) -> FALSE | G49: =ISNUMBER(#REF!) -> FALSE | H49: =ISNUMBER(#REF!) -> FALSE | I49: =ISNUMBER(C49) -> TRUE | J49: =ISNUMBER(#REF!) -> FALSE | K49: =ISNUMBER(#REF!) -> FALSE | L49: =ISNUMBER(#REF!) -> FALSE | M49: =ISNUMBER(#REF!) -> FALSE | N49: =ISNUMBER(#REF!) -> FALSE | O49: =ISNUMBER(#REF!) -> FALSE | P49: =ISNUMBER(#REF!) -> FALSE | Q49: =IF(I49=TRUE,"",1)
A50: =IF(B50="","",$A$4) -> 45006.646 | B50: RLE-PP1PL | C50: =IFERROR(VLOOKUP($B50,RLMLXD,14,0),"") -> 0 | E50: =ISNUMBER(#REF!) -> FALSE | F50: =ISNUMBER(#REF!) -> FALSE | G50: =ISNUMBER(#REF!) -> FALSE | H50: =ISNUMBER(#REF!) -> FALSE | I50: =ISNUMBER(C50) -> TRUE | J50: =ISNUMBER(#REF!) -> FALSE | K50: =ISNUMBER(#REF!) -> FALSE | L50: =ISNUMBER(#REF!) -> FALSE | M50: =ISNUMBER(#REF!) -> FALSE | N50: =ISNUMBER(#REF!) -> FALSE | O50: =ISNUMBER(#REF!) -> FALSE | P50: =ISNUMBER(#REF!) -> FALSE | Q50: =IF(I50=TRUE,"",1)
A51: =IF(B51="","",$A$4) -> 45006.646 | B51: RLE-PP2TA | C51: =IFERROR(VLOOKUP($B51,RLMLXD,14,0),"") -> 0 | E51: =ISNUMBER(#REF!) -> FALSE | F51: =ISNUMBER(#REF!) -> FALSE | G51: =ISNUMBER(#REF!) -> FALSE | H51: =ISNUMBER(#REF!) -> FALSE | I51: =ISNUMBER(C51) -> TRUE | J51: =ISNUMBER(#REF!) -> FALSE | K51: =ISNUMBER(#REF!) -> FALSE | L51: =ISNUMBER(#REF!) -> FALSE | M51: =ISNUMBER(#REF!) -> FALSE | N51: =ISNUMBER(#REF!) -> FALSE | O51: =ISNUMBER(#REF!) -> FALSE | P51: =ISNUMBER(#REF!) -> FALSE | Q51: =IF(I51=TRUE,"",1)
A52: =IF(B52="","",$A$4) -> 45006.646 | B52: RLE-PP2AX | C52: =IFERROR(VLOOKUP($B52,RLMLXD,14,0),"") -> 0 | E52: =ISNUMBER(#REF!) -> FALSE | F52: =ISNUMBER(#REF!) -> FALSE | G52: =ISNUMBER(#REF!) -> FALSE | H52: =ISNUMBER(#REF!) -> FALSE | I52: =ISNUMBER(C52) -> TRUE | J52: =ISNUMBER(#REF!) -> FALSE | K52: =ISNUMBER(#REF!) -> FALSE | L52: =ISNUMBER(#REF!) -> FALSE | M52: =ISNUMBER(#REF!) -> FALSE | N52: =ISNUMBER(#REF!) -> FALSE | O52: =ISNUMBER(#REF!) -> FALSE | P52: =ISNUMBER(#REF!) -> FALSE | Q52: =IF(I52=TRUE,"",1)
A53: =IF(B53="","",$A$4) -> 45006.646 | B53: RLE-PP2PL | C53: =IFERROR(VLOOKUP($B53,RLMLXD,14,0),"") -> 0 | E53: =ISNUMBER(#REF!) -> FALSE | F53: =ISNUMBER(#REF!) -> FALSE | G53: =ISNUMBER(#REF!) -> FALSE | H53: =ISNUMBER(#REF!) -> FALSE | I53: =ISNUMBER(C53) -> TRUE | J53: =ISNUMBER(#REF!) -> FALSE | K53: =ISNUMBER(#REF!) -> FALSE | L53: =ISNUMBER(#REF!) -> FALSE | M53: =ISNUMBER(#REF!) -> FALSE | N53: =ISNUMBER(#REF!) -> FALSE | O53: =ISNUMBER(#REF!) -> FALSE | P53: =ISNUMBER(#REF!) -> FALSE | Q53: =IF(I53=TRUE,"",1)
A54: =IF(B54="","",$A$4) -> 45006.646 | B54: RLE-XB | C54: =IFERROR(VLOOKUP($B54,RLMLXD,14,0),"") -> 0 | E54: =ISNUMBER(#REF!) -> FALSE | F54: =ISNUMBER(#REF!) -> FALSE | G54: =ISNUMBER(#REF!) -> FALSE | H54: =ISNUMBER(#REF!) -> FALSE | I54: =ISNUMBER(C54) -> TRUE | J54: =ISNUMBER(#REF!) -> FALSE | K54: =ISNUMBER(#REF!) -> FALSE | L54: =ISNUMBER(#REF!) -> FALSE | M54: =ISNUMBER(#REF!) -> FALSE | N54: =ISNUMBER(#REF!) -> FALSE | O54: =ISNUMBER(#REF!) -> FALSE | P54: =ISNUMBER(#REF!) -> FALSE | Q54: =IF(I54=TRUE,"",1)
A55: =IF(B55="","",$A$4) -> 45006.646 | B55: RLE-XBPH | C55: =IFERROR(VLOOKUP($B55,RLMLXD,14,0),"") -> 0 | E55: =ISNUMBER(#REF!) -> FALSE | F55: =ISNUMBER(#REF!) -> FALSE | G55: =ISNUMBER(#REF!) -> FALSE | H55: =ISNUMBER(#REF!) -> FALSE | I55: =ISNUMBER(C55) -> TRUE | J55: =ISNUMBER(#REF!) -> FALSE | K55: =ISNUMBER(#REF!) -> FALSE | L55: =ISNUMBER(#REF!) -> FALSE | M55: =ISNUMBER(#REF!) -> FALSE | N55: =ISNUMBER(#REF!) -> FALSE | O55: =ISNUMBER(#REF!) -> FALSE | P55: =ISNUMBER(#REF!) -> FALSE | Q55: =IF(I55=TRUE,"",1)
A56: =IF(B56="","",$A$4) -> 45006.646 | B56: RLG-KD | C56: =IFERROR(VLOOKUP($B56,RLMLXD,14,0),"") -> 0 | E56: =ISNUMBER(#REF!) -> FALSE | F56: =ISNUMBER(#REF!) -> FALSE | G56: =ISNUMBER(#REF!) -> FALSE | H56: =ISNUMBER(#REF!) -> FALSE | I56: =ISNUMBER(C56) -> TRUE | J56: =ISNUMBER(#REF!) -> FALSE | K56: =ISNUMBER(#REF!) -> FALSE | L56: =ISNUMBER(#REF!) -> FALSE | M56: =ISNUMBER(#REF!) -> FALSE | N56: =ISNUMBER(#REF!) -> FALSE | O56: =ISNUMBER(#REF!) -> FALSE | P56: =ISNUMBER(#REF!) -> FALSE | Q56: =IF(I56=TRUE,"",1)
A57: =IF(B57="","",$A$4) -> 45006.646 | B57: RLG-HCL1 | C57: =IFERROR(VLOOKUP($B57,RLMLXD,14,0),"") -> 0 | E57: =ISNUMBER(#REF!) -> FALSE | F57: =ISNUMBER(#REF!) -> FALSE | G57: =ISNUMBER(#REF!) -> FALSE | H57: =ISNUMBER(#REF!) -> FALSE | I57: =ISNUMBER(C57) -> TRUE | J57: =ISNUMBER(#REF!) -> FALSE | K57: =ISNUMBER(#REF!) -> FALSE | L57: =ISNUMBER(#REF!) -> FALSE | M57: =ISNUMBER(#REF!) -> FALSE | N57: =ISNUMBER(#REF!) -> FALSE | O57: =ISNUMBER(#REF!) -> FALSE | P57: =ISNUMBER(#REF!) -> FALSE | Q57: =IF(I57=TRUE,"",1)
... A69: =IF(B69="","",$A$4) -> 45006.646 | B69: RLF-XBPH | C69: =IFERROR(VLOOKUP($B69,RLMLXD,14,0),"") -> 0 | E69: =ISNUMBER(#REF!) -> FALSE | F69: =ISNUMBER(#REF!) -> FALSE | G69: =ISNUMBER(#REF!) -> FALSE | H69: =ISNUMBER(#REF!) -> FALSE | I69: =ISNUMBER(C69) -> TRUE | J69: =ISNUMBER(#REF!) -> FALSE | K69: =ISNUMBER(#REF!) -> FALSE | L69: =ISNUMBER(#REF!) -> FALSE | M69: =ISNUMBER(#REF!) -> FALSE | N69: =ISNUMBER(#REF!) -> FALSE | O69: =ISNUMBER(#REF!) -> FALSE | P69: =ISNUMBER(#REF!) -> FALSE | Q69: =IF(I69=TRUE,"",1)
A70: =IF(B70="","",$A$4) -> 45006.646 | B70: DC-XB1 | C70: =IFERROR(VLOOKUP($B70,RLMLXD,20,0),"") -> 0 | E70: =ISNUMBER(#REF!) -> FALSE | F70: =ISNUMBER(#REF!) -> FALSE | G70: =ISNUMBER(#REF!) -> FALSE | H70: =ISNUMBER(#REF!) -> FALSE | I70: =ISNUMBER(C70) -> TRUE | J70: =ISNUMBER(#REF!) -> FALSE | K70: =ISNUMBER(#REF!) -> FALSE | L70: =ISNUMBER(#REF!) -> FALSE | M70: =ISNUMBER(#REF!) -> FALSE | N70: =ISNUMBER(#REF!) -> FALSE | O70: =ISNUMBER(#REF!) -> FALSE | P70: =ISNUMBER(#REF!) -> FALSE | Q70: =IF(I70=TRUE,"",1)
A71: =IF(B71="","",$A$4) -> 45006.646 | B71: DC-XB2 | C71: =IFERROR(VLOOKUP($B71,RLMLXD,20,0),"") -> 0 | E71: =ISNUMBER(#REF!) -> FALSE | F71: =ISNUMBER(#REF!) -> FALSE | G71: =ISNUMBER(#REF!) -> FALSE | H71: =ISNUMBER(#REF!) -> FALSE | I71: =ISNUMBER(C71) -> TRUE | J71: =ISNUMBER(#REF!) -> FALSE | K71: =ISNUMBER(#REF!) -> FALSE | L71: =ISNUMBER(#REF!) -> FALSE | M71: =ISNUMBER(#REF!) -> FALSE | N71: =ISNUMBER(#REF!) -> FALSE | O71: =ISNUMBER(#REF!) -> FALSE | P71: =ISNUMBER(#REF!) -> FALSE | Q71: =IF(I71=TRUE,"",1)
A72: =IF(B72="","",$A$4) -> 45006.646 | B72: DC-HNO3 | C72: =IFERROR(VLOOKUP($B72,RLMLXD,20,0),"") -> 0 | E72: =ISNUMBER(#REF!) -> FALSE | F72: =ISNUMBER(#REF!) -> FALSE | G72: =ISNUMBER(#REF!) -> FALSE | H72: =ISNUMBER(#REF!) -> FALSE | I72: =ISNUMBER(C72) -> TRUE | J72: =ISNUMBER(#REF!) -> FALSE | K72: =ISNUMBER(#REF!) -> FALSE | L72: =ISNUMBER(#REF!) -> FALSE | M72: =ISNUMBER(#REF!) -> FALSE | N72: =ISNUMBER(#REF!) -> FALSE | O72: =ISNUMBER(#REF!) -> FALSE | P72: =ISNUMBER(#REF!) -> FALSE | Q72: =IF(I72=TRUE,"",1)
A73: =IF(B73="","",$A$4) -> 45006.646 | B73: DC1-H2SO4 | C73: =IFERROR(VLOOKUP($B73,RLMLXD,20,0),"") -> 0 | E73: =ISNUMBER(#REF!) -> FALSE | F73: =ISNUMBER(#REF!) -> FALSE | G73: =ISNUMBER(#REF!) -> FALSE | H73: =ISNUMBER(#REF!) -> FALSE | I73: =ISNUMBER(C73) -> TRUE | J73: =ISNUMBER(#REF!) -> FALSE | K73: =ISNUMBER(#REF!) -> FALSE | L73: =ISNUMBER(#REF!) -> FALSE | M73: =ISNUMBER(#REF!) -> FALSE | N73: =ISNUMBER(#REF!) -> FALSE | O73: =ISNUMBER(#REF!) -> FALSE | P73: =ISNUMBER(#REF!) -> FALSE | Q73: =IF(I73=TRUE,"",1)
A74: =IF(B74="","",$A$4) -> 45006.646 | B74: DC1-AL | C74: =IFERROR(VLOOKUP($B74,RLMLXD,20,0),"") -> 0 | E74: =ISNUMBER(#REF!) -> FALSE | F74: =ISNUMBER(#REF!) -> FALSE | G74: =ISNUMBER(#REF!) -> FALSE | H74: =ISNUMBER(#REF!) -> FALSE | I74: =ISNUMBER(C74) -> TRUE | J74: =ISNUMBER(#REF!) -> FALSE | K74: =ISNUMBER(#REF!) -> FALSE | L74: =ISNUMBER(#REF!) -> FALSE | M74: =ISNUMBER(#REF!) -> FALSE | N74: =ISNUMBER(#REF!) -> FALSE | O74: =ISNUMBER(#REF!) -> FALSE | P74: =ISNUMBER(#REF!) -> FALSE | Q74: =IF(I74=TRUE,"",1)
A75: =IF(B75="","",$A$4) -> 45006.646 | B75: DC2-H2SO4 | C75: =IFERROR(VLOOKUP($B75,RLMLXD,20,0),"") -> 0 | E75: =ISNUMBER(#REF!) -> FALSE | F75: =ISNUMBER(#REF!) -> FALSE | G75: =ISNUMBER(#REF!) -> FALSE | H75: =ISNUMBER(#REF!) -> FALSE | I75: =ISNUMBER(C75) -> TRUE | J75: =ISNUMBER(#REF!) -> FALSE | K75: =ISNUMBER(#REF!) -> FALSE | L75: =ISNUMBER(#REF!) -> FALSE | M75: =ISNUMBER(#REF!) -> FALSE | N75: =ISNUMBER(#REF!) -> FALSE | O75: =ISNUMBER(#REF!) -> FALSE | P75: =ISNUMBER(#REF!) -> FALSE | Q75: =IF(I75=TRUE,"",1)
A76: =IF(B76="","",$A$4) -> 45006.646 | B76: DC2-AL | C76: =IFERROR(VLOOKUP($B76,RLMLXD,20,0),"") -> 0 | E76: =ISNUMBER(#REF!) -> FALSE | F76: =ISNUMBER(#REF!) -> FALSE | G76: =ISNUMBER(#REF!) -> FALSE | H76: =ISNUMBER(#REF!) -> FALSE | I76: =ISNUMBER(C76) -> TRUE | J76: =ISNUMBER(#REF!) -> FALSE | K76: =ISNUMBER(#REF!) -> FALSE | L76: =ISNUMBER(#REF!) -> FALSE | M76: =ISNUMBER(#REF!) -> FALSE | N76: =ISNUMBER(#REF!) -> FALSE | O76: =ISNUMBER(#REF!) -> FALSE | P76: =ISNUMBER(#REF!) -> FALSE | Q76: =IF(I76=TRUE,"",1)
A77: =IF(B77="","",$A$4) -> 45006.646 | B77: DC3-H2SO4 | C77: =IFERROR(VLOOKUP($B77,RLMLXD,20,0),"") -> 0 | E77: =ISNUMBER(#REF!) -> FALSE | F77: =ISNUMBER(#REF!) -> FALSE | G77: =ISNUMBER(#REF!) -> FALSE | H77: =ISNUMBER(#REF!) -> FALSE | I77: =ISNUMBER(C77) -> TRUE | J77: =ISNUMBER(#REF!) -> FALSE | K77: =ISNUMBER(#REF!) -> FALSE | L77: =ISNUMBER(#REF!) -> FALSE | M77: =ISNUMBER(#REF!) -> FALSE | N77: =ISNUMBER(#REF!) -> FALSE | O77: =ISNUMBER(#REF!) -> FALSE | P77: =ISNUMBER(#REF!) -> FALSE | Q77: =IF(I77=TRUE,"",1)
A78: =IF(B78="","",$A$4) -> 45006.646 | B78: DC3-AL | C78: =IFERROR(VLOOKUP($B78,RLMLXD,20,0),"") -> 0 | E78: =ISNUMBER(#REF!) -> FALSE | F78: =ISNUMBER(#REF!) -> FALSE | G78: =ISNUMBER(#REF!) -> FALSE | H78: =ISNUMBER(#REF!) -> FALSE | I78: =ISNUMBER(C78) -> TRUE | J78: =ISNUMBER(#REF!) -> FALSE | K78: =ISNUMBER(#REF!) -> FALSE | L78: =ISNUMBER(#REF!) -> FALSE | M78: =ISNUMBER(#REF!) -> FALSE | N78: =ISNUMBER(#REF!) -> FALSE | O78: =ISNUMBER(#REF!) -> FALSE | P78: =ISNUMBER(#REF!) -> FALSE | Q78: =IF(I78=TRUE,"",1)
A79: =IF(B79="","",$A$4) -> 45006.646 | B79: DC-DL | C79: =IFERROR(VLOOKUP($B79,RLMLXD,20,0),"") -> 0 | E79: =ISNUMBER(#REF!) -> FALSE | F79: =ISNUMBER(#REF!) -> FALSE | G79: =ISNUMBER(#REF!) -> FALSE | H79: =ISNUMBER(#REF!) -> FALSE | I79: =ISNUMBER(C79) -> TRUE | J79: =ISNUMBER(#REF!) -> FALSE | K79: =ISNUMBER(#REF!) -> FALSE | L79: =ISNUMBER(#REF!) -> FALSE | M79: =ISNUMBER(#REF!) -> FALSE | N79: =ISNUMBER(#REF!) -> FALSE | O79: =ISNUMBER(#REF!) -> FALSE | P79: =ISNUMBER(#REF!) -> FALSE | Q79: =IF(I79=TRUE,"",1)
A80: =IF(B80="","",$A$4) -> 45006.646 | B80: DC-DLPH | C80: =IFERROR(VLOOKUP($B80,RLMLXD,20,0),"") -> 0 | E80: =ISNUMBER(#REF!) -> FALSE | F80: =ISNUMBER(#REF!) -> FALSE | G80: =ISNUMBER(#REF!) -> FALSE | H80: =ISNUMBER(#REF!) -> FALSE | I80: =ISNUMBER(C80) -> TRUE | J80: =ISNUMBER(#REF!) -> FALSE | K80: =ISNUMBER(#REF!) -> FALSE | L80: =ISNUMBER(#REF!) -> FALSE | M80: =ISNUMBER(#REF!) -> FALSE | N80: =ISNUMBER(#REF!) -> FALSE | O80: =ISNUMBER(#REF!) -> FALSE | P80: =ISNUMBER(#REF!) -> FALSE | Q80: =IF(I80=TRUE,"",1)
A81: =IF(B81="","",$A$4) -> 45006.646 | B81: DC-BLACK05 | C81: =IFERROR(VLOOKUP($B81,RLMLXD,20,0),"") -> 0 | E81: =ISNUMBER(#REF!) -> FALSE | F81: =ISNUMBER(#REF!) -> FALSE | G81: =ISNUMBER(#REF!) -> FALSE | H81: =ISNUMBER(#REF!) -> FALSE | I81: =ISNUMBER(C81) -> TRUE | J81: =ISNUMBER(#REF!) -> FALSE | K81: =ISNUMBER(#REF!) -> FALSE | L81: =ISNUMBER(#REF!) -> FALSE | M81: =ISNUMBER(#REF!) -> FALSE | N81: =ISNUMBER(#REF!) -> FALSE | O81: =ISNUMBER(#REF!) -> FALSE | P81: =ISNUMBER(#REF!) -> FALSE | Q81: =IF(I81=TRUE,"",1)
... A83: =IF(B83="","",$A$4) -> 45006.646 | B83: DC-BLACK08 | C83: =IFERROR(VLOOKUP($B83,RLMLXD,20,0),"") -> 0 | E83: =ISNUMBER(#REF!) -> FALSE | F83: =ISNUMBER(#REF!) -> FALSE | G83: =ISNUMBER(#REF!) -> FALSE | H83: =ISNUMBER(#REF!) -> FALSE | I83: =ISNUMBER(C83) -> TRUE | J83: =ISNUMBER(#REF!) -> FALSE | K83: =ISNUMBER(#REF!) -> FALSE | L83: =ISNUMBER(#REF!) -> FALSE | M83: =ISNUMBER(#REF!) -> FALSE | N83: =ISNUMBER(#REF!) -> FALSE | O83: =ISNUMBER(#REF!) -> FALSE | P83: =ISNUMBER(#REF!) -> FALSE | Q83: =IF(I83=TRUE,"",1)

Sheet 4
A1: "BÁO CÁO KẾT QUẢ HÓA NGHIỆM HÀNG NGÀY 表面處理生產製程管控記錄表"
A2: NGAY | B2: Ma__Hang_muc | C2: Nong_Do_03 | E2: 1 | F2: bs | G2: 2 | H2: bs | I2: 3 | J2: bs | K2: 4 | L2: bs | M2: 5 | N2: bs | O2: 6 | P2: bs | Q2: 3
A3: Date | B3: Code | C3: 濃度 g/03
A4: =MENU!Y15 -> 45006.708 | B4: 1E-XB1 | E4: =ISNUMBER(#REF!) -> FALSE | F4: =ISNUMBER(#REF!) -> FALSE | G4: =ISNUMBER(#REF!) -> FALSE | H4: =ISNUMBER(#REF!) -> FALSE | I4: =ISNUMBER(C4) -> FALSE | J4: =ISNUMBER(#REF!) -> FALSE | K4: =ISNUMBER(#REF!) -> FALSE | L4: =ISNUMBER(#REF!) -> FALSE | M4: =ISNUMBER(#REF!) -> FALSE | N4: =ISNUMBER(#REF!) -> FALSE | O4: =ISNUMBER(#REF!) -> FALSE | P4: =ISNUMBER(#REF!) -> FALSE | Q4: =IF(I4=TRUE,"",1) -> 1
A5: =IF(B5="","",$A$4) -> 45006.708 | B5: RLE-HCL1 | C5: =IFERROR(VLOOKUP($B5,RLMLXD,20,0),"") -> 0 | E5: =ISNUMBER(#REF!) -> FALSE | F5: =ISNUMBER(#REF!) -> FALSE | G5: =ISNUMBER(#REF!) -> FALSE | H5: =ISNUMBER(#REF!) -> FALSE | I5: =ISNUMBER(C5) -> TRUE | J5: =ISNUMBER(#REF!) -> FALSE | K5: =ISNUMBER(#REF!) -> FALSE | L5: =ISNUMBER(#REF!) -> FALSE | M5: =ISNUMBER(#REF!) -> FALSE | N5: =ISNUMBER(#REF!) -> FALSE | O5: =ISNUMBER(#REF!) -> FALSE | P5: =ISNUMBER(#REF!) -> FALSE | Q5: =IF(I5=TRUE,"",1)
A6: =IF(B6="","",$A$4) -> 45006.708 | B6: RLE-HCL2 | C6: =IFERROR(VLOOKUP($B6,RLMLXD,20,0),"") -> 0 | E6: =ISNUMBER(#REF!) -> FALSE | F6: =ISNUMBER(#REF!) -> FALSE | G6: =ISNUMBER(#REF!) -> FALSE | H6: =ISNUMBER(#REF!) -> FALSE | I6: =ISNUMBER(C6) -> TRUE | J6: =ISNUMBER(#REF!) -> FALSE | K6: =ISNUMBER(#REF!) -> FALSE | L6: =ISNUMBER(#REF!) -> FALSE | M6: =ISNUMBER(#REF!) -> FALSE | N6: =ISNUMBER(#REF!) -> FALSE | O6: =ISNUMBER(#REF!) -> FALSE | P6: =ISNUMBER(#REF!) -> FALSE | Q6: =IF(I6=TRUE,"",1)
A7: =IF(B7="","",$A$4) -> 45006.708 | B7: RLE-PP1TA | C7: =IFERROR(VLOOKUP($B7,RLMLXD,20,0),"") -> 0 | E7: =ISNUMBER(#REF!) -> FALSE | F7: =ISNUMBER(#REF!) -> FALSE | G7: =ISNUMBER(#REF!) -> FALSE | H7: =ISNUMBER(#REF!) -> FALSE | I7: =ISNUMBER(C7) -> TRUE | J7: =ISNUMBER(#REF!) -> FALSE | K7: =ISNUMBER(#REF!) -> FALSE | L7: =ISNUMBER(#REF!) -> FALSE | M7: =ISNUMBER(#REF!) -> FALSE | N7: =ISNUMBER(#REF!) -> FALSE | O7: =ISNUMBER(#REF!) -> FALSE | P7: =ISNUMBER(#REF!) -> FALSE | Q7: =IF(I7=TRUE,"",1)
A8: =IF(B8="","",$A$4) -> 45006.708 | B8: RLE-PP1AX | C8: =IFERROR(VLOOKUP($B8,RLMLXD,20,0),"") -> 0 | E8: =ISNUMBER(#REF!) -> FALSE | F8: =ISNUMBER(#REF!) -> FALSE | G8: =ISNUMBER(#REF!) -> FALSE | H8: =ISNUMBER(#REF!) -> FALSE | I8: =ISNUMBER(C8) -> TRUE | J8: =ISNUMBER(#REF!) -> FALSE | K8: =ISNUMBER(#REF!) -> FALSE | L8: =ISNUMBER(#REF!) -> FALSE | M8: =ISNUMBER(#REF!) -> FALSE | N8: =ISNUMBER(#REF!) -> FALSE | O8: =ISNUMBER(#REF!) -> FALSE | P8: =ISNUMBER(#REF!) -> FALSE | Q8: =IF(I8=TRUE,"",1)
A9: =IF(B9="","",$A$4) -> 45006.708 | B9: RLE-PP1PL | C9: =IFERROR(VLOOKUP($B9,RLMLXD,20,0),"") -> 0 | E9: =ISNUMBER(#REF!) -> FALSE | F9: =ISNUMBER(#REF!) -> FALSE | G9: =ISNUMBER(#REF!) -> FALSE | H9: =ISNUMBER(#REF!) -> FALSE | I9: =ISNUMBER(C9) -> TRUE | J9: =ISNUMBER(#REF!) -> FALSE | K9: =ISNUMBER(#REF!) -> FALSE | L9: =ISNUMBER(#REF!) -> FALSE | M9: =ISNUMBER(#REF!) -> FALSE | N9: =ISNUMBER(#REF!) -> FALSE | O9: =ISNUMBER(#REF!) -> FALSE | P9: =ISNUMBER(#REF!) -> FALSE | Q9: =IF(I9=TRUE,"",1)
A10: =IF(B10="","",$A$4) -> 45006.708 | B10: RLE-PP2TA | C10: =IFERROR(VLOOKUP($B10,RLMLXD,20,0),"") -> 0 | E10: =ISNUMBER(#REF!) -> FALSE | F10: =ISNUMBER(#REF!) -> FALSE | G10: =ISNUMBER(#REF!) -> FALSE | H10: =ISNUMBER(#REF!) -> FALSE | I10: =ISNUMBER(C10) -> TRUE | J10: =ISNUMBER(#REF!) -> FALSE | K10: =ISNUMBER(#REF!) -> FALSE | L10: =ISNUMBER(#REF!) -> FALSE | M10: =ISNUMBER(#REF!) -> FALSE | N10: =ISNUMBER(#REF!) -> FALSE | O10: =ISNUMBER(#REF!) -> FALSE | P10: =ISNUMBER(#REF!) -> FALSE | Q10: =IF(I10=TRUE,"",1)
A11: =IF(B11="","",$A$4) -> 45006.708 | B11: RLE-PP2AX | C11: =IFERROR(VLOOKUP($B11,RLMLXD,20,0),"") -> 0 | E11: =ISNUMBER(#REF!) -> FALSE | F11: =ISNUMBER(#REF!) -> FALSE | G11: =ISNUMBER(#REF!) -> FALSE | H11: =ISNUMBER(#REF!) -> FALSE | I11: =ISNUMBER(C11) -> TRUE | J11: =ISNUMBER(#REF!) -> FALSE | K11: =ISNUMBER(#REF!) -> FALSE | L11: =ISNUMBER(#REF!) -> FALSE | M11: =ISNUMBER(#REF!) -> FALSE | N11: =ISNUMBER(#REF!) -> FALSE | O11: =ISNUMBER(#REF!) -> FALSE | P11: =ISNUMBER(#REF!) -> FALSE | Q11: =IF(I11=TRUE,"",1)
A12: =IF(B12="","",$A$4) -> 45006.708 | B12: RLE-PP2PL | C12: =IFERROR(VLOOKUP($B12,RLMLXD,20,0),"") -> 0 | E12: =ISNUMBER(#REF!) -> FALSE | F12: =ISNUMBER(#REF!) -> FALSE | G12: =ISNUMBER(#REF!) -> FALSE | H12: =ISNUMBER(#REF!) -> FALSE | I12: =ISNUMBER(C12) -> TRUE | J12: =ISNUMBER(#REF!) -> FALSE | K12: =ISNUMBER(#REF!) -> FALSE | L12: =ISNUMBER(#REF!) -> FALSE | M12: =ISNUMBER(#REF!) -> FALSE | N12: =ISNUMBER(#REF!) -> FALSE | O12: =ISNUMBER(#REF!) -> FALSE | P12: =ISNUMBER(#REF!) -> FALSE | Q12: =IF(I12=TRUE,"",1)
A13: =IF(B13="","",$A$4) -> 45006.708 | B13: RLE-XB | C13: =IFERROR(VLOOKUP($B13,RLMLXD,20,0),"") -> 0 | E13: =ISNUMBER(#REF!) -> FALSE | F13: =ISNUMBER(#REF!) -> FALSE | G13: =ISNUMBER(#REF!) -> FALSE | H13: =ISNUMBER(#REF!) -> FALSE | I13: =ISNUMBER(C13) -> TRUE | J13: =ISNUMBER(#REF!) -> FALSE | K13: =ISNUMBER(#REF!) -> FALSE | L13: =ISNUMBER(#REF!) -> FALSE | M13: =ISNUMBER(#REF!) -> FALSE | N13: =ISNUMBER(#REF!) -> FALSE | O13: =ISNUMBER(#REF!) -> FALSE | P13: =ISNUMBER(#REF!) -> FALSE | Q13: =IF(I13=TRUE,"",1)
A14: =IF(B14="","",$A$4) -> 45006.708 | B14: RLE-XBPH | C14: =IFERROR(VLOOKUP($B14,RLMLXD,20,0),"") -> 0 | E14: =ISNUMBER(#REF!) -> FALSE | F14: =ISNUMBER(#REF!) -> FALSE | G14: =ISNUMBER(#REF!) -> FALSE | H14: =ISNUMBER(#REF!) -> FALSE | I14: =ISNUMBER(C14) -> TRUE | J14: =ISNUMBER(#REF!) -> FALSE | K14: =ISNUMBER(#REF!) -> FALSE | L14: =ISNUMBER(#REF!) -> FALSE | M14: =ISNUMBER(#REF!) -> FALSE | N14: =ISNUMBER(#REF!) -> FALSE | O14: =ISNUMBER(#REF!) -> FALSE | P14: =ISNUMBER(#REF!) -> FALSE | Q14: =IF(I14=TRUE,"",1)
A15: =IF(B15="","",$A$4) -> 45006.708 | B15: RLG-KD | C15: =IFERROR(VLOOKUP($B15,RLMLXD,20,0),"") -> 0 | E15: =ISNUMBER(#REF!) -> FALSE | F15: =ISNUMBER(#REF!) -> FALSE | G15: =ISNUMBER(#REF!) -> FALSE | H15: =ISNUMBER(#REF!) -> FALSE | I15: =ISNUMBER(C15) -> TRUE | J15: =ISNUMBER(#REF!) -> FALSE | K15: =ISNUMBER(#REF!) -> FALSE | L15: =ISNUMBER(#REF!) -> FALSE | M15: =ISNUMBER(#REF!) -> FALSE | N15: =ISNUMBER(#REF!) -> FALSE | O15: =ISNUMBER(#REF!) -> FALSE | P15: =ISNUMBER(#REF!) -> FALSE | Q15: =IF(I15=TRUE,"",1)
A16: =IF(B16="","",$A$4) -> 45006.708 | B16: RLG-HCL1 | C16: =IFERROR(VLOOKUP($B16,RLMLXD,20,0),"") -> 0 | E16: =ISNUMBER(#REF!) -> FALSE | F16: =ISNUMBER(#REF!) -> FALSE | G16: =ISNUMBER(#REF!) -> FALSE | H16: =ISNUMBER(#REF!) -> FALSE | I16: =ISNUMBER(C16) -> TRUE | J16: =ISNUMBER(#REF!) -> FALSE | K16: =ISNUMBER(#REF!) -> FALSE | L16: =ISNUMBER(#REF!) -> FALSE | M16: =ISNUMBER(#REF!) -> FALSE | N16: =ISNUMBER(#REF!) -> FALSE | O16: =ISNUMBER(#REF!) -> FALSE | P16: =ISNUMBER(#REF!) -> FALSE | Q16: =IF(I16=TRUE,"",1)
... A33: =IF(B33="","",$A$4) -> 45006.708 | B33: XD-8 | C33: =IFERROR(VLOOKUP($B33,RLMLXD,20,0),"") | E33: =ISNUMBER(#REF!) -> FALSE | F33: =ISNUMBER(#REF!) -> FALSE | G33: =ISNUMBER(#REF!) -> FALSE | H33: =ISNUMBER(#REF!) -> FALSE | I33: =ISNUMBER(C33) -> FALSE | J33: =ISNUMBER(#REF!) -> FALSE | K33: =ISNUMBER(#REF!) -> FALSE | L33: =ISNUMBER(#REF!) -> FALSE | M33: =ISNUMBER(#REF!) -> FALSE | N33: =ISNUMBER(#REF!) -> FALSE | O33: =ISNUMBER(#REF!) -> FALSE | P33: =ISNUMBER(#REF!) -> FALSE | Q33: =IF(I33=TRUE,"",1) -> 1

Sheet 5
A1: "BÁO CÁO KẾT QUẢ HÓA NGHIỆM HÀNG NGÀY 表面處理生產製程管控記錄表"
A2: NGAY | B2: Ma__Hang_muc | C2: Nong_Do_04 | E2: 1 | F2: bs | G2: 2 | H2: bs | I2: 3 | J2: bs | K2: 4 | L2: bs | M2: 5 | N2: bs | O2: 6 | P2: bs | Q2: 4
A3: Date | B3: Code | C3: 濃度 g/L_04
A4: =MENU!Y18 -> 45006.865 | B4: 1E-XB1 | C4: =IFERROR(VLOOKUP($B4,_XM_XT_THUCTE,27,0),"") -> 0 | E4: =ISNUMBER(#REF!) -> FALSE | F4: =ISNUMBER(#REF!) -> FALSE | G4: =ISNUMBER(#REF!) -> FALSE | H4: =ISNUMBER(#REF!) -> FALSE | I4: =ISNUMBER(#REF!) -> FALSE | J4: =ISNUMBER(#REF!) -> FALSE | K4: =ISNUMBER(C4) -> TRUE | L4: =ISNUMBER(#REF!) -> FALSE | M4: =ISNUMBER(#REF!) -> FALSE | N4: =ISNUMBER(#REF!) -> FALSE | O4: =ISNUMBER(#REF!) -> FALSE | P4: =ISNUMBER(#REF!) -> FALSE | Q4: =IF(K4=TRUE,"",1)
A5: =$A$4 -> 45006.865 | B5: 1E-XB2 | C5: =IFERROR(VLOOKUP($B5,_XM_XT_THUCTE,27,0),"") -> 0 | E5: =ISNUMBER(#REF!) -> FALSE | F5: =ISNUMBER(#REF!) -> FALSE | G5: =ISNUMBER(#REF!) -> FALSE | H5: =ISNUMBER(#REF!) -> FALSE | I5: =ISNUMBER(#REF!) -> FALSE | J5: =ISNUMBER(#REF!) -> FALSE | K5: =ISNUMBER(C5) -> TRUE | L5: =ISNUMBER(#REF!) -> FALSE | M5: =ISNUMBER(#REF!) -> FALSE | N5: =ISNUMBER(#REF!) -> FALSE | O5: =ISNUMBER(#REF!) -> FALSE | P5: =ISNUMBER(#REF!) -> FALSE | Q5: =IF(K5=TRUE,"",1)
A6: =$A$4 -> 45006.865 | B6: 1E-DG1 | C6: =IFERROR(VLOOKUP($B6,_XM_XT_THUCTE,27,0),"") -> 0 | E6: =ISNUMBER(#REF!) -> FALSE | F6: =ISNUMBER(#REF!) -> FALSE | G6: =ISNUMBER(#REF!) -> FALSE | H6: =ISNUMBER(#REF!) -> FALSE | I6: =ISNUMBER(#REF!) -> FALSE | J6: =ISNUMBER(#REF!) -> FALSE | K6: =ISNUMBER(C6) -> TRUE | L6: =ISNUMBER(#REF!) -> FALSE | M6: =ISNUMBER(#REF!) -> FALSE | N6: =ISNUMBER(#REF!) -> FALSE | O6: =ISNUMBER(#REF!) -> FALSE | P6: =ISNUMBER(#REF!) -> FALSE | Q6: =IF(K6=TRUE,"",1)
A7: =$A$4 -> 45006.865 | B7: 1E-DG2 | C7: =IFERROR(VLOOKUP($B7,_XM_XT_THUCTE,27,0),"") -> 0 | E7: =ISNUMBER(#REF!) -> FALSE | F7: =ISNUMBER(#REF!) -> FALSE | G7: =ISNUMBER(#REF!) -> FALSE | H7: =ISNUMBER(#REF!) -> FALSE | I7: =ISNUMBER(#REF!) -> FALSE | J7: =ISNUMBER(#REF!) -> FALSE | K7: =ISNUMBER(C7) -> TRUE | L7: =ISNUMBER(#REF!) -> FALSE | M7: =ISNUMBER(#REF!) -> FALSE | N7: =ISNUMBER(#REF!) -> FALSE | O7: =ISNUMBER(#REF!) -> FALSE | P7: =ISNUMBER(#REF!) -> FALSE | Q7: =IF(K7=TRUE,"",1)
A8: =$A$4 -> 45006.865 | B8: 1E-NAOH | C8: =IFERROR(VLOOKUP($B8,_XM_XT_THUCTE,27,0),"") -> 0 | E8: =ISNUMBER(#REF!) -> FALSE | F8: =ISNUMBER(#REF!) -> FALSE | G8: =ISNUMBER(#REF!) -> FALSE | H8: =ISNUMBER(#REF!) -> FALSE | I8: =ISNUMBER(#REF!) -> FALSE | J8: =ISNUMBER(#REF!) -> FALSE | K8: =ISNUMBER(C8) -> TRUE | L8: =ISNUMBER(#REF!) -> FALSE | M8: =ISNUMBER(#REF!) -> FALSE | N8: =ISNUMBER(#REF!) -> FALSE | O8: =ISNUMBER(#REF!) -> FALSE | P8: =ISNUMBER(#REF!) -> FALSE | Q8: =IF(K8=TRUE,"",1)
A9: =$A$4 -> 45006.865 | B9: 1E-ZN | C9: =IFERROR(VLOOKUP($B9,_XM_XT_THUCTE,27,0),"") -> 0 | E9: =ISNUMBER(#REF!) -> FALSE | F9: =ISNUMBER(#REF!) -> FALSE | G9: =ISNUMBER(#REF!) -> FALSE | H9: =ISNUMBER(#REF!) -> FALSE | I9: =ISNUMBER(#REF!) -> FALSE | J9: =ISNUMBER(#REF!) -> FALSE | K9: =ISNUMBER(C9) -> TRUE | L9: =ISNUMBER(#REF!) -> FALSE | M9: =ISNUMBER(#REF!) -> FALSE | N9: =ISNUMBER(#REF!) -> FALSE | O9: =ISNUMBER(#REF!) -> FALSE | P9: =ISNUMBER(#REF!) -> FALSE | Q9: =IF(K9=TRUE,"",1)
A10: =$A$4 -> 45006.865 | B10: 1E-CR3I | C10: =IFERROR(VLOOKUP($B10,_XM_XT_THUCTE,27,0),"") -> 0 | E10: =ISNUMBER(#REF!) -> FALSE | F10: =ISNUMBER(#REF!) -> FALSE | G10: =ISNUMBER(#REF!) -> FALSE | H10: =ISNUMBER(#REF!) -> FALSE | I10: =ISNUMBER(#REF!) -> FALSE | J10: =ISNUMBER(#REF!) -> FALSE | K10: =ISNUMBER(C10) -> TRUE | L10: =ISNUMBER(#REF!) -> FALSE | M10: =ISNUMBER(#REF!) -> FALSE | N10: =ISNUMBER(#REF!) -> FALSE | O10: =ISNUMBER(#REF!) -> FALSE | P10: =ISNUMBER(#REF!) -> FALSE | Q10: =IF(K10=TRUE,"",1)
A11: =$A$4 -> 45006.865 | B11: 1E-CR3IPH | C11: =IFERROR(VLOOKUP($B11,_XM_XT_THUCTE,27,0),"") -> 0 | E11: =ISNUMBER(#REF!) -> FALSE | F11: =ISNUMBER(#REF!) -> FALSE | G11: =ISNUMBER(#REF!) -> FALSE | H11: =ISNUMBER(#REF!) -> FALSE | I11: =ISNUMBER(#REF!) -> FALSE | J11: =ISNUMBER(#REF!) -> FALSE | K11: =ISNUMBER(C11) -> TRUE | L11: =ISNUMBER(#REF!) -> FALSE | M11: =ISNUMBER(#REF!) -> FALSE | N11: =ISNUMBER(#REF!) -> FALSE | O11: =ISNUMBER(#REF!) -> FALSE | P11: =ISNUMBER(#REF!) -> FALSE | Q11: =IF(K11=TRUE,"",1)
A12: =$A$4 -> 45006.865 | B12: 1E-HCL1 | C12: =IFERROR(VLOOKUP($B12,_XM_XT_THUCTE,27,0),"") -> 0 | E12: =ISNUMBER(#REF!) -> FALSE | F12: =ISNUMBER(#REF!) -> FALSE | G12: =ISNUMBER(#REF!) -> FALSE | H12: =ISNUMBER(#REF!) -> FALSE | I12: =ISNUMBER(#REF!) -> FALSE | J12: =ISNUMBER(#REF!) -> FALSE | K12: =ISNUMBER(C12) -> TRUE | L12: =ISNUMBER(#REF!) -> FALSE | M12: =ISNUMBER(#REF!) -> FALSE | N12: =ISNUMBER(#REF!) -> FALSE | O12: =ISNUMBER(#REF!) -> FALSE | P12: =ISNUMBER(#REF!) -> FALSE | Q12: =IF(K12=TRUE,"",1)
A13: =$A$4 -> 45006.865 | B13: 1E-HCL2 | C13: =IFERROR(VLOOKUP($B13,_XM_XT_THUCTE,27,0),"") -> 0 | E13: =ISNUMBER(#REF!) -> FALSE | F13: =ISNUMBER(#REF!) -> FALSE | G13: =ISNUMBER(#REF!) -> FALSE | H13: =ISNUMBER(#REF!) -> FALSE | I13: =ISNUMBER(#REF!) -> FALSE | J13: =ISNUMBER(#REF!) -> FALSE | K13: =ISNUMBER(C13) -> TRUE | L13: =ISNUMBER(#REF!) -> FALSE | M13: =ISNUMBER(#REF!) -> FALSE | N13: =ISNUMBER(#REF!) -> FALSE | O13: =ISNUMBER(#REF!) -> FALSE | P13: =ISNUMBER(#REF!) -> FALSE | Q13: =IF(K13=TRUE,"",1)
A14: =$A$4 -> 45006.865 | B14: 1E-HCL3 | C14: =IFERROR(VLOOKUP($B14,_XM_XT_THUCTE,27,0),"") -> 0 | E14: =ISNUMBER(#REF!) -> FALSE | F14: =ISNUMBER(#REF!) -> FALSE | G14: =ISNUMBER(#REF!) -> FALSE | H14: =ISNUMBER(#REF!) -> FALSE | I14: =ISNUMBER(#REF!) -> FALSE | J14: =ISNUMBER(#REF!) -> FALSE | K14: =ISNUMBER(C14) -> TRUE | L14: =ISNUMBER(#REF!) -> FALSE | M14: =ISNUMBER(#REF!) -> FALSE | N14: =ISNUMBER(#REF!) -> FALSE | O14: =ISNUMBER(#REF!) -> FALSE | P14: =ISNUMBER(#REF!) -> FALSE | Q14: =IF(K14=TRUE,"",1)
A15: =$A$4 -> 45006.865 | B15: 1E-HNO3 | C15: =IFERROR(VLOOKUP($B15,_XM_XT_THUCTE,27,0),"") -> 0 | E15: =ISNUMBER(#REF!) -> FALSE | F15: =ISNUMBER(#REF!) -> FALSE | G15: =ISNUMBER(#REF!) -> FALSE | H15: =ISNUMBER(#REF!) -> FALSE | I15: =ISNUMBER(#REF!) -> FALSE | J15: =ISNUMBER(#REF!) -> FALSE | K15: =ISNUMBER(C15) -> TRUE | L15: =ISNUMBER(#REF!) -> FALSE | M15: =ISNUMBER(#REF!) -> FALSE | N15: =ISNUMBER(#REF!) -> FALSE | O15: =ISNUMBER(#REF!) -> FALSE | P15: =ISNUMBER(#REF!) -> FALSE | Q15: =IF(K15=TRUE,"",1)
A16: =$A$4 -> 45006.865 | B16: 1E-MEM | C16: =IFERROR(VLOOKUP($B16,_XM_XT_THUCTE,27,0),"") -> 0 | E16: =ISNUMBER(#REF!) -> FALSE | F16: =ISNUMBER(#REF!) -> FALSE | G16: =ISNUMBER(#REF!) -> FALSE | H16: =ISNUMBER(#REF!) -> FALSE | I16: =ISNUMBER(#REF!) -> FALSE | J16: =ISNUMBER(#REF!) -> FALSE | K16: =ISNUMBER(C16) -> TRUE | L16: =ISNUMBER(#REF!) -> FALSE | M16: =ISNUMBER(#REF!) -> FALSE | N16: =ISNUMBER(#REF!) -> FALSE | O16: =ISNUMBER(#REF!) -> FALSE | P16: =ISNUMBER(#REF!) -> FALSE | Q16: =IF(K16=TRUE,"",1)
... A45: =$A$4 -> 45006.865 | B45: XT-MEM | C45: =IFERROR(VLOOKUP($B45,_XM_XT_THUCTE,27,0),"") -> 0 | E45: =ISNUMBER(#REF!) -> FALSE | F45: =ISNUMBER(#REF!) -> FALSE | G45: =ISNUMBER(#REF!) -> FALSE | H45: =ISNUMBER(#REF!) -> FALSE | I45: =ISNUMBER(#REF!) -> FALSE | J45: =ISNUMBER(#REF!) -> FALSE | K45: =ISNUMBER(C45) -> TRUE | L45: =ISNUMBER(#REF!) -> FALSE | M45: =ISNUMBER(#REF!) -> FALSE | N45: =ISNUMBER(#REF!) -> FALSE | O45: =ISNUMBER(#REF!) -> FALSE | P45: =ISNUMBER(#REF!) -> FALSE | Q45: =IF(K45=TRUE,"",1)
A46: =$A$4 -> 45006.865 | B46: RLE-HCL1 | C46: =IFERROR(VLOOKUP($B46,RLMLXD,26,0),"") -> 0 | E46: =ISNUMBER(#REF!) -> FALSE | F46: =ISNUMBER(#REF!) -> FALSE | G46: =ISNUMBER(#REF!) -> FALSE | H46: =ISNUMBER(#REF!) -> FALSE | I46: =ISNUMBER(#REF!) -> FALSE | J46: =ISNUMBER(#REF!) -> FALSE | K46: =ISNUMBER(C46) -> TRUE | L46: =ISNUMBER(#REF!) -> FALSE | M46: =ISNUMBER(#REF!) -> FALSE | N46: =ISNUMBER(#REF!) -> FALSE | O46: =ISNUMBER(#REF!) -> FALSE | P46: =ISNUMBER(#REF!) -> FALSE | Q46: =IF(K46=TRUE,"",1)
A47: =$A$4 -> 45006.865 | B47: RLE-HCL2 | C47: =IFERROR(VLOOKUP($B47,RLMLXD,26,0),"") -> 0 | E47: =ISNUMBER(#REF!) -> FALSE | F47: =ISNUMBER(#REF!) -> FALSE | G47: =ISNUMBER(#REF!) -> FALSE | H47: =ISNUMBER(#REF!) -> FALSE | I47: =ISNUMBER(#REF!) -> FALSE | J47: =ISNUMBER(#REF!) -> FALSE | K47: =ISNUMBER(C47) -> TRUE | L47: =ISNUMBER(#REF!) -> FALSE | M47: =ISNUMBER(#REF!) -> FALSE | N47: =ISNUMBER(#REF!) -> FALSE | O47: =ISNUMBER(#REF!) -> FALSE | P47: =ISNUMBER(#REF!) -> FALSE | Q47: =IF(K47=TRUE,"",1)
A48: =$A$4 -> 45006.865 | B48: RLE-PP1TA | C48: =IFERROR(VLOOKUP($B48,RLMLXD,26,0),"") -> 0 | E48: =ISNUMBER(#REF!) -> FALSE | F48: =ISNUMBER(#REF!) -> FALSE | G48: =ISNUMBER(#REF!) -> FALSE | H48: =ISNUMBER(#REF!) -> FALSE | I48: =ISNUMBER(#REF!) -> FALSE | J48: =ISNUMBER(#REF!) -> FALSE | K48: =ISNUMBER(C48) -> TRUE | L48: =ISNUMBER(#REF!) -> FALSE | M48: =ISNUMBER(#REF!) -> FALSE | N48: =ISNUMBER(#REF!) -> FALSE | O48: =ISNUMBER(#REF!) -> FALSE | P48: =ISNUMBER(#REF!) -> FALSE | Q48: =IF(K48=TRUE,"",1)
A49: =$A$4 -> 45006.865 | B49: RLE-PP1AX | C49: =IFERROR(VLOOKUP($B49,RLMLXD,26,0),"") -> 0 | E49: =ISNUMBER(#REF!) -> FALSE | F49: =ISNUMBER(#REF!) -> FALSE | G49: =ISNUMBER(#REF!) -> FALSE | H49: =ISNUMBER(#REF!) -> FALSE | I49: =ISNUMBER(#REF!) -> FALSE | J49: =ISNUMBER(#REF!) -> FALSE | K49: =ISNUMBER(C49) -> TRUE | L49: =ISNUMBER(#REF!) -> FALSE | M49: =ISNUMBER(#REF!) -> FALSE | N49: =ISNUMBER(#REF!) -> FALSE | O49: =ISNUMBER(#REF!) -> FALSE | P49: =ISNUMBER(#REF!) -> FALSE | Q49: =IF(K49=TRUE,"",1)
A50: =$A$4 -> 45006.865 | B50: RLE-PP1PL | C50: =IFERROR(VLOOKUP($B50,RLMLXD,26,0),"") -> 0 | E50: =ISNUMBER(#REF!) -> FALSE | F50: =ISNUMBER(#REF!) -> FALSE | G50: =ISNUMBER(#REF!) -> FALSE | H50: =ISNUMBER(#REF!) -> FALSE | I50: =ISNUMBER(#REF!) -> FALSE | J50: =ISNUMBER(#REF!) -> FALSE | K50: =ISNUMBER(C50) -> TRUE | L50: =ISNUMBER(#REF!) -> FALSE | M50: =ISNUMBER(#REF!) -> FALSE | N50: =ISNUMBER(#REF!) -> FALSE | O50: =ISNUMBER(#REF!) -> FALSE | P50: =ISNUMBER(#REF!) -> FALSE | Q50: =IF(K50=TRUE,"",1)
A51: =$A$4 -> 45006.865 | B51: RLE-PP2TA | C51: =IFERROR(VLOOKUP($B51,RLMLXD,26,0),"") -> 0 | E51: =ISNUMBER(#REF!) -> FALSE | F51: =ISNUMBER(#REF!) -> FALSE | G51: =ISNUMBER(#REF!) -> FALSE | H51: =ISNUMBER(#REF!) -> FALSE | I51: =ISNUMBER(#REF!) -> FALSE | J51: =ISNUMBER(#REF!) -> FALSE | K51: =ISNUMBER(C51) -> TRUE | L51: =ISNUMBER(#REF!) -> FALSE | M51: =ISNUMBER(#REF!) -> FALSE | N51: =ISNUMBER(#REF!) -> FALSE | O51: =ISNUMBER(#REF!) -> FALSE | P51: =ISNUMBER(#REF!) -> FALSE | Q51: =IF(K51=TRUE,"",1)
A52: =$A$4 -> 45006.865 | B52: RLE-PP2AX | C52: =IFERROR(VLOOKUP($B52,RLMLXD,26,0),"") -> 0 | E52: =ISNUMBER(#REF!) -> FALSE | F52: =ISNUMBER(#REF!) -> FALSE | G52: =ISNUMBER(#REF!) -> FALSE | H52: =ISNUMBER(#REF!) -> FALSE | I52: =ISNUMBER(#REF!) -> FALSE | J52: =ISNUMBER(#REF!) -> FALSE | K52: =ISNUMBER(C52) -> TRUE | L52: =ISNUMBER(#REF!) -> FALSE | M52: =ISNUMBER(#REF!) -> FALSE | N52: =ISNUMBER(#REF!) -> FALSE | O52: =ISNUMBER(#REF!) -> FALSE | P52: =ISNUMBER(#REF!) -> FALSE | Q52: =IF(K52=TRUE,"",1)
A53: =$A$4 -> 45006.865 | B53: RLE-PP2PL | C53: =IFERROR(VLOOKUP($B53,RLMLXD,26,0),"") -> 0 | E53: =ISNUMBER(#REF!) -> FALSE | F53: =ISNUMBER(#REF!) -> FALSE | G53: =ISNUMBER(#REF!) -> FALSE | H53: =ISNUMBER(#REF!) -> FALSE | I53: =ISNUMBER(#REF!) -> FALSE | J53: =ISNUMBER(#REF!) -> FALSE | K53: =ISNUMBER(C53) -> TRUE | L53: =ISNUMBER(#REF!) -> FALSE | M53: =ISNUMBER(#REF!) -> FALSE | N53: =ISNUMBER(#REF!) -> FALSE | O53: =ISNUMBER(#REF!) -> FALSE | P53: =ISNUMBER(#REF!) -> FALSE | Q53: =IF(K53=TRUE,"",1)
A54: =$A$4 -> 45006.865 | B54: RLE-XB | C54: =IFERROR(VLOOKUP($B54,RLMLXD,26,0),"") -> 0 | E54: =ISNUMBER(#REF!) -> FALSE | F54: =ISNUMBER(#REF!) -> FALSE | G54: =ISNUMBER(#REF!) -> FALSE | H54: =ISNUMBER(#REF!) -> FALSE | I54: =ISNUMBER(#REF!) -> FALSE | J54: =ISNUMBER(#REF!) -> FALSE | K54: =ISNUMBER(C54) -> TRUE | L54: =ISNUMBER(#REF!) -> FALSE | M54: =ISNUMBER(#REF!) -> FALSE | N54: =ISNUMBER(#REF!) -> FALSE | O54: =ISNUMBER(#REF!) -> FALSE | P54: =ISNUMBER(#REF!) -> FALSE | Q54: =IF(K54=TRUE,"",1)
A55: =$A$4 -> 45006.865 | B55: RLE-XBPH | C55: =IFERROR(VLOOKUP($B55,RLMLXD,26,0),"") -> 0 | E55: =ISNUMBER(#REF!) -> FALSE | F55: =ISNUMBER(#REF!) -> FALSE | G55: =ISNUMBER(#REF!) -> FALSE | H55: =ISNUMBER(#REF!) -> FALSE | I55: =ISNUMBER(#REF!) -> FALSE | J55: =ISNUMBER(#REF!) -> FALSE | K55: =ISNUMBER(C55) -> TRUE | L55: =ISNUMBER(#REF!) -> FALSE | M55: =ISNUMBER(#REF!) -> FALSE | N55: =ISNUMBER(#REF!) -> FALSE | O55: =ISNUMBER(#REF!) -> FALSE | P55: =ISNUMBER(#REF!) -> FALSE | Q55: =IF(K55=TRUE,"",1)
A56: =$A$4 -> 45006.865 | B56: RLG-KD | C56: =IFERROR(VLOOKUP($B56,RLMLXD,26,0),"") -> 0 | E56: =ISNUMBER(#REF!) -> FALSE | F56: =ISNUMBER(#REF!) -> FALSE | G56: =ISNUMBER(#REF!) -> FALSE | H56: =ISNUMBER(#REF!) -> FALSE | I56: =ISNUMBER(#REF!) -> FALSE | J56: =ISNUMBER(#REF!) -> FALSE | K56: =ISNUMBER(C56) -> TRUE | L56: =ISNUMBER(#REF!) -> FALSE | M56: =ISNUMBER(#REF!) -> FALSE | N56: =ISNUMBER(#REF!) -> FALSE | O56: =ISNUMBER(#REF!) -> FALSE | P56: =ISNUMBER(#REF!) -> FALSE | Q56: =IF(K56=TRUE,"",1)
A57: =$A$4 -> 45006.865 | B57: RLG-HCL1 | C57: =IFERROR(VLOOKUP($B57,RLMLXD,26,0),"") -> 0 | E57: =ISNUMBER(#REF!) -> FALSE | F57: =ISNUMBER(#REF!) -> FALSE | G57: =ISNUMBER(#REF!) -> FALSE | H57: =ISNUMBER(#REF!) -> FALSE | I57: =ISNUMBER(#REF!) -> FALSE | J57: =ISNUMBER(#REF!) -> FALSE | K57: =ISNUMBER(C57) -> TRUE | L57: =ISNUMBER(#REF!) -> FALSE | M57: =ISNUMBER(#REF!) -> FALSE | N57: =ISNUMBER(#REF!) -> FALSE | O57: =ISNUMBER(#REF!) -> FALSE | P57: =ISNUMBER(#REF!) -> FALSE | Q57: =IF(K57=TRUE,"",1)
... A83: =$A$4 -> 45006.865 | B83: DC-BLACK08 | C83: =IFERROR(VLOOKUP($B83,RLMLXD,26,0),"") -> 0 | E83: =ISNUMBER(#REF!) -> FALSE | F83: =ISNUMBER(#REF!) -> FALSE | G83: =ISNUMBER(#REF!) -> FALSE | H83: =ISNUMBER(#REF!) -> FALSE | I83: =ISNUMBER(#REF!) -> FALSE | J83: =ISNUMBER(#REF!) -> FALSE | K83: =ISNUMBER(C83) -> TRUE | L83: =ISNUMBER(#REF!) -> FALSE | M83: =ISNUMBER(#REF!) -> FALSE | N83: =ISNUMBER(#REF!) -> FALSE | O83: =ISNUMBER(#REF!) -> FALSE | P83: =ISNUMBER(#REF!) -> FALSE | Q83: =IF(K83=TRUE,"",1)

Sheet 6
A1: "BÁO CÁO KẾT QUẢ HÓA NGHIỆM HÀNG NGÀY 表面處理生產製程管控記錄表"
A2: NGAY | B2: Ma__Hang_muc | C2: Nong_Do_05 | E2: 1 | F2: bs | G2: 2 | H2: bs | I2: 3 | J2: bs | K2: 4 | L2: bs | M2: 5 | N2: bs | O2: 6 | P2: bs | Q2: 5
A3: Date | B3: Code | C3: 濃度 g/L_05
A4: =MENU!Y21 -> 45006.948 | B4: 1E-XB1 | C4: =IFERROR(VLOOKUP($B4,_XM_XT_THUCTE,33,0),"") -> 0 | E4: =ISNUMBER(#REF!) -> FALSE | F4: =ISNUMBER(#REF!) -> FALSE | G4: =ISNUMBER(#REF!) -> FALSE | H4: =ISNUMBER(#REF!) -> FALSE | I4: =ISNUMBER(#REF!) -> FALSE | J4: =ISNUMBER(#REF!) -> FALSE | K4: =ISNUMBER(#REF!) -> FALSE | L4: =ISNUMBER(#REF!) -> FALSE | M4: =ISNUMBER(C4) -> TRUE | N4: =ISNUMBER(#REF!) -> FALSE | O4: =ISNUMBER(#REF!) -> FALSE | P4: =ISNUMBER(#REF!) -> FALSE | Q4: =IF(M4=TRUE,"",1)
A5: =IF(B5="","",$A$4) -> 45006.948 | B5: 1E-XB2 | C5: =IFERROR(VLOOKUP($B5,_XM_XT_THUCTE,33,0),"") -> 0 | E5: =ISNUMBER(#REF!) -> FALSE | F5: =ISNUMBER(#REF!) -> FALSE | G5: =ISNUMBER(#REF!) -> FALSE | H5: =ISNUMBER(#REF!) -> FALSE | I5: =ISNUMBER(#REF!) -> FALSE | J5: =ISNUMBER(#REF!) -> FALSE | K5: =ISNUMBER(#REF!) -> FALSE | L5: =ISNUMBER(#REF!) -> FALSE | M5: =ISNUMBER(C5) -> TRUE | N5: =ISNUMBER(#REF!) -> FALSE | O5: =ISNUMBER(#REF!) -> FALSE | P5: =ISNUMBER(#REF!) -> FALSE | Q5: =IF(M5=TRUE,"",1)
A6: =IF(B6="","",$A$4) -> 45006.948 | B6: 1E-DG1 | C6: =IFERROR(VLOOKUP($B6,_XM_XT_THUCTE,33,0),"") -> 0 | E6: =ISNUMBER(#REF!) -> FALSE | F6: =ISNUMBER(#REF!) -> FALSE | G6: =ISNUMBER(#REF!) -> FALSE | H6: =ISNUMBER(#REF!) -> FALSE | I6: =ISNUMBER(#REF!) -> FALSE | J6: =ISNUMBER(#REF!) -> FALSE | K6: =ISNUMBER(#REF!) -> FALSE | L6: =ISNUMBER(#REF!) -> FALSE | M6: =ISNUMBER(C6) -> TRUE | N6: =ISNUMBER(#REF!) -> FALSE | O6: =ISNUMBER(#REF!) -> FALSE | P6: =ISNUMBER(#REF!) -> FALSE | Q6: =IF(M6=TRUE,"",1)
A7: =IF(B7="","",$A$4) -> 45006.948 | B7: 1E-DG2 | C7: =IFERROR(VLOOKUP($B7,_XM_XT_THUCTE,33,0),"") -> 0 | E7: =ISNUMBER(#REF!) -> FALSE | F7: =ISNUMBER(#REF!) -> FALSE | G7: =ISNUMBER(#REF!) -> FALSE | H7: =ISNUMBER(#REF!) -> FALSE | I7: =ISNUMBER(#REF!) -> FALSE | J7: =ISNUMBER(#REF!) -> FALSE | K7: =ISNUMBER(#REF!) -> FALSE | L7: =ISNUMBER(#REF!) -> FALSE | M7: =ISNUMBER(C7) -> TRUE | N7: =ISNUMBER(#REF!) -> FALSE | O7: =ISNUMBER(#REF!) -> FALSE | P7: =ISNUMBER(#REF!) -> FALSE | Q7: =IF(M7=TRUE,"",1)
A8: =IF(B8="","",$A$4) -> 45006.948 | B8: 1E-NAOH | C8: =IFERROR(VLOOKUP($B8,_XM_XT_THUCTE,33,0),"") -> 0 | E8: =ISNUMBER(#REF!) -> FALSE | F8: =ISNUMBER(#REF!) -> FALSE | G8: =ISNUMBER(#REF!) -> FALSE | H8: =ISNUMBER(#REF!) -> FALSE | I8: =ISNUMBER(#REF!) -> FALSE | J8: =ISNUMBER(#REF!) -> FALSE | K8: =ISNUMBER(#REF!) -> FALSE | L8: =ISNUMBER(#REF!) -> FALSE | M8: =ISNUMBER(C8) -> TRUE | N8: =ISNUMBER(#REF!) -> FALSE | O8: =ISNUMBER(#REF!) -> FALSE | P8: =ISNUMBER(#REF!) -> FALSE | Q8: =IF(M8=TRUE,"",1)
A9: =IF(B9="","",$A$4) -> 45006.948 | B9: 1E-ZN | C9: =IFERROR(VLOOKUP($B9,_XM_XT_THUCTE,33,0),"") -> 0 | E9: =ISNUMBER(#REF!) -> FALSE | F9: =ISNUMBER(#REF!) -> FALSE | G9: =ISNUMBER(#REF!) -> FALSE | H9: =ISNUMBER(#REF!) -> FALSE | I9: =ISNUMBER(#REF!) -> FALSE | J9: =ISNUMBER(#REF!) -> FALSE | K9: =ISNUMBER(#REF!) -> FALSE | L9: =ISNUMBER(#REF!) -> FALSE | M9: =ISNUMBER(C9) -> TRUE | N9: =ISNUMBER(#REF!) -> FALSE | O9: =ISNUMBER(#REF!) -> FALSE | P9: =ISNUMBER(#REF!) -> FALSE | Q9: =IF(M9=TRUE,"",1)
A10: =IF(B10="","",$A$4) -> 45006.948 | B10: 1E-CR3I | C10: =IFERROR(VLOOKUP($B10,_XM_XT_THUCTE,33,0),"") -> 0 | E10: =ISNUMBER(#REF!) -> FALSE | F10: =ISNUMBER(#REF!) -> FALSE | G10: =ISNUMBER(#REF!) -> FALSE | H10: =ISNUMBER(#REF!) -> FALSE | I10: =ISNUMBER(#REF!) -> FALSE | J10: =ISNUMBER(#REF!) -> FALSE | K10: =ISNUMBER(#REF!) -> FALSE | L10: =ISNUMBER(#REF!) -> FALSE | M10: =ISNUMBER(C10) -> TRUE | N10: =ISNUMBER(#REF!) -> FALSE | O10: =ISNUMBER(#REF!) -> FALSE | P10: =ISNUMBER(#REF!) -> FALSE | Q10: =IF(M10=TRUE,"",1)
A11: =IF(B11="","",$A$4) -> 45006.948 | B11: 1E-CR3IPH | C11: =IFERROR(VLOOKUP($B11,_XM_XT_THUCTE,33,0),"") -> 0 | E11: =ISNUMBER(#REF!) -> FALSE | F11: =ISNUMBER(#REF!) -> FALSE | G11: =ISNUMBER(#REF!) -> FALSE | H11: =ISNUMBER(#REF!) -> FALSE | I11: =ISNUMBER(#REF!) -> FALSE | J11: =ISNUMBER(#REF!) -> FALSE | K11: =ISNUMBER(#REF!) -> FALSE | L11: =ISNUMBER(#REF!) -> FALSE | M11: =ISNUMBER(C11) -> TRUE | N11: =ISNUMBER(#REF!) -> FALSE | O11: =ISNUMBER(#REF!) -> FALSE | P11: =ISNUMBER(#REF!) -> FALSE | Q11: =IF(M11=TRUE,"",1)
A12: =IF(B12="","",$A$4) -> 45006.948 | B12: 1E-HCL1 | C12: =IFERROR(VLOOKUP($B12,_XM_XT_THUCTE,33,0),"") -> 0 | E12: =ISNUMBER(#REF!) -> FALSE | F12: =ISNUMBER(#REF!) -> FALSE | G12: =ISNUMBER(#REF!) -> FALSE | H12: =ISNUMBER(#REF!) -> FALSE | I12: =ISNUMBER(#REF!) -> FALSE | J12: =ISNUMBER(#REF!) -> FALSE | K12: =ISNUMBER(#REF!) -> FALSE | L12: =ISNUMBER(#REF!) -> FALSE | M12: =ISNUMBER(C12) -> TRUE | N12: =ISNUMBER(#REF!) -> FALSE | O12: =ISNUMBER(#REF!) -> FALSE | P12: =ISNUMBER(#REF!) -> FALSE | Q12: =IF(M12=TRUE,"",1)
A13: =IF(B13="","",$A$4) -> 45006.948 | B13: 1E-HCL2 | C13: =IFERROR(VLOOKUP($B13,_XM_XT_THUCTE,33,0),"") -> 0 | E13: =ISNUMBER(#REF!) -> FALSE | F13: =ISNUMBER(#REF!) -> FALSE | G13: =ISNUMBER(#REF!) -> FALSE | H13: =ISNUMBER(#REF!) -> FALSE | I13: =ISNUMBER(#REF!) -> FALSE | J13: =ISNUMBER(#REF!) -> FALSE | K13: =ISNUMBER(#REF!) -> FALSE | L13: =ISNUMBER(#REF!) -> FALSE | M13: =ISNUMBER(C13) -> TRUE | N13: =ISNUMBER(#REF!) -> FALSE | O13: =ISNUMBER(#REF!) -> FALSE | P13: =ISNUMBER(#REF!) -> FALSE | Q13: =IF(M13=TRUE,"",1)
A14: =IF(B14="","",$A$4) -> 45006.948 | B14: 1E-HCL3 | C14: =IFERROR(VLOOKUP($B14,_XM_XT_THUCTE,33,0),"") -> 0 | E14: =ISNUMBER(#REF!) -> FALSE | F14: =ISNUMBER(#REF!) -> FALSE | G14: =ISNUMBER(#REF!) -> FALSE | H14: =ISNUMBER(#REF!) -> FALSE | I14: =ISNUMBER(#REF!) -> FALSE | J14: =ISNUMBER(#REF!) -> FALSE | K14: =ISNUMBER(#REF!) -> FALSE | L14: =ISNUMBER(#REF!) -> FALSE | M14: =ISNUMBER(C14) -> TRUE | N14: =ISNUMBER(#REF!) -> FALSE | O14: =ISNUMBER(#REF!) -> FALSE | P14: =ISNUMBER(#REF!) -> FALSE | Q14: =IF(M14=TRUE,"",1)
A15: =IF(B15="","",$A$4) -> 45006.948 | B15: 1E-HNO3 | C15: =IFERROR(VLOOKUP($B15,_XM_XT_THUCTE,33,0),"") -> 0 | E15: =ISNUMBER(#REF!) -> FALSE | F15: =ISNUMBER(#REF!) -> FALSE | G15: =ISNUMBER(#REF!) -> FALSE | H15: =ISNUMBER(#REF!) -> FALSE | I15: =ISNUMBER(#REF!) -> FALSE | J15: =ISNUMBER(#REF!) -> FALSE | K15: =ISNUMBER(#REF!) -> FALSE | L15: =ISNUMBER(#REF!) -> FALSE | M15: =ISNUMBER(C15) -> TRUE | N15: =ISNUMBER(#REF!) -> FALSE | O15: =ISNUMBER(#REF!) -> FALSE | P15: =ISNUMBER(#REF!) -> FALSE | Q15: =IF(M15=TRUE,"",1)
A16: =IF(B16="","",$A$4) -> 45006.948 | B16: 1E-MEM | C16: =IFERROR(VLOOKUP($B16,_XM_XT_THUCTE,33,0),"") -> 0 | E16: =ISNUMBER(#REF!) -> FALSE | F16: =ISNUMBER(#REF!) -> FALSE | G16: =ISNUMBER(#REF!) -> FALSE | H16: =ISNUMBER(#REF!) -> FALSE | I16: =ISNUMBER(#REF!) -> FALSE | J16: =ISNUMBER(#REF!) -> FALSE | K16: =ISNUMBER(#REF!) -> FALSE | L16: =ISNUMBER(#REF!) -> FALSE | M16: =ISNUMBER(C16) -> TRUE | N16: =ISNUMBER(#REF!) -> FALSE | O16: =ISNUMBER(#REF!) -> FALSE | P16: =ISNUMBER(#REF!) -> FALSE | Q16: =IF(M16=TRUE,"",1)
... A45: =IF(B45="","",$A$4) -> 45006.948 | B45: XT-MEM | C45: =IFERROR(VLOOKUP($B45,_XM_XT_THUCTE,33,0),"") -> 0 | E45: =ISNUMBER(#REF!) -> FALSE | F45: =ISNUMBER(#REF!) -> FALSE | G45: =ISNUMBER(#REF!) -> FALSE | H45: =ISNUMBER(#REF!) -> FALSE | I45: =ISNUMBER(#REF!) -> FALSE | J45: =ISNUMBER(#REF!) -> FALSE | K45: =ISNUMBER(#REF!) -> FALSE | L45: =ISNUMBER(#REF!) -> FALSE | M45: =ISNUMBER(C45) -> TRUE | N45: =ISNUMBER(#REF!) -> FALSE | O45: =ISNUMBER(#REF!) -> FALSE | P45: =ISNUMBER(#REF!) -> FALSE | Q45: =IF(M45=TRUE,"",1)

Sheet 7
A1: "BÁO CÁO KẾT QUẢ HÓA NGHIỆM HÀNG NGÀY 表面處理生產製程管控記錄表"
A2: NGAY | B2: Ma__Hang_muc | C2: Nong_Do_06 | E2: 1 | F2: bs | G2: 2 | H2: bs | I2: 3 | J2: bs | K2: 4 | L2: bs | M2: 5 | N2: bs | O2: 6 | P2: bs | Q2: 6
A3: Date | B3: Code | C3: 濃度 g/L_06
A4: =MENU!Y24 -> 45006.125 | B4: 1E-XB1 | C4: =IFERROR(VLOOKUP($B4,_XM_XT_THUCTE,39,0),"") -> 0 | E4: =ISNUMBER(#REF!) -> FALSE | F4: =ISNUMBER(#REF!) -> FALSE | G4: =ISNUMBER(#REF!) -> FALSE | H4: =ISNUMBER(#REF!) -> FALSE | I4: =ISNUMBER(#REF!) -> FALSE | J4: =ISNUMBER(#REF!) -> FALSE | K4: =ISNUMBER(#REF!) -> FALSE | L4: =ISNUMBER(#REF!) -> FALSE | ... N4: =ISNUMBER(#REF!) -> FALSE | O4: =ISNUMBER(C4) -> TRUE | P4: =ISNUMBER(#REF!) -> FALSE | Q4: =IF(O4=TRUE,"",1)
A5: =IF(B5="","",$A$4) -> 45006.125 | B5: 1E-XB2 | C5: =IFERROR(VLOOKUP($B5,_XM_XT_THUCTE,39,0),"") -> 0 | E5: =ISNUMBER(#REF!) -> FALSE | F5: =ISNUMBER(#REF!) -> FALSE | G5: =ISNUMBER(#REF!) -> FALSE | H5: =ISNUMBER(#REF!) -> FALSE | I5: =ISNUMBER(#REF!) -> FALSE | J5: =ISNUMBER(#REF!) -> FALSE | K5: =ISNUMBER(#REF!) -> FALSE | L5: =ISNUMBER(#REF!) -> FALSE | ... N5: =ISNUMBER(#REF!) -> FALSE | O5: =ISNUMBER(C5) -> TRUE | P5: =ISNUMBER(#REF!) -> FALSE | Q5: =IF(O5=TRUE,"",1)
A6: =IF(B6="","",$A$4) -> 45006.125 | B6: 1E-DG1 | C6: =IFERROR(VLOOKUP($B6,_XM_XT_THUCTE,39,0),"") -> 0 | E6: =ISNUMBER(#REF!) -> FALSE | F6: =ISNUMBER(#REF!) -> FALSE | G6: =ISNUMBER(#REF!) -> FALSE | H6: =ISNUMBER(#REF!) -> FALSE | I6: =ISNUMBER(#REF!) -> FALSE | J6: =ISNUMBER(#REF!) -> FALSE | K6: =ISNUMBER(#REF!) -> FALSE | L6: =ISNUMBER(#REF!) -> FALSE | ... N6: =ISNUMBER(#REF!) -> FALSE | O6: =ISNUMBER(C6) -> TRUE | P6: =ISNUMBER(#REF!) -> FALSE | Q6: =IF(O6=TRUE,"",1)
A7: =IF(B7="","",$A$4) -> 45006.125 | B7: 1E-DG2 | C7: =IFERROR(VLOOKUP($B7,_XM_XT_THUCTE,39,0),"") -> 0 | E7: =ISNUMBER(#REF!) -> FALSE | F7: =ISNUMBER(#REF!) -> FALSE | G7: =ISNUMBER(#REF!) -> FALSE | H7: =ISNUMBER(#REF!) -> FALSE | I7: =ISNUMBER(#REF!) -> FALSE | J7: =ISNUMBER(#REF!) -> FALSE | K7: =ISNUMBER(#REF!) -> FALSE | L7: =ISNUMBER(#REF!) -> FALSE | ... N7: =ISNUMBER(#REF!) -> FALSE | O7: =ISNUMBER(C7) -> TRUE | P7: =ISNUMBER(#REF!) -> FALSE | Q7: =IF(O7=TRUE,"",1)
A8: =IF(B8="","",$A$4) -> 45006.125 | B8: 1E-NAOH | C8: =IFERROR(VLOOKUP($B8,_XM_XT_THUCTE,39,0),"") -> 0 | E8: =ISNUMBER(#REF!) -> FALSE | F8: =ISNUMBER(#REF!) -> FALSE | G8: =ISNUMBER(#REF!) -> FALSE | H8: =ISNUMBER(#REF!) -> FALSE | I8: =ISNUMBER(#REF!) -> FALSE | J8: =ISNUMBER(#REF!) -> FALSE | K8: =ISNUMBER(#REF!) -> FALSE | L8: =ISNUMBER(#REF!) -> FALSE | ... N8: =ISNUMBER(#REF!) -> FALSE | O8: =ISNUMBER(C8) -> TRUE | P8: =ISNUMBER(#REF!) -> FALSE | Q8: =IF(O8=TRUE,"",1)
A9: =IF(B9="","",$A$4) -> 45006.125 | B9: 1E-ZN | C9: =IFERROR(VLOOKUP($B9,_XM_XT_THUCTE,39,0),"") -> 0 | E9: =ISNUMBER(#REF!) -> FALSE | F9: =ISNUMBER(#REF!) -> FALSE | G9: =ISNUMBER(#REF!) -> FALSE | H9: =ISNUMBER(#REF!) -> FALSE | I9: =ISNUMBER(#REF!) -> FALSE | J9: =ISNUMBER(#REF!) -> FALSE | K9: =ISNUMBER(#REF!) -> FALSE | L9: =ISNUMBER(#REF!) -> FALSE | ... N9: =ISNUMBER(#REF!) -> FALSE | O9: =ISNUMBER(C9) -> TRUE | P9: =ISNUMBER(#REF!) -> FALSE | Q9: =IF(O9=TRUE,"",1)
A10: =IF(B10="","",$A$4) -> 45006.125 | B10: 1E-CR3I | C10: =IFERROR(VLOOKUP($B10,_XM_XT_THUCTE,39,0),"") -> 0 | E10: =ISNUMBER(#REF!) -> FALSE | F10: =ISNUMBER(#REF!) -> FALSE | G10: =ISNUMBER(#REF!) -> FALSE | H10: =ISNUMBER(#REF!) -> FALSE | I10: =ISNUMBER(#REF!) -> FALSE | J10: =ISNUMBER(#REF!) -> FALSE | K10: =ISNUMBER(#REF!) -> FALSE | L10: =ISNUMBER(#REF!) -> FALSE | ... N10: =ISNUMBER(#REF!) -> FALSE | O10: =ISNUMBER(C10) -> TRUE | P10: =ISNUMBER(#REF!) -> FALSE | Q10: =IF(O10=TRUE,"",1)
A11: =IF(B11="","",$A$4) -> 45006.125 | B11: 1E-CR3IPH | C11: =IFERROR(VLOOKUP($B11,_XM_XT_THUCTE,39,0),"") -> 0 | E11: =ISNUMBER(#REF!) -> FALSE | F11: =ISNUMBER(#REF!) -> FALSE | G11: =ISNUMBER(#REF!) -> FALSE | H11: =ISNUMBER(#REF!) -> FALSE | I11: =ISNUMBER(#REF!) -> FALSE | J11: =ISNUMBER(#REF!) -> FALSE | K11: =ISNUMBER(#REF!) -> FALSE | L11: =ISNUMBER(#REF!) -> FALSE | ... N11: =ISNUMBER(#REF!) -> FALSE | O11: =ISNUMBER(C11) -> TRUE | P11: =ISNUMBER(#REF!) -> FALSE | Q11: =IF(O11=TRUE,"",1)
A12: =IF(B12="","",$A$4) -> 45006.125 | B12: 1E-HCL1 | C12: =IFERROR(VLOOKUP($B12,_XM_XT_THUCTE,39,0),"") -> 0 | E12: =ISNUMBER(#REF!) -> FALSE | F12: =ISNUMBER(#REF!) -> FALSE | G12: =ISNUMBER(#REF!) -> FALSE | H12: =ISNUMBER(#REF!) -> FALSE | I12: =ISNUMBER(#REF!) -> FALSE | J12: =ISNUMBER(#REF!) -> FALSE | K12: =ISNUMBER(#REF!) -> FALSE | L12: =ISNUMBER(#REF!) -> FALSE | ... N12: =ISNUMBER(#REF!) -> FALSE | O12: =ISNUMBER(C12) -> TRUE | P12: =ISNUMBER(#REF!) -> FALSE | Q12: =IF(O12=TRUE,"",1)
A13: =IF(B13="","",$A$4) -> 45006.125 | B13: 1E-HCL2 | C13: =IFERROR(VLOOKUP($B13,_XM_XT_THUCTE,39,0),"") -> 0 | E13: =ISNUMBER(#REF!) -> FALSE | F13: =ISNUMBER(#REF!) -> FALSE | G13: =ISNUMBER(#REF!) -> FALSE | H13: =ISNUMBER(#REF!) -> FALSE | I13: =ISNUMBER(#REF!) -> FALSE | J13: =ISNUMBER(#REF!) -> FALSE | K13: =ISNUMBER(#REF!) -> FALSE | L13: =ISNUMBER(#REF!) -> FALSE | ... N13: =ISNUMBER(#REF!) -> FALSE | O13: =ISNUMBER(C13) -> TRUE | P13: =ISNUMBER(#REF!) -> FALSE | Q13: =IF(O13=TRUE,"",1)
A14: =IF(B14="","",$A$4) -> 45006.125 | B14: 1E-HCL3 | C14: =IFERROR(VLOOKUP($B14,_XM_XT_THUCTE,39,0),"") -> 0 | E14: =ISNUMBER(#REF!) -> FALSE | F14: =ISNUMBER(#REF!) -> FALSE | G14: =ISNUMBER(#REF!) -> FALSE | H14: =ISNUMBER(#REF!) -> FALSE | I14: =ISNUMBER(#REF!) -> FALSE | J14: =ISNUMBER(#REF!) -> FALSE | K14: =ISNUMBER(#REF!) -> FALSE | L14: =ISNUMBER(#REF!) -> FALSE | ... N14: =ISNUMBER(#REF!) -> FALSE | O14: =ISNUMBER(C14) -> TRUE | P14: =ISNUMBER(#REF!) -> FALSE | Q14: =IF(O14=TRUE,"",1)
A15: =IF(B15="","",$A$4) -> 45006.125 | B15: 1E-HNO3 | C15: =IFERROR(VLOOKUP($B15,_XM_XT_THUCTE,39,0),"") -> 0 | E15: =ISNUMBER(#REF!) -> FALSE | F15: =ISNUMBER(#REF!) -> FALSE | G15: =ISNUMBER(#REF!) -> FALSE | H15: =ISNUMBER(#REF!) -> FALSE | I15: =ISNUMBER(#REF!) -> FALSE | J15: =ISNUMBER(#REF!) -> FALSE | K15: =ISNUMBER(#REF!) -> FALSE | L15: =ISNUMBER(#REF!) -> FALSE | ... N15: =ISNUMBER(#REF!) -> FALSE | O15: =ISNUMBER(C15) -> TRUE | P15: =ISNUMBER(#REF!) -> FALSE | Q15: =IF(O15=TRUE,"",1)
A16: =IF(B16="","",$A$4) -> 45006.125 | B16: 1E-MEM | C16: =IFERROR(VLOOKUP($B16,_XM_XT_THUCTE,39,0),"") -> 0 | E16: =ISNUMBER(#REF!) -> FALSE | F16: =ISNUMBER(#REF!) -> FALSE | G16: =ISNUMBER(#REF!) -> FALSE | H16: =ISNUMBER(#REF!) -> FALSE | I16: =ISNUMBER(#REF!) -> FALSE | J16: =ISNUMBER(#REF!) -> FALSE | K16: =ISNUMBER(#REF!) -> FALSE | L16: =ISNUMBER(#REF!) -> FALSE | ... N16: =ISNUMBER(#REF!) -> FALSE | O16: =ISNUMBER(C16) -> TRUE | P16: =ISNUMBER(#REF!) -> FALSE | Q16: =IF(O16=TRUE,"",1)
... A45: =IF(B45="","",$A$4) -> 45006.125 | B45: XT-MEM | C45: =IFERROR(VLOOKUP($B45,_XM_XT_THUCTE,39,0),"") -> 0 | E45: =ISNUMBER(#REF!) -> FALSE | F45: =ISNUMBER(#REF!) -> FALSE | G45: =ISNUMBER(#REF!) -> FALSE | H45: =ISNUMBER(#REF!) -> FALSE | I45: =ISNUMBER(#REF!) -> FALSE | J45: =ISNUMBER(#REF!) -> FALSE | K45: =ISNUMBER(#REF!) -> FALSE | L45: =ISNUMBER(#REF!) -> FALSE | ... N45: =ISNUMBER(#REF!) -> FALSE | O45: =ISNUMBER(C45) -> TRUE | P45: =ISNUMBER(#REF!) -> FALSE | Q45: =IF(O45=TRUE,"",1)
A46: =IF(B46="","",$A$4) -> 45006.125 | B46: RLE-HCL1 | C46: =IFERROR(VLOOKUP($B46,RLMLXD,32,0),"") -> 0 | E46: =ISNUMBER(#REF!) -> FALSE | F46: =ISNUMBER(#REF!) -> FALSE | G46: =ISNUMBER(#REF!) -> FALSE | H46: =ISNUMBER(#REF!) -> FALSE | I46: =ISNUMBER(#REF!) -> FALSE | J46: =ISNUMBER(#REF!) -> FALSE | K46: =ISNUMBER(#REF!) -> FALSE | L46: =ISNUMBER(#REF!) -> FALSE | ... N46: =ISNUMBER(#REF!) -> FALSE | O46: =ISNUMBER(C46) -> TRUE | P46: =ISNUMBER(#REF!) -> FALSE | Q46: =IF(O46=TRUE,"",1)
A47: =IF(B47="","",$A$4) -> 45006.125 | B47: RLE-HCL2 | C47: =IFERROR(VLOOKUP($B47,RLMLXD,32,0),"") -> 0 | E47: =ISNUMBER(#REF!) -> FALSE | F47: =ISNUMBER(#REF!) -> FALSE | G47: =ISNUMBER(#REF!) -> FALSE | H47: =ISNUMBER(#REF!) -> FALSE | I47: =ISNUMBER(#REF!) -> FALSE | J47: =ISNUMBER(#REF!) -> FALSE | K47: =ISNUMBER(#REF!) -> FALSE | L47: =ISNUMBER(#REF!) -> FALSE | ... N47: =ISNUMBER(#REF!) -> FALSE | O47: =ISNUMBER(C47) -> TRUE | P47: =ISNUMBER(#REF!) -> FALSE | Q47: =IF(O47=TRUE,"",1)
A48: =IF(B48="","",$A$4) -> 45006.125 | B48: RLE-PP1TA | C48: =IFERROR(VLOOKUP($B48,RLMLXD,32,0),"") -> 0 | E48: =ISNUMBER(#REF!) -> FALSE | F48: =ISNUMBER(#REF!) -> FALSE | G48: =ISNUMBER(#REF!) -> FALSE | H48: =ISNUMBER(#REF!) -> FALSE | I48: =ISNUMBER(#REF!) -> FALSE | J48: =ISNUMBER(#REF!) -> FALSE | K48: =ISNUMBER(#REF!) -> FALSE | L48: =ISNUMBER(#REF!) -> FALSE | ... N48: =ISNUMBER(#REF!) -> FALSE | O48: =ISNUMBER(C48) -> TRUE | P48: =ISNUMBER(#REF!) -> FALSE | Q48: =IF(O48=TRUE,"",1)
A49: =IF(B49="","",$A$4) -> 45006.125 | B49: RLE-PP1AX | C49: =IFERROR(VLOOKUP($B49,RLMLXD,32,0),"") -> 0 | E49: =ISNUMBER(#REF!) -> FALSE | F49: =ISNUMBER(#REF!) -> FALSE | G49: =ISNUMBER(#REF!) -> FALSE | H49: =ISNUMBER(#REF!) -> FALSE | I49: =ISNUMBER(#REF!) -> FALSE | J49: =ISNUMBER(#REF!) -> FALSE | K49: =ISNUMBER(#REF!) -> FALSE | L49: =ISNUMBER(#REF!) -> FALSE | ... N49: =ISNUMBER(#REF!) -> FALSE | O49: =ISNUMBER(C49) -> TRUE | P49: =ISNUMBER(#REF!) -> FALSE | Q49: =IF(O49=TRUE,"",1)
A50: =IF(B50="","",$A$4) -> 45006.125 | B50: RLE-PP1PL | C50: =IFERROR(VLOOKUP($B50,RLMLXD,32,0),"") -> 0 | E50: =ISNUMBER(#REF!) -> FALSE | F50: =ISNUMBER(#REF!) -> FALSE | G50: =ISNUMBER(#REF!) -> FALSE | H50: =ISNUMBER(#REF!) -> FALSE | I50: =ISNUMBER(#REF!) -> FALSE | J50: =ISNUMBER(#REF!) -> FALSE | K50: =ISNUMBER(#REF!) -> FALSE | L50: =ISNUMBER(#REF!) -> FALSE | ... N50: =ISNUMBER(#REF!) -> FALSE | O50: =ISNUMBER(C50) -> TRUE | P50: =ISNUMBER(#REF!) -> FALSE | Q50: =IF(O50=TRUE,"",1)
A51: =IF(B51="","",$A$4) -> 45006.125 | B51: RLE-PP2TA | C51: =IFERROR(VLOOKUP($B51,RLMLXD,32,0),"") -> 0 | E51: =ISNUMBER(#REF!) -> FALSE | F51: =ISNUMBER(#REF!) -> FALSE | G51: =ISNUMBER(#REF!) -> FALSE | H51: =ISNUMBER(#REF!) -> FALSE | I51: =ISNUMBER(#REF!) -> FALSE | J51: =ISNUMBER(#REF!) -> FALSE | K51: =ISNUMBER(#REF!) -> FALSE | L51: =ISNUMBER(#REF!) -> FALSE | ... N51: =ISNUMBER(#REF!) -> FALSE | O51: =ISNUMBER(C51) -> TRUE | P51: =ISNUMBER(#REF!) -> FALSE | Q51: =IF(O51=TRUE,"",1)
A52: =IF(B52="","",$A$4) -> 45006.125 | B52: RLE-PP2AX | C52: =IFERROR(VLOOKUP($B52,RLMLXD,32,0),"") -> 0 | E52: =ISNUMBER(#REF!) -> FALSE | F52: =ISNUMBER(#REF!) -> FALSE | G52: =ISNUMBER(#REF!) -> FALSE | H52: =ISNUMBER(#REF!) -> FALSE | I52: =ISNUMBER(#REF!) -> FALSE | J52: =ISNUMBER(#REF!) -> FALSE | K52: =ISNUMBER(#REF!) -> FALSE | L52: =ISNUMBER(#REF!) -> FALSE | ... N52: =ISNUMBER(#REF!) -> FALSE | O52: =ISNUMBER(C52) -> TRUE | P52: =ISNUMBER(#REF!) -> FALSE | Q52: =IF(O52=TRUE,"",1)
A53: =IF(B53="","",$A$4) -> 45006.125 | B53: RLE-PP2PL | C53: =IFERROR(VLOOKUP($B53,RLMLXD,32,0),"") -> 0 | E53: =ISNUMBER(#REF!) -> FALSE | F53: =ISNUMBER(#REF!) -> FALSE | G53: =ISNUMBER(#REF!) -> FALSE | H53: =ISNUMBER(#REF!) -> FALSE | I53: =ISNUMBER(#REF!) -> FALSE | J53: =ISNUMBER(#REF!) -> FALSE | K53: =ISNUMBER(#REF!) -> FALSE | L53: =ISNUMBER(#REF!) -> FALSE | ... N53: =ISNUMBER(#REF!) -> FALSE | O53: =ISNUMBER(C53) -> TRUE | P53: =ISNUMBER(#REF!) -> FALSE | Q53: =IF(O53=TRUE,"",1)
A54: =IF(B54="","",$A$4) -> 45006.125 | B54: RLE-XB | C54: =IFERROR(VLOOKUP($B54,RLMLXD,32,0),"") -> 0 | E54: =ISNUMBER(#REF!) -> FALSE | F54: =ISNUMBER(#REF!) -> FALSE | G54: =ISNUMBER(#REF!) -> FALSE | H54: =ISNUMBER(#REF!) -> FALSE | I54: =ISNUMBER(#REF!) -> FALSE | J54: =ISNUMBER(#REF!) -> FALSE | K54: =ISNUMBER(#REF!) -> FALSE | L54: =ISNUMBER(#REF!) -> FALSE | ... N54: =ISNUMBER(#REF!) -> FALSE | O54: =ISNUMBER(C54) -> TRUE | P54: =ISNUMBER(#REF!) -> FALSE | Q54: =IF(O54=TRUE,"",1)
A55: =IF(B55="","",$A$4) -> 45006.125 | B55: RLE-XBPH | C55: =IFERROR(VLOOKUP($B55,RLMLXD,32,0),"") -> 0 | E55: =ISNUMBER(#REF!) -> FALSE | F55: =ISNUMBER(#REF!) -> FALSE | G55: =ISNUMBER(#REF!) -> FALSE | H55: =ISNUMBER(#REF!) -> FALSE | I55: =ISNUMBER(#REF!) -> FALSE | J55: =ISNUMBER(#REF!) -> FALSE | K55: =ISNUMBER(#REF!) -> FALSE | L55: =ISNUMBER(#REF!) -> FALSE | ... N55: =ISNUMBER(#REF!) -> FALSE | O55: =ISNUMBER(C55) -> TRUE | P55: =ISNUMBER(#REF!) -> FALSE | Q55: =IF(O55=TRUE,"",1)
A56: =IF(B56="","",$A$4) -> 45006.125 | B56: RLG-KD | C56: =IFERROR(VLOOKUP($B56,RLMLXD,32,0),"") -> 0 | E56: =ISNUMBER(#REF!) -> FALSE | F56: =ISNUMBER(#REF!) -> FALSE | G56: =ISNUMBER(#REF!) -> FALSE | H56: =ISNUMBER(#REF!) -> FALSE | I56: =ISNUMBER(#REF!) -> FALSE | J56: =ISNUMBER(#REF!) -> FALSE | K56: =ISNUMBER(#REF!) -> FALSE | L56: =ISNUMBER(#REF!) -> FALSE | ... N56: =ISNUMBER(#REF!) -> FALSE | O56: =ISNUMBER(C56) -> TRUE | P56: =ISNUMBER(#REF!) -> FALSE | Q56: =IF(O56=TRUE,"",1)
A57: =IF(B57="","",$A$4) -> 45006.125 | B57: RLG-HCL1 | C57: =IFERROR(VLOOKUP($B57,RLMLXD,32,0),"") -> 0 | E57: =ISNUMBER(#REF!) -> FALSE | F57: =ISNUMBER(#REF!) -> FALSE | G57: =ISNUMBER(#REF!) -> FALSE | H57: =ISNUMBER(#REF!) -> FALSE | I57: =ISNUMBER(#REF!) -> FALSE | J57: =ISNUMBER(#REF!) -> FALSE | K57: =ISNUMBER(#REF!) -> FALSE | L57: =ISNUMBER(#REF!) -> FALSE | ... N57: =ISNUMBER(#REF!) -> FALSE | O57: =ISNUMBER(C57) -> TRUE | P57: =ISNUMBER(#REF!) -> FALSE | Q57: =IF(O57=TRUE,"",1)
... A69: =IF(B69="","",$A$4) -> 45006.125 | B69: RLF-XBPH | C69: =IFERROR(VLOOKUP($B69,RLMLXD,32,0),"") -> 0 | E69: =ISNUMBER(#REF!) -> FALSE | F69: =ISNUMBER(#REF!) -> FALSE | G69: =ISNUMBER(#REF!) -> FALSE | H69: =ISNUMBER(#REF!) -> FALSE | I69: =ISNUMBER(#REF!) -> FALSE | J69: =ISNUMBER(#REF!) -> FALSE | K69: =ISNUMBER(#REF!) -> FALSE | L69: =ISNUMBER(#REF!) -> FALSE | ... N69: =ISNUMBER(#REF!) -> FALSE | O69: =ISNUMBER(C69) -> TRUE | P69: =ISNUMBER(#REF!) -> FALSE | Q69: =IF(O69=TRUE,"",1)

Sheet 8
A1: "BÁO CÁO KẾT QUẢ HÓA NGHIỆM HÀNG NGÀY 表面處理生產製程管控記錄表"
A2: NGAY | B2: Ma__Hang_muc | C2: Nong_Do_06 | E2: 1 | F2: bs | G2: 2 | H2: bs | I2: 3 | J2: bs | K2: 4 | L2: bs | M2: 5 | N2: bs | O2: 6 | P2: bs | Q2: 6
A3: Date | B3: Code | C3: 濃度 g/L_06
A4: =MENU!Y27 -> 45006.208 | B4: 1E-XB1 | E4: =ISNUMBER(#REF!) -> FALSE | F4: =ISNUMBER(#REF!) -> FALSE | G4: =ISNUMBER(#REF!) -> FALSE | H4: =ISNUMBER(#REF!) -> FALSE | I4: =ISNUMBER(#REF!) -> FALSE | J4: =ISNUMBER(#REF!) -> FALSE | K4: =ISNUMBER(#REF!) -> FALSE | L4: =ISNUMBER(#REF!) -> FALSE | ... N4: =ISNUMBER(#REF!) -> FALSE | O4: =ISNUMBER(C4) -> FALSE | P4: =ISNUMBER(#REF!) -> FALSE | Q4: =IF(O4=TRUE,"",1) -> 1
A5: =IF(B5="","",$A$4) -> 45006.208 | B5: RLE-HCL1 | C5: =IFERROR(VLOOKUP($B5,RLMLXD,38,0),"") -> 0 | E5: =ISNUMBER(#REF!) -> FALSE | F5: =ISNUMBER(#REF!) -> FALSE | G5: =ISNUMBER(#REF!) -> FALSE | H5: =ISNUMBER(#REF!) -> FALSE | I5: =ISNUMBER(#REF!) -> FALSE | J5: =ISNUMBER(#REF!) -> FALSE | K5: =ISNUMBER(#REF!) -> FALSE | L5: =ISNUMBER(#REF!) -> FALSE | ... N5: =ISNUMBER(#REF!) -> FALSE | O5: =ISNUMBER(C5) -> TRUE | P5: =ISNUMBER(#REF!) -> FALSE | Q5: =IF(O5=TRUE,"",1)
A6: =IF(B6="","",$A$4) -> 45006.208 | B6: RLE-HCL2 | C6: =IFERROR(VLOOKUP($B6,RLMLXD,38,0),"") -> 0 | E6: =ISNUMBER(#REF!) -> FALSE | F6: =ISNUMBER(#REF!) -> FALSE | G6: =ISNUMBER(#REF!) -> FALSE | H6: =ISNUMBER(#REF!) -> FALSE | I6: =ISNUMBER(#REF!) -> FALSE | J6: =ISNUMBER(#REF!) -> FALSE | K6: =ISNUMBER(#REF!) -> FALSE | L6: =ISNUMBER(#REF!) -> FALSE | ... N6: =ISNUMBER(#REF!) -> FALSE | O6: =ISNUMBER(C6) -> TRUE | P6: =ISNUMBER(#REF!) -> FALSE | Q6: =IF(O6=TRUE,"",1)
A7: =IF(B7="","",$A$4) -> 45006.208 | B7: RLE-PP1TA | C7: =IFERROR(VLOOKUP($B7,RLMLXD,38,0),"") -> 0 | E7: =ISNUMBER(#REF!) -> FALSE | F7: =ISNUMBER(#REF!) -> FALSE | G7: =ISNUMBER(#REF!) -> FALSE | H7: =ISNUMBER(#REF!) -> FALSE | I7: =ISNUMBER(#REF!) -> FALSE | J7: =ISNUMBER(#REF!) -> FALSE | K7: =ISNUMBER(#REF!) -> FALSE | L7: =ISNUMBER(#REF!) -> FALSE | ... N7: =ISNUMBER(#REF!) -> FALSE | O7: =ISNUMBER(C7) -> TRUE | P7: =ISNUMBER(#REF!) -> FALSE | Q7: =IF(O7=TRUE,"",1)
A8: =IF(B8="","",$A$4) -> 45006.208 | B8: RLE-PP1AX | C8: =IFERROR(VLOOKUP($B8,RLMLXD,38,0),"") -> 0 | E8: =ISNUMBER(#REF!) -> FALSE | F8: =ISNUMBER(#REF!) -> FALSE | G8: =ISNUMBER(#REF!) -> FALSE | H8: =ISNUMBER(#REF!) -> FALSE | I8: =ISNUMBER(#REF!) -> FALSE | J8: =ISNUMBER(#REF!) -> FALSE | K8: =ISNUMBER(#REF!) -> FALSE | L8: =ISNUMBER(#REF!) -> FALSE | ... N8: =ISNUMBER(#REF!) -> FALSE | O8: =ISNUMBER(C8) -> TRUE | P8: =ISNUMBER(#REF!) -> FALSE | Q8: =IF(O8=TRUE,"",1)
A9: =IF(B9="","",$A$4) -> 45006.208 | B9: RLE-PP1PL | C9: =IFERROR(VLOOKUP($B9,RLMLXD,38,0),"") -> 0 | E9: =ISNUMBER(#REF!) -> FALSE | F9: =ISNUMBER(#REF!) -> FALSE | G9: =ISNUMBER(#REF!) -> FALSE | H9: =ISNUMBER(#REF!) -> FALSE | I9: =ISNUMBER(#REF!) -> FALSE | J9: =ISNUMBER(#REF!) -> FALSE | K9: =ISNUMBER(#REF!) -> FALSE | L9: =ISNUMBER(#REF!) -> FALSE | ... N9: =ISNUMBER(#REF!) -> FALSE | O9: =ISNUMBER(C9) -> TRUE | P9: =ISNUMBER(#REF!) -> FALSE | Q9: =IF(O9=TRUE,"",1)
A10: =IF(B10="","",$A$4) -> 45006.208 | B10: RLE-PP2TA | C10: =IFERROR(VLOOKUP($B10,RLMLXD,38,0),"") -> 0 | E10: =ISNUMBER(#REF!) -> FALSE | F10: =ISNUMBER(#REF!) -> FALSE | G10: =ISNUMBER(#REF!) -> FALSE | H10: =ISNUMBER(#REF!) -> FALSE | I10: =ISNUMBER(#REF!) -> FALSE | J10: =ISNUMBER(#REF!) -> FALSE | K10: =ISNUMBER(#REF!) -> FALSE | L10: =ISNUMBER(#REF!) -> FALSE | ... N10: =ISNUMBER(#REF!) -> FALSE | O10: =ISNUMBER(C10) -> TRUE | P10: =ISNUMBER(#REF!) -> FALSE | Q10: =IF(O10=TRUE,"",1)
A11: =IF(B11="","",$A$4) -> 45006.208 | B11: RLE-PP2AX | C11: =IFERROR(VLOOKUP($B11,RLMLXD,38,0),"") -> 0 | E11: =ISNUMBER(#REF!) -> FALSE | F11: =ISNUMBER(#REF!) -> FALSE | G11: =ISNUMBER(#REF!) -> FALSE | H11: =ISNUMBER(#REF!) -> FALSE | I11: =ISNUMBER(#REF!) -> FALSE | J11: =ISNUMBER(#REF!) -> FALSE | K11: =ISNUMBER(#REF!) -> FALSE | L11: =ISNUMBER(#REF!) -> FALSE | ... N11: =ISNUMBER(#REF!) -> FALSE | O11: =ISNUMBER(C11) -> TRUE | P11: =ISNUMBER(#REF!) -> FALSE | Q11: =IF(O11=TRUE,"",1)
A12: =IF(B12="","",$A$4) -> 45006.208 | B12: RLE-PP2PL | C12: =IFERROR(VLOOKUP($B12,RLMLXD,38,0),"") -> 0 | E12: =ISNUMBER(#REF!) -> FALSE | F12: =ISNUMBER(#REF!) -> FALSE | G12: =ISNUMBER(#REF!) -> FALSE | H12: =ISNUMBER(#REF!) -> FALSE | I12: =ISNUMBER(#REF!) -> FALSE | J12: =ISNUMBER(#REF!) -> FALSE | K12: =ISNUMBER(#REF!) -> FALSE | L12: =ISNUMBER(#REF!) -> FALSE | ... N12: =ISNUMBER(#REF!) -> FALSE | O12: =ISNUMBER(C12) -> TRUE | P12: =ISNUMBER(#REF!) -> FALSE | Q12: =IF(O12=TRUE,"",1)
A13: =IF(B13="","",$A$4) -> 45006.208 | B13: RLE-XB | C13: =IFERROR(VLOOKUP($B13,RLMLXD,38,0),"") -> 0 | E13: =ISNUMBER(#REF!) -> FALSE | F13: =ISNUMBER(#REF!) -> FALSE | G13: =ISNUMBER(#REF!) -> FALSE | H13: =ISNUMBER(#REF!) -> FALSE | I13: =ISNUMBER(#REF!) -> FALSE | J13: =ISNUMBER(#REF!) -> FALSE | K13: =ISNUMBER(#REF!) -> FALSE | L13: =ISNUMBER(#REF!) -> FALSE | ... N13: =ISNUMBER(#REF!) -> FALSE | O13: =ISNUMBER(C13) -> TRUE | P13: =ISNUMBER(#REF!) -> FALSE | Q13: =IF(O13=TRUE,"",1)
A14: =IF(B14="","",$A$4) -> 45006.208 | B14: RLE-XBPH | C14: =IFERROR(VLOOKUP($B14,RLMLXD,38,0),"") -> 0 | E14: =ISNUMBER(#REF!) -> FALSE | F14: =ISNUMBER(#REF!) -> FALSE | G14: =ISNUMBER(#REF!) -> FALSE | H14: =ISNUMBER(#REF!) -> FALSE | I14: =ISNUMBER(#REF!) -> FALSE | J14: =ISNUMBER(#REF!) -> FALSE | K14: =ISNUMBER(#REF!) -> FALSE | L14: =ISNUMBER(#REF!) -> FALSE | ... N14: =ISNUMBER(#REF!) -> FALSE | O14: =ISNUMBER(C14) -> TRUE | P14: =ISNUMBER(#REF!) -> FALSE | Q14: =IF(O14=TRUE,"",1)
A15: =IF(B15="","",$A$4) -> 45006.208 | B15: RLG-KD | C15: =IFERROR(VLOOKUP($B15,RLMLXD,38,0),"") -> 0 | E15: =ISNUMBER(#REF!) -> FALSE | F15: =ISNUMBER(#REF!) -> FALSE | G15: =ISNUMBER(#REF!) -> FALSE | H15: =ISNUMBER(#REF!) -> FALSE | I15: =ISNUMBER(#REF!) -> FALSE | J15: =ISNUMBER(#REF!) -> FALSE | K15: =ISNUMBER(#REF!) -> FALSE | L15: =ISNUMBER(#REF!) -> FALSE | ... N15: =ISNUMBER(#REF!) -> FALSE | O15: =ISNUMBER(C15) -> TRUE | P15: =ISNUMBER(#REF!) -> FALSE | Q15: =IF(O15=TRUE,"",1)
A16: =IF(B16="","",$A$4) -> 45006.208 | B16: RLG-HCL1 | C16: =IFERROR(VLOOKUP($B16,RLMLXD,38,0),"") -> 0 | E16: =ISNUMBER(#REF!) -> FALSE | F16: =ISNUMBER(#REF!) -> FALSE | G16: =ISNUMBER(#REF!) -> FALSE | H16: =ISNUMBER(#REF!) -> FALSE | I16: =ISNUMBER(#REF!) -> FALSE | J16: =ISNUMBER(#REF!) -> FALSE | K16: =ISNUMBER(#REF!) -> FALSE | L16: =ISNUMBER(#REF!) -> FALSE | ... N16: =ISNUMBER(#REF!) -> FALSE | O16: =ISNUMBER(C16) -> TRUE | P16: =ISNUMBER(#REF!) -> FALSE | Q16: =IF(O16=TRUE,"",1)
... A28: =IF(B28="","",$A$4) -> 45006.208 | B28: RLF-XBPH | C28: =IFERROR(VLOOKUP($B28,RLMLXD,38,0),"") -> 0 | E28: =ISNUMBER(#REF!) -> FALSE | F28: =ISNUMBER(#REF!) -> FALSE | G28: =ISNUMBER(#REF!) -> FALSE | H28: =ISNUMBER(#REF!) -> FALSE | I28: =ISNUMBER(#REF!) -> FALSE | J28: =ISNUMBER(#REF!) -> FALSE | K28: =ISNUMBER(#REF!) -> FALSE | L28: =ISNUMBER(#REF!) -> FALSE | ... N28: =ISNUMBER(#REF!) -> FALSE | O28: =ISNUMBER(C28) -> TRUE | P28: =ISNUMBER(#REF!) -> FALSE | Q28: =IF(O28=TRUE,"",1)

Sheet XM.HN
A1: =MENU!AC9 -> 2023/03/21
A2: XL-001E | B2: 06:15 | C2: 10:15 | D2: 14:15 | E2: 18:15 | F2: 22:15 | G2: 02:15 | H2: TIEU CHUAN | J2: NCC | K2: Quy đổi nồng độ acid HCl 32% đậm đặc từ %V/V sang nồng độ % | O2: 19.03.2019 TGĐ yêu cầu biểu đồ kiểm soát chỉ khống chế từ cận giữa trở lên
A3: Xà bông (1)脫脂 | J3: JASCO
A4: Xà bông (2)脫脂 | J4: JASCO | K4: 15%V/V | M4: 100%V/V
A5: điện giải(1)+電解 | J5: JASCO | K5: 0.048 | M5: 0.32
A6: điện giải (2)+電解 | J6: JASCO
A7: NaOH氫氧化鈉 | J7: JASCO | K7: 30%V/V | M7: 100%V/V
A8: Zn鋅 | J8: JASCO | K8: 0.096 | M8: 0.32
A9: Cr3+鈍化劑 (I) | J9: JASCO
A10: HCl Đặc 濃酸洗 | K10: 60%V/V | M10: 100%V/V
A11: HCl Loãng弱酸洗 | K11: 0.192 | M11: 0.32
A12: HCl hoat hoa
A13: HNO3 硝酸中和
A14: Cr3+鈍化劑 (K) | J14: JASCO
A15: Cr3+鈍化劑 (K) PH | H15: ='XM.FILE GOC'!E19 -> 1.6~2.0 | I15: ='XM.FILE GOC'!F19 -> (1.8±0.1) | J15: JASCO
A16: Cr3+鈍化劑 (I) PH | H16: ='XM.FILE GOC'!E13 -> 1.6~2.2 | I16: ='XM.FILE GOC'!F13 -> (1.8±0.1 ) | J16: JASCO
A18: XL-001F | B18: 06:15 | C18: 10:15 | D18: 14:15 | E18: 18:15 | F18: 22:15 | G18: 02:15 | H18: TIEU CHUAN | J18: NCC
A19: Xà bông (1)脫脂 | J19: HALO
A20: Xà bông (2)脫脂 | J20: HALO | K20: Quy đổi nồng độ acid HCl 32% sang nồng độ g/l
A21: điện giải(1)+電解 | J21: HALO
A22: điện giải (2)+電解 | J22: HALO
A23: NaOH氫氧化鈉 | J23: HALO | K23: %*1.162= (g/l)
A24: Zn鋅 | J24: HALO
A25: Cr3+鈍化劑 (I) halo | J25: HALO | K25: vd:
A26: HCl Đặc 濃酸洗 | K26: =5*1.162 -> 5.81 | L26: (g/l)
A27: HCl Loãng弱酸洗 | K27: =K26*1000 -> 5810 | L27: (g/ml)
A28: HCl hoat hoa
A29: HNO3 硝酸中和
A30: Cr3+鈍化劑 (K) | J30: HALO
A31: Cr3+鈍化劑 (K) PH | H31: ='XM.FILE GOC'!E50 -> 1.8~2.4 | I31: ='XM.FILE GOC'!F50 -> (2.1±0.1 ) | J31: HALO
A32: Cr3+鈍化劑 (I) PH (HALO) | H32: ='XM.FILE GOC'!E44 -> 2~2.5 | I32: ='XM.FILE GOC'!F44 -> (2.3±0.1 ) | J32: HALO
A34: XT-000C | B34: 06:15 | C34: 10:15 | D34: 14:15 | E34: 18:15 | F34: 22:15 | G34: 02:15 | H34: TIEU CHUAN | J34: NCC
A35: Xà bông (1)脫脂 | B35: 13.45 | J35: HALO
A36: Xà bông (2)脫脂 | J36: HALO
A37: điện giải(1)+電解 | B37: 12.5 | J37: HALO
A38: điện giải (2)+電解 | J38: HALO
A39: NaOH | B39: 17.3 | J39: HALO
A40: Zn | B40: 4.5 | J40: HALO
A41: Cr3+鈍化劑 (I) HALO | J41: HALO
A42: HCl Đặc 1 | B42: 1.74
A43: HCl Đặc 2
A44: HCl Loãng (%) | B44: 0.36
A45: HNO3 (%)
A46: Cr3+鈍化劑 (K) | B46: 5.3 | J46: HALO
A47: Cr3+鈍化劑 (K) PH | B47: 1.88 | H47: ='XM.FILE GOC'!E81 -> 1.8~2.4 | I47: ='XM.FILE GOC'!F81 -> (2.0±0.1) | J47: HALO
A48: Cr3+鈍化劑 (I) PH (HALO) | H48: ='XM.FILE GOC'!E75 -> 2.0~2.4 | I48: ='XM.FILE GOC'!F75 -> (2.2±0.2 ) | J48: HALO
A49: Cr3+鈍化劑 (I) ( JASCO) | J49: JASCO
A50: Cr3+鈍化劑 (I) PH (JASCO) | H50: ='XM.FILE GOC'!E83 -> 1.8~2.4 | I50: ='XM.FILE GOC'!F83 -> (2.0 ±0.2 ) | J50: JASCO
A52: Niken (bồn Zn-Niken) | B52: 06:15 | D52: 14:15 | E52: 18:15 | G52: 02:15 | H52: TIEU CHUAN | J52: NCC
A53: Zn (bồn Zn-Niken) | J53: HALO
A54: Niken (bồn Zn-Niken) | J54: HALO
A55: NaOH (bồn Zn-Niken) | J55: HALO
A56: Zn-208HT
A57: MÀU NIKEN-PH | H57: ='XM.FILE GOC'!E88 -> 3.0-4.5 | I57: ='XM.FILE GOC'!F88 -> (4.3±0.2) | J57: JASCO
A59: Na2CO3 | B59: 06:15
A60: 1E | E60: =B60*10.6 -> 0
A61: 1F | E61: =B61*10.8 -> 0
A62: XT | E62: =B62*10.8 -> 0
A64: =MENU!AC9 -> 2023/03/21
A65: Type sample | B65: Test Item | C65: Standards | D65: Unit | E65: Result
A66: XL-1E | B66: Na2CO3 | C66: ＜70g/L | D66: g/l | E66: =E60 -> 0 | F66: JASCO
A67: XL-1F | B67: Na2CO3 | C67: ＜70g/L | D67: g/l | E67: =E61 -> 0 | F67: HALO
A68: XT-0C | B68: Na2CO3 | C68: ＜70g/L | D68: g/l | E68: =E62 -> 0 | F68: HALO

Sheet XM.FILE GOC
C1: BÁO CÁO KẾT QUẢ HÓA NGHIỆM HÀNG NGÀY | AI1: Green is higher than standard
A2: =MENU!$AC$9 -> 2023/03/21 | C2: 表面處理生產製程管控記錄表 | AI2: Orange is lower than standard
A3: 生產線別：無氰鹼滾電E線 (XL-001E)
G4: tiêu chuẩn khống chế để bổ sung | I4: 6:15 | O4: 10:15 | U4: 14:15 | AA4: 18:15 | AG4: 22:15 | AM4: 02:15
A5: MÃ | B5: MÃ MÁY | C5: Hạng mục kiểm tra nồng độ 化驗檢查項目 | D5: Đơn vị 單位 | E5: Phạm vi kiểm soát 範圍值 | F5: Giới hạn kiểm soát 管控值 | I5: 濃度 | J5: 補充 BS | K5: 補充 BS | O5: 濃度 | P5: 補充 BS | Q5: 補充 BS | U5: 濃度 | V5: 補充 BS | W5: 補充 BS | AA5: 濃度 | AB5: 補充 BS | AC5: 補充 BS | AG5: 濃度 | AH5: 補充 BS | AI5: 補充 BS | AM5: 濃度 | AN5: 補充 BS | AO5: 補充 BS
A6: 1E-XB1 | B6: XL-001E | C6: Xà bông (1)脫脂 | D6: g/L | E6: ='XM.GUI MAIL'!E6 -> 25~35 | F6: ='XM.GUI MAIL'!F6 -> (30±2) | G6: ='XM.GUI MAIL'!G6 -> 30 | H6: =XM.HN!B3 -> 0 | I6: =H6*4 -> 0 | J6: =($G$6-I6)*2693/1000 -> 80.79 | K6: + | L6: =IF(J6<0,0,J6) -> 80.79 | M6: kg | N6: =XM.HN!C3 -> 0 | O6: =N6*4 -> 0 | P6: =($G$6-O6)*2693/1000 -> 80.79 | Q6: + | R6: =IF(P6<0,0,P6) -> 80.79 | S6: kg | T6: =XM.HN!D3 -> 0 | U6: =T6*4 -> 0 | V6: =($G$6-U6)*2693/1000 -> 80.79 | W6: + | X6: =IF(V6<0,0,V6) -> 80.79 | Y6: kg | Z6: =XM.HN!E3 -> 0 | AA6: =Z6*4 -> 0 | AB6: =($G$6-AA6)*2693/1000 -> 80.79 | AC6: + | AD6: =IF(AB6<0,0,AB6) -> 80.79 | AE6: kg | AF6: =XM.HN!F3 -> 0 | AG6: =AF6*4 -> 0 | AH6: =($G$6-AG6)*2693/1000 -> 80.79 | AI6: + | AJ6: =IF(AH6<0,0,AH6) -> 80.79 | AK6: kg | AL6: =XM.HN!G3 -> 0 | AM6: =AL6*4 -> 0 | AN6: =($G$6-AM6)*2693/1000 -> 80.79 | AO6: + | AP6: =IF(AN6<0,0,AN6) -> 80.79 | AQ6: kg | AS6: 0 | AT6: 80.79 | AU6: + | AV6: 80.79 | AW6: kg
A7: 1E-XB2 | B7: XL-001E | C7: Xà bông (2)脫脂 | D7: g/L | E7: ='XM.GUI MAIL'!E7 -> 25~35 | F7: ='XM.GUI MAIL'!F7 -> (30±2) | G7: ='XM.GUI MAIL'!G7 -> 30 | H7: =XM.HN!B4 -> 0 | I7: =H7*4 -> 0 | J7: =($G$7-I7)*3305/1000 -> 99.15 | K7: + | L7: =IF(J7<0,0,J7) -> 99.15 | M7: kg | N7: =XM.HN!C4 -> 0 | O7: =N7*4 -> 0 | P7: =($G$7-O7)*3305/1000 -> 99.15 | Q7: + | R7: =IF(P7<0,0,P7) -> 99.15 | S7: kg | T7: =XM.HN!D4 -> 0 | U7: =T7*4 -> 0 | V7: =($G$7-U7)*3305/1000 -> 99.15 | W7: + | X7: =IF(V7<0,0,V7) -> 99.15 | Y7: kg | Z7: =XM.HN!E4 -> 0 | AA7: =Z7*4 -> 0 | AB7: =($G$7-AA7)*3305/1000 -> 99.15 | AC7: + | AD7: =IF(AB7<0,0,AB7) -> 99.15 | AE7: kg | AF7: =XM.HN!F4 -> 0 | AG7: =AF7*4 -> 0 | AH7: =($G$7-AG7)*3305/1000 -> 99.15 | AI7: + | AJ7: =IF(AH7<0,0,AH7) -> 99.15 | AK7: kg | AL7: =XM.HN!G4 -> 0 | AM7: =AL7*4 -> 0 | AN7: =($G$7-AM7)*3305/1000 -> 99.15 | AO7: + | AP7: =IF(AN7<0,0,AN7) -> 99.15 | AQ7: kg | AS7: 0 | AT7: 99.15 | AU7: + | AV7: 99.15 | AW7: kg
A8: 1E-DG1 | B8: XL-001E | C8: điện giải(1)+電解 | D8: g/L | E8: ='XM.GUI MAIL'!E8 -> 60~80 | F8: ='XM.GUI MAIL'!F8 -> (70±10) | G8: ='XM.GUI MAIL'!G8 -> 70 | H8: =XM.HN!B5 -> 0 | I8: =H8*4 -> 0 | J8: =($G$8-I8)*1156/1000 -> 80.92 | K8: + | L8: =IF(J8<0,0,J8) -> 80.92 | M8: kg | N8: =XM.HN!C5 -> 0 | O8: =N8*4 -> 0 | P8: =($G$8-O8)*1156/1000 -> 80.92 | Q8: + | R8: =IF(P8<0,0,P8) -> 80.92 | S8: kg | T8: =XM.HN!D5 -> 0 | U8: =T8*4 -> 0 | V8: =($G$8-U8)*1156/1000 -> 80.92 | W8: + | X8: =IF(V8<0,0,V8) -> 80.92 | Y8: kg | Z8: =XM.HN!E5 -> 0 | AA8: =Z8*4 -> 0 | AB8: =($G$8-AA8)*1156/1000 -> 80.92 | AC8: + | AD8: =IF(AB8<0,0,AB8) -> 80.92 | AE8: kg | AF8: =XM.HN!F5 -> 0 | AG8: =AF8*4 -> 0 | AH8: =($G$8-AG8)*1156/1000 -> 80.92 | AI8: + | AJ8: =IF(AH8<0,0,AH8) -> 80.92 | AK8: kg | AL8: =XM.HN!G5 -> 0 | AM8: =AL8*4 -> 0 | AN8: =($G$8-AM8)*1156/1000 -> 80.92 | AO8: + | AP8: =IF(AN8<0,0,AN8) -> 80.92 | AQ8: kg | AS8: 0 | AT8: 80.92 | AU8: + | AV8: 80.92 | AW8: kg
A9: 1E-DG2 | B9: XL-001E | C9: điện giải (2)+電解 | D9: g/L | E9: ='XM.GUI MAIL'!E9 -> 60~80 | F9: ='XM.GUI MAIL'!F9 -> (70±10) | G9: ='XM.GUI MAIL'!G9 -> 70 | H9: =XM.HN!B6 -> 0 | I9: =H9*4 -> 0 | J9: =($G$9-I9)*1459/1000 -> 102.13 | K9: + | L9: =IF(J9<0,0,J9) -> 102.13 | M9: kg | N9: =XM.HN!C6 -> 0 | O9: =N9*4 -> 0 | P9: =($G$9-O9)*1459/1000 -> 102.13 | Q9: + | R9: =IF(P9<0,0,P9) -> 102.13 | S9: kg | T9: =XM.HN!D6 -> 0 | U9: =T9*4 -> 0 | V9: =($G$9-U9)*1459/1000 -> 102.13 | W9: + | X9: =IF(V9<0,0,V9) -> 102.13 | Y9: kg | Z9: =XM.HN!E6 -> 0 | AA9: =Z9*4 -> 0 | AB9: =($G$9-AA9)*1459/1000 -> 102.13 | AC9: + | AD9: =IF(AB9<0,0,AB9) -> 102.13 | AE9: kg | AF9: =XM.HN!F6 -> 0 | AG9: =AF9*4 -> 0 | AH9: =($G$9-AG9)*1459/1000 -> 102.13 | AI9: + | AJ9: =IF(AH9<0,0,AH9) -> 102.13 | AK9: kg | AL9: =XM.HN!G6 -> 0 | AM9: =AL9*4 -> 0 | AN9: =($G$9-AM9)*1459/1000 -> 102.13 | AO9: + | AP9: =IF(AN9<0,0,AN9) -> 102.13 | AQ9: kg | AS9: 0 | AT9: 102.13 | AU9: + | AV9: 102.13 | AW9: kg
A10: 1E-NAOH | B10: XL-001E | C10: Nồng độ NaOH 氫氧化鈉 | D10: g/L | E10: ='XM.GUI MAIL'!E10 -> 130 - 150 | F10: ='XM.GUI MAIL'!F10 -> (140±5L) | G10: ='XM.GUI MAIL'!G10 -> 140 | H10: =XM.HN!B7 -> 0 | I10: =H10*8 -> 0 | J10: =($G$10-I10)*19951/1000 -> 2793.14 | K10: + | L10: =IF(J10<0,0,J10) -> 2793.14 | M10: kg | N10: =XM.HN!C7 -> 0 | O10: =N10*8 -> 0 | P10: =($G$10-O10)*19951/1000 -> 2793.14 | Q10: + | R10: =IF(P10<0,0,P10) -> 2793.14 | S10: kg | T10: =XM.HN!D7 -> 0 | U10: =T10*8 -> 0 | V10: =($G$10-U10)*19951/1000 -> 2793.14 | W10: + | X10: =IF(V10<0,0,V10) -> 2793.14 | Y10: kg | Z10: =XM.HN!E7 -> 0 | AA10: =Z10*8 -> 0 | AB10: =($G$10-AA10)*19951/1000 -> 2793.14 | AC10: + | AD10: =IF(AB10<0,0,AB10) -> 2793.14 | AE10: kg | AF10: =XM.HN!F7 -> 0 | AG10: =AF10*8 -> 0 | AH10: =($G$10-AG10)*19951/1000 -> 2793.14 | AI10: + | AJ10: =IF(AH10<0,0,AH10) -> 2793.14 | AK10: kg | AL10: =XM.HN!G7 -> 0 | AM10: =AL10*8 -> 0 | AN10: =($G$10-AM10)*19951/1000 -> 2793.14 | AO10: + | AP10: =IF(AN10<0,0,AN10) -> 2793.14 | AQ10: kg | AS10: 0 | AT10: 2793.14 | AU10: + | AV10: 2793.14 | AW10: kg
A11: 1E-ZN | B11: XL-001E | C11: Nồng độ Zn 鋅 (1 pcs Zn=25kg) | D11: g/L | E11: ='XM.GUI MAIL'!E11 -> 7~12 | F11: ='XM.GUI MAIL'!F11 -> (9g±1) | G11: ='XM.GUI MAIL'!G11 -> 9 | H11: =XM.HN!B8 -> 0 | I11: =H11*1.3 -> 0 | J11: =($G$11-I11)*19951/1000 -> 179.559 | K11: + | L11: =IF(J11<0,0,J11) -> 179.559 | M11: kg | N11: =XM.HN!C8 -> 0 | O11: =N11*1.3 -> 0 | P11: =($G$11-O11)*19951/1000 -> 179.559 | Q11: + | R11: =IF(P11<0,0,P11) -> 179.559 | S11: kg | T11: =XM.HN!D8 -> 0 | U11: =T11*1.3 -> 0 | V11: =($G$11-U11)*19951/1000 -> 179.559 | W11: + | X11: =IF(V11<0,0,V11) -> 179.559 | Y11: kg | Z11: =XM.HN!E8 -> 0 | AA11: =Z11*1.3 -> 0 | AB11: =($G$11-AA11)*19951/1000 -> 179.559 | AC11: + | AD11: =IF(AB11<0,0,AB11) -> 179.559 | AE11: kg | AF11: =XM.HN!F8 -> 0 | AG11: =AF11*1.3 -> 0 | AH11: =($G$11-AG11)*19951/1000 -> 179.559 | AI11: + | AJ11: =IF(AH11<0,0,AH11) -> 179.559 | AK11: kg | AL11: =XM.HN!G8 -> 0 | AM11: =AL11*1.3 -> 0 | AN11: =($G$11-AM11)*19951/1000 -> 179.559 | AO11: + | AP11: =IF(AN11<0,0,AN11) -> 179.559 | AQ11: kg | AS11: 0 | AT11: 179.559 | AU11: + | AV11: 179.559 | AW11: kg
A12: 1E-CR3I | B12: XL-001E | C12: Nồng độ Cr2O3 三價鉻 | D12: % | E12: ='XM.GUI MAIL'!E12 -> 12~18 | F12: ='XM.GUI MAIL'!F12 -> (14±2) | G12: ='XM.GUI MAIL'!G12 -> 14 | H12: =XM.HN!B9 -> 0 | I12: =H12*100/6.95/10 -> 0 | J12: =($G$12-I12)*575/100 -> 80.5 | K12: + | L12: =IF(J12<0,0,J12) -> 80.5 | M12: L | N12: =XM.HN!C9 -> 0 | O12: =N12*100/6.95/10 -> 0 | P12: =($G$12-O12)*575/100 -> 80.5 | Q12: + | R12: =IF(P12<0,0,P12) -> 80.5 | S12: L | T12: =XM.HN!D9 -> 0 | U12: =T12*100/6.95/10 -> 0 | V12: =($G$12-U12)*575/100 -> 80.5 | W12: + | X12: =IF(V12<0,0,V12) -> 80.5 | Y12: L | Z12: =XM.HN!E9 -> 0 | AA12: =Z12*100/6.95/10 -> 0 | AB12: =($G$12-AA12)*575/100 -> 80.5 | AC12: + | AD12: =IF(AB12<0,0,AB12) -> 80.5 | AE12: L | AF12: =XM.HN!F9 -> 0 | AG12: =AF12*100/6.95/10 -> 0 | AH12: =($G$12-AG12)*575/100 -> 80.5 | AI12: + | AJ12: =IF(AH12<0,0,AH12) -> 80.5 | AK12: L | AL12: =XM.HN!G9 -> 0 | AM12: =AL12*100/6.95/10 -> 0 | AN12: =($G$12-AM12)*575/100 -> 80.5 | AO12: + | AP12: =IF(AN12<0,0,AN12) -> 80.5 | AQ12: L | AS12: 0 | AT12: 80.5 | AU12: + | AV12: 80.5 | AW12: L
A13: 1E-CR3IPH | B13: XL-001E | D13: pH | E13: ='XM.GUI MAIL'!E13 -> 1.6~2.2 | F13: ='XM.GUI MAIL'!F13 -> (1.8±0.1 ) | G13: ='XM.GUI MAIL'!G13 -> 0 | I13: =XM.HN!B16 -> 0 | O13: =XM.HN!C16 -> 0 | U13: =XM.HN!D16 -> 0 | AA13: =XM.HN!E16 -> 0 | AG13: =XM.HN!F16 -> 0 | AM13: =XM.HN!G16 -> 0 | AS13: 0
A14: 1E-HCL1 | B14: XL-001E | C14: Nồng độ acid đặc 鹽酸 濃度 | D14: %V/V | E14: ='XM.GUI MAIL'!E14 -> 30~60 | F14: ='XM.GUI MAIL'!F14 -> (45±5) | G14: ='XM.GUI MAIL'!G14 -> 0.45 | H14: =XM.HN!B10 -> 0 | I14: =(1*H14*36.5)/(1*10)/32%/100 -> 0 | J14: =($G$14-I14)*2122 -> 954.9 | K14: + | L14: =IF(J14<0,0,J14) -> 954.9 | M14: L | N14: =XM.HN!C10 -> 0 | O14: =(1*N14*36.5)/(1*10)/32%/100 -> 0 | P14: =($G$14-O14)*2122 -> 954.9 | Q14: + | R14: =IF(P14<0,0,P14) -> 954.9 | S14: L | T14: =XM.HN!D10 -> 0 | U14: =(1*T14*36.5)/(1*10)/32%/100 -> 0 | V14: =($G$14-U14)*2122 -> 954.9 | W14: + | X14: =IF(V14<0,0,V14) -> 954.9 | Y14: L | Z14: =XM.HN!E10 -> 0 | AA14: =(1*Z14*36.5)/(1*10)/32%/100 -> 0 | AB14: =($G$14-AA14)*2122 -> 954.9 | AC14: + | AD14: =IF(AB14<0,0,AB14) -> 954.9 | AE14: L | AF14: =XM.HN!F10 -> 0 | AG14: =(1*AF14*36.5)/(1*10)/32%/100 -> 0 | AH14: =($G$14-AG14)*2122 -> 954.9 | AI14: + | AJ14: =IF(AH14<0,0,AH14) -> 954.9 | AK14: L | AL14: =XM.HN!G10 -> 0 | AM14: =(1*AL14*36.5)/(1*10)/32%/100 -> 0 | AN14: =($G$14-AM14)*2122 -> 954.9 | AO14: + | AP14: =IF(AN14<0,0,AN14) -> 954.9 | AQ14: L | AS14: 0 | AT14: 954.9 | AU14: + | AV14: 954.9 | AW14: L
A15: 1E-HCL2 | B15: XL-001E | C15: Nồng độ acid loãng 稀酸 濃度 | D15: %V/V | E15: ='XM.GUI MAIL'!E15 -> 15~30 | F15: ='XM.GUI MAIL'!F15 -> (22±5) | G15: ='XM.GUI MAIL'!G15 -> 0.22 | H15: =XM.HN!B11 -> 0 | I15: =(1*H15*36.5)/(1*10)/32%/100 -> 0 | J15: =($G$15-I15)*612 -> 134.64 | K15: + | L15: =IF(J15<0,0,J15) -> 134.64 | M15: L | N15: =XM.HN!C11 -> 0 | O15: =(1*N15*36.5)/(1*10)/32%/100 -> 0 | P15: =($G$15-O15)*612 -> 134.64 | Q15: + | R15: =IF(P15<0,0,P15) -> 134.64 | S15: L | T15: =XM.HN!D11 -> 0 | U15: =(1*T15*36.5)/(1*10)/32%/100 -> 0 | V15: =($G$15-U15)*612 -> 134.64 | W15: + | X15: =IF(V15<0,0,V15) -> 134.64 | Y15: L | Z15: =XM.HN!E11 -> 0 | AA15: =(1*Z15*36.5)/(1*10)/32%/100 -> 0 | AB15: =($G$15-AA15)*612 -> 134.64 | AC15: + | AD15: =IF(AB15<0,0,AB15) -> 134.64 | AE15: L | AF15: =XM.HN!F11 -> 0 | AG15: =(1*AF15*36.5)/(1*10)/32%/100 -> 0 | AH15: =($G$15-AG15)*612 -> 134.64 | AI15: + | AJ15: =IF(AH15<0,0,AH15) -> 134.64 | AK15: L | AL15: =XM.HN!G11 -> 0 | AM15: =(1*AL15*36.5)/(1*10)/32%/100 -> 0 | AN15: =($G$15-AM15)*612 -> 134.64 | AO15: + | AP15: =IF(AN15<0,0,AN15) -> 134.64 | AQ15: L | AS15: 0 | AT15: 134.64 | AU15: + | AV15: 134.64 | AW15: L
A16: 1E-HCL3 | B16: XL-001E | C16: Nồng độ HCl hoạt hóa 稀酸活化 濃度 | D16: %V/V | E16: ='XM.GUI MAIL'!E16 -> 5~15 | F16: ='XM.GUI MAIL'!F16 -> (10±3) | G16: ='XM.GUI MAIL'!G16 -> 0.1 | H16: =XM.HN!B12 -> 0 | I16: =(1*H16*36.5)/(5*10)/32%/100 -> 0 | J16: =($G$16-I16)*575 -> 57.5 | K16: + | L16: =IF(J16<0,0,J16) -> 57.5 | M16: L | N16: =XM.HN!C12 -> 0 | O16: =(1*N16*36.5)/(5*10)/32%/100 -> 0 | P16: =($G$16-O16)*575 -> 57.5 | Q16: + | R16: =IF(P16<0,0,P16) -> 57.5 | S16: L | T16: =XM.HN!D12 -> 0 | U16: =(1*T16*36.5)/(5*10)/32%/100 -> 0 | V16: =($G$16-U16)*575 -> 57.5 | W16: + | X16: =IF(V16<0,0,V16) -> 57.5 | Y16: L | Z16: =XM.HN!E12 -> 0 | AA16: =(1*Z16*36.5)/(5*10)/32%/100 -> 0 | AB16: =($G$16-AA16)*575 -> 57.5 | AC16: + | AD16: =IF(AB16<0,0,AB16) -> 57.5 | AE16: L | AF16: =XM.HN!F12 -> 0 | AG16: =(1*AF16*36.5)/(5*10)/32%/100 -> 0 | AH16: =($G$16-AG16)*575 -> 57.5 | AI16: + | AJ16: =IF(AH16<0,0,AH16) -> 57.5 | AK16: L | AL16: =XM.HN!G12 -> 0 | AM16: =(1*AL16*36.5)/(5*10)/32%/100 -> 0 | AN16: =($G$16-AM16)*575 -> 57.5 | AO16: + | AP16: =IF(AN16<0,0,AN16) -> 57.5 | AQ16: L | AS16: 0 | AT16: 57.5 | AU16: + | AV16: 57.5 | AW16: L
A17: 1E-HNO3 | B17: XL-001E | C17: Nồng độ HNO3 硝酸濃度 | D17: % | E17: ='XM.GUI MAIL'!E17 -> 0.5~1.5 | F17: ='XM.GUI MAIL'!F17 -> (1±0.4) | G17: ='XM.GUI MAIL'!G17 -> 0.01 | H17: =XM.HN!B13 -> 0 | I17: =(1*H17*6.301)/5/100 -> 0 | J17: =($G$17-I17)*530/65% -> 8.1538462 | K17: + | L17: =IF(J17<0,0,J17) -> 8.1538462 | M17: L | N17: =XM.HN!C13 -> 0 | O17: =(1*N17*6.301)/5/100 -> 0 | P17: =($G$17-O17)*530/65% -> 8.1538462 | Q17: + | R17: =IF(P17<0,0,P17) -> 8.1538462 | S17: L | T17: =XM.HN!D13 -> 0 | U17: =(1*T17*6.301)/5/100 -> 0 | V17: =($G$17-U17)*530/65% -> 8.1538462 | W17: + | X17: =IF(V17<0,0,V17) -> 8.1538462 | Y17: L | Z17: =XM.HN!E13 -> 0 | AA17: =(1*Z17*6.301)/5/100 -> 0 | AB17: =($G$17-AA17)*530/65% -> 8.1538462 | AC17: + | AD17: =IF(AB17<0,0,AB17) -> 8.1538462 | AE17: L | AF17: =XM.HN!F13 -> 0 | AG17: =(1*AF17*6.301)/5/100 -> 0 | AH17: =($G$17-AG17)*530/65% -> 8.1538462 | AI17: + | AJ17: =IF(AH17<0,0,AH17) -> 8.1538462 | AK17: L | AL17: =XM.HN!G13 -> 0 | AM17: =(1*AL17*6.301)/5/100 -> 0 | AN17: =($G$17-AM17)*530/65% -> 8.1538462 | AO17: + | AP17: =IF(AN17<0,0,AN17) -> 8.1538462 | AQ17: L | AS17: 0 | AT17: 8.1538462 | AU17: + | AV17: 8.1538462 | AW17: L
A18: 1E-CR3K | B18: XL-001E | C18: Nồng độ Cr2O3 （K) 三價鉻 | D18: % | E18: ='XM.GUI MAIL'!E18 -> 5~10 | F18: ='XM.GUI MAIL'!F18 -> (7.5±1) | G18: ='XM.GUI MAIL'!G18 -> 7.5 | H18: =XM.HN!B14 -> 0 | I18: =H18*0.8 -> 0 | J18: =($G$18-I18)*575/95 -> 45.394737 | K18: + | L18: =IF(J18<0,0,J18) -> 45.394737 | M18: L | N18: =XM.HN!C14 -> 0 | O18: =N18*0.8 -> 0 | P18: =($G$18-O18)*575/95 -> 45.394737 | Q18: + | R18: =IF(P18<0,0,P18) -> 45.394737 | S18: L | T18: =XM.HN!D14 -> 0 | U18: =T18*0.8 -> 0 | V18: =($G$18-U18)*575/95 -> 45.394737 | W18: + | X18: =IF(V18<0,0,V18) -> 45.394737 | Y18: L | Z18: =XM.HN!E14 -> 0 | AA18: =Z18*0.8 -> 0 | AB18: =($G$18-AA18)*575/95 -> 45.394737 | AC18: + | AD18: =IF(AB18<0,0,AB18) -> 45.394737 | AE18: L | AF18: =XM.HN!F14 -> 0 | AG18: =AF18*0.8 -> 0 | AH18: =($G$18-AG18)*575/95 -> 45.394737 | AI18: + | AJ18: =IF(AH18<0,0,AH18) -> 45.394737 | AK18: L | AL18: =XM.HN!G14 -> 0 | AM18: =AL18*0.8 -> 0 | AN18: =($G$18-AM18)*575/95 -> 45.394737 | AO18: + | AP18: =IF(AN18<0,0,AN18) -> 45.394737 | AQ18: L | AS18: 0 | AT18: 45.394737 | AU18: + | AV18: 45.394737 | AW18: L
A19: 1E-CR3KPH | B19: XL-001E | C19: pH | D19: pH | E19: ='XM.GUI MAIL'!E19 -> 1.6~2.0 | F19: ='XM.GUI MAIL'!F19 -> (1.8±0.1) | I19: =XM.HN!B15 -> 0 | O19: =XM.HN!C15 -> 0 | U19: =XM.HN!D15 -> 0 | AA19: =XM.HN!E15 -> 0 | AG19: =XM.HN!F15 -> 0 | AM19: =XM.HN!G15 -> 0 | AS19: 0
A20: Hạng mục kiểm tra nhiệt độ 檢查溫度
A21: MÃ | B21: MÃ MÁY | C21: Hạng mục kiểm tra nhiệt độ 溫度檢查項目 | D21: nhiệt độ 溫度 | E21: Phạm vi kiểm soát 範圍值 | F21: Giới hạn kiểm soát 管控值 | I21: Nhiệt kế 温度計 | L21: Nhiệt tự động 自動温控 | O21: Nhiệt kế 温度計 | R21: Nhiệt tự động 自動温控 | U21: Nhiệt kế 温度計 | X21: Nhiệt tự động 自動温控 | AA21: Nhiệt kế 温度計 | AD21: Nhiệt tự động 自動温控 | AG21: Nhiệt kế 温度計 | AJ21: Nhiệt tự động 自動温控 | AM21: Nhiệt kế 温度計 | AP21: Nhiệt tự động 自動温控
A22: 1E-TEMXB1 | B22: XL-001E | C22: Nhiệt độ xà bông nóng (1) 熱脫脂溫度(1) | D22: 0C | E22: ='XM.GUI MAIL'!E22 -> 65~75 | F22: ='XM.GUI MAIL'!F22 -> (70±3)
A23: 1E-TEMXB2 | B23: XL-001E | C23: Nhiệt độ xà bông nóng (2) 熱脫脂溫度(2) | D23: 0C | E23: ='XM.GUI MAIL'!E23 -> 65~75 | F23: ='XM.GUI MAIL'!F23 -> (70±3)
A24: 1E-TEMDG1 | B24: XL-001E | C24: Nhiệt độ điện giải (1) 電解1 溫度 | D24: 0C | E24: ='XM.GUI MAIL'!E24 -> 50~60 | F24: ='XM.GUI MAIL'!F24 -> (55±3)
A25: 1E-TEMDG2 | B25: XL-001E | C25: Nhiệt độ điện giải (2) 電解 2 溫度 | D25: 0C | E25: ='XM.GUI MAIL'!E25 -> 50~60 | F25: ='XM.GUI MAIL'!F25 -> (55±3)
A26: 1E-TEMBX | B26: XL-001E | C26: Nhiệt độ bồn xi 鍍鋅槽溫度 | D26: 0C | E26: ='XM.GUI MAIL'!E26 -> 20~30 | F26: ='XM.GUI MAIL'!F26 -> (25±3)
A27: 1E-TEMCR3I | B27: XL-001E | C27: Nhiệt độ bồn màu Cr2O3 (I) 三價鉻 溫度 | D27: 0C | E27: ='XM.GUI MAIL'!E27 -> 35-45 | F27: ='XM.GUI MAIL'!F27 -> (40±3)
A28: 1E-TEMH2O | B28: XL-001E | C28: Nhiệt độ bồn nước nóng 熱水溫度 | D28: 0C | E28: ='XM.GUI MAIL'!E28 -> 55~65 | F28: ='XM.GUI MAIL'!F28 -> (60±3)
A29: 1E-TEMSAY | B29: XL-001E | C29: Sấy khô 烘乾 | D29: 0C | E29: ='XM.GUI MAIL'!E29 -> 65~75 | F29: ='XM.GUI MAIL'!F29 -> (70±3) | I29: \ | O29: \ | U29: \ | AA29: \ | AG29: \ | AM29: \
A30: Hạng mục kiểm tra bơm thuốc tự động 藥液自動添加
A31: 1E-MEM | B31: XL-001E | C31: chất mềm (merlin starer) 開缸劑 | D31: ml/KAH | E31: ='XM.GUI MAIL'!E31 -> 300-360 | F31: ='XM.GUI MAIL'!F31 -> 300-360
A32: 1E-BONG | B32: XL-001E | C32: chaát boùng (merlin brightener) 光亮劑 | D32: ml/KAH | E32: ='XM.GUI MAIL'!E32 -> 30-50 | F32: ='XM.GUI MAIL'!F32 -> 30-50
A34: 生產線別：無氰鹼滾電F線 (XL-001F) | G34: JASCO Kết quả kiểm tra 檢查結果 | AG34: 生產線別：無氰鹼滾電F線 (XL-001F)
G35: tiêu chuẩn khống chế để bổ sung | I35: 6:15 | O35: 10:15 | U35: 14:15 | AA35: 18:15 | AG35: 22:15 | AM35: 02:15
A36: MÃ | B36: MÃ MÁY | C36: Hạng mục kiểm tra nồng độ 化驗檢查項目 | D36: Đơn vị 單位 | E36: Phạm vi kiểm soát 範圍值 | F36: Giới hạn kiểm soát 管控值 | I36: 濃度 | J36: 補充 BS | K36: 補充 BS | O36: 濃度 | P36: 補充 BS | Q36: 補充 BS | U36: 濃度 | V36: 補充 BS | W36: 補充 BS | AA36: 濃度 | AB36: 補充 BS | AC36: 補充 BS | AG36: 濃度 | AH36: 補充 BS | AI36: 補充 BS | AM36: 濃度 | AN36: 補充 BS | AO36: 補充 BS
A37: 1F-XB1 | B37: XL-001F | C37: Xà bông (1)脫脂 | D37: g/L | E37: ='XM.GUI MAIL'!E37 -> 60~80 | F37: ='XM.GUI MAIL'!F37 -> (70±5) | G37: ='XM.GUI MAIL'!G37 -> 70 | H37: =XM.HN!B19 -> 0 | I37: =H37*6.49 -> 0 | J37: =($G$37-I37)*2693/1000 -> 188.51 | K37: + | L37: =IF(J37<0,0,J37) -> 188.51 | M37: kg | N37: =XM.HN!C19 -> 0 | O37: =N37*6.49 -> 0 | P37: =($G$37-O37)*2693/1000 -> 188.51 | Q37: + | R37: =IF(P37<0,0,P37) -> 188.51 | S37: kg | T37: =XM.HN!D19 -> 0 | U37: =T37*6.49 -> 0 | V37: =($G$37-U37)*2693/1000 -> 188.51 | W37: + | X37: =IF(V37<0,0,V37) -> 188.51 | Y37: kg | Z37: =XM.HN!E19 -> 0 | AA37: =Z37*6.49 -> 0 | AB37: =($G$37-AA37)*2693/1000 -> 188.51 | AC37: + | AD37: =IF(AB37<0,0,AB37) -> 188.51 | AE37: kg | AF37: =XM.HN!F19 -> 0 | AG37: =AF37*6.49 -> 0 | AH37: =($G$37-AG37)*2693/1000 -> 188.51 | AI37: + | AJ37: =IF(AH37<0,0,AH37) -> 188.51 | AK37: kg | AL37: =XM.HN!G19 -> 0 | AM37: =AL37*6.49 -> 0 | AN37: =($G$37-AM37)*2693/1000 -> 188.51 | AO37: + | AP37: =IF(AN37<0,0,AN37) -> 188.51 | AQ37: kg
A38: 1F-XB2 | B38: XL-001F | C38: Xà bông (2)脫脂 | D38: g/L | E38: ='XM.GUI MAIL'!E38 -> 60~80 | F38: ='XM.GUI MAIL'!F38 -> (70±5) | G38: ='XM.GUI MAIL'!G38 -> 70 | H38: =XM.HN!B20 -> 0 | I38: =H38*6.49 -> 0 | J38: =($G$38-I38)*3305/1000 -> 231.35 | K38: + | L38: =IF(J38<0,0,J38) -> 231.35 | M38: kg | N38: =XM.HN!C20 -> 0 | O38: =N38*6.49 -> 0 | P38: =($G$38-O38)*3305/1000 -> 231.35 | Q38: + | R38: =IF(P38<0,0,P38) -> 231.35 | S38: kg | T38: =XM.HN!D20 -> 0 | U38: =T38*6.49 -> 0 | V38: =($G$38-U38)*3305/1000 -> 231.35 | W38: + | X38: =IF(V38<0,0,V38) -> 231.35 | Y38: kg | Z38: =XM.HN!E20 -> 0 | AA38: =Z38*6.49 -> 0 | AB38: =($G$38-AA38)*3305/1000 -> 231.35 | AC38: + | AD38: =IF(AB38<0,0,AB38) -> 231.35 | AE38: kg | AF38: =XM.HN!F20 -> 0 | AG38: =AF38*6.49 -> 0 | AH38: =($G$38-AG38)*3305/1000 -> 231.35 | AI38: + | AJ38: =IF(AH38<0,0,AH38) -> 231.35 | AK38: kg | AL38: =XM.HN!G20 -> 0 | AM38: =AL38*6.49 -> 0 | AN38: =($G$38-AM38)*3305/1000 -> 231.35 | AO38: + | AP38: =IF(AN38<0,0,AN38) -> 231.35 | AQ38: kg
A39: 1F-DG1 | B39: XL-001F | C39: điện giải(1)+電解 | D39: g/L | E39: ='XM.GUI MAIL'!E39 -> 50~70 | F39: ='XM.GUI MAIL'!F39 -> (60±5) | G39: ='XM.GUI MAIL'!G39 -> 60 | H39: =XM.HN!B21 -> 0 | I39: =H39*4.62 -> 0 | J39: =($G$39-I39)*1156/1000 -> 69.36 | K39: + | L39: =IF(J39<0,0,J39) -> 69.36 | M39: kg | N39: =XM.HN!C21 -> 0 | O39: =N39*4.62 -> 0 | P39: =($G$39-O39)*1156/1000 -> 69.36 | Q39: + | R39: =IF(P39<0,0,P39) -> 69.36 | S39: kg | T39: =XM.HN!D21 -> 0 | U39: =T39*4.62 -> 0 | V39: =($G$39-U39)*1156/1000 -> 69.36 | W39: + | X39: =IF(V39<0,0,V39) -> 69.36 | Y39: kg | Z39: =XM.HN!E21 -> 0 | AA39: =Z39*4.62 -> 0 | AB39: =($G$39-AA39)*1156/1000 -> 69.36 | AC39: + | AD39: =IF(AB39<0,0,AB39) -> 69.36 | AE39: kg | AF39: =XM.HN!F21 -> 0 | AG39: =AF39*4.62 -> 0 | AH39: =($G$39-AG39)*1156/1000 -> 69.36 | AI39: + | AJ39: =IF(AH39<0,0,AH39) -> 69.36 | AK39: kg | AL39: =XM.HN!G21 -> 0 | AM39: =AL39*4.62 -> 0 | AN39: =($G$39-AM39)*1156/1000 -> 69.36 | AO39: + | AP39: =IF(AN39<0,0,AN39) -> 69.36 | AQ39: kg
A40: 1F-DG2 | B40: XL-001F | C40: điện giải (2)+電解 | D40: g/L | E40: ='XM.GUI MAIL'!E40 -> 50~70 | F40: ='XM.GUI MAIL'!F40 -> (60±5) | G40: ='XM.GUI MAIL'!G40 -> 60 | H40: =XM.HN!B22 -> 0 | I40: =H40*4.62 -> 0 | J40: =($G$40-I40)*1459/1000 -> 87.54 | K40: + | L40: =IF(J40<0,0,J40) -> 87.54 | M40: kg | N40: =XM.HN!C22 -> 0 | O40: =N40*4.62 -> 0 | P40: =($G$40-O40)*1459/1000 -> 87.54 | Q40: + | R40: =IF(P40<0,0,P40) -> 87.54 | S40: kg | T40: =XM.HN!D22 -> 0 | U40: =T40*4.62 -> 0 | V40: =($G$40-U40)*1459/1000 -> 87.54 | W40: + | X40: =IF(V40<0,0,V40) -> 87.54 | Y40: kg | Z40: =XM.HN!E22 -> 0 | AA40: =Z40*4.62 -> 0 | AB40: =($G$40-AA40)*1459/1000 -> 87.54 | AC40: + | AD40: =IF(AB40<0,0,AB40) -> 87.54 | AE40: kg | AF40: =XM.HN!F22 -> 0 | AG40: =AF40*4.62 -> 0 | AH40: =($G$40-AG40)*1459/1000 -> 87.54 | AI40: + | AJ40: =IF(AH40<0,0,AH40) -> 87.54 | AK40: kg | AL40: =XM.HN!G22 -> 0 | AM40: =AL40*4.62 -> 0 | AN40: =($G$40-AM40)*1459/1000 -> 87.54 | AO40: + | AP40: =IF(AN40<0,0,AN40) -> 87.54 | AQ40: kg
A41: 1F-NAOH | B41: XL-001F | C41: Nồng độ NaOH 氫氧化鈉 | D41: g/L | E41: ='XM.GUI MAIL'!E41 -> 130 - 150 | F41: ='XM.GUI MAIL'!F41 -> (140±10) | G41: ='XM.GUI MAIL'!G41 -> 140 | H41: =XM.HN!B23 -> 0 | I41: =H41*8 -> 0 | J41: =($G$41-I41)*19951/1000 -> 2793.14 | K41: + | L41: =IF(J41<0,0,J41) -> 2793.14 | M41: kg | N41: =XM.HN!C23 -> 0 | O41: =N41*8 -> 0 | P41: =($G$41-O41)*19951/1000 -> 2793.14 | Q41: + | R41: =IF(P41<0,0,P41) -> 2793.14 | S41: kg | T41: =XM.HN!D23 -> 0 | U41: =T41*8 -> 0 | V41: =($G$41-U41)*19951/1000 -> 2793.14 | W41: + | X41: =IF(V41<0,0,V41) -> 2793.14 | Y41: kg | Z41: =XM.HN!E23 -> 0 | AA41: =Z41*8 -> 0 | AB41: =($G$41-AA41)*19951/1000 -> 2793.14 | AC41: + | AD41: =IF(AB41<0,0,AB41) -> 2793.14 | AE41: kg | AF41: =XM.HN!F23 -> 0 | AG41: =AF41*8 -> 0 | AH41: =($G$41-AG41)*19951/1000 -> 2793.14 | AI41: + | AJ41: =IF(AH41<0,0,AH41) -> 2793.14 | AK41: kg | AL41: =XM.HN!G23 -> 0 | AM41: =AL41*8 -> 0 | AN41: =($G$41-AM41)*19951/1000 -> 2793.14 | AO41: + | AP41: =IF(AN41<0,0,AN41) -> 2793.14 | AQ41: kg
A42: 1F-ZN | B42: XL-001F | C42: Nồng độ Zn 鋅 (1 pcs Zn=25kg) | D42: g/L | E42: ='XM.GUI MAIL'!E42 -> 8~12 | F42: ='XM.GUI MAIL'!F42 -> (10±1) | G42: ='XM.GUI MAIL'!G42 -> 10 | H42: =XM.HN!B24 -> 0 | I42: =H42*1.3 -> 0 | J42: =($G$42-I42)*19951/1000 -> 199.51 | K42: + | L42: =IF(J42<0,0,J42) -> 199.51 | M42: kg | N42: =XM.HN!C24 -> 0 | O42: =N42*1.3 -> 0 | P42: =($G$42-O42)*19951/1000 -> 199.51 | Q42: + | R42: =IF(P42<0,0,P42) -> 199.51 | S42: kg | T42: =XM.HN!D24 -> 0 | U42: =T42*1.3 -> 0 | V42: =($G$42-U42)*19951/1000 -> 199.51 | W42: + | X42: =IF(V42<0,0,V42) -> 199.51 | Y42: kg | Z42: =XM.HN!E24 -> 0 | AA42: =Z42*1.3 -> 0 | AB42: =($G$42-AA42)*19951/1000 -> 199.51 | AC42: + | AD42: =IF(AB42<0,0,AB42) -> 199.51 | AE42: kg | AF42: =XM.HN!F24 -> 0 | AG42: =AF42*1.3 -> 0 | AH42: =($G$42-AG42)*19951/1000 -> 199.51 | AI42: + | AJ42: =IF(AH42<0,0,AH42) -> 199.51 | AK42: kg | AL42: =XM.HN!G24 -> 0 | AM42: =AL42*1.3 -> 0 | AN42: =($G$42-AM42)*19951/1000 -> 199.51 | AO42: + | AP42: =IF(AN42<0,0,AN42) -> 199.51 | AQ42: kg
A43: 1F-CR3I | B43: XL-001F | C43: Nồng độ Cr2O3 三價鉻 | D43: % | E43: ='XM.GUI MAIL'!E43 -> 6~10 | F43: ='XM.GUI MAIL'!F43 -> (8±0.5) | G43: ='XM.GUI MAIL'!G43 -> 8 | H43: =XM.HN!B25 -> 0 | I43: =(H43*0.4237)-1.0461 -> -1.0461 | J43: =($G$43-I43)*575/100 -> 52.015075 | K43: + | L43: =IF(J43<0,0,J43) -> 52.015075 | M43: L | N43: =XM.HN!C25 -> 0 | O43: =(N43*0.4237)-1.0461 -> -1.0461 | P43: =($G$43-O43)*575/100 -> 52.015075 | Q43: + | R43: =IF(P43<0,0,P43) -> 52.015075 | S43: L | T43: =XM.HN!D25 -> 0 | U43: =(T43*0.4237)-1.0461 -> -1.0461 | V43: =($G$43-U43)*575/100 -> 52.015075 | W43: + | X43: =IF(V43<0,0,V43) -> 52.015075 | Y43: L | Z43: =XM.HN!E25 -> 0 | AA43: =(Z43*0.4237)-1.0461 -> -1.0461 | AB43: =($G$43-AA43)*575/100 -> 52.015075 | AC43: + | AD43: =IF(AB43<0,0,AB43) -> 52.015075 | AE43: L | AF43: =XM.HN!F25 -> 0 | AG43: =(AF43*0.4237)-1.0461 -> -1.0461 | AH43: =($G$43-AG43)*575/100 -> 52.015075 | AI43: + | AJ43: =IF(AH43<0,0,AH43) -> 52.015075 | AK43: L | AL43: =XM.HN!G25 -> 0 | AM43: =(AL43*0.4237)-1.0461 -> -1.0461 | AN43: =($G$43-AM43)*575/100 -> 52.015075 | AO43: + | AP43: =IF(AN43<0,0,AN43) -> 52.015075 | AQ43: L
A44: 1F-CR3IPH | B44: XL-001F | C44: PH | D44: pH | E44: ='XM.GUI MAIL'!E44 -> 2~2.5 | F44: ='XM.GUI MAIL'!F44 -> (2.3±0.1 ) | G44: ='XM.GUI MAIL'!G44 -> 0 | I44: =XM.HN!B32 -> 0 | O44: =XM.HN!C32 -> 0 | U44: =XM.HN!D32 -> 0 | AA44: =XM.HN!E32 -> 0 | AG44: =XM.HN!F32 -> 0 | AM44: =XM.HN!G32 -> 0
A45: 1F-HCL1 | B45: XL-001F | C45: Nồng độ acid đặc 鹽酸 濃度 | D45: %V/V | E45: ='XM.GUI MAIL'!E45 -> 30~60 | F45: ='XM.GUI MAIL'!F45 -> (45±5) | G45: ='XM.GUI MAIL'!G45 -> 0.45 | H45: =XM.HN!B26 -> 0 | I45: =(1*H45*36.5)/(1*10)/32%/100 -> 0 | J45: =($G$45-I45)*2122 -> 954.9 | K45: + | L45: =IF(J45<0,0,J45) -> 954.9 | M45: L | N45: =XM.HN!C26 -> 0 | O45: =(1*N45*36.5)/(1*10)/32%/100 -> 0 | P45: =($G$45-O45)*2122 -> 954.9 | Q45: + | R45: =IF(P45<0,0,P45) -> 954.9 | S45: L | T45: =XM.HN!D26 -> 0 | U45: =(1*T45*36.5)/(1*10)/32%/100 -> 0 | V45: =($G$45-U45)*2122 -> 954.9 | W45: + | X45: =IF(V45<0,0,V45) -> 954.9 | Y45: L | Z45: =XM.HN!E26 -> 0 | AA45: =(1*Z45*36.5)/(1*10)/32%/100 -> 0 | AB45: =($G$45-AA45)*2122 -> 954.9 | AC45: + | AD45: =IF(AB45<0,0,AB45) -> 954.9 | AE45: L | AF45: =XM.HN!F26 -> 0 | AG45: =(1*AF45*36.5)/(1*10)/32%/100 -> 0 | AH45: =($G$45-AG45)*2122 -> 954.9 | AI45: + | AJ45: =IF(AH45<0,0,AH45) -> 954.9 | AK45: L | AL45: =XM.HN!G26 -> 0 | AM45: =(1*AL45*36.5)/(1*10)/32%/100 -> 0 | AN45: =($G$45-AM45)*2122 -> 954.9 | AO45: + | AP45: =IF(AN45<0,0,AN45) -> 954.9 | AQ45: L
A46: 1F-HCL2 | B46: XL-001F | C46: Nồng độ acid loãng 稀酸 濃度 | D46: %V/V | E46: ='XM.GUI MAIL'!E46 -> 15~30 | F46: ='XM.GUI MAIL'!F46 -> (22±5 ) | G46: ='XM.GUI MAIL'!G46 -> 0.22 | H46: =XM.HN!B27 -> 0 | I46: =(1*H46*36.5)/(1*10)/32%/100 -> 0 | J46: =($G$46-I46)*612 -> 134.64 | K46: + | L46: =IF(J46<0,0,J46) -> 134.64 | M46: L | N46: =XM.HN!C27 -> 0 | O46: =(1*N46*36.5)/(1*10)/32%/100 -> 0 | P46: =($G$46-O46)*612 -> 134.64 | Q46: + | R46: =IF(P46<0,0,P46) -> 134.64 | S46: L | T46: =XM.HN!D27 -> 0 | U46: =(1*T46*36.5)/(1*10)/32%/100 -> 0 | V46: =($G$46-U46)*612 -> 134.64 | W46: + | X46: =IF(V46<0,0,V46) -> 134.64 | Y46: L | Z46: =XM.HN!E27 -> 0 | AA46: =(1*Z46*36.5)/(1*10)/32%/100 -> 0 | AB46: =($G$46-AA46)*612 -> 134.64 | AC46: + | AD46: =IF(AB46<0,0,AB46) -> 134.64 | AE46: L | AF46: =XM.HN!F27 -> 0 | AG46: =(1*AF46*36.5)/(1*10)/32%/100 -> 0 | AH46: =($G$46-AG46)*612 -> 134.64 | AI46: + | AJ46: =IF(AH46<0,0,AH46) -> 134.64 | AK46: L | AL46: =XM.HN!G27 -> 0 | AM46: =(1*AL46*36.5)/(1*10)/32%/100 -> 0 | AN46: =($G$46-AM46)*612 -> 134.64 | AO46: + | AP46: =IF(AN46<0,0,AN46) -> 134.64 | AQ46: L
A47: 1F-HCL3 | B47: XL-001F | C47: Nồng độ HCl hoạt hóa 稀酸活化 濃度 | D47: %V/V | E47: ='XM.GUI MAIL'!E47 -> 5~15 | F47: ='XM.GUI MAIL'!F47 -> (10±3) | G47: ='XM.GUI MAIL'!G47 -> 0.1 | H47: =XM.HN!B28 -> 0 | I47: =(1*H47*36.5)/(5*10)/32%/100 -> 0 | J47: =($G$47-I47)*575 -> 57.5 | K47: + | L47: =IF(J47<0,0,J47) -> 57.5 | M47: L | N47: =XM.HN!C28 -> 0 | O47: =(1*N47*36.5)/(5*10)/32%/100 -> 0 | P47: =($G$47-O47)*575 -> 57.5 | Q47: + | R47: =IF(P47<0,0,P47) -> 57.5 | S47: L | T47: =XM.HN!D28 -> 0 | U47: =(1*T47*36.5)/(5*10)/32%/100 -> 0 | V47: =($G$47-U47)*575 -> 57.5 | W47: + | X47: =IF(V47<0,0,V47) -> 57.5 | Y47: L | Z47: =XM.HN!E28 -> 0 | AA47: =(1*Z47*36.5)/(5*10)/32%/100 -> 0 | AB47: =($G$47-AA47)*575 -> 57.5 | AC47: + | AD47: =IF(AB47<0,0,AB47) -> 57.5 | AE47: L | AF47: =XM.HN!F28 -> 0 | AG47: =(1*AF47*36.5)/(5*10)/32%/100 -> 0 | AH47: =($G$47-AG47)*575 -> 57.5 | AI47: + | AJ47: =IF(AH47<0,0,AH47) -> 57.5 | AK47: L | AL47: =XM.HN!G28 -> 0 | AM47: =(1*AL47*36.5)/(5*10)/32%/100 -> 0 | AN47: =($G$47-AM47)*575 -> 57.5 | AO47: + | AP47: =IF(AN47<0,0,AN47) -> 57.5 | AQ47: L
A48: 1F-HNO3 | B48: XL-001F | C48: Nồng độ HNO3 硝酸濃度 | D48: % | E48: ='XM.GUI MAIL'!E48 -> 0.5~1.5 | F48: ='XM.GUI MAIL'!F48 -> (1±0.2) | G48: ='XM.GUI MAIL'!G48 -> 0.01 | H48: =XM.HN!B29 -> 0 | I48: =(1*H48*6.301)/5/100 -> 0 | J48: =($G$48-I48)*530/65% -> 8.1538462 | K48: + | L48: =IF(J48<0,0,J48) -> 8.1538462 | M48: L | N48: =XM.HN!C29 -> 0 | O48: =(1*N48*6.301)/5/100 -> 0 | P48: =($G$48-O48)*530/65% -> 8.1538462 | Q48: + | R48: =IF(P48<0,0,P48) -> 8.1538462 | S48: L | T48: =XM.HN!D29 -> 0 | U48: =(1*T48*6.301)/5/100 -> 0 | V48: =($G$48-U48)*530/65% -> 8.1538462 | W48: + | X48: =IF(V48<0,0,V48) -> 8.1538462 | Y48: L | Z48: =XM.HN!E29 -> 0 | AA48: =(1*Z48*6.301)/5/100 -> 0 | AB48: =($G$48-AA48)*530/65% -> 8.1538462 | AC48: + | AD48: =IF(AB48<0,0,AB48) -> 8.1538462 | AE48: L | AF48: =XM.HN!F29 -> 0 | AG48: =(1*AF48*6.301)/5/100 -> 0 | AH48: =($G$48-AG48)*530/65% -> 8.1538462 | AI48: + | AJ48: =IF(AH48<0,0,AH48) -> 8.1538462 | AK48: L | AL48: =XM.HN!G29 -> 0 | AM48: =(1*AL48*6.301)/5/100 -> 0 | AN48: =($G$48-AM48)*530/65% -> 8.1538462 | AO48: + | AP48: =IF(AN48<0,0,AN48) -> 8.1538462 | AQ48: L
A49: 1F-CR3K | B49: XL-001F | C49: Nồng độ Cr2O3 （K) 三價鉻 FINIDIP 124 | D49: % | E49: ='XM.GUI MAIL'!E49 -> 5~8 | F49: ='XM.GUI MAIL'!F49 -> (6%±0.5) | G49: ='XM.GUI MAIL'!G49 -> 6 | H49: =XM.HN!B30 -> 0 | I49: =H49*0.8+1.1 -> 1.1 | J49: =($G$49-I49)*575/95 -> 29.657895 | K49: + | L49: =IF(J49<0,0,J49) -> 29.657895 | M49: L | N49: =XM.HN!C30 -> 0 | O49: =N49*0.8+1.1 -> 1.1 | P49: =($G$49-O49)*575/95 -> 29.657895 | Q49: + | R49: =IF(P49<0,0,P49) -> 29.657895 | S49: L | T49: =XM.HN!D30 -> 0 | U49: =T49*0.8+1.1 -> 1.1 | V49: =($G$49-U49)*575/95 -> 29.657895 | W49: + | X49: =IF(V49<0,0,V49) -> 29.657895 | Y49: L | Z49: =XM.HN!E30 -> 0 | AA49: =Z49*0.8+1.1 -> 1.1 | AB49: =($G$49-AA49)*575/95 -> 29.657895 | AC49: + | AD49: =IF(AB49<0,0,AB49) -> 29.657895 | AE49: L | AF49: =XM.HN!F30 -> 0 | AG49: =AF49*0.8+1.1 -> 1.1 | AH49: =($G$49-AG49)*575/95 -> 29.657895 | AI49: + | AJ49: =IF(AH49<0,0,AH49) -> 29.657895 | AK49: L | AL49: =XM.HN!G30 -> 0 | AM49: =AL49*0.8+1.1 -> 1.1 | AN49: =($G$49-AM49)*575/95 -> 29.657895 | AO49: + | AP49: =IF(AN49<0,0,AN49) -> 29.657895 | AQ49: L
A50: 1F-CR3KPH | B50: XL-001F | C50: PH | D50: pH | E50: ='XM.GUI MAIL'!E50 -> 1.8~2.4 | F50: ='XM.GUI MAIL'!F50 -> (2.1±0.1 ) | I50: =XM.HN!B31 -> 0 | O50: =XM.HN!C31 -> 0 | U50: =XM.HN!D31 -> 0 | AA50: =XM.HN!E31 -> 0 | AG50: =XM.HN!F31 -> 0 | AM50: =XM.HN!G31 -> 0
A51: Hạng mục kiểm tra nhiệt độ 檢查溫度
A52: MÃ | B52: MÃ MÁY | C52: Hạng mục kiểm tra nhiệt độ 溫度檢查項目 | D52: nhiệt độ 溫度 | E52: Phạm vi kiểm soát 範圍值 | F52: Giới hạn kiểm soát 管控值 | I52: Nhiệt kế 温度計 | L52: Nhiệt tự động 自動温控 | O52: Nhiệt kế 温度計 | R52: Nhiệt tự động 自動温控 | U52: Nhiệt kế 温度計 | X52: Nhiệt tự động 自動温控 | AA52: Nhiệt kế 温度計 | AD52: Nhiệt tự động 自動温控 | AG52: Nhiệt kế 温度計 | AJ52: Nhiệt tự động 自動温控 | AM52: Nhiệt kế 温度計 | AP52: Nhiệt tự động 自動温控
A53: 1F-TEMXB1 | B53: XL-001F | C53: Nhiệt độ xà bông nóng (1) 熱脫脂溫度(1) | D53: 0C | E53: ='XM.GUI MAIL'!E53 -> 50~70 | F53: ='XM.GUI MAIL'!F53 -> (60±3)
A54: 1F-TEMXB2 | B54: XL-001F | C54: Nhiệt độ xà bông nóng (2) 熱脫脂溫度(2) | D54: 0C | E54: ='XM.GUI MAIL'!E54 -> 50~70 | F54: ='XM.GUI MAIL'!F54 -> (60±3)
A55: 1F-TEMDG1 | B55: XL-001F | C55: Nhiệt độ điện giải (1) 電解1 溫度 | D55: 0C | E55: ='XM.GUI MAIL'!E55 -> 50~70 | F55: ='XM.GUI MAIL'!F55 -> (60±3)
A56: 1F-TEMDG2 | B56: XL-001F | C56: Nhiệt độ điện giải (2) 電解 2 溫度 | D56: 0C | E56: ='XM.GUI MAIL'!E56 -> 50~70 | F56: ='XM.GUI MAIL'!F56 -> (60±3)
A57: 1F-TEMBX | B57: XL-001F | C57: Nhiệt độ bồn xi 鍍鋅槽溫度 | D57: 0C | E57: ='XM.GUI MAIL'!E57 -> 22~30 | F57: ='XM.GUI MAIL'!F57 -> (24±1)
A58: 1F-TEMCR3I | B58: XL-001F | C58: Nhiệt độ bồn màu Cr2O3 三價鉻 溫度 | D58: 0C | E58: ='XM.GUI MAIL'!E58 -> 30-38 | F58: ='XM.GUI MAIL'!F58 -> (34±2)
A59: 1F-TEMH2O | B59: XL-001F | C59: Nhiệt độ bồn nước nóng 熱水溫度 | D59: 0C | E59: ='XM.GUI MAIL'!E59 -> 55~65 | F59: ='XM.GUI MAIL'!F59 -> (60±3)
A60: 1F-TEMSAY | B60: XL-001F | C60: Sấy khô 烘乾 | D60: 0C | E60: ='XM.GUI MAIL'!E60 -> 65~75 | F60: ='XM.GUI MAIL'!F60 -> (70±3) | I60: \ | O60: \ | U60: \ | AA60: \ | AG60: \ | AM60: \
A61: Hạng mục kiểm tra bơm thuốc tự động 藥液自動添加
A62: 1F-MEM | B62: XL-001F | C62: 開缸劑 250 Base | D62: ml/1000AH | E62: ='XM.GUI MAIL'!E62 -> 100-200 | F62: ='XM.GUI MAIL'!F62 -> 100-200
A63: 1F-BONG | B63: XL-001F | C63: 光亮劑 250 Brightener | D63: ml/1000AH | E63: ='XM.GUI MAIL'!E63 -> 20-50 | F63: ='XM.GUI MAIL'!F63 -> 20-50
A65: 生產線別：無氰鹼吊電C線 (XT-000C) | G65: Kết quả kiểm tra 檢查結果 | AG65: 生產線別：無氰鹼吊電C線 (XT-000C)
G66: tiêu chuẩn khống chế để bổ sung | I66: 6:15 | O66: 10:15 | U66: 14:15 | AA66: 18:15 | AG66: 22:15 | AM66: 02:15
A67: MÃ | B67: MÃ MÁY | C67: Hạng mục kiểm tra nồng độ 化驗檢查項目 | D67: Đơn vị 單位 | E67: Phạm vi kiểm soát 範圍值 | F67: Giới hạn kiểm soát 管控值 | I67: 濃度 | J67: 補充 BS | K67: 補充 BS | O67: 濃度 | P67: 補充 BS | Q67: 補充 BS | U67: 濃度 | V67: 補充 BS | W67: 補充 BS | AA67: 濃度 | AB67: 補充 BS | AC67: 補充 BS | AG67: 濃度 | AH67: 補充 BS | AI67: 補充 BS | AM67: 濃度 | AN67: 補充 BS | AO67: 補充 BS
A68: XT-XB1 | B68: XT-000C | C68: Xà bông 脫脂 (2,3,4) | D68: g/L | E68: ='XM.GUI MAIL'!E68 -> 40~60 | F68: ='XM.GUI MAIL'!F68 -> (50±5) | G68: ='XM.GUI MAIL'!G68 -> 50 | H68: =XM.HN!B35 -> 13.45 | I68: =H68*6.49 -> 87.2905 | J68: =($G$68-I68)*15517/1000 -> -578.63669 | K68: + | L68: =IF(J68<0,0,J68) -> 0 | M68: kg | N68: =XM.HN!C35 -> 0 | O68: =N68*6.49 -> 0 | P68: =($G$68-O68)*15517/1000 -> 775.85 | Q68: + | R68: =IF(P68<0,0,P68) -> 775.85 | S68: kg | T68: =XM.HN!D35 -> 0 | U68: =T68*6.49 -> 0 | V68: =($G$68-U68)*15517/1000 -> 775.85 | W68: + | X68: =IF(V68<0,0,V68) -> 775.85 | Y68: kg | Z68: =XM.HN!E35 -> 0 | AA68: =Z68*6.49 -> 0 | AB68: =($G$68-AA68)*15517/1000 -> 775.85 | AC68: + | AD68: =IF(AB68<0,0,AB68) -> 775.85 | AE68: kg | AF68: =XM.HN!F35 -> 0 | AG68: =AF68*6.49 -> 0 | AH68: =($G$68-AG68)*15517/1000 -> 775.85 | AI68: + | AJ68: =IF(AH68<0,0,AH68) -> 775.85 | AK68: kg | AL68: =XM.HN!G35 -> 0 | AM68: =AL68*6.49 -> 0 | AN68: =($G$68-AM68)*15517/1000 -> 775.85 | AO68: + | AP68: =IF(AN68<0,0,AN68) -> 775.85 | AQ68: kg
A69: XT-XB2 | B69: XT-000C | C69: Xà bông 脫脂 (5,6) | D69: g/L | E69: ='XM.GUI MAIL'!E69 -> 40~60 | F69: ='XM.GUI MAIL'!F69 -> (50±5) | G69: ='XM.GUI MAIL'!G69 -> 50 | H69: =XM.HN!B36 -> 0 | I69: =H69*6.49 -> 0 | J69: =($G$69-I69)*11475/1000 -> 573.75 | K69: + | L69: =IF(J69<0,0,J69) -> 573.75 | M69: kg | N69: =XM.HN!C36 -> 0 | O69: =N69*6.49 -> 0 | P69: =($G$69-O69)*11475/1000 -> 573.75 | Q69: + | R69: =IF(P69<0,0,P69) -> 573.75 | S69: kg | T69: =XM.HN!D36 -> 0 | U69: =T69*6.49 -> 0 | V69: =($G$69-U69)*11475/1000 -> 573.75 | W69: + | X69: =IF(V69<0,0,V69) -> 573.75 | Y69: kg | Z69: =XM.HN!E36 -> 0 | AA69: =Z69*6.49 -> 0 | AB69: =($G$69-AA69)*11475/1000 -> 573.75 | AC69: + | AD69: =IF(AB69<0,0,AB69) -> 573.75 | AE69: kg | AF69: =XM.HN!F36 -> 0 | AG69: =AF69*6.49 -> 0 | AH69: =($G$69-AG69)*11475/1000 -> 573.75 | AI69: + | AJ69: =IF(AH69<0,0,AH69) -> 573.75 | AK69: kg | AL69: =XM.HN!G36 -> 0 | AM69: =AL69*6.49 -> 0 | AN69: =($G$69-AM69)*11475/1000 -> 573.75 | AO69: + | AP69: =IF(AN69<0,0,AN69) -> 573.75 | AQ69: kg
A70: XT-DG1 | B70: XT-000C | C70: Điện giải 電解 (8) | D70: g/L | E70: ='XM.GUI MAIL'!E70 -> 50~70 | F70: ='XM.GUI MAIL'!F70 -> (60±5) | G70: ='XM.GUI MAIL'!G70 -> 60 | H70: =XM.HN!B37 -> 12.5 | I70: =H70*4.62 -> 57.75 | J70: =($G$70-I70)*8200/1000 -> 18.45 | K70: + | L70: =IF(J70<0,0,J70) -> 18.45 | M70: kg | N70: =XM.HN!C37 -> 0 | O70: =N70*4.62 -> 0 | P70: =($G$70-O70)*8200/1000 -> 492 | Q70: + | R70: =IF(P70<0,0,P70) -> 492 | S70: kg | T70: =XM.HN!D37 -> 0 | U70: =T70*4.62 -> 0 | V70: =($G$70-U70)*8200/1000 -> 492 | W70: + | X70: =IF(V70<0,0,V70) -> 492 | Y70: kg | Z70: =XM.HN!E37 -> 0 | AA70: =Z70*4.62 -> 0 | AB70: =($G$70-AA70)*8200/1000 -> 492 | AC70: + | AD70: =IF(AB70<0,0,AB70) -> 492 | AE70: kg | AF70: =XM.HN!F37 -> 0 | AG70: =AF70*4.62 -> 0 | AH70: =($G$70-AG70)*8200/1000 -> 492 | AI70: + | AJ70: =IF(AH70<0,0,AH70) -> 492 | AK70: kg | AL70: =XM.HN!G37 -> 0 | AM70: =AL70*4.62 -> 0 | AN70: =($G$70-AM70)*8200/1000 -> 492 | AO70: + | AP70: =IF(AN70<0,0,AN70) -> 492 | AQ70: kg
A71: XT-DG2 | B71: XT-000C | C71: Điện giải 電解 (20,21) | D71: g/L | E71: ='XM.GUI MAIL'!E71 -> 50~70 | F71: ='XM.GUI MAIL'!F71 -> (60±5) | G71: ='XM.GUI MAIL'!G71 -> 60 | H71: =XM.HN!B38 -> 0 | I71: =H71*4.62 -> 0 | J71: =($G$71-I71)*8668/1000 -> 520.08 | K71: + | L71: =IF(J71<0,0,J71) -> 520.08 | M71: kg | N71: =XM.HN!C38 -> 0 | O71: =N71*4.62 -> 0 | P71: =($G$71-O71)*8668/1000 -> 520.08 | Q71: + | R71: =IF(P71<0,0,P71) -> 520.08 | S71: kg | T71: =XM.HN!D38 -> 0 | U71: =T71*4.62 -> 0 | V71: =($G$71-U71)*8668/1000 -> 520.08 | W71: + | X71: =IF(V71<0,0,V71) -> 520.08 | Y71: kg | Z71: =XM.HN!E38 -> 0 | AA71: =Z71*4.62 -> 0 | AB71: =($G$71-AA71)*8668/1000 -> 520.08 | AC71: + | AD71: =IF(AB71<0,0,AB71) -> 520.08 | AE71: kg | AF71: =XM.HN!F38 -> 0 | AG71: =AF71*4.62 -> 0 | AH71: =($G$71-AG71)*8668/1000 -> 520.08 | AI71: + | AJ71: =IF(AH71<0,0,AH71) -> 520.08 | AK71: kg | AL71: =XM.HN!G38 -> 0 | AM71: =AL71*4.62 -> 0 | AN71: =($G$71-AM71)*8668/1000 -> 520.08 | AO71: + | AP71: =IF(AN71<0,0,AN71) -> 520.08 | AQ71: kg
A72: XT-NAOH | B72: XT-000C | C72: NaOH (26-37) 氫氧化鈉 | D72: g/L | E72: ='XM.GUI MAIL'!E72 -> 135~ 145 | F72: ='XM.GUI MAIL'!F72 -> (140±5) | G72: ='XM.GUI MAIL'!G72 -> 140 | H72: =XM.HN!B39 -> 17.3 | I72: =H72*8 -> 138.4 | J72: =($G$72-I72)*53066/1000 -> 84.9056 | K72: + | L72: =IF(J72<0,0,J72) -> 84.9056 | M72: kg | N72: =XM.HN!C39 -> 0 | O72: =N72*8 -> 0 | P72: =($G$72-O72)*53066/1000 -> 7429.24 | Q72: + | R72: =IF(P72<0,0,P72) -> 7429.24 | S72: kg | T72: =XM.HN!D39 -> 0 | U72: =T72*8 -> 0 | V72: =($G$72-U72)*53066/1000 -> 7429.24 | W72: + | X72: =IF(V72<0,0,V72) -> 7429.24 | Y72: kg | Z72: =XM.HN!E39 -> 0 | AA72: =Z72*8 -> 0 | AB72: =($G$72-AA72)*53066/1000 -> 7429.24 | AC72: + | AD72: =IF(AB72<0,0,AB72) -> 7429.24 | AE72: kg | AF72: =XM.HN!F39 -> 0 | AG72: =AF72*8 -> 0 | AH72: =($G$72-AG72)*53066/1000 -> 7429.24 | AI72: + | AJ72: =IF(AH72<0,0,AH72) -> 7429.24 | AK72: kg | AL72: =XM.HN!G39 -> 0 | AM72: =AL72*8 -> 0 | AN72: =($G$72-AM72)*53066/1000 -> 7429.24 | AO72: + | AP72: =IF(AN72<0,0,AN72) -> 7429.24 | AQ72: kg
A73: XT-ZN | B73: XT-000C | C73: Zn 鋅 (26-37) (1 pcs Zn=25kg) | D73: g/L | E73: ='XM.GUI MAIL'!E73 -> 6~8 | F73: ='XM.GUI MAIL'!F73 -> (7±0.5) | G73: ='XM.GUI MAIL'!G73 -> 7 | H73: =XM.HN!B40 -> 4.5 | I73: =H73*1.3 -> 5.85 | J73: =($G$73-I73)*53066/1000 -> 61.0259 | K73: + | L73: =IF(J73<0,0,J73) -> 61.0259 | M73: kg | N73: =XM.HN!C40 -> 0 | O73: =N73*1.3 -> 0 | P73: =($G$73-O73)*53066/1000 -> 371.462 | Q73: + | R73: =IF(P73<0,0,P73) -> 371.462 | S73: kg | T73: =XM.HN!D40 -> 0 | U73: =T73*1.3 -> 0 | V73: =($G$73-U73)*53066/1000 -> 371.462 | W73: + | X73: =IF(V73<0,0,V73) -> 371.462 | Y73: kg | Z73: =XM.HN!E40 -> 0 | AA73: =Z73*1.3 -> 0 | AB73: =($G$73-AA73)*53066/1000 -> 371.462 | AC73: + | AD73: =IF(AB73<0,0,AB73) -> 371.462 | AE73: kg | AF73: =XM.HN!F40 -> 0 | AG73: =AF73*1.3 -> 0 | AH73: =($G$73-AG73)*53066/1000 -> 371.462 | AI73: + | AJ73: =IF(AH73<0,0,AH73) -> 371.462 | AK73: kg | AL73: =XM.HN!G40 -> 0 | AM73: =AL73*1.3 -> 0 | AN73: =($G$73-AM73)*53066/1000 -> 371.462 | AO73: + | AP73: =IF(AN73<0,0,AN73) -> 371.462 | AQ73: kg
A74: XT-CR3I | B74: XT-000C | C74: Nồng độ Cr2O3 三價鉻(46) LANTHANE 318 (HALO) | D74: % | E74: ='XM.GUI MAIL'!E74 -> 5~8 | F74: ='XM.GUI MAIL'!F74 -> (6±0.5) | G74: ='XM.GUI MAIL'!G74 -> 6 | H74: =XM.HN!B41 -> 0 | I74: =(H74*0.4237)-1.0461 -> -1.0461 | J74: =($G$74-I74)*3360/100 -> 236.74896 | K74: + | L74: =IF(J74<0,0,J74) -> 236.74896 | M74: L | N74: =XM.HN!C41 -> 0 | O74: =(N74*0.4237)-1.0461 -> -1.0461 | P74: =($G$74-O74)*3360/100 -> 236.74896 | Q74: + | R74: =IF(P74<0,0,P74) -> 236.74896 | S74: L | T74: =XM.HN!D41 -> 0 | U74: =(T74*0.4237)-1.0461 -> -1.0461 | V74: =($G$74-U74)*3360/100 -> 236.74896 | W74: + | X74: =IF(V74<0,0,V74) -> 236.74896 | Y74: L | Z74: =XM.HN!E41 -> 0 | AA74: =(Z74*0.4237)-1.0461 -> -1.0461 | AB74: =($G$74-AA74)*3360/100 -> 236.74896 | AC74: + | AD74: =IF(AB74<0,0,AB74) -> 236.74896 | AE74: L | AF74: =XM.HN!F41 -> 0 | AG74: =(AF74*0.4237)-1.0461 -> -1.0461 | AH74: =($G$74-AG74)*3360/100 -> 236.74896 | AI74: + | AJ74: =IF(AH74<0,0,AH74) -> 236.74896 | AK74: L | AL74: =XM.HN!G41 -> 0 | AM74: =(AL74*0.4237)-1.0461 -> -1.0461 | AN74: =($G$74-AM74)*3360/100 -> 236.74896 | AO74: + | AP74: =IF(AN74<0,0,AN74) -> 236.74896 | AQ74: L
A75: XT-CR3IPH | B75: XT-000C | C75: PH | D75: pH | E75: ='XM.GUI MAIL'!E75 -> 2.0~2.4 | F75: ='XM.GUI MAIL'!F75 -> (2.2±0.2 ) | G75: ='XM.GUI MAIL'!G75 -> 0 | I75: =XM.HN!B48 -> 0 | O75: =XM.HN!C48 -> 0 | U75: =XM.HN!D48 -> 0 | AA75: =XM.HN!E48 -> 0 | AG75: =XM.HN!F48 -> 0 | AM75: =XM.HN!G48 -> 0
A76: XT-HCL1 | B76: XT-000C | C76: Nồng độ acid đặc (13,14) 鹽酸 濃度 | D76: %V/V | E76: ='XM.GUI MAIL'!E76 -> 40~50 | F76: ='XM.GUI MAIL'!F76 -> (45±5) | G76: ='XM.GUI MAIL'!G76 -> 0.45 | H76: =XM.HN!B42 -> 1.74 | I76: =(1*H76*36.5)/(0.5*10)/32%/100 -> 0.3969375 | J76: =($G$76-I76)*6723/2.6 -> 137.20738 | K76: + | L76: =IF(J76<0,0,J76) -> 137.20738 | M76: L | N76: =XM.HN!C42 -> 0 | O76: =(1*N76*36.5)/(0.5*10)/32%/100 -> 0 | P76: =($G$76-O76)*6723/2.6 -> 1163.5962 | Q76: + | R76: =IF(P76<0,0,P76) -> 1163.5962 | S76: L | T76: =XM.HN!D42 -> 0 | U76: =(1*T76*36.5)/(0.5*10)/32%/100 -> 0 | V76: =($G$76-U76)*6723/2.6 -> 1163.5962 | W76: + | X76: =IF(V76<0,0,V76) -> 1163.5962 | Y76: L | Z76: =XM.HN!E42 -> 0 | AA76: =(1*Z76*36.5)/(0.5*10)/32%/100 -> 0 | AB76: =($G$76-AA76)*6723/2.6 -> 1163.5962 | AC76: + | AD76: =IF(AB76<0,0,AB76) -> 1163.5962 | AE76: L | AF76: =XM.HN!F42 -> 0 | AG76: =(1*AF76*36.5)/(0.5*10)/32%/100 -> 0 | AH76: =($G$76-AG76)*6723/2.6 -> 1163.5962 | AI76: + | AJ76: =IF(AH76<0,0,AH76) -> 1163.5962 | AK76: L | AL76: =XM.HN!G42 -> 0 | AM76: =(1*AL76*36.5)/(0.5*10)/32%/100 -> 0 | AN76: =($G$76-AM76)*6723/2.6 -> 1163.5962 | AO76: + | AP76: =IF(AN76<0,0,AN76) -> 1163.5962 | AQ76: L
A77: XT-HCL2 | B77: XT-000C | C77: Nồng độ acid đặc (15,16,17) 鹽酸 濃度 | D77: %V/V | E77: ='XM.GUI MAIL'!E77 -> 40~50 | F77: ='XM.GUI MAIL'!F77 -> (45±5) | G77: ='XM.GUI MAIL'!G77 -> 0.45 | H77: =XM.HN!B43 -> 0 | I77: =(1*H77*36.5)/(0.5*10)/32%/100 -> 0 | J77: =($G$76-I77)*10509/2.6 -> 1818.8654 | K77: + | L77: =IF(J77<0,0,J77) -> 1818.8654 | M77: L | N77: =XM.HN!C43 -> 0 | O77: =(1*N77*36.5)/(0.5*10)/32%/100 -> 0 | P77: =($G$76-O77)*10509/2.6 -> 1818.8654 | Q77: + | R77: =IF(P77<0,0,P77) -> 1818.8654 | S77: L | T77: =XM.HN!D43 -> 0 | U77: =(1*T77*36.5)/(0.5*10)/32%/100 -> 0 | V77: =($G$76-U77)*10509/2.6 -> 1818.8654 | W77: + | X77: =IF(V77<0,0,V77) -> 1818.8654 | Y77: L | Z77: =XM.HN!E43 -> 0 | AA77: =(1*Z77*36.5)/(0.5*10)/32%/100 -> 0 | AB77: =($G$76-AA77)*10509/2.6 -> 1818.8654 | AC77: + | AD77: =IF(AB77<0,0,AB77) -> 1818.8654 | AE77: L | AF77: =XM.HN!F43 -> 0 | AG77: =(1*AF77*36.5)/(0.5*10)/32%/100 -> 0 | AH77: =($G$76-AG77)*10509/2.6 -> 1818.8654 | AI77: + | AJ77: =IF(AH77<0,0,AH77) -> 1818.8654 | AK77: L | AL77: =XM.HN!G43 -> 0 | AM77: =(1*AL77*36.5)/(0.5*10)/32%/100 -> 0 | AN77: =($G$76-AM77)*10509/2.6 -> 1818.8654 | AO77: + | AP77: =IF(AN77<0,0,AN77) -> 1818.8654 | AQ77: L
A78: XT-HCL3 | B78: XT-000C | C78: Nồng độ acid loãng (12) 稀酸 濃度 | D78: %V/V | E78: ='XM.GUI MAIL'!E78 -> 20~40 | F78: ='XM.GUI MAIL'!F78 -> (30±5) | G78: ='XM.GUI MAIL'!G78 -> 0.3 | H78: =XM.HN!B44 -> 0.36 | I78: =(1*H78*36.5)/(0.5*10)/32%/100 -> 0.082125 | J78: =($G$78-I78)*3234/2.9 -> 242.96819 | K78: + | L78: =IF(J78<0,0,J78) -> 242.96819 | M78: L | N78: =XM.HN!C44 -> 0 | O78: =(1*N78*36.5)/(0.5*10)/32%/100 -> 0 | P78: =($G$78-O78)*3234/2.9 -> 334.55172 | Q78: + | R78: =IF(P78<0,0,P78) -> 334.55172 | S78: L | T78: =XM.HN!D44 -> 0 | U78: =(1*T78*36.5)/(0.5*10)/32%/100 -> 0 | V78: =($G$78-U78)*3234/2.9 -> 334.55172 | W78: + | X78: =IF(V78<0,0,V78) -> 334.55172 | Y78: L | Z78: =XM.HN!E44 -> 0 | AA78: =(1*Z78*36.5)/(0.5*10)/32%/100 -> 0 | AB78: =($G$78-AA78)*3234/2.9 -> 334.55172 | AC78: + | AD78: =IF(AB78<0,0,AB78) -> 334.55172 | AE78: L | AF78: =XM.HN!F44 -> 0 | AG78: =(1*AF78*36.5)/(0.5*10)/32%/100 -> 0 | AH78: =($G$78-AG78)*3234/2.9 -> 334.55172 | AI78: + | AJ78: =IF(AH78<0,0,AH78) -> 334.55172 | AK78: L | AL78: =XM.HN!G44 -> 0 | AM78: =(1*AL78*36.5)/(0.5*10)/32%/100 -> 0 | AN78: =($G$78-AM78)*3234/2.9 -> 334.55172 | AO78: + | AP78: =IF(AN78<0,0,AN78) -> 334.55172 | AQ78: L
A79: XT-HNO3 | B79: XT-000C | C79: Nồng độ HNO3 (42) 硝酸濃度 | D79: %V/V | E79: ='XM.GUI MAIL'!E79 -> 0.5~1.5 | F79: ='XM.GUI MAIL'!F79 -> (1±0.4) | G79: ='XM.GUI MAIL'!G79 -> 0.01 | H79: =XM.HN!B45 -> 0 | I79: =(1*H79*6.301)/5/100/65% -> 0 | J79: =($G$79-I79)*2808 -> 28.08 | K79: + | L79: =IF(J79<0,0,J79) -> 28.08 | M79: L | N79: =XM.HN!C45 -> 0 | O79: =(1*N79*6.301)/5/100/65% -> 0 | P79: =($G$79-O79)*2808 -> 28.08 | Q79: + | R79: =IF(P79<0,0,P79) -> 28.08 | S79: L | T79: =XM.HN!D45 -> 0 | U79: =(1*T79*6.301)/5/100/65% -> 0 | V79: =($G$79-U79)*2808 -> 28.08 | W79: + | X79: =IF(V79<0,0,V79) -> 28.08 | Y79: L | Z79: =XM.HN!E45 -> 0 | AA79: =(1*Z79*6.301)/5/100/65% -> 0 | AB79: =($G$79-AA79)*2808 -> 28.08 | AC79: + | AD79: =IF(AB79<0,0,AB79) -> 28.08 | AE79: L | AF79: =XM.HN!F45 -> 0 | AG79: =(1*AF79*6.301)/5/100/65% -> 0 | AH79: =($G$79-AG79)*2808 -> 28.08 | AI79: + | AJ79: =IF(AH79<0,0,AH79) -> 28.08 | AK79: L | AL79: =XM.HN!G45 -> 0 | AM79: =(1*AL79*6.301)/5/100/65% -> 0 | AN79: =($G$79-AM79)*2808/1.8 -> 15.6 | AO79: + | AP79: =IF(AN79<0,0,AN79) -> 15.6 | AQ79: L
A80: XT-CR3K | B80: XT-000C | C80: Cr2O3 （K) (49) 三價鉻 | D80: % | E80: ='XM.GUI MAIL'!E80 -> 3~9 | F80: ='XM.GUI MAIL'!F80 -> (6±1) | G80: ='XM.GUI MAIL'!G80 -> 6 | H80: =XM.HN!B46 -> 5.3 | I80: =H80*0.8 -> 4.24 | J80: =($G$80-I80)*4042/95*0.88 -> 65.897364 | K80: + | L80: =IF(J80<0,0,J80) -> 65.897364 | M80: L | N80: =XM.HN!C46 -> 0 | O80: =N80*0.8 -> 0 | P80: =($G$80-O80)*4042/95*0.88 -> 224.65011 | Q80: + | R80: =IF(P80<0,0,P80) -> 224.65011 | S80: L | T80: =XM.HN!D46 -> 0 | U80: =T80*0.8 -> 0 | V80: =($G$80-U80)*4042/95*0.88 -> 224.65011 | W80: + | X80: =IF(V80<0,0,V80) -> 224.65011 | Y80: L | Z80: =XM.HN!E46 -> 0 | AA80: =Z80*0.8 -> 0 | AB80: =($G$80-AA80)*4042/95*0.88 -> 224.65011 | AC80: + | AD80: =IF(AB80<0,0,AB80) -> 224.65011 | AE80: L | AF80: =XM.HN!F46 -> 0 | AG80: =AF80*0.8 -> 0 | AH80: =($G$80-AG80)*4042/95*0.88 -> 224.65011 | AI80: + | AJ80: =IF(AH80<0,0,AH80) -> 224.65011 | AK80: L | AL80: =XM.HN!G46 -> 0 | AM80: =AL80*0.8 -> 0 | AN80: =($G$80-AM80)*4042/95*0.88 -> 224.65011 | AO80: + | AP80: =IF(AN80<0,0,AN80) -> 224.65011 | AQ80: L
A81: XT-CR3KPH | B81: XT-000C | C81: PH | D81: pH | E81: ='XM.GUI MAIL'!E81 -> 1.8~2.4 | F81: ='XM.GUI MAIL'!F81 -> (2.0±0.1) | G81: ='XM.GUI MAIL'!G81 -> 0 | I81: =XM.HN!B47 -> 1.88 | O81: =XM.HN!C47 -> 0 | U81: =XM.HN!D47 -> 0 | AA81: =XM.HN!E47 -> 0 | AG81: =XM.HN!F47 -> 0 | AM81: =XM.HN!G47 -> 0
C82: Nồng độ Cr2O3 三價鉻( JASCO 45) | D82: % | E82: ='XM.GUI MAIL'!E82 -> 8~16 % | F82: ='XM.GUI MAIL'!F82 -> (12±2%) | G82: ='XM.GUI MAIL'!G82 -> 12 | H82: =XM.HN!B49 -> 0 | I82: =H82*100/6.95/10 -> 0 | J82: =($G$82-I82)*3360/100 -> 403.2 | K82: + | L82: =IF(J82<0,0,J82) -> 403.2 | M82: L | N82: =XM.HN!C49 -> 0 | O82: =N82*100/6.95/10 -> 0 | P82: =($G$82-O82)*3360/100 -> 403.2 | Q82: + | R82: =IF(P82<0,0,P82) -> 403.2 | S82: L | T82: =XM.HN!D49 -> 0 | U82: =T82*100/6.95/10 -> 0 | V82: =($G$82-U82)*3360/100 -> 403.2 | W82: + | X82: =IF(V82<0,0,V82) -> 403.2 | Y82: L | Z82: =XM.HN!E49 -> 0 | AA82: =Z82*100/6.95/10 -> 0 | AB82: =($G$82-AA82)*3360/100 -> 403.2 | AC82: + | AD82: =IF(AB82<0,0,AB82) -> 403.2 | AE82: L | AF82: =XM.HN!F49 -> 0 | AG82: =AF82*100/6.95/10 -> 0 | AH82: =($G$82-AG82)*3360/100 -> 403.2 | AI82: + | AJ82: =IF(AH82<0,0,AH82) -> 403.2 | AK82: L | AL82: =XM.HN!G49 -> 0 | AM82: =AL82*100/6.95/10 -> 0 | AN82: =($G$82-AM82)*3360/100 -> 403.2 | AO82: + | AP82: =IF(AN82<0,0,AN82) -> 403.2 | AQ82: L
C83: PH | D83: pH | E83: ='XM.GUI MAIL'!E83 -> 1.8~2.4 | F83: ='XM.GUI MAIL'!F83 -> (2.0 ±0.2 ) | G83: ='XM.GUI MAIL'!G83 -> 0 | I83: =XM.HN!B50 -> 0 | O83: =XM.HN!C50 -> 0 | U83: =XM.HN!D50 -> 0 | AA83: =XM.HN!E50 -> 0 | AG83: =XM.HN!F50 -> 0 | AM83: =XM.HN!G50 -> 0
A84: XTNI-ZN | B84: XT-000C | C84: Zn-Niken Plating- Zn | D84: g/L | E84: ='XM.GUI MAIL'!E84 -> 5~6 | F84: ='XM.GUI MAIL'!F84 -> (5.5± 0.5L) | G84: ='XM.GUI MAIL'!G84 -> 5.5 | H84: =XM.HN!B53 -> 0 | I84: =H84*1.3 -> 0 | J84: =($G$84-I84)*8000/1000 -> 44 | K84: + | L84: =IF(J84<0,0,J84) -> 44 | M84: kg | N84: =XM.HN!C53 -> 0 | T84: =XM.HN!D53 -> 0 | U84: =T84*1.3 -> 0 | V84: =($G$84-U84)*8000/1000 -> 44 | W84: + | X84: =IF(V84<0,0,V84) -> 44 | Y84: kg | Z84: =XM.HN!E53 -> 0 | AA84: =Z84*1.3 -> 0 | AB84: =($G$84-AA84)*8000/1000 -> 44 | AC84: + | AD84: =IF(AB84<0,0,AB84) -> 44 | AE84: kg | AL84: =XM.HN!G53 -> 0 | AM84: =AL84*1.3 -> 0 | AN84: =($G$84-AM84)*8000/1000 -> 44 | AO84: + | AP84: =IF(AN84<0,0,AN84) -> 44 | AQ84: kg
A85: XTNI-NI | B85: XT-000C | C85: Zn-Niken Plating- Ni | D85: g/L | E85: ='XM.GUI MAIL'!E85 -> 1.7~1.9g/L (1.8 ± 0.1g/L) | F85: ='XM.GUI MAIL'!F85 -> 1.7~1.9g/L (1.8 ± 0.1g/L) | G85: ='XM.GUI MAIL'!G85 -> 1.8 | H85: =XM.HN!B54 -> 0 | I85: =H85 -> 0 | J85: =($G$85-I85)*8000/1000 -> 14.4 | K85: + | L85: =IF(J85<0,0,J85) -> 14.4 | M85: L | N85: =XM.HN!C54 -> 0 | T85: =XM.HN!D54 -> 0 | U85: =T85 -> 0 | V85: =($G$85-U85)*8000/1000 -> 14.4 | W85: + | X85: =IF(V85<0,0,V85) -> 14.4 | Y85: L | Z85: =XM.HN!E54 -> 0 | AA85: =Z85 -> 0 | AB85: =($G$85-AA85)*8000/1000 -> 14.4 | AC85: + | AD85: =IF(AB85<0,0,AB85) -> 14.4 | AE85: L | AL85: =XM.HN!G54 -> 0 | AM85: =AL85 -> 0 | AN85: =($G$85-AM85)*8000/1000 -> 14.4 | AO85: + | AP85: =IF(AN85<0,0,AN85) -> 14.4 | AQ85: L
A86: XTNI-NAOH | B86: XT-000C | C86: Zn-Niken Plating- NaOH | D86: g/L | E86: ='XM.GUI MAIL'!E86 -> 120~130 | F86: ='XM.GUI MAIL'!F86 -> (125 ± 5) | G86: ='XM.GUI MAIL'!G86 -> 125 | H86: =XM.HN!B55 -> 0 | I86: =H86*8 -> 0 | J86: =($G$86-I86)*8000/1000 -> 1000 | K86: + | L86: =IF(J86<0,0,J86) -> 1000 | M86: kg | N86: =XM.HN!C55 -> 0 | T86: =XM.HN!D55 -> 0 | U86: =T86*8 -> 0 | V86: =($G$86-U86)*8000/1000 -> 1000 | W86: + | X86: =IF(V86<0,0,V86) -> 1000 | Y86: kg | Z86: =XM.HN!E55 -> 0 | AA86: =Z86*8 -> 0 | AB86: =($G$86-AA86)*8000/1000 -> 1000 | AC86: + | AD86: =IF(AB86<0,0,AB86) -> 1000 | AE86: kg | AL86: =XM.HN!G55 -> 0 | AM86: =AL86*8 -> 0 | AN86: =($G$86-AM86)*8000/1000 -> 1000 | AO86: + | AP86: =IF(AN86<0,0,AN86) -> 1000 | AQ86: kg
A87: XTNI-HT | B87: XT-000C | C87: Zn-Niken Plating- 208HT | D87: g/L | E87: ='XM.GUI MAIL'!E87 -> 125~135g/L (130g/L) | F87: ='XM.GUI MAIL'!F87 -> 125~135g/L (130g/L) | G87: ='XM.GUI MAIL'!G87 -> 130 | H87: =XM.HN!B56 -> 0 | I87: =(H87-0.5)*8.9 -> -4.45 | J87: =($G$87-I87)*8000/1000 -> 1075.6 | K87: + | L87: =IF(J87<0,0,J87) -> 1075.6 | M87: L | N87: =XM.HN!C56 -> 0 | T87: =XM.HN!D56 -> 0 | U87: =(T87-0.5)*8.9 -> -4.45 | V87: =($G$87-U87)*8000/1000 -> 1075.6 | W87: + | X87: =IF(V87<0,0,V87) -> 1075.6 | Y87: L | Z87: =XM.HN!E56 -> 0 | AA87: =(Z87-0.5)*8.9 -> -4.45 | AB87: =($G$87-AA87)*8000/1000 -> 1075.6 | AC87: + | AD87: =IF(AB87<0,0,AB87) -> 1075.6 | AE87: L | AL87: =XM.HN!G56 -> 0 | AM87: =(AL87-0.5)*8.9 -> -4.45 | AN87: =($G$87-AM87)*8000/1000 -> 1075.6 | AO87: + | AP87: =IF(AN87<0,0,AN87) -> 1075.6 | AQ87: L
A88: XTNI-CR3PH | B88: XT-000C | C88: Cr2O3 三價鉻Ni- PH | D88: PH | E88: ='XM.GUI MAIL'!E88 -> 3.0-4.5 | F88: ='XM.GUI MAIL'!F88 -> (4.3±0.2) | G88: ='XM.GUI MAIL'!G88 -> 0 | I88: =XM.HN!B57 -> 0 | U88: =XM.HN!D57 -> 0 | AA88: =XM.HN!E57 -> 0 | AM88: =XM.HN!G57 -> 0
A89: Hạng mục kiểm tra nhiệt độ 檢查溫度
A90: MÃ | B90: MÃ MÁY | C90: Hạng mục kiểm tra nhiệt độ 溫度檢查項目 | D90: nhiệt độ 溫度 | E90: Phạm vi kiểm soát 範圍值 | F90: Giới hạn kiểm soát 管控值 | I90: Nhiệt kế 温度計 | L90: Nhiệt tự động 自動温控 | O90: Nhiệt kế 温度計 | R90: Nhiệt tự động 自動温控 | U90: Nhiệt kế 温度計 | X90: Nhiệt tự động 自動温控 | AA90: Nhiệt kế 温度計 | AD90: Nhiệt tự động 自動温控 | AG90: Nhiệt kế 温度計 | AJ90: Nhiệt tự động 自動温控 | AM90: Nhiệt kế 温度計 | AP90: Nhiệt tự động 自動温控
A91: XT-TEMXB1 | B91: XT-000C | C91: Nhiệt độ xà bông nóng (1) 熱脫脂溫度(1) | D91: 0C | E91: ='XM.GUI MAIL'!E91 -> 65~75 | F91: ='XM.GUI MAIL'!F91 -> (70±3)
A92: XT-TEMXB2 | B92: XT-000C | C92: Nhiệt độ xà bông nóng (2) 熱脫脂溫度(2) | D92: 0C | E92: ='XM.GUI MAIL'!E92 -> 65~75 | F92: ='XM.GUI MAIL'!F92 -> (70±3)
A93: XT-TEMDG1 | B93: XT-000C | C93: Nhiệt độ điện giải (1) 電解1 溫度 | D93: 0C | E93: ='XM.GUI MAIL'!E93 -> 60~70 | F93: ='XM.GUI MAIL'!F93 -> (65±3)
A94: XT-TEMDG2 | B94: XT-000C | C94: Nhiệt độ điện giải (2) 電解 2 溫度 | D94: 0C | E94: ='XM.GUI MAIL'!E94 -> 60~70 | F94: ='XM.GUI MAIL'!F94 -> (65±3)
A95: XT-TEMBX | B95: XT-000C | C95: Nhiệt độ bồn xi 鍍鋅槽溫度 | D95: 0C | E95: ='XM.GUI MAIL'!E95 -> 24~26 | F95: ='XM.GUI MAIL'!F95 -> (25)
A96: XT-TEMCR3I | B96: XT-000C | C96: Nhiệt độ bồn màu Cr2O3 三價鉻 溫度 HALO | D96: 0C | E96: ='XM.GUI MAIL'!E96 -> 34~36 | F96: ='XM.GUI MAIL'!F96 -> (35±1)
A97: XT-TEMH2O | B97: XT-000C | C97: Nhiệt độ bồn nước nóng 熱水溫度 | D97: 0C | E97: ='XM.GUI MAIL'!E97 -> 55~65 | F97: ='XM.GUI MAIL'!F97 -> (60±3)
A98: XT-TEMSAY | B98: XT-000C | C98: Sấy khô 烘乾 | D98: 0C | E98: ='XM.GUI MAIL'!E98 -> 65~75 | F98: ='XM.GUI MAIL'!F98 -> (70±3) | I98: \ | O98: \ | U98: \ | AA98: \ | AG98: \ | AM98: \
C99: Nhiệt độ sóng siêu âm 超音波水洗槽 (23) | D99: 0C | E99: ='XM.GUI MAIL'!E99 -> 40~60 | F99: ='XM.GUI MAIL'!F99 -> (50±10)
C100: Nhiệt độ nước nóng siêm âm 超音波熱水洗槽(39) | D100: 0C | E100: ='XM.GUI MAIL'!E100 -> 50~70 | F100: ='XM.GUI MAIL'!F100 -> (60±5)
C101: Nhiệt độ bồn màu Cr2O3 (K) 三價鉻 溫度 | D101: 0C | E101: ='XM.GUI MAIL'!E101 -> 20~30 | F101: ='XM.GUI MAIL'!F101 -> 20~30
C102: Nhiệt độ bồn màu Cr2O3 三價鉻 溫度 JASCO | D102: 0C | E102: ='XM.GUI MAIL'!E102 -> 35~45 | F102: ='XM.GUI MAIL'!F102 -> (40±3)
...

Sheet 1. XL-1E kh
A1: 錩新科技股份有限公司 CX TECHNOLOGY CORPORATION
A2: BÁO CÁO KẾT QUẢ HÓA NGHIỆM HÀNG NGÀY XL-001E 表面處理生產製程管控記錄表 | AD2: Lập biểu 作成 | AF2: Xác nhận 確認
B3: XL-001E | G3: =MENU!AC9 -> 2023/03/21 | I3: =G3 -> 2023/03/21 | AD3: =MENU!AD6 -> Trang | AF3: Yen
A4: NO | B4: Hạng mục kiểm tra nồng dộ 化驗檢查項目 | F4: Đơn vị 單位 | G4: Phạm vi kiểm soát 範圍值 | H4: Giới hạn kiểm soát 管控值 | I4: 0.26041667 | M4: KQ bổ sung sau 1H | Q4: 0.42708333 | U4: KQ bổ sung sau 1H | Y4: 0.59375 | AC4: KQ bổ sung sau 1H | AG4: Mã số văn kiện 文件編號
I5: 濃度 | J5: 補充 BS | M5: 濃度 | N5: 補充 BS | Q5: 濃度 | R5: 補充 BS | U5: 濃度 | V5: 補充 BS | Y5: 濃度 | Z5: 補充 BS | AC5: 濃度 | AD5: 補充 BS | AG5: Q3-CXVN -PC01-
A6: 1 | B6: Xà bông (1) 脫脂 | D6: NaOH | F6: g/L | G6: ='XM.FILE GOC'!$E$6 -> 25~35 | H6: ='XM.FILE GOC'!$F$6 -> (30±2) | I6: ='XM.FILE GOC'!I6 -> 0 | J6: + | K6: ='XM.FILE GOC'!L6 -> 80.79 | L6: kg | N6: + | O6: =('XM.FILE GOC'!$G$6-M6)*2693/1000 -> 80.79 | P6: kg | Q6: ='XM.FILE GOC'!O6 -> 0 | R6: + | S6: ='XM.FILE GOC'!R6 -> 80.79 | T6: kg | V6: + | W6: =('XM.FILE GOC'!$G$6-U6)*2693/1000 -> 80.79 | X6: kg | Y6: ='XM.FILE GOC'!U6 -> 0 | Z6: + | AA6: ='XM.FILE GOC'!X6 -> 80.79 | AB6: kg | AD6: + | AE6: =('XM.FILE GOC'!$G$6-AC6)*2693/1000 -> 80.79 | AF6: kg | AG6: IS06
D7: CleanA 840ml/NaOH 25kg | F7: ml/L | G7: 按NaOH添加數據添加 | J7: + | K7: =K6/25*840/1000 -> 2.714544 | L7: L | N7: + | O7: =O6/25*840/1000 -> 2.714544 | P7: L | R7: + | S7: =S6/25*840/1000 -> 2.714544 | T7: L | V7: + | W7: =W6/25*840/1000 -> 2.714544 | X7: L | Z7: + | AA7: =AA6/25*840/1000 -> 2.714544 | AB7: L | AD7: + | AE7: =AE6/25*840/1000 -> 2.714544 | AF7: L
D8: CleanB 8400ml/NaOH 25kg | F8: ml/L | G8: 按NaOH添加數據添加 | J8: + | K8: =K7*10 -> 27.14544 | L8: L | N8: + | O8: =O7*10 -> 27.14544 | P8: L | R8: + | S8: =S7*10 -> 27.14544 | T8: L | V8: + | W8: =W7*10 -> 27.14544 | X8: L | Z8: + | AA8: =AA7*10 -> 27.14544 | AB8: L | AD8: + | AE8: =AE7*10 -> 27.14544 | AF8: L
A9: 2 | B9: Xà bông (2) 脫脂 | D9: NaOH | F9: g/L | G9: ='XM.FILE GOC'!$E$7 -> 25~35 | H9: ='XM.FILE GOC'!$F$7 -> (30±2) | I9: ='XM.FILE GOC'!I7 -> 0 | J9: + | K9: ='XM.FILE GOC'!L7 -> 99.15 | L9: kg | N9: + | O9: =('XM.FILE GOC'!$G$7-M9)*3305/1000 -> 99.15 | P9: kg | Q9: ='XM.FILE GOC'!O7 -> 0 | R9: + | S9: ='XM.FILE GOC'!R7 -> 99.15 | T9: kg | V9: + | W9: =('XM.FILE GOC'!$G$7-U9)*3305/1000 -> 99.15 | X9: kg | Y9: ='XM.FILE GOC'!U7 -> 0 | Z9: + | AA9: ='XM.FILE GOC'!X7 -> 99.15 | AB9: kg | AD9: + | AE9: =('XM.FILE GOC'!$G$7-AC9)*3305/1000 -> 99.15 | AF9: kg | AG9: IS06
D10: CleanA 840ml/NaOH 25kg | F10: ml/L | G10: 按NaOH添加數據添加 | J10: + | K10: =K9/25*840/1000 -> 3.33144 | L10: L | N10: + | O10: =O9/25*840/1000 -> 3.33144 | P10: L | R10: + | S10: =S9/25*840/1000 -> 3.33144 | T10: L | V10: + | W10: =W9/25*840/1000 -> 3.33144 | X10: L | Z10: + | AA10: =AA9/25*840/1000 -> 3.33144 | AB10: L | AD10: + | AE10: =AE9/25*840/1000 -> 3.33144 | AF10: L
D11: CleanB 8400ml/NaOH 25kg | F11: ml/L | G11: 按NaOH添加數據添加 | J11: + | K11: =K10*10 -> 33.3144 | L11: L | N11: + | O11: =O10*10 -> 33.3144 | P11: L | R11: + | S11: =S10*10 -> 33.3144 | T11: L | V11: + | W11: =W10*10 -> 33.3144 | X11: L | Z11: + | AA11: =AA10*10 -> 33.3144 | AB11: L | AD11: + | AE11: =AE10*10 -> 33.3144 | AF11: L
A12: 3 | B12: Điện giải(1) 電解 | D12: NaOH | F12: g/L | G12: ='XM.FILE GOC'!$E$8 -> 60~80 | H12: ='XM.FILE GOC'!$F$8 -> (70±10) | I12: ='XM.FILE GOC'!I8 -> 0 | J12: + | K12: ='XM.FILE GOC'!L8 -> 80.92 | L12: kg | N12: + | O12: =('XM.FILE GOC'!$G$8-M12)*1156/1000 -> 80.92 | P12: kg | Q12: ='XM.FILE GOC'!O8 -> 0 | R12: + | S12: ='XM.FILE GOC'!R8 -> 80.92 | T12: kg | V12: + | W12: =('XM.FILE GOC'!$G$8-U12)*1156/1000 -> 80.92 | X12: kg | Y12: ='XM.FILE GOC'!U8 -> 0 | Z12: + | AA12: ='XM.FILE GOC'!X8 -> 80.92 | AB12: kg | AD12: + | AE12: =('XM.FILE GOC'!$G$8-AC12)*1156/1000 -> 80.92 | AF12: kg | AG12: IS06
D13: CleanB 7.5L/NaOH 25kg | F13: ml/L | G13: 按NaOH添加數據添加 | J13: + | K13: =K12/25*7.5 -> 24.276 | L13: L | N13: + | O13: =O12/25*7.5 -> 24.276 | P13: L | R13: + | S13: =S12/25*7.5 -> 24.276 | T13: L | V13: + | W13: =W12/25*7.5 -> 24.276 | X13: L | Z13: + | AA13: =AA12/25*7.5 -> 24.276 | AB13: L | AD13: + | AE13: =AE12/25*7.5 -> 24.276 | AF13: L
A14: 4 | B14: Điện giải (2) 電解 | D14: NaOH | F14: g/L | G14: ='XM.FILE GOC'!$E$9 -> 60~80 | H14: ='XM.FILE GOC'!$F$9 -> (70±10) | I14: ='XM.FILE GOC'!I9 -> 0 | J14: + | K14: ='XM.FILE GOC'!L9 -> 102.13 | L14: kg | N14: + | O14: =('XM.FILE GOC'!$G$9-M14)*1459/1000 -> 102.13 | P14: kg | Q14: ='XM.FILE GOC'!O9 -> 0 | R14: + | S14: ='XM.FILE GOC'!R9 -> 102.13 | T14: kg | V14: + | W14: =('XM.FILE GOC'!$G$9-U14)*1459/1000 -> 102.13 | X14: kg | Y14: ='XM.FILE GOC'!U9 -> 0 | Z14: + | AA14: ='XM.FILE GOC'!X9 -> 102.13 | AB14: kg | AD14: + | AE14: =('XM.FILE GOC'!$G$9-AC14)*1459/1000 -> 102.13 | AF14: kg | AG14: IS06
D15: CleanB 7.5L/NaOH 25kg | F15: ml/L | G15: 按NaOH添加數據添加 | J15: + | K15: =K14/25*7.5 -> 30.639 | L15: L | N15: + | O15: =O14/25*7.5 -> 30.639 | P15: L | R15: + | S15: =S14/25*7.5 -> 30.639 | T15: L | V15: + | W15: =W14/25*7.5 -> 30.639 | X15: L | Z15: + | AA15: =AA14/25*7.5 -> 30.639 | AB15: L | AD15: + | AE15: =AE14/25*7.5 -> 30.639 | AF15: L
A16: 5 | B16: Nồng độ NaOH 氫氧化鈉 | F16: g/L | G16: ='XM.FILE GOC'!$E$10 -> 130 - 150 | H16: ='XM.FILE GOC'!$F$10 -> (140±5L) | I16: ='XM.FILE GOC'!I10 -> 0 | J16: + | K16: ='XM.FILE GOC'!L10 -> 2793.14 | L16: kg | N16: + | O16: =('XM.FILE GOC'!$G$10-M16)*19951/1000 -> 2793.14 | P16: kg | Q16: ='XM.FILE GOC'!O10 -> 0 | R16: + | S16: ='XM.FILE GOC'!R10 -> 2793.14 | T16: kg | V16: + | W16: =('XM.FILE GOC'!$G$10-U16)*19951/1000 -> 2793.14 | X16: kg | Y16: ='XM.FILE GOC'!U10 -> 0 | Z16: + | AA16: ='XM.FILE GOC'!X10 -> 2793.14 | AB16: kg | AD16: + | AE16: =('XM.FILE GOC'!$G$10-AC16)*19951/1000 -> 2793.14 | AF16: kg | AG16: IS08
B17: Nồng độ Zn 鋅 (1 pcs Zn=25kg) | F17: g/L | G17: ='XM.FILE GOC'!$E$11 -> 7~12 | H17: ='XM.FILE GOC'!$F$11 -> (9g±1) | I17: ='XM.FILE GOC'!I11 -> 0 | J17: + | K17: ='XM.FILE GOC'!L11 -> 179.559 | L17: kg | N17: + | O17: =('XM.FILE GOC'!$G$11-M17)*19951/1000 -> 179.559 | P17: pcs | Q17: ='XM.FILE GOC'!O11 -> 0 | R17: + | S17: ='XM.FILE GOC'!R11 -> 179.559 | T17: kg | V17: + | W17: =('XM.FILE GOC'!$G$11-U17)*19951/1000 -> 179.559 | X17: pcs | Y17: ='XM.FILE GOC'!U11 -> 0 | Z17: + | AA17: ='XM.FILE GOC'!X11 -> 179.559 | AB17: kg | AD17: + | AE17: =('XM.FILE GOC'!$G$11-AC17)*19951/1000 -> 179.559 | AF17: pcs | AG17: IS07
A18: 6 | B18: Nồng độ Cr2O3 三價鉻 | F18: % | G18: ='XM.FILE GOC'!$E$12 -> 12~18 | H18: ='XM.FILE GOC'!$F$12 -> (14±2) | I18: ='XM.FILE GOC'!I12 -> 0 | J18: + | K18: ='XM.FILE GOC'!L12 -> 80.5 | L18: L | N18: + | O18: =('XM.FILE GOC'!$G$12-M18)*575/95-4 -> 80.736842 | P18: L | Q18: ='XM.FILE GOC'!O12 -> 0 | R18: + | S18: ='XM.FILE GOC'!R12 -> 80.5 | T18: L | V18: + | W18: =('XM.FILE GOC'!$G$12-U18)*575/95-4 -> 80.736842 | X18: L | Y18: ='XM.FILE GOC'!U12 -> 0 | Z18: + | AA18: ='XM.FILE GOC'!X12 -> 80.5 | AB18: L | AD18: + | AE18: =('XM.FILE GOC'!$G$12-AC18)*575/95-4 -> 80.736842 | AF18: L | AG18: IS05
F19: pH | G19: ='XM.FILE GOC'!$E$13 -> 1.6~2.2 | H19: ='XM.FILE GOC'!$F$13 -> (1.8±0.1 ) | I19: ='XM.FILE GOC'!I13 -> 0 | K19: ='XM.FILE GOC'!L13 -> 0 | Q19: ='XM.FILE GOC'!O13 -> 0 | S19: ='XM.FILE GOC'!R13 -> 0 | Y19: ='XM.FILE GOC'!U13 -> 0 | AA19: ='XM.FILE GOC'!X13 -> 0
A20: 7 | B20: Nồng độ acid đặc 鹽酸 濃度 | F20: %V/V | G20: ='XM.FILE GOC'!$E$14 -> 30~60 | H20: ='XM.FILE GOC'!$F$14 -> (45±5) | I20: ='XM.FILE GOC'!I14 -> 0 | J20: + | K20: ='XM.FILE GOC'!L14 -> 954.9 | L20: L | N20: + | O20: =('XM.FILE GOC'!$G$14-M20)*2122 -> 954.9 | P20: L | Q20: ='XM.FILE GOC'!O14 -> 0 | R20: + | S20: ='XM.FILE GOC'!R14 -> 954.9 | T20: L | V20: + | W20: =('XM.FILE GOC'!$G$14-U20)*2122 -> 954.9 | X20: L | Y20: ='XM.FILE GOC'!U14 -> 0 | Z20: + | AA20: ='XM.FILE GOC'!X14 -> 954.9 | AB20: L | AD20: + | AE20: =('XM.FILE GOC'!$G$14-AC20)*2122 -> 954.9 | AF20: L | AG20: IS04
A21: 8 | B21: Nồng độ acid loãng 稀酸 濃度 | F21: %V/V | G21: ='XM.FILE GOC'!$E$15 -> 15~30 | H21: ='XM.FILE GOC'!$F$15 -> (22±5) | I21: ='XM.FILE GOC'!I15 -> 0 | J21: + | K21: ='XM.FILE GOC'!L15 -> 134.64 | L21: L | N21: + | O21: =('XM.FILE GOC'!$G$15-M21)*612 -> 134.64 | P21: L | Q21: ='XM.FILE GOC'!O15 -> 0 | R21: + | S21: ='XM.FILE GOC'!R15 -> 134.64 | T21: L | V21: + | W21: =('XM.FILE GOC'!$G$15-U21)*612 -> 134.64 | X21: L | Y21: ='XM.FILE GOC'!U15 -> 0 | Z21: + | AA21: ='XM.FILE GOC'!X15 -> 134.64 | AB21: L | AD21: + | AE21: =('XM.FILE GOC'!$G$15-AC21)*612 -> 134.64 | AF21: L | AG21: IS04
A22: 9 | B22: Nồng độ HCL hoạt hóa 稀酸活化 濃度 | F22: %V/V | G22: ='XM.FILE GOC'!$E$16 -> 5~15 | H22: ='XM.FILE GOC'!$F$16 -> (10±3) | I22: ='XM.FILE GOC'!I16 -> 0 | J22: + | K22: ='XM.FILE GOC'!L16 -> 57.5 | L22: L | N22: + | O22: =('XM.FILE GOC'!$G$16-M22)*575 -> 57.5 | P22: L | Q22: ='XM.FILE GOC'!O16 -> 0 | R22: + | S22: ='XM.FILE GOC'!R16 -> 57.5 | T22: L | V22: + | W22: =('XM.FILE GOC'!$G$16-U22)*575 -> 57.5 | X22: L | Y22: ='XM.FILE GOC'!U16 -> 0 | Z22: + | AA22: ='XM.FILE GOC'!X16 -> 57.5 | AB22: L | AD22: + | AE22: =('XM.FILE GOC'!$G$16-AC22)*575 -> 57.5 | AF22: L | AG22: IS15
A23: 10 | B23: Nồng độ HNO3 硝酸濃度 | F23: % | G23: ='XM.FILE GOC'!$E$17 -> 0.5~1.5 | H23: ='XM.FILE GOC'!$F$17 -> (1±0.4) | I23: ='XM.FILE GOC'!I17 -> 0 | J23: + | K23: ='XM.FILE GOC'!L17 -> 8.1538462 | L23: L | N23: + | O23: =('XM.FILE GOC'!$G$17-M23)*530/65% -> 8.1538462 | P23: L | Q23: ='XM.FILE GOC'!O17 -> 0 | R23: + | S23: ='XM.FILE GOC'!R17 -> 8.1538462 | T23: L | V23: + | W23: =('XM.FILE GOC'!$G$17-U23)*530/65% -> 8.1538462 | X23: L | Y23: ='XM.FILE GOC'!U17 -> 0 | Z23: + | AA23: ='XM.FILE GOC'!X17 -> 8.1538462 | AB23: L | AD23: + | AE23: =('XM.FILE GOC'!$G$17-AC23)*530/65% -> 8.1538462 | AF23: L | AG23: IS15
A24: Hạng mục kiểm tra nhiệt độ 檢查溫度
A25: NO | B25: Hạng mục kiểm tra nhiệt độ 溫度檢查項目 | F25: nhiệt độ 溫度 | G25: Phạm vi kiểm soát 範圍值 | H25: Giới hạn kiểm soát 管控值 | I25: Nhiệt kế 温度計 | K25: Nhiệt tự động 自動温控 | Q25: Nhiệt kế 温度計 | S25: Nhiệt tự động 自動温控 | Y25: Nhiệt kế 温度計 | AA25: Nhiệt tự động 自動温控
A26: 1 | B26: Nhiệt độ xà bông nóng (1) 熱脫脂溫度(1) | F26: 0C | G26: 50~70ºC | H26: (60±5) | I26: ='XM.FILE GOC'!I22 -> 0 | K26: ='XM.FILE GOC'!L22 -> 0 | Q26: ='XM.FILE GOC'!O22 -> 0 | S26: ='XM.FILE GOC'!R22 -> 0 | Y26: ='XM.FILE GOC'!U22 -> 0 | AA26: ='XM.FILE GOC'!X22 -> 0
A27: 2 | B27: Nhiệt độ xà bông nóng (2) 熱脫脂溫度(2) | C27: Nhiệt độ xà bông nóng (2) 熱脫脂溫度(2) | D27: Nhiệt độ xà bông nóng (2) 熱脫脂溫度(2) | E27: Nhiệt độ xà bông nóng (2) 熱脫脂溫度(2) | F27: 0C | G27: 50~70ºC | H27: (60±5) | I27: ='XM.FILE GOC'!I23 -> 0 | K27: ='XM.FILE GOC'!L23 -> 0 | Q27: ='XM.FILE GOC'!O23 -> 0 | S27: ='XM.FILE GOC'!R23 -> 0 | Y27: ='XM.FILE GOC'!U23 -> 0 | AA27: ='XM.FILE GOC'!X23 -> 0
A28: 3 | B28: Nhiệt độ điện giải (1) 電解1 溫度 | C28: Nhiệt độ điện giải (1) 電解1 溫度 | D28: Nhiệt độ điện giải (1) 電解1 溫度 | E28: Nhiệt độ điện giải (1) 電解1 溫度 | F28: 0C | G28: ='XM.FILE GOC'!$E$24 -> 50~60 | H28: ='XM.FILE GOC'!$F$24 -> (55±3) | I28: ='XM.FILE GOC'!I24 -> 0 | K28: ='XM.FILE GOC'!L24 -> 0 | Q28: ='XM.FILE GOC'!O24 -> 0 | S28: ='XM.FILE GOC'!R24 -> 0 | Y28: ='XM.FILE GOC'!U24 -> 0 | AA28: ='XM.FILE GOC'!X24 -> 0
A29: 4 | B29: Nhiệt độ điện giải (2) 電解 2 溫度 | C29: Nhiệt độ điện giải (2) 電解 2 溫度 | D29: Nhiệt độ điện giải (2) 電解 2 溫度 | E29: Nhiệt độ điện giải (2) 電解 2 溫度 | F29: 0C | G29: ='XM.FILE GOC'!$E$25 -> 50~60 | H29: ='XM.FILE GOC'!$F$25 -> (55±3) | I29: ='XM.FILE GOC'!I25 -> 0 | K29: ='XM.FILE GOC'!L25 -> 0 | Q29: ='XM.FILE GOC'!O25 -> 0 | S29: ='XM.FILE GOC'!R25 -> 0 | Y29: ='XM.FILE GOC'!U25 -> 0 | AA29: ='XM.FILE GOC'!X25 -> 0
A30: 5 | B30: Nhiệt độ bồn xi 鍍鋅槽溫度 | C30: Nhiệt độ bồn xi 鍍鋅槽溫度 | D30: Nhiệt độ bồn xi 鍍鋅槽溫度 | E30: Nhiệt độ bồn xi 鍍鋅槽溫度 | F30: 0C | G30: 20~35ºC | H30: (28±3) | I30: ='XM.FILE GOC'!I26 -> 0 | K30: ='XM.FILE GOC'!L26 -> 0 | Q30: ='XM.FILE GOC'!O26 -> 0 | S30: ='XM.FILE GOC'!R26 -> 0 | Y30: ='XM.FILE GOC'!U26 -> 0 | AA30: ='XM.FILE GOC'!X26 -> 0
A31: 6 | B31: Nhiệt độ bồn màu Cr2O3 三價鉻 溫度 | C31: Nhiệt độ bồn màu Cr2O3 三價鉻 溫度 | D31: Nhiệt độ bồn màu Cr2O3 三價鉻 溫度 | E31: Nhiệt độ bồn màu Cr2O3 三價鉻 溫度 | F31: 0C | G31: ='XM.FILE GOC'!$E$27 -> 35-45 | H31: ='XM.FILE GOC'!$F$27 -> (40±3) | I31: ='XM.FILE GOC'!I27 -> 0 | K31: ='XM.FILE GOC'!L27 -> 0 | Q31: ='XM.FILE GOC'!O27 -> 0 | S31: ='XM.FILE GOC'!R27 -> 0 | Y31: ='XM.FILE GOC'!U27 -> 0 | AA31: ='XM.FILE GOC'!X27 -> 0
A32: 7 | B32: Nhiệt độ bồn nước nóng 熱水溫度 | C32: Nhiệt độ bồn nước nóng 熱水溫度 | D32: Nhiệt độ bồn nước nóng 熱水溫度 | E32: Nhiệt độ bồn nước nóng 熱水溫度 | F32: 0C | G32: 50~60ºC (55±3OC) | H32: (55±3) | I32: ='XM.FILE GOC'!I28 -> 0 | K32: ='XM.FILE GOC'!L28 -> 0 | Q32: ='XM.FILE GOC'!O28 -> 0 | S32: ='XM.FILE GOC'!R28 -> 0 | Y32: ='XM.FILE GOC'!U28 -> 0 | AA32: ='XM.FILE GOC'!X28 -> 0
A33: 8 | B33: Sấy khô 烘乾 | C33: Sấy khô 烘乾 | D33: Sấy khô 烘乾 | E33: Sấy khô 烘乾 | F33: 0C | G33: ='XM.FILE GOC'!$E$29 -> 65~75 | H33: ='XM.FILE GOC'!$F$29 -> (70±3) | I33: ='XM.FILE GOC'!I29 -> \ | K33: ='XM.FILE GOC'!L29 -> 0 | Q33: ='XM.FILE GOC'!O29 -> \ | S33: ='XM.FILE GOC'!R29 -> 0 | Y33: ='XM.FILE GOC'!U29 -> \ | AA33: ='XM.FILE GOC'!X29 -> 0
A34: Hạng mục kiểm tra bơm thuốc tự động 藥液自動添加
A35: NO | B35: Hạng mục bơm thuốc 自動添加檢查項目 | F35: Đơn vị 單位 | G35: Phạm vi kiểm soát 範圍值 | H35: Giới hạn kiểm soát 管控值 | I35: Lượng bơm 添加量 | Q35: Lượng bơm 添加量 | Y35: Lượng bơm 添加量
A36: 1 | B36: chất mềm (merlin starer) 開缸劑 | F36: ml/KAH | G36: ='XM.FILE GOC'!$E$31 -> 300-360 | H36: ='XM.FILE GOC'!$F$31 -> 300-360 | I36: ='XM.FILE GOC'!I31 -> 0 | Q36: ='XM.FILE GOC'!O31 -> 0 | Y36: ='XM.FILE GOC'!U31 -> 0
A37: 2 | B37: chất bóng (merlin brightener) 光亮劑 | F37: ml/KAH | G37: ='XM.FILE GOC'!$E$32 -> 30-50 | H37: ='XM.FILE GOC'!$F$32 -> 30-50 | I37: ='XM.FILE GOC'!I32 -> 0 | Q37: ='XM.FILE GOC'!O32 -> 0 | Y37: ='XM.FILE GOC'!U32 -> 0
A39: 錩新科技股份有限公司 CX TECHNOLOGY CORPORATION
A40: BÁO CÁO KẾT QUẢ HÓA NGHIỆM HÀNG NGÀY XL-001E 表面處理生產製程管控記錄表 | AD40: Lập biểu 作成 | AF40: Xác nhận 確認
B41: XL-001E | I41: =I3 -> 2023/03/21 | AD41: =MENU!AD7 -> L.Yen | AF41: Yen
A42: NO | B42: Hạng mục kiểm tra nồng dộ 化驗檢查項目 | F42: Đơn vị 單位 | G42: Phạm vi kiểm soát 範圍值 | H42: Giới hạn kiểm soát 管控值 | I42: 0.76041667 | M42: KQ bổ sung sau 1H | Q42: 0.92708333 | U42: KQ bổ sung sau 1H | Y42: 0.09375 | AC42: KQ bổ sung sau 1H | AG42: Mã số văn kiện 文件編號
I43: 濃度 | J43: 補充 BS | M43: 濃度 | N43: 補充 BS | Q43: 濃度 | R43: 補充 BS | U43: 濃度 | V43: 補充 BS | Y43: 濃度 | Z43: 補充 BS | AC43: 濃度 | AD43: 補充 BS | AG43: Q3-CXVN -PC01-
A44: 1 | B44: Xà bông (1) 脫脂 | D44: NaOH | F44: g/L | G44: ='XM.FILE GOC'!$E$6 -> 25~35 | H44: ='XM.FILE GOC'!$F$6 -> (30±2) | I44: ='XM.FILE GOC'!AA6 -> 0 | J44: + | K44: ='XM.FILE GOC'!AD6 -> 80.79 | L44: kg | N44: + | O44: =('XM.FILE GOC'!$G$6-M44)*2693/1000 -> 80.79 | P44: kg | Q44: ='XM.FILE GOC'!AG6 -> 0 | R44: + | S44: ='XM.FILE GOC'!AJ6 -> 80.79 | T44: kg | V44: + | W44: =('XM.FILE GOC'!$G$6-U44)*2693/1000 -> 80.79 | X44: kg | Y44: ='XM.FILE GOC'!AM6 -> 0 | Z44: + | AA44: ='XM.FILE GOC'!AP6 -> 80.79 | AB44: kg | AD44: + | AE44: =('XM.FILE GOC'!$G$6-AC44)*2693/1000 -> 80.79 | AF44: kg | AG44: IS06
D45: CleanA 840ml/NaOH 25kg | F45: ml/L | G45: 按NaOH添加數據添加 | J45: + | K45: =K44/25*840/1000 -> 2.714544 | L45: L | N45: + | O45: =O44/25*840/1000 -> 2.714544 | P45: L | R45: + | S45: =S44/25*840/1000 -> 2.714544 | T45: L | V45: + | W45: =W44/25*840/1000 -> 2.714544 | X45: L | Z45: + | AA45: =AA44/25*840/1000 -> 2.714544 | AB45: L | AD45: + | AE45: =AE44/25*840/1000 -> 2.714544 | AF45: L
D46: CleanB 8400ml/NaOH 25kg | F46: ml/L | G46: 按NaOH添加數據添加 | J46: + | K46: =K45*10 -> 27.14544 | L46: L | N46: + | O46: =O45*10 -> 27.14544 | P46: L | R46: + | S46: =S45*10 -> 27.14544 | T46: L | V46: + | W46: =W45*10 -> 27.14544 | X46: L | Z46: + | AA46: =AA45*10 -> 27.14544 | AB46: L | AD46: + | AE46: =AE45*10 -> 27.14544 | AF46: L
A47: 2 | B47: Xà bông (2) 脫脂 | D47: NaOH | F47: g/L | G47: ='XM.FILE GOC'!$E$7 -> 25~35 | H47: ='XM.FILE GOC'!$F$7 -> (30±2) | I47: ='XM.FILE GOC'!AA7 -> 0 | J47: + | K47: ='XM.FILE GOC'!AD7 -> 99.15 | L47: kg | N47: + | O47: =('XM.FILE GOC'!$G$7-M47)*3305/1000 -> 99.15 | P47: kg | Q47: ='XM.FILE GOC'!AG7 -> 0 | R47: + | S47: ='XM.FILE GOC'!AJ7 -> 99.15 | T47: kg | V47: + | W47: =('XM.FILE GOC'!$G$7-U47)*3305/1000 -> 99.15 | X47: kg | Y47: ='XM.FILE GOC'!AM7 -> 0 | Z47: + | AA47: ='XM.FILE GOC'!AP7 -> 99.15 | AB47: kg | AD47: + | AE47: =('XM.FILE GOC'!$G$7-AC47)*3305/1000 -> 99.15 | AF47: kg | AG47: IS06
D48: CleanA 840ml/NaOH 25kg | F48: ml/L | G48: 按NaOH添加數據添加 | J48: + | K48: =K47/25*840/1000 -> 3.33144 | L48: L | N48: + | O48: =O47/25*840/1000 -> 3.33144 | P48: L | R48: + | S48: =S47/25*840/1000 -> 3.33144 | T48: L | V48: + | W48: =W47/25*840/1000 -> 3.33144 | X48: L | Z48: + | AA48: =AA47/25*840/1000 -> 3.33144 | AB48: L | AD48: + | AE48: =AE47/25*840/1000 -> 3.33144 | AF48: L
D49: CleanB 8400ml/NaOH 25kg | F49: ml/L | G49: 按NaOH添加數據添加 | J49: + | K49: =K48*10 -> 33.3144 | L49: L | N49: + | O49: =O48*10 -> 33.3144 | P49: L | R49: + | S49: =S48*10 -> 33.3144 | T49: L | V49: + | W49: =W48*10 -> 33.3144 | X49: L | Z49: + | AA49: =AA48*10 -> 33.3144 | AB49: L | AD49: + | AE49: =AE48*10 -> 33.3144 | AF49: L
A50: 3 | B50: Điện giải(1) 電解 | D50: NaOH | F50: g/L | G50: ='XM.FILE GOC'!$E$8 -> 60~80 | H50: ='XM.FILE GOC'!$F$8 -> (70±10) | I50: ='XM.FILE GOC'!AA8 -> 0 | J50: + | K50: ='XM.FILE GOC'!AD8 -> 80.92 | L50: kg | N50: + | O50: =('XM.FILE GOC'!$G$8-M50)*1156/1000 -> 80.92 | P50: kg | Q50: ='XM.FILE GOC'!AG8 -> 0 | R50: + | S50: ='XM.FILE GOC'!AJ8 -> 80.92 | T50: kg | V50: + | W50: =('XM.FILE GOC'!$G$8-U50)*1156/1000 -> 80.92 | X50: kg | Y50: ='XM.FILE GOC'!AM8 -> 0 | Z50: + | AA50: ='XM.FILE GOC'!AP8 -> 80.92 | AB50: kg | AD50: + | AE50: =('XM.FILE GOC'!$G$8-AC50)*1156/1000 -> 80.92 | AF50: kg | AG50: IS06
D51: CleanB 7.5L/NaOH 25kg | F51: ml/L | G51: 按NaOH添加數據添加 | J51: + | K51: =K50/25*7.5 -> 24.276 | L51: L | N51: + | O51: =O50/25*7.5 -> 24.276 | P51: L | R51: + | S51: =S50/25*7.5 -> 24.276 | T51: L | V51: + | W51: =W50/25*7.5 -> 24.276 | X51: L | Z51: + | AA51: =AA50/25*7.5 -> 24.276 | AB51: L | AD51: + | AE51: =AE50/25*7.5 -> 24.276 | AF51: L
A52: 4 | B52: Điện giải (2) 電解 | D52: NaOH | F52: g/L | G52: ='XM.FILE GOC'!$E$9 -> 60~80 | H52: ='XM.FILE GOC'!$F$9 -> (70±10) | I52: ='XM.FILE GOC'!AA9 -> 0 | J52: + | K52: ='XM.FILE GOC'!AD9 -> 102.13 | L52: kg | N52: + | O52: =('XM.FILE GOC'!$G$9-M52)*1459/1000 -> 102.13 | P52: kg | Q52: ='XM.FILE GOC'!AG9 -> 0 | R52: + | S52: ='XM.FILE GOC'!AJ9 -> 102.13 | T52: kg | V52: + | W52: =('XM.FILE GOC'!$G$9-U52)*1459/1000 -> 102.13 | X52: kg | Y52: ='XM.FILE GOC'!AM9 -> 0 | Z52: + | AA52: ='XM.FILE GOC'!AP9 -> 102.13 | AB52: kg | AD52: + | AE52: =('XM.FILE GOC'!$G$9-AC52)*1459/1000 -> 102.13 | AF52: kg | AG52: IS06
D53: CleanB 7.5L/NaOH 25kg | F53: ml/L | G53: 按NaOH添加數據添加 | J53: + | K53: =K52/25*7.5 -> 30.639 | L53: L | N53: + | O53: =O52/25*7.5 -> 30.639 | P53: L | R53: + | S53: =S52/25*7.5 -> 30.639 | T53: L | V53: + | W53: =W52/25*7.5 -> 30.639 | X53: L | Z53: + | AA53: =AA52/25*7.5 -> 30.639 | AB53: L | AD53: + | AE53: =AE52/25*7.5 -> 30.639 | AF53: L
A54: 5 | B54: Nồng độ NaOH 氫氧化鈉 | F54: g/L | G54: ='XM.FILE GOC'!$E$10 -> 130 - 150 | H54: ='XM.FILE GOC'!$F$10 -> (140±5L) | I54: ='XM.FILE GOC'!AA10 -> 0 | J54: + | K54: ='XM.FILE GOC'!AD10 -> 2793.14 | L54: kg | N54: + | O54: =('XM.FILE GOC'!$G$10-M54)*19951/1000 -> 2793.14 | P54: kg | Q54: ='XM.FILE GOC'!AG10 -> 0 | R54: + | S54: ='XM.FILE GOC'!AJ10 -> 2793.14 | T54: kg | U54: 140 | V54: + | W54: =('XM.FILE GOC'!$G$10-U54)*19951/1000 -> 0 | X54: kg | Y54: ='XM.FILE GOC'!AM10 -> 0 | Z54: + | AA54: ='XM.FILE GOC'!AP10 -> 2793.14 | AB54: kg | AD54: + | AE54: =('XM.FILE GOC'!$G$10-AC54)*19951/1000 -> 2793.14 | AF54: kg | AG54: IS08
B55: Nồng độ Zn 鋅 (1 pcs Zn=25kg) | F55: g/L | G55: ='XM.FILE GOC'!$E$11 -> 7~12 | H55: ='XM.FILE GOC'!$F$11 -> (9g±1) | I55: ='XM.FILE GOC'!AA11 -> 0 | J55: + | K55: ='XM.FILE GOC'!AD11 -> 179.559 | L55: kg | N55: + | O55: =('XM.FILE GOC'!$G$11-M55)*19951/1000 -> 179.559 | P55: kg | Q55: ='XM.FILE GOC'!AG11 -> 0 | R55: + | S55: ='XM.FILE GOC'!AJ11 -> 179.559 | T55: kg | V55: + | W55: =('XM.FILE GOC'!$G$11-U55)*19951/1000 -> 179.559 | X55: kg | Y55: ='XM.FILE GOC'!AM11 -> 0 | Z55: + | AA55: ='XM.FILE GOC'!AP11 -> 179.559 | AB55: kg | AD55: + | AE55: =('XM.FILE GOC'!$G$11-AC55)*19951/1000 -> 179.559 | AF55: kg | AG55: IS07
A56: 6 | B56: Nồng độ Cr2O3 三價鉻 | F56: % | G56: ='XM.FILE GOC'!$E$12 -> 12~18 | H56: ='XM.FILE GOC'!$F$12 -> (14±2) | I56: ='XM.FILE GOC'!AA12 -> 0 | J56: + | K56: ='XM.FILE GOC'!AD12 -> 80.5 | L56: L | N56: + | O56: =('XM.FILE GOC'!$G$12-M56)*575/95-4 -> 80.736842 | P56: L | Q56: ='XM.FILE GOC'!AG12 -> 0 | R56: + | S56: ='XM.FILE GOC'!AJ12 -> 80.5 | T56: L | V56: + | W56: =('XM.FILE GOC'!$G$12-U56)*575/95-4 -> 80.736842 | X56: L | Y56: ='XM.FILE GOC'!AM12 -> 0 | Z56: + | AA56: ='XM.FILE GOC'!AP12 -> 80.5 | AB56: L | AD56: + | AE56: =('XM.FILE GOC'!$G$12-AC56)*575/95-4 -> 80.736842 | AF56: L | AG56: IS05
F57: pH | G57: ='XM.FILE GOC'!$E$13 -> 1.6~2.2 | H57: ='XM.FILE GOC'!$F$13 -> (1.8±0.1 ) | I57: ='XM.FILE GOC'!AA13 -> 0 | K57: ='XM.FILE GOC'!AD13 -> 0 | Q57: ='XM.FILE GOC'!AG13 -> 0 | S57: ='XM.FILE GOC'!AJ13 -> 0 | Y57: ='XM.FILE GOC'!AM13 -> 0 | AA57: ='XM.FILE GOC'!AP13 -> 0
A58: 7 | B58: Nồng độ acid đặc 鹽酸 濃度 | F58: %V/V | G58: ='XM.FILE GOC'!$E$14 -> 30~60 | H58: ='XM.FILE GOC'!$F$14 -> (45±5) | I58: ='XM.FILE GOC'!AA14 -> 0 | J58: + | K58: ='XM.FILE GOC'!AD14 -> 954.9 | L58: L | N58: + | O58: =('XM.FILE GOC'!$G$14-M58)*2122 -> 954.9 | P58: L | Q58: ='XM.FILE GOC'!AG14 -> 0 | R58: + | S58: ='XM.FILE GOC'!AJ14 -> 954.9 | T58: L | V58: + | W58: =('XM.FILE GOC'!$G$14-U58)*2122 -> 954.9 | X58: L | Y58: ='XM.FILE GOC'!AM14 -> 0 | Z58: + | AA58: ='XM.FILE GOC'!AP14 -> 954.9 | AB58: L | AD58: + | AE58: =('XM.FILE GOC'!$G$14-AC58)*2122 -> 954.9 | AF58: L | AG58: IS04
A59: 8 | B59: Nồng độ acid loãng 稀酸 濃度 | F59: %V/V | G59: ='XM.FILE GOC'!$E$15 -> 15~30 | H59: ='XM.FILE GOC'!$F$15 -> (22±5) | I59: ='XM.FILE GOC'!AA15 -> 0 | J59: + | K59: ='XM.FILE GOC'!AD15 -> 134.64 | L59: L | N59: + | O59: =('XM.FILE GOC'!$G$15-M59)*612 -> 134.64 | P59: L | Q59: ='XM.FILE GOC'!AG15 -> 0 | R59: + | S59: ='XM.FILE GOC'!AJ15 -> 134.64 | T59: L | V59: + | W59: =('XM.FILE GOC'!$G$15-U59)*612 -> 134.64 | X59: L | Y59: ='XM.FILE GOC'!AM15 -> 0 | Z59: + | AA59: ='XM.FILE GOC'!AP15 -> 134.64 | AB59: L | AD59: + | AE59: =('XM.FILE GOC'!$G$15-AC59)*612 -> 134.64 | AF59: L | AG59: IS04
A60: 9 | B60: Nồng độ HCL hoạt hóa 稀酸活化 濃度 | F60: %V/V | G60: ='XM.FILE GOC'!$E$16 -> 5~15 | H60: ='XM.FILE GOC'!$F$16 -> (10±3) | I60: ='XM.FILE GOC'!AA16 -> 0 | J60: + | K60: ='XM.FILE GOC'!AD16 -> 57.5 | L60: L | N60: + | O60: =('XM.FILE GOC'!$G$16-M60)*575 -> 57.5 | P60: L | Q60: ='XM.FILE GOC'!AG16 -> 0 | R60: + | S60: ='XM.FILE GOC'!AJ16 -> 57.5 | T60: L | V60: + | W60: =('XM.FILE GOC'!$G$16-U60)*575 -> 57.5 | X60: L | Y60: ='XM.FILE GOC'!AM16 -> 0 | Z60: + | AA60: ='XM.FILE GOC'!AP16 -> 57.5 | AB60: L | AD60: + | AE60: =('XM.FILE GOC'!$G$16-AC60)*575 -> 57.5 | AF60: L | AG60: IS15
A61: 10 | B61: Nồng độ HNO3 硝酸濃度 | F61: % | G61: ='XM.FILE GOC'!$E$17 -> 0.5~1.5 | H61: ='XM.FILE GOC'!$F$17 -> (1±0.4) | I61: ='XM.FILE GOC'!AA17 -> 0 | J61: + | K61: ='XM.FILE GOC'!AD17 -> 8.1538462 | L61: L | N61: + | O61: =('XM.FILE GOC'!$G$17-M61)*530/65% -> 8.1538462 | P61: L | Q61: ='XM.FILE GOC'!AG17 -> 0 | R61: + | S61: ='XM.FILE GOC'!AJ17 -> 8.1538462 | T61: L | V61: + | W61: =('XM.FILE GOC'!$G$17-U61)*530/65% -> 8.1538462 | X61: L | Y61: ='XM.FILE GOC'!AM17 -> 0 | Z61: + | AA61: ='XM.FILE GOC'!AP17 -> 8.1538462 | AB61: L | AD61: + | AE61: =('XM.FILE GOC'!$G$17-AC61)*530/65% -> 8.1538462 | AF61: L | AG61: IS15
A62: Hạng mục kiểm tra nhiệt độ 檢查溫度
A63: NO | B63: Hạng mục kiểm tra nhiệt độ 溫度檢查項目 | F63: nhiệt độ 溫度 | G63: Phạm vi kiểm soát 範圍值 | H63: Giới hạn kiểm soát 管控值 | I63: Nhiệt kế 温度計 | K63: Nhiệt tự động 自動温控 | Q63: Nhiệt kế 温度計 | S63: Nhiệt tự động 自動温控 | Y63: Nhiệt kế 温度計 | AA63: Nhiệt tự động 自動温控
A64: 1 | B64: Nhiệt độ xà bông nóng (1) 熱脫脂溫度(1) | F64: 0C | G64: 50~70ºC | H64: (60±5OC) | I64: ='XM.FILE GOC'!AA22 -> 0 | K64: ='XM.FILE GOC'!AD22 -> 0 | Q64: ='XM.FILE GOC'!AG22 -> 0 | S64: ='XM.FILE GOC'!AJ22 -> 0 | Y64: ='XM.FILE GOC'!AM22 -> 0 | AA64: ='XM.FILE GOC'!AP22 -> 0
A65: 2 | B65: Nhiệt độ xà bông nóng (2) 熱脫脂溫度(2) | C65: Nhiệt độ xà bông nóng (2) 熱脫脂溫度(2) | D65: Nhiệt độ xà bông nóng (2) 熱脫脂溫度(2) | E65: Nhiệt độ xà bông nóng (2) 熱脫脂溫度(2) | F65: 0C | G65: 50~70ºC | H65: (60±5OC) | I65: ='XM.FILE GOC'!AA23 -> 0 | K65: ='XM.FILE GOC'!AD23 -> 0 | Q65: ='XM.FILE GOC'!AG23 -> 0 | S65: ='XM.FILE GOC'!AJ23 -> 0 | Y65: ='XM.FILE GOC'!AM23 -> 0 | AA65: ='XM.FILE GOC'!AP23 -> 0
A66: 3 | B66: Nhiệt độ điện giải (1) 電解1 溫度 | C66: Nhiệt độ điện giải (1) 電解1 溫度 | D66: Nhiệt độ điện giải (1) 電解1 溫度 | E66: Nhiệt độ điện giải (1) 電解1 溫度 | F66: 0C | G66: ='XM.FILE GOC'!$E$24 -> 50~60 | H66: ='XM.FILE GOC'!$F$24 -> (55±3) | I66: ='XM.FILE GOC'!AA24 -> 0 | K66: ='XM.FILE GOC'!AD24 -> 0 | Q66: ='XM.FILE GOC'!AG24 -> 0 | S66: ='XM.FILE GOC'!AJ24 -> 0 | Y66: ='XM.FILE GOC'!AM24 -> 0 | AA66: ='XM.FILE GOC'!AP24 -> 0
A67: 4 | B67: Nhiệt độ điện giải (2) 電解 2 溫度 | C67: Nhiệt độ điện giải (2) 電解 2 溫度 | D67: Nhiệt độ điện giải (2) 電解 2 溫度 | E67: Nhiệt độ điện giải (2) 電解 2 溫度 | F67: 0C | G67: ='XM.FILE GOC'!$E$25 -> 50~60 | H67: ='XM.FILE GOC'!$F$25 -> (55±3) | I67: ='XM.FILE GOC'!AA25 -> 0 | K67: ='XM.FILE GOC'!AD25 -> 0 | Q67: ='XM.FILE GOC'!AG25 -> 0 | S67: ='XM.FILE GOC'!AJ25 -> 0 | Y67: ='XM.FILE GOC'!AM25 -> 0 | AA67: ='XM.FILE GOC'!AP25 -> 0
A68: 5 | B68: Nhiệt độ bồn xi 鍍鋅槽溫度 | C68: Nhiệt độ bồn xi 鍍鋅槽溫度 | D68: Nhiệt độ bồn xi 鍍鋅槽溫度 | E68: Nhiệt độ bồn xi 鍍鋅槽溫度 | F68: 0C | G68: 20~35ºC | H68: (28±3OC) | I68: ='XM.FILE GOC'!AA26 -> 0 | K68: ='XM.FILE GOC'!AD26 -> 0 | Q68: ='XM.FILE GOC'!AG26 -> 0 | S68: ='XM.FILE GOC'!AJ26 -> 0 | Y68: ='XM.FILE GOC'!AM26 -> 0 | AA68: ='XM.FILE GOC'!AP26 -> 0
A69: 6 | B69: Nhiệt độ bồn màu Cr2O3 三價鉻 溫度 | C69: Nhiệt độ bồn màu Cr2O3 三價鉻 溫度 | D69: Nhiệt độ bồn màu Cr2O3 三價鉻 溫度 | E69: Nhiệt độ bồn màu Cr2O3 三價鉻 溫度 | F69: 0C | G69: ='XM.FILE GOC'!$E$27 -> 35-45 | H69: ='XM.FILE GOC'!$F$27 -> (40±3) | I69: ='XM.FILE GOC'!AA27 -> 0 | K69: ='XM.FILE GOC'!AD27 -> 0 | Q69: ='XM.FILE GOC'!AG27 -> 0 | S69: ='XM.FILE GOC'!AJ27 -> 0 | Y69: ='XM.FILE GOC'!AM27 -> 0 | AA69: ='XM.FILE GOC'!AP27 -> 0
A70: 7 | B70: Nhiệt độ bồn nước nóng 熱水溫度 | C70: Nhiệt độ bồn nước nóng 熱水溫度 | D70: Nhiệt độ bồn nước nóng 熱水溫度 | E70: Nhiệt độ bồn nước nóng 熱水溫度 | F70: 0C | G70: 50~60ºC | H70: (55±3OC) | I70: ='XM.FILE GOC'!AA28 -> 0 | K70: ='XM.FILE GOC'!AD28 -> 0 | Q70: ='XM.FILE GOC'!AG28 -> 0 | S70: ='XM.FILE GOC'!AJ28 -> 0 | Y70: ='XM.FILE GOC'!AM28 -> 0 | AA70: ='XM.FILE GOC'!AP28 -> 0
A71: 8 | B71: Sấy khô 烘乾 | C71: Sấy khô 烘乾 | D71: Sấy khô 烘乾 | E71: Sấy khô 烘乾 | F71: 0C | G71: ='XM.FILE GOC'!$E$29 -> 65~75 | H71: ='XM.FILE GOC'!$F$29 -> (70±3) | I71: ='XM.FILE GOC'!AA29 -> \ | K71: ='XM.FILE GOC'!AD29 -> 0 | Q71: ='XM.FILE GOC'!AG29 -> \ | S71: ='XM.FILE GOC'!AJ29 -> 0 | Y71: ='XM.FILE GOC'!AM29 -> \ | AA71: ='XM.FILE GOC'!AP29 -> 0
A72: Hạng mục kiểm tra bơm thuốc tự động 藥液自動添加
A73: NO | B73: Hạng mục bơm thuốc 自動添加檢查項目 | F73: Đơn vị 單位 | G73: Phạm vi kiểm soát 範圍值 | H73: Giới hạn kiểm soát 管控值 | I73: Lượng bơm 添加量 | Q73: Lượng bơm 添加量 | Y73: Lượng bơm 添加量
A74: 1 | B74: chất mềm (merlin starer) 開缸劑 | F74: ml/KAH | G74: ='XM.FILE GOC'!$E$31 -> 300-360 | H74: ='XM.FILE GOC'!$F$31 -> 300-360 | I74: ='XM.FILE GOC'!AA31 -> 0 | Q74: ='XM.FILE GOC'!AG31 -> 0 | Y74: ='XM.FILE GOC'!AM31 -> 0
A75: 2 | B75: chất bóng (merlin brightener) 光亮劑 | F75: ml/KAH | G75: ='XM.FILE GOC'!$E$32 -> 30-50 | H75: ='XM.FILE GOC'!$F$32 -> 30-50 | I75: ='XM.FILE GOC'!AA32 -> 0 | Q75: ='XM.FILE GOC'!AG32 -> 0 | Y75: ='XM.FILE GOC'!AM32 -> 0

Sheet 2. XL-1F kh
A1: 錩新科技股份有限公司 CX TECHNOLOGY CORPORATION
A2: BÁO CÁO KẾT QUẢ HÓA NGHIỆM HÀNG NGÀY XL-001F 表面處理生產製程管控記錄表 | AD2: Lập biểu 作成 | AF2: Xác nhận 確認
B3: XL-001F | I3: ='1. XL-1E kh'!$G$3 -> 2023/03/21 | AD3: =MENU!AD6 -> Trang | AF3: Yen
A4: NO | B4: Hạng mục kiểm tra nồng dộ 化驗檢查項目 | F4: Đơn vị 單位 | G4: Phạm vi kiểm soát 範圍值 | H4: Giới hạn kiểm soát 管控值 | I4: 0.26041667 | M4: KQ bổ sung sau 1H | Q4: 0.42708333 | U4: KQ bổ sung sau 1H | Y4: 0.59375 | AC4: KQ bổ sung sau 1H | AG4: Mã số văn kiện 文件編號
I5: 濃度 | J5: 補充 BS | M5: 濃度 | N5: 補充 BS | Q5: 濃度 | R5: 補充 BS | U5: 濃度 | V5: 補充 BS | Y5: 濃度 | Z5: 補充 BS | AC5: 濃度 | AD5: 補充 BS
A6: 1 | B6: Xà bông (1) 脫脂 | D6: CT-21A | F6: g/L | G6: ='XM.FILE GOC'!$E$37 -> 60~80 | H6: ='XM.FILE GOC'!$F$37 -> (70±5) | I6: ='XM.FILE GOC'!I37 -> 0 | J6: + | K6: ='XM.FILE GOC'!L37 -> 188.51 | L6: kg | N6: + | O6: =('XM.FILE GOC'!$G$37-M6)*2693/1000 -> 188.51 | P6: kg | Q6: ='XM.FILE GOC'!O37 -> 0 | R6: + | S6: ='XM.FILE GOC'!R37 -> 188.51 | T6: kg | V6: + | W6: =('XM.FILE GOC'!$G$37-U6)*2693/1000 -> 188.51 | X6: kg | Y6: ='XM.FILE GOC'!U37 -> 0 | Z6: + | AA6: ='XM.FILE GOC'!X37 -> 188.51 | AB6: kg | AD6: + | AE6: =('XM.FILE GOC'!$G$37-AC6)*2693/1000 -> 188.51 | AF6: kg | AG6: Q3-CXVN-PC01-IS06
D7: CT-21B | G7: CT-21A: 25kg/CT-21B: 5-10Lit | K7: =K6/25*7.5 -> 56.553 | L7: L | N7: + | O7: =O6/25*7.5 -> 56.553 | P7: L | S7: =S6/25*7.5 -> 56.553 | T7: L | V7: + | W7: =W6/25*7.5 -> 56.553 | X7: L | AA7: =AA6/25*7.5 -> 56.553 | AB7: L | AD7: + | AE7: =AE6/25*7.5 -> 56.553 | AF7: L
A8: 2 | B8: Xà bông (2) 脫脂 | D8: CT-21A | F8: g/L | G8: ='XM.FILE GOC'!$E$38 -> 60~80 | H8: ='XM.FILE GOC'!$F$38 -> (70±5) | I8: ='XM.FILE GOC'!I38 -> 0 | J8: + | K8: ='XM.FILE GOC'!L38 -> 231.35 | L8: kg | N8: + | O8: =('XM.FILE GOC'!$G$38-M8)*3305/1000 -> 231.35 | P8: kg | Q8: ='XM.FILE GOC'!O38 -> 0 | R8: + | S8: ='XM.FILE GOC'!R38 -> 231.35 | T8: kg | V8: + | W8: =('XM.FILE GOC'!$G$38-U8)*3305/1000 -> 231.35 | X8: kg | Y8: ='XM.FILE GOC'!U38 -> 0 | Z8: + | AA8: ='XM.FILE GOC'!X38 -> 231.35 | AB8: kg | AD8: + | AE8: =('XM.FILE GOC'!$G$38-AC8)*3305/1000 -> 231.35 | AF8: kg | AG8: Q3-CXVN-PC01-IS06
D9: CT-21B | G9: CT-21A: 25kg/CT-21B: 5-10Lit | K9: =K8/25*7.5 -> 69.405 | L9: L | N9: + | O9: =O8/25*7.5 -> 69.405 | P9: L | S9: =S8/25*7.5 -> 69.405 | T9: L | V9: + | W9: =W8/25*7.5 -> 69.405 | X9: L | AA9: =AA8/25*7.5 -> 69.405 | AB9: L | AD9: + | AE9: =AE8/25*7.5 -> 69.405 | AF9: L
A10: 3 | B10: Điện giải(1) 電解 | D10: EC-508A | E10: EC-508A | F10: g/L | G10: ='XM.FILE GOC'!$E$39 -> 50~70 | H10: ='XM.FILE GOC'!$F$39 -> (60±5) | I10: ='XM.FILE GOC'!I39 -> 0 | J10: + | K10: ='XM.FILE GOC'!L39 -> 69.36 | L10: kg | N10: + | O10: =('XM.FILE GOC'!$G$39-M10)*1156/1000 -> 69.36 | P10: kg | Q10: ='XM.FILE GOC'!O39 -> 0 | R10: + | S10: ='XM.FILE GOC'!R39 -> 69.36 | T10: kg | V10: + | W10: =('XM.FILE GOC'!$G$39-U10)*1156/1000 -> 69.36 | X10: kg | Y10: ='XM.FILE GOC'!U39 -> 0 | Z10: + | AA10: ='XM.FILE GOC'!X39 -> 69.36 | AB10: kg | AD10: + | AE10: =('XM.FILE GOC'!$G$39-AC10)*1156/1000 -> 69.36 | AF10: kg | AG10: Q3-CXVN-PC01-IS06
D11: EC-508B | E11: EC-508B | G11: EC-508A: 25kg/EC-508B:4-10Lit | K11: =K10/25*7 -> 19.4208 | L11: L | N11: + | O11: =O10/25*7 -> 19.4208 | P11: L | S11: =S10/25*7 -> 19.4208 | T11: L | V11: + | W11: =W10/25*7 -> 19.4208 | X11: L | AA11: =AA10/25*7 -> 19.4208 | AB11: L | AD11: + | AE11: =AE10/25*7 -> 19.4208 | AF11: L
A12: 4 | B12: Điện giải (2) 電解 | D12: EC-508A | E12: EC-508A | F12: g/L | G12: ='XM.FILE GOC'!$E$40 -> 50~70 | H12: ='XM.FILE GOC'!$F$40 -> (60±5) | I12: ='XM.FILE GOC'!I40 -> 0 | J12: + | K12: ='XM.FILE GOC'!L40 -> 87.54 | L12: kg | N12: + | O12: =('XM.FILE GOC'!$G$40-M12)*1459/1000 -> 87.54 | P12: kg | Q12: ='XM.FILE GOC'!O40 -> 0 | R12: + | S12: ='XM.FILE GOC'!R40 -> 87.54 | T12: kg | V12: + | W12: =('XM.FILE GOC'!$G$40-U12)*1459/1000 -> 87.54 | X12: kg | Y12: ='XM.FILE GOC'!U40 -> 0 | Z12: + | AA12: ='XM.FILE GOC'!X40 -> 87.54 | AB12: kg | AD12: + | AE12: =('XM.FILE GOC'!$G$40-AC12)*1459/1000 -> 87.54 | AF12: kg | AG12: Q3-CXVN-PC01-IS06
D13: EC-508B | E13: EC-508B | G13: EC-508A: 25kg/EC-508B:4-10Lit | K13: =K12/25*7 -> 24.5112 | L13: L | N13: + | O13: =O12/25*7 -> 24.5112 | P13: L | S13: =S12/25*7 -> 24.5112 | T13: L | V13: + | W13: =W12/25*7 -> 24.5112 | X13: L | AA13: =AA12/25*7 -> 24.5112 | AB13: L | AD13: + | AE13: =AE12/25*7 -> 24.5112 | AF13: L
A14: 5 | B14: Nồng độ NaOH 氫氧化鈉 | F14: g/L | G14: ='XM.FILE GOC'!$E$41 -> 130 - 150 | H14: ='XM.FILE GOC'!$F$41 -> (140±10) | I14: ='XM.FILE GOC'!I41 -> 0 | J14: + | K14: ='XM.FILE GOC'!L41 -> 2793.14 | L14: kg | N14: + | O14: =('XM.FILE GOC'!$G$41-M14)*19951/1000 -> 2793.14 | P14: kg | Q14: ='XM.FILE GOC'!O41 -> 0 | R14: + | S14: ='XM.FILE GOC'!R41 -> 2793.14 | T14: kg | V14: + | W14: =('XM.FILE GOC'!$G$41-U14)*19951/1000 -> 2793.14 | X14: kg | Y14: ='XM.FILE GOC'!U41 -> 0 | Z14: + | AA14: ='XM.FILE GOC'!X41 -> 2793.14 | AB14: kg | AD14: + | AE14: =('XM.FILE GOC'!$G$41-AC14)*19951/1000 -> 2793.14 | AF14: kg | AG14: Q3-CXVN-PC01-IS08
A15: 6 | B15: Nồng độ Zn 鋅 (1 pcs Zn=25kg) | F15: g/L | G15: ='XM.FILE GOC'!$E$42 -> 8~12 | H15: ='XM.FILE GOC'!$F$42 -> (10±1) | I15: ='XM.FILE GOC'!I42 -> 0 | J15: + | K15: ='XM.FILE GOC'!L42 -> 199.51 | L15: kg | N15: + | O15: =('XM.FILE GOC'!$G$42-M15)*19951/1000 -> 199.51 | P15: kg | Q15: ='XM.FILE GOC'!O42 -> 0 | R15: + | S15: ='XM.FILE GOC'!R42 -> 199.51 | T15: kg | V15: + | W15: =('XM.FILE GOC'!$G$42-U15)*19951/1000 -> 199.51 | X15: kg | Y15: ='XM.FILE GOC'!U42 -> 0 | Z15: + | AA15: ='XM.FILE GOC'!X42 -> 199.51 | AB15: kg | AD15: + | AE15: =('XM.FILE GOC'!$G$42-AC15)*19951/1000 -> 199.51 | AF15: kg | AG15: Q3-CXVN-PC01-IS07
A16: 7 | B16: Nồng độ Cr2O3 三價鉻 | F16: % | G16: ='XM.FILE GOC'!$E$43 -> 6~10 | H16: ='XM.FILE GOC'!$F$43 -> (8±0.5) | I16: ='XM.FILE GOC'!I43 -> -1.0461 | J16: + | K16: ='XM.FILE GOC'!L43 -> 52.015075 | N16: + | O16: =('XM.FILE GOC'!$G$43-M16)*575/108 -> 42.592593 | P16: L | Q16: ='XM.FILE GOC'!O43 -> -1.0461 | R16: + | S16: ='XM.FILE GOC'!R43 -> 52.015075 | T16: L | V16: + | W16: =('XM.FILE GOC'!$G$43-U16)*575/108 -> 42.592593 | X16: L | Y16: ='XM.FILE GOC'!U43 -> -1.0461 | Z16: + | AA16: ='XM.FILE GOC'!X43 -> 52.015075 | AB16: L | AD16: + | AE16: =('XM.FILE GOC'!$G$43-AC16)*575/108 -> 42.592593 | AF16: L
F17: pH | G17: ='XM.FILE GOC'!$E$44 -> 2~2.5 | H17: ='XM.FILE GOC'!$F$44 -> (2.3±0.1 ) | I17: ='XM.FILE GOC'!I44 -> 0 | K17: ='XM.FILE GOC'!L44 -> 0 | Q17: ='XM.FILE GOC'!O44 -> 0 | S17: ='XM.FILE GOC'!R44 -> 0 | Y17: ='XM.FILE GOC'!U44 -> 0 | AA17: ='XM.FILE GOC'!X44 -> 0
A18: 8 | B18: Nồng độ acid đặc 鹽酸 濃度 | F18: %V/V | G18: ='XM.FILE GOC'!$E$45 -> 30~60 | H18: ='XM.FILE GOC'!$F$45 -> (45±5) | I18: ='XM.FILE GOC'!I45 -> 0 | J18: + | K18: ='XM.FILE GOC'!L45 -> 954.9 | L18: L | N18: + | O18: =('XM.FILE GOC'!$G$45-M18)*2122 -> 954.9 | P18: L | Q18: ='XM.FILE GOC'!O45 -> 0 | R18: + | S18: ='XM.FILE GOC'!R45 -> 954.9 | T18: L | V18: + | W18: =('XM.FILE GOC'!$G$45-U18)*2122 -> 954.9 | X18: L | Y18: ='XM.FILE GOC'!U45 -> 0 | Z18: + | AA18: ='XM.FILE GOC'!X45 -> 954.9 | AB18: L | AD18: + | AE18: =('XM.FILE GOC'!$G$45-AC18)*2122 -> 954.9 | AF18: L | AG18: Q3-CXVN-PC01-IS04
A19: 9 | B19: Nồng độ acid loãng 稀酸 濃度 | F19: %V/V | G19: ='XM.FILE GOC'!$E$46 -> 15~30 | H19: ='XM.FILE GOC'!$F$46 -> (22±5 ) | I19: ='XM.FILE GOC'!I46 -> 0 | J19: + | K19: ='XM.FILE GOC'!L46 -> 134.64 | L19: L | N19: + | O19: =('XM.FILE GOC'!$G$46-M19)*612 -> 134.64 | P19: L | Q19: ='XM.FILE GOC'!O46 -> 0 | R19: + | S19: ='XM.FILE GOC'!R46 -> 134.64 | T19: L | V19: + | W19: =('XM.FILE GOC'!$G$46-U19)*612 -> 134.64 | X19: L | Y19: ='XM.FILE GOC'!U46 -> 0 | Z19: + | AA19: ='XM.FILE GOC'!X46 -> 134.64 | AB19: L | AD19: + | AE19: =('XM.FILE GOC'!$G$46-AC19)*612 -> 134.64 | AF19: L | AG19: Q3-CXVN-PC01-IS04
A20: 11 | B20: Nồng độ HCL hoạt hóa 稀酸活化 濃度 | F20: %V/V | G20: ='XM.FILE GOC'!$E$47 -> 5~15 | H20: ='XM.FILE GOC'!$F$47 -> (10±3) | I20: ='XM.FILE GOC'!I47 -> 0 | J20: + | K20: ='XM.FILE GOC'!L47 -> 57.5 | L20: L | N20: + | O20: =('XM.FILE GOC'!$G$47-M20)*575 -> 57.5 | P20: L | Q20: ='XM.FILE GOC'!O47 -> 0 | R20: + | S20: ='XM.FILE GOC'!R47 -> 57.5 | T20: L | V20: + | W20: =('XM.FILE GOC'!$G$47-U20)*575 -> 57.5 | X20: L | Y20: ='XM.FILE GOC'!U47 -> 0 | Z20: + | AA20: ='XM.FILE GOC'!X47 -> 57.5 | AB20: L | AD20: + | AE20: =('XM.FILE GOC'!$G$47-AC20)*575 -> 57.5 | AF20: L | AG20: Q3-CXVN-PC01-IS15
A21: 12 | B21: Nồng độ HNO3 硝酸濃度 | F21: % | G21: ='XM.FILE GOC'!$E$48 -> 0.5~1.5 | H21: ='XM.FILE GOC'!$F$48 -> (1±0.2) | I21: ='XM.FILE GOC'!I48 -> 0 | J21: + | K21: ='XM.FILE GOC'!L48 -> 8.1538462 | L21: L | N21: + | O21: =('XM.FILE GOC'!$G$48-M21)*530/65% -> 8.1538462 | P21: L | Q21: ='XM.FILE GOC'!O48 -> 0 | R21: + | S21: ='XM.FILE GOC'!R48 -> 8.1538462 | T21: L | V21: + | W21: =('XM.FILE GOC'!$G$48-U21)*530/65% -> 8.1538462 | X21: L | Y21: ='XM.FILE GOC'!U48 -> 0 | Z21: + | AA21: ='XM.FILE GOC'!X48 -> 8.1538462 | AB21: L | AD21: + | AE21: =('XM.FILE GOC'!$G$48-AC21)*530/65% -> 8.1538462 | AF21: L | AG21: Q3-CXVN-PC01-IS15
B22: Hạng mục kiểm tra nhiệt độ 檢查溫度
A23: NO | B23: Hạng mục kiểm tra nhiệt độ 溫度檢查項目 | F23: nhiệt độ 溫度 | G23: Phạm vi kiểm soát 範圍值 | H23: Giới hạn kiểm soát 管控值 | I23: Nhiệt kế 温度計 | K23: Nhiệt tự động 自動温控 | Q23: Nhiệt kế 温度計 | S23: Nhiệt tự động 自動温控 | Y23: Nhiệt kế 温度計 | AA23: Nhiệt tự động 自動温控
A24: 1 | B24: Nhiệt độ xà bông nóng (1) 熱脫脂溫度(1) | F24: 0C | G24: ='XM.FILE GOC'!$E$53 -> 50~70 | H24: ='XM.FILE GOC'!$F$53 -> (60±3) | I24: ='XM.GUI MAIL'!I53 -> 0 | K24: ='XM.FILE GOC'!L53 -> 0 | Q24: ='XM.GUI MAIL'!O53 -> 0 | S24: ='XM.FILE GOC'!R53 -> 0 | Y24: ='XM.GUI MAIL'!U53 -> 0 | AA24: ='XM.FILE GOC'!X53 -> 0
A25: 2 | B25: Nhiệt độ xà bông nóng (2) 熱脫脂溫度(2) | C25: Nhiệt độ xà bông nóng (2) 熱脫脂溫度(2) | D25: Nhiệt độ xà bông nóng (2) 熱脫脂溫度(2) | E25: Nhiệt độ xà bông nóng (2) 熱脫脂溫度(2) | F25: 0C | G25: ='XM.FILE GOC'!$E$54 -> 50~70 | H25: ='XM.FILE GOC'!$F$54 -> (60±3) | I25: ='XM.GUI MAIL'!I54 -> 0 | K25: ='XM.FILE GOC'!L54 -> 0 | Q25: ='XM.GUI MAIL'!O54 -> 0 | S25: ='XM.FILE GOC'!R54 -> 0 | Y25: ='XM.GUI MAIL'!U54 -> 0 | AA25: ='XM.FILE GOC'!X54 -> 0
A26: 3 | B26: Nhiệt độ điện giải (1) 電解1 溫度 | C26: Nhiệt độ điện giải (1) 電解1 溫度 | D26: Nhiệt độ điện giải (1) 電解1 溫度 | E26: Nhiệt độ điện giải (1) 電解1 溫度 | F26: 0C | G26: ='XM.FILE GOC'!$E$55 -> 50~70 | H26: ='XM.FILE GOC'!$F$55 -> (60±3) | I26: ='XM.GUI MAIL'!I55 -> 0 | K26: ='XM.FILE GOC'!L55 -> 0 | Q26: ='XM.GUI MAIL'!O55 -> 0 | S26: ='XM.FILE GOC'!R55 -> 0 | Y26: ='XM.GUI MAIL'!U55 -> 0 | AA26: ='XM.FILE GOC'!X55 -> 0
A27: 4 | B27: Nhiệt độ điện giải (2) 電解 2 溫度 | C27: Nhiệt độ điện giải (2) 電解 2 溫度 | D27: Nhiệt độ điện giải (2) 電解 2 溫度 | E27: Nhiệt độ điện giải (2) 電解 2 溫度 | F27: 0C | G27: ='XM.FILE GOC'!$E$56 -> 50~70 | H27: ='XM.FILE GOC'!$F$56 -> (60±3) | I27: ='XM.GUI MAIL'!I56 -> 0 | K27: ='XM.FILE GOC'!L56 -> 0 | Q27: ='XM.GUI MAIL'!O56 -> 0 | S27: ='XM.FILE GOC'!R56 -> 0 | Y27: ='XM.GUI MAIL'!U56 -> 0 | AA27: ='XM.FILE GOC'!X56 -> 0
A28: 5 | B28: Nhiệt độ bồn xi 鍍鋅槽溫度 | C28: Nhiệt độ bồn xi 鍍鋅槽溫度 | D28: Nhiệt độ bồn xi 鍍鋅槽溫度 | E28: Nhiệt độ bồn xi 鍍鋅槽溫度 | F28: 0C | G28: ='XM.FILE GOC'!$E$57 -> 22~30 | H28: ='XM.FILE GOC'!$F$57 -> (24±1) | I28: ='XM.GUI MAIL'!I57 -> 0 | K28: ='XM.FILE GOC'!L57 -> 0 | Q28: ='XM.GUI MAIL'!O57 -> 0 | S28: ='XM.FILE GOC'!R57 -> 0 | Y28: ='XM.GUI MAIL'!U57 -> 0 | AA28: ='XM.FILE GOC'!X57 -> 0
A29: 6 | B29: Nhiệt độ bồn màu Cr2O3 三價鉻 溫度 | C29: Nhiệt độ bồn màu Cr2O3 三價鉻 溫度 | D29: Nhiệt độ bồn màu Cr2O3 三價鉻 溫度 | E29: Nhiệt độ bồn màu Cr2O3 三價鉻 溫度 | F29: 0C | G29: ='XM.FILE GOC'!$E$58 -> 30-38 | H29: ='XM.FILE GOC'!$F$58 -> (34±2) | I29: ='XM.GUI MAIL'!I58 -> 0 | K29: ='XM.FILE GOC'!L58 -> 0 | Q29: ='XM.GUI MAIL'!O58 -> 0 | S29: ='XM.FILE GOC'!R58 -> 0 | Y29: ='XM.GUI MAIL'!U58 -> 0 | AA29: ='XM.FILE GOC'!X58 -> 0
A30: 7 | B30: Nhiệt độ bồn nước nóng 熱水溫度 | C30: Nhiệt độ bồn nước nóng 熱水溫度 | D30: Nhiệt độ bồn nước nóng 熱水溫度 | E30: Nhiệt độ bồn nước nóng 熱水溫度 | F30: 0C | G30: ='XM.FILE GOC'!$E$59 -> 55~65 | H30: ='XM.FILE GOC'!$F$59 -> (60±3) | I30: ='XM.GUI MAIL'!I59 -> 0 | K30: ='XM.FILE GOC'!L59 -> 0 | Q30: ='XM.GUI MAIL'!O59 -> 0 | S30: ='XM.FILE GOC'!R59 -> 0 | Y30: ='XM.GUI MAIL'!U59 -> 0 | AA30: ='XM.FILE GOC'!X59 -> 0
A31: 8 | B31: Sấy khô 烘乾 | C31: Sấy khô 烘乾 | D31: Sấy khô 烘乾 | E31: Sấy khô 烘乾 | F31: 0C | G31: ='XM.FILE GOC'!$E$60 -> 65~75 | H31: ='XM.FILE GOC'!$F$60 -> (70±3) | I31: \ | K31: ='XM.FILE GOC'!L60 -> 0 | Q31: \ | S31: ='XM.FILE GOC'!R60 -> 0 | Y31: \ | AA31: ='XM.FILE GOC'!X60 -> 0
B32: Hạng mục kiểm tra bơm thuốc tự động 藥液自動添加
A33: NO | B33: Hạng mục bơm thuốc 自動添加檢查項目 | F33: Đơn vị 單位 | G33: Phạm vi kiểm soát 範圍值 | H33: Giới hạn kiểm soát 管控值 | I33: Lượng bơm 添加量 | Q33: Lượng bơm 添加量 | Y33: Lượng bơm 添加量
A34: 1 | B34: chất mềm (250 base) 開缸劑 | F34: ml/KAH | G34: ='XM.FILE GOC'!$E$62 -> 100-200 | H34: ='XM.FILE GOC'!$F$62 -> 100-200 | I34: ='XM.GUI MAIL'!I62 -> 0 | Q34: ='XM.GUI MAIL'!O62 -> 0 | Y34: ='XM.GUI MAIL'!U62 -> 0
A35: 2 | B35: chaát boùng (250 brightener) 光亮劑 | F35: ml/KAH | G35: ='XM.FILE GOC'!$E$63 -> 20-50 | H35: ='XM.FILE GOC'!$F$63 -> 20-50 | I35: ='XM.GUI MAIL'!I63 -> 0 | Q35: ='XM.GUI MAIL'!O63 -> 0 | Y35: ='XM.GUI MAIL'!U63 -> 0
A37: 錩新科技股份有限公司 CX TECHNOLOGY CORPORATION
A38: BÁO CÁO KẾT QUẢ HÓA NGHIỆM HÀNG NGÀY XL-001F 表面處理生產製程管控記錄表 | AD38: Lập biểu 作成 | AF38: Xác nhận 確認
B39: XL-001F | I39: ='1. XL-1E kh'!$G$3 -> 2023/03/21 | AD39: =MENU!AD7 -> L.Yen | AF39: Yen
A40: NO | B40: Hạng mục kiểm tra nồng dộ 化驗檢查項目 | F40: Đơn vị 單位 | G40: Phạm vi kiểm soát 範圍值 | H40: Giới hạn kiểm soát 管控值 | I40: 0.76041667 | M40: KQ bổ sung sau 1H | Q40: 0.92708333 | U40: KQ bổ sung sau 1H | Y40: 0.09375 | AC40: KQ bổ sung sau 1H | AG40: Mã số văn kiện 文件編號
I41: 濃度 | J41: 補充 BS | M41: 濃度 | N41: 補充 BS | Q41: 濃度 | R41: 補充 BS | U41: 濃度 | V41: 補充 BS | Y41: 濃度 | Z41: 補充 BS | AC41: 濃度 | AD41: 補充 BS
