Workbook
Name _NEW2: [1]吊電B線入出料標準數據!$B$4:$P$4003
Name _XM_XT_THUCTE: '[2]XM.GUI MAIL'!$A$6:$AQ$108
Name _XM_XT_THUCTE: 'SOP HOA NGHIEM'!$B$3:$B$41
Name _XM_XT_THUCTE: 'XM.GUI MAIL'!$A$6:$AW$121
Name AB: #REF!
Name AB: #REF!
Name AB: #REF!
Name AB: #REF!
Name AB: #REF!
Name AB: #REF!
Name AB: #REF!
Name AB: #REF!
Name AB: #REF!
Name AB: #REF!
Name AB: #REF!
Name abcd: #REF!
Name abcd: #REF!
Name abcd: #REF!
Name abcd: #REF!
Name abcd: #REF!
Name abcd: #REF!
Name abcd: #REF!
Name abcd: #REF!
Name abcd: #REF!
Name abcd: #REF!
Name CCC: #REF!
Name CCC: #REF!
Name CCC: #REF!
Name CCC: #REF!
Name CCC: #REF!
Name CCC: #REF!
Name CCC: #REF!
Name CCC: #REF!
Name CCC: #REF!
Name CCC: #REF!
Name CCC: #REF!
Name CXXTA: #REF!
Name CXXTA: #REF!
Name CXXTA: #REF!
Name CXXTA: #REF!
Name CXXTA: #REF!
Name CXXTA: #REF!
Name CXXTA: #REF!
Name CXXTA: #REF!
Name CXXTA: #REF!
Name CXXTA: #REF!
Name CXXTA: #REF!
Name CXXTB: [1]吊電B線入出料標準數據!$B$3:$P$428
Name HUANGHAIDONGA: #REF!
Name HUANGHAIDONGA: #REF!
Name HUANGHAIDONGA: #REF!
Name HUANGHAIDONGA: #REF!
Name HUANGHAIDONGA: #REF!
Name HUANGHAIDONGA: #REF!
Name HUANGHAIDONGA: #REF!
Name HUANGHAIDONGA: #REF!
Name HUANGHAIDONGA: #REF!
Name HUANGHAIDONGA: #REF!
Name HUANGHAIDONGA: #REF!
Name HUANGHAIDONGB: [1]吊電B線入出料標準數據!$A$3:$P$428

Sheet PT TAP CHAT
B1: MẪU GỬI NHÀ CUNG ỨNG
B2: =MENU!AD9 -> 2024/05/22 | G2: 0.29166667 | H2: 0.45833333 | I2: 0.54166667
A3: NCC | B3: Type sample | C3: Test Item | D3: Standards | F3: Unit | G3: Result
A4: JASCO | B4: Akaline Zinc (XL-1E) | C4: Zn2+ | D4: ='XM.GUI MAIL'!E17 -> 8~12 | E4: ='XM.GUI MAIL'!F17 -> (10±2) | F4: g/l | G4: ='XM.GUI MAIL'!I17 -> 0 | H4: ='XM.GUI MAIL'!P17 -> 0 | I4: ='XM.GUI MAIL'!W17 -> 0
A5: JASCO | C5: NaOH | D5: ='XM.GUI MAIL'!E16 -> 130 - 150 | E5: ='XM.GUI MAIL'!F16 -> (140±7) | F5: g/l | G5: ='XM.GUI MAIL'!I16 -> 0 | H5: ='XM.GUI MAIL'!P16 -> 0 | I5: ='XM.GUI MAIL'!W16 -> 0
A6: JASCO | C6: Na2CO3 | D6: ＜70g/L | F6: g/l
A7: JASCO | C7: Fe | D7: <5 | F7: ppm
A8: JASCO | C8: Cu | D8: <5 | F8: ppm
A9: JASCO | C9: Cr | D9: <5 | F9: ppm
A10: JASCO | C10: Pb | D10: <5 | F10: ppm
A11: JASCO | B11: Màu (I) (TR173AH) (XL-1E) | C11: Cr2O3 (TR173AH) | D11: ='XM.GUI MAIL'!E18 -> 12~18 | E11: ='XM.GUI MAIL'!F18 -> (14±2) | F11: % | G11: ='XM.GUI MAIL'!I18 -> 0 | H11: ='XM.GUI MAIL'!P18 -> 0 | I11: ='XM.GUI MAIL'!W18 -> 0
A12: JASCO | C12: pH | D12: ='XM.GUI MAIL'!E19 -> 1.6~2.2 | E12: ='XM.GUI MAIL'!F19 -> (2±0.2 ) | F12: / | G12: ='XM.GUI MAIL'!I19 -> 0 | H12: ='XM.GUI MAIL'!P19 -> 0 | I12: ='XM.GUI MAIL'!W19 -> 0
A13: JASCO | C13: Fe | D13: <80 | F13: ppm
A14: JASCO | C14: Cu | D14: ＜5 | F14: ppm
A15: JASCO | C15: Zn | D15: ＜7000 | F15: ppm
A16: JASCO | B16: Màu K (5U109A) (XL-1E) | C16: Màu K (5U109A) | D16: ='XM.GUI MAIL'!E24 -> 5~10 | E16: ='XM.GUI MAIL'!F24 -> (7.5±1) | F16: % | G16: ='XM.GUI MAIL'!I24 | H16: ='XM.GUI MAIL'!I24 | I16: ='XM.GUI MAIL'!W24
A17: JASCO | C17: pH | D17: ='XM.GUI MAIL'!E25 -> 1.8~2.2 | E17: ='XM.GUI MAIL'!F25 -> (2±0.1) | F17: / | G17: ='XM.GUI MAIL'!I25 -> 0 | H17: ='XM.GUI MAIL'!I25 -> 0 | I17: ='XM.GUI MAIL'!W25 -> 0
A18: JASCO | C18: Fe | D18: <40 | F18: ppm
A19: JASCO | C19: Cu | D19: ＜5 | F19: ppm
A20: JASCO | C20: Zn | D20: ＜6000 | F20: ppm
B22: Type sample | C22: Test Item | D22: Standards | F22: Unit | G22: Result
A23: HALO | B23: Akaline Zinc (XL-1F) | C23: Zn2+ | D23: ='XM.GUI MAIL'!E52 -> 8~12 | E23: ='XM.GUI MAIL'!F52 -> (10±2) | F23: g/l | G23: ='XM.GUI MAIL'!I52 -> 10.27 | H23: ='XM.GUI MAIL'!P52 -> 10.66 | I23: ='XM.GUI MAIL'!W52 -> 10.79
A24: HALO | C24: NaOH | D24: ='XM.GUI MAIL'!E51 -> 130 - 150 | E24: ='XM.GUI MAIL'!F51 -> (140±7) | F24: g/l | G24: ='XM.GUI MAIL'!I51 -> 144 | H24: ='XM.GUI MAIL'!P51 -> 141.6 | I24: ='XM.GUI MAIL'!W51 -> 141.2
A25: HALO | C25: Na2CO3 | D25: ＜70 | F25: g/l
A26: HALO | C26: Fe | D26: <5 | F26: ppm
A27: HALO | C27: Cu | D27: <5 | F27: ppm
A28: HALO | C28: Cr | D28: <5 | F28: ppm
A29: HALO | C29: Pb | D29: <5 | F29: ppm
A30: HALO | B30: Màu (I) (Lanthane 318) (XL-1F) | C30: Lanthane 318 | D30: ='XM.GUI MAIL'!E53 -> 6~10 | E30: ='XM.GUI MAIL'!F53 -> (7±1) | F30: % | G30: ='XM.GUI MAIL'!I53 -> 6.262725 | H30: ='XM.GUI MAIL'!P53 -> 6.32628 | I30: ='XM.GUI MAIL'!W53 -> 6.1568
A31: HALO | C31: pH | D31: ='XM.GUI MAIL'!E54 -> 2~2.5 | E31: ='XM.GUI MAIL'!F54 -> (2.3±0.1 ) | F31: / | G31: ='XM.GUI MAIL'!I54 -> 3 | H31: ='XM.GUI MAIL'!P54 -> 3 | I31: ='XM.GUI MAIL'!W54 -> 2.2
A32: HALO | C32: Fe | D32: <100 | F32: ppm
A33: HALO | C33: Cu | F33: ppm
A34: HALO | C34: Zn | D34: ＜12000 | F34: ppm
A35: HALO | B35: Màu (K) (Finidip 124) (XL-1F) | C35: Finidip 124 | D35: ='XM.GUI MAIL'!E59 -> 5~8 | E35: ='XM.GUI MAIL'!F59 -> (6±0.5) | F35: % | G35: ='XM.GUI MAIL'!I59 -> 6.28 | H35: ='XM.GUI MAIL'!I59 -> 6.28 | I35: ='XM.GUI MAIL'!W59 -> KO SX
A36: HALO | C36: pH | D36: ='XM.GUI MAIL'!E60 -> 1.8~2.4 | E36: ='XM.GUI MAIL'!F60 -> (2.1±0.1 ) | F36: / | G36: ='XM.GUI MAIL'!I60 -> 2.1 | H36: ='XM.GUI MAIL'!I60 -> 2.1 | I36: ='XM.GUI MAIL'!W60 -> KO SX
A37: HALO | C37: Fe | D37: 150 | F37: ppm
A38: HALO | C38: Cu | F38: ppm
A39: HALO | C39: Zn | D39: ＜15000 | F39: ppm
B41: Type sample | C41: Test Item | D41: Standards | F41: Unit | G41: Result
A42: HALO | B42: Akaline Zinc (XT-0C) | C42: Zn2+ | D42: ='XM.GUI MAIL'!E87 -> 7~10 | E42: ='XM.GUI MAIL'!F87 -> (8.5±1) | F42: g/l | G42: ='XM.GUI MAIL'!I87 -> 8.45 | H42: ='XM.GUI MAIL'!P87 -> 8.45 | I42: ='XM.GUI MAIL'!W87 -> 8.385
A43: HALO | C43: NaOH | D43: ='XM.GUI MAIL'!E86 -> 135~ 145 | E43: ='XM.GUI MAIL'!F86 -> (140±5) | F43: g/l | G43: ='XM.GUI MAIL'!I86 -> 138 | H43: ='XM.GUI MAIL'!P86 -> 140 | I43: ='XM.GUI MAIL'!W86 -> 137.6
A44: HALO | C44: Na2CO3 | D44: ＜70g/L | E44: ＜70g/L | F44: g/l
A45: HALO | C45: Fe | D45: <5 | F45: ppm
A46: HALO | C46: Cu | D46: <5 | F46: ppm
A47: HALO | C47: Cr | D47: <5 | F47: ppm
A48: HALO | C48: Pb | D48: <5 | F48: ppm
B49: Nickel Zinc (XT-0C) | C49: Ni2+ | D49: 1-1.8 | E49: 1-1.8 | F49: g/l
A50: HALO | C50: Zn2+ | D50: ='XM.GUI MAIL'!E99 -> 5~6 | E50: ='XM.GUI MAIL'!F99 -> (5.5± 0.5) | F50: g/l | G50: ='XM.GUI MAIL'!I99 -> 5.915 | H50: ='XM.GUI MAIL'!P99 -> 5.915 | I50: ='XM.GUI MAIL'!W99 -> 5.98
A51: HALO | C51: NaOH | D51: ='XM.GUI MAIL'!E100 -> 130~140 | E51: ='XM.GUI MAIL'!F100 -> (135 ± 5) | F51: g/l | G51: ='XM.GUI MAIL'!I100 -> 136 | H51: ='XM.GUI MAIL'!P100 -> 133.6 | I51: ='XM.GUI MAIL'!W100 -> 132.8
A52: HALO | C52: Na2CO3 | D52: ＜70 | F52: g/l
A53: HALO | C53: Fe | D53: ＜80 | F53: ppm
A54: HALO | C54: Cu | D54: ＜5 | F54: ppm
A55: HALO | C55: Cr | D55: ＜5 | F55: ppm
A56: HALO | C56: Pb | D56: ＜ | F56: ppm
A57: HALO | B57: Màu (I) (Lanthane 318) (XT-0C) | C57: Lanthane 318 | D57: ='XM.GUI MAIL'!E88 -> 5~8 | E57: ='XM.GUI MAIL'!F88 -> (6±1) | F57: % | G57: ='XM.GUI MAIL'!I88 -> 6.49576 | H57: ='XM.GUI MAIL'!P88 -> 6.474575 | I57: ='XM.GUI MAIL'!W88 -> 6.1568
A58: HALO | C58: pH | D58: ='XM.GUI MAIL'!E89 -> 2.0~2.4 | E58: ='XM.GUI MAIL'!F89 -> (2.2±0.1) | F58: / | G58: ='XM.GUI MAIL'!I89 -> 2.2 | H58: ='XM.GUI MAIL'!P89 -> 2.18 | I58: ='XM.GUI MAIL'!W89 -> 2.2
A59: HALO | C59: Fe | D59: <100 | F59: ppm
A60: HALO | C60: Cu | F60: ppm
A61: HALO | C61: Zn | D61: ＜10000 | F61: ppm
B62: Màu (K) (Finidip 124) (XT-0C) | C62: Finidip 124 | D62: ='XM.GUI MAIL'!E95 -> 5~8 | E62: ='XM.GUI MAIL'!F95 -> (6±0.5) | F62: % | G62: ='XM.GUI MAIL'!I95 -> 5.76 | H62: ='XM.GUI MAIL'!P95 -> 5.72 | I62: ='XM.GUI MAIL'!W95 -> 5.72
C63: pH | D63: ='XM.GUI MAIL'!E96 -> 1.8~2.4 | E63: ='XM.GUI MAIL'!F96 -> (2.1±0.1) | F63: / | G63: ='XM.GUI MAIL'!I96 -> 2.2 | H63: ='XM.GUI MAIL'!P96 -> 2.18 | I63: ='XM.GUI MAIL'!W96 -> 2.12
C64: Fe | D64: 150 | F64: ppm
C65: Cu | F65: ppm
C66: Zn | D66: ＜15000 | F66: ppm
G67: 7:00 | H67: 11:00 | I67: 13:00
A68: JASCO | B68: Màu (I) (TR173AH) (XT-0C) | C68: Cr2O3 (TR173AH) | D68: ='XM.GUI MAIL'!E97 -> 8~16 % | E68: ='XM.GUI MAIL'!F97 -> (12±2%) | F68: % | G68: ='XM.GUI MAIL'!I97 | H68: ='XM.GUI MAIL'!P97 | I68: ='XM.GUI MAIL'!W97
A69: JASCO | C69: pH | D69: ='XM.GUI MAIL'!E98 -> 1.8~2.4 | E69: ='XM.GUI MAIL'!F98 -> (2.0 ±0.2 ) | F69: / | G69: ='XM.GUI MAIL'!I98 -> 0 | H69: ='XM.GUI MAIL'!P98 -> 0 | I69: ='XM.GUI MAIL'!W98 -> 0
A70: JASCO | C70: Fe | D70: <500 | F70: ppm
A71: JASCO | C71: Cu | D71: ＜5 | F71: ppm
A72: JASCO | C72: Zn | D72: ＜7000 | F72: ppm
A73: JASCO | B73: Màu K (5U109A) (XT-0C) | C73: Màu K (5U109A) | D73: ='XM.GUI MAIL'!E95 -> 5~8 | E73: ='XM.GUI MAIL'!F95 -> (6±0.5) | F73: % | G73: ='XM.GUI MAIL'!I95 -> 5.76 | H73: ='XM.GUI MAIL'!I95 -> 5.76 | I73: ='XM.GUI MAIL'!W95 -> 5.72
A74: JASCO | C74: pH | D74: ='XM.GUI MAIL'!E96 -> 1.8~2.4 | E74: ='XM.GUI MAIL'!F96 -> (2.1±0.1) | F74: / | G74: ='XM.GUI MAIL'!I96 -> 2.2 | H74: ='XM.GUI MAIL'!I96 -> 2.2 | I74: ='XM.GUI MAIL'!W96 -> 2.12
A75: JASCO | C75: Fe | D75: <500 | F75: ppm
A76: JASCO | C76: Cu | D76: ＜5 | F76: ppm
A77: JASCO | C77: Zn | D77: ＜7000 | F77: ppm
A78: JASCO | B78: Màu Ni (XT-0C) | C78: Màu Ni (988C1) | D78: 50-100 | F78: ml/l
A79: JASCO | C79: Màu Ni (988S1) | D79: 15-35 | F79: ml/l

Sheet 1
A1: "BÁO CÁO KẾT QUẢ HÓA NGHIỆM HÀNG NGÀY 表面處理生產製程管控記錄表"
A2: NGAY | B2: Ma__Hang_muc | C2: Nong_Do_01 | E2: 1 | F2: bs | G2: 2 | H2: bs | I2: 3 | J2: bs | K2: 4 | L2: bs | M2: 5 | N2: bs | O2: 6 | P2: bs | Q2: 1
A3: Date | B3: Code | C3: 濃度 g/L-01
A4: 5/22/2024 9:45:00 AM | B4: 1F-XB1 | C4: 70.4165 | E4: TRUE | F4: FALSE | G4: FALSE | H4: FALSE | I4: FALSE | J4: FALSE | K4: FALSE | L4: FALSE | M4: FALSE | N4: FALSE | O4: FALSE | P4: FALSE
A5: 5/22/2024 9:45:00 AM | B5: 1F-XB2 | C5: 72.688 | E5: TRUE | F5: FALSE | G5: FALSE | H5: FALSE | I5: FALSE | J5: FALSE | K5: FALSE | L5: FALSE | M5: FALSE | N5: FALSE | O5: FALSE | P5: FALSE
A6: 5/22/2024 9:45:00 AM | B6: 1F-DG1 | C6: 62.601 | E6: TRUE | F6: FALSE | G6: FALSE | H6: FALSE | I6: FALSE | J6: FALSE | K6: FALSE | L6: FALSE | M6: FALSE | N6: FALSE | O6: FALSE | P6: FALSE
A7: 5/22/2024 9:45:00 AM | B7: 1F-DG2 | C7: 62.139 | E7: TRUE | F7: FALSE | G7: FALSE | H7: FALSE | I7: FALSE | J7: FALSE | K7: FALSE | L7: FALSE | M7: FALSE | N7: FALSE | O7: FALSE | P7: FALSE
A8: 5/22/2024 9:45:00 AM | B8: 1F-NAOH | C8: 144 | E8: TRUE | F8: FALSE | G8: FALSE | H8: FALSE | I8: FALSE | J8: FALSE | K8: FALSE | L8: FALSE | M8: FALSE | N8: FALSE | O8: FALSE | P8: FALSE
A9: 5/22/2024 9:45:00 AM | B9: 1F-ZN | C9: 10.27 | E9: TRUE | F9: FALSE | G9: FALSE | H9: FALSE | I9: FALSE | J9: FALSE | K9: FALSE | L9: FALSE | M9: FALSE | N9: FALSE | O9: FALSE | P9: FALSE
A10: 5/22/2024 9:45:00 AM | B10: 1F-CR3I | C10: 6.262725 | E10: TRUE | F10: FALSE | G10: FALSE | H10: FALSE | I10: FALSE | J10: FALSE | K10: FALSE | L10: FALSE | M10: FALSE | N10: FALSE | O10: FALSE | P10: FALSE
A11: 5/22/2024 9:45:00 AM | B11: 1F-CR3IPH | C11: 3 | E11: TRUE | F11: FALSE | G11: FALSE | H11: FALSE | I11: FALSE | J11: FALSE | K11: FALSE | L11: FALSE | M11: FALSE | N11: FALSE | O11: FALSE | P11: FALSE
A12: 5/22/2024 9:45:00 AM | B12: 1F-HCL1 | C12: 0.43914063 | E12: TRUE | F12: FALSE | G12: FALSE | H12: FALSE | I12: FALSE | J12: FALSE | K12: FALSE | L12: FALSE | M12: FALSE | N12: FALSE | O12: FALSE | P12: FALSE
A13: 5/22/2024 9:45:00 AM | B13: 1F-HNO3 | C13: 0.010458 | E13: TRUE | F13: FALSE | G13: FALSE | H13: FALSE | I13: FALSE | J13: FALSE | K13: FALSE | L13: FALSE | M13: FALSE | N13: FALSE | O13: FALSE | P13: FALSE
A14: 5/22/2024 9:45:00 AM | B14: 1F-MEM | C14: 140 | E14: TRUE | F14: FALSE | G14: FALSE | H14: FALSE | I14: FALSE | J14: FALSE | K14: FALSE | L14: FALSE | M14: FALSE | N14: FALSE | O14: FALSE | P14: FALSE
A15: 5/22/2024 9:45:00 AM | B15: 1F-BONG | C15: 38 | E15: TRUE | F15: FALSE | G15: FALSE | H15: FALSE | I15: FALSE | J15: FALSE | K15: FALSE | L15: FALSE | M15: FALSE | N15: FALSE | O15: FALSE | P15: FALSE
... A58: 5/22/2024 9:45:00 AM | B58: DC-BLACK08 | C58: 5.8 | E58: TRUE | F58: FALSE | G58: FALSE | H58: FALSE | I58: FALSE | J58: FALSE | K58: FALSE | L58: FALSE | M58: FALSE | N58: FALSE | O58: FALSE | P58: FALSE

Sheet 2
A1: "BÁO CÁO KẾT QUẢ HÓA NGHIỆM HÀNG NGÀY 表面處理生產製程管控記錄表"
A2: NGAY | B2: Ma__Hang_muc | C2: Nong_Do_02 | E2: 1 | F2: bs | G2: 2 | H2: bs | I2: 3 | J2: bs | K2: 4 | L2: bs | M2: 5 | N2: bs | O2: 6 | P2: bs | Q2: 2
A3: Date | B3: Code | C3: 濃度 g/L-02
A4: 5/22/2024 11:45:00 AM | B4: 1F-XB1 | C4: 70.4165 | E4: FALSE | F4: FALSE | G4: TRUE | H4: FALSE | I4: FALSE | J4: FALSE | K4: FALSE | L4: FALSE | M4: FALSE | N4: FALSE | O4: FALSE | P4: FALSE
A5: 5/22/2024 11:45:00 AM | B5: 1F-XB2 | C5: 72.688 | E5: FALSE | F5: FALSE | G5: TRUE | H5: FALSE | I5: FALSE | J5: FALSE | K5: FALSE | L5: FALSE | M5: FALSE | N5: FALSE | O5: FALSE | P5: FALSE
A6: 5/22/2024 11:45:00 AM | B6: 1F-DG1 | C6: 63.063 | E6: FALSE | F6: FALSE | G6: TRUE | H6: FALSE | I6: FALSE | J6: FALSE | K6: FALSE | L6: FALSE | M6: FALSE | N6: FALSE | O6: FALSE | P6: FALSE
A7: 5/22/2024 11:45:00 AM | B7: 1F-DG2 | C7: 60.291 | E7: FALSE | F7: FALSE | G7: TRUE | H7: FALSE | I7: FALSE | J7: FALSE | K7: FALSE | L7: FALSE | M7: FALSE | N7: FALSE | O7: FALSE | P7: FALSE
A8: 5/22/2024 11:45:00 AM | B8: 1F-NAOH | C8: 141.6 | E8: FALSE | F8: FALSE | G8: TRUE | H8: FALSE | I8: FALSE | J8: FALSE | K8: FALSE | L8: FALSE | M8: FALSE | N8: FALSE | O8: FALSE | P8: FALSE
A9: 5/22/2024 11:45:00 AM | B9: 1F-ZN | C9: 10.66 | E9: FALSE | F9: FALSE | G9: TRUE | H9: FALSE | I9: FALSE | J9: FALSE | K9: FALSE | L9: FALSE | M9: FALSE | N9: FALSE | O9: FALSE | P9: FALSE
A10: 5/22/2024 11:45:00 AM | B10: 1F-CR3I | C10: 6.32628 | E10: FALSE | F10: FALSE | G10: TRUE | H10: FALSE | I10: FALSE | J10: FALSE | K10: FALSE | L10: FALSE | M10: FALSE | N10: FALSE | O10: FALSE | P10: FALSE
A11: 5/22/2024 11:45:00 AM | B11: 1F-CR3IPH | C11: 3 | E11: FALSE | F11: FALSE | G11: TRUE | H11: FALSE | I11: FALSE | J11: FALSE | K11: FALSE | L11: FALSE | M11: FALSE | N11: FALSE | O11: FALSE | P11: FALSE
A12: 5/22/2024 11:45:00 AM | B12: 1F-HCL1 | C12: 0.46765625 | E12: FALSE | F12: FALSE | G12: TRUE | H12: FALSE | I12: FALSE | J12: FALSE | K12: FALSE | L12: FALSE | M12: FALSE | N12: FALSE | O12: FALSE | P12: FALSE
A13: 5/22/2024 11:45:00 AM | B13: 1F-HNO3 | C13: 0.01071 | E13: FALSE | F13: FALSE | G13: TRUE | H13: FALSE | I13: FALSE | J13: FALSE | K13: FALSE | L13: FALSE | M13: FALSE | N13: FALSE | O13: FALSE | P13: FALSE
A14: 5/22/2024 11:45:00 AM | B14: 1F-MEM | C14: 142 | E14: FALSE | F14: FALSE | G14: TRUE | H14: FALSE | I14: FALSE | J14: FALSE | K14: FALSE | L14: FALSE | M14: FALSE | N14: FALSE | O14: FALSE | P14: FALSE
A15: 5/22/2024 11:45:00 AM | B15: 1F-BONG | C15: 40 | E15: FALSE | F15: FALSE | G15: TRUE | H15: FALSE | I15: FALSE | J15: FALSE | K15: FALSE | L15: FALSE | M15: FALSE | N15: FALSE | O15: FALSE | P15: FALSE
... A28: 5/22/2024 11:45:00 AM | B28: XT-MEM | C28: 172 | E28: FALSE | F28: FALSE | G28: TRUE | H28: FALSE | I28: FALSE | J28: FALSE | K28: FALSE | L28: FALSE | M28: FALSE | N28: FALSE | O28: FALSE | P28: FALSE

Sheet 3
A1: "BÁO CÁO KẾT QUẢ HÓA NGHIỆM HÀNG NGÀY 表面處理生產製程管控記錄表"
A2: NGAY | B2: Ma__Hang_muc | C2: Nong_Do_03 | E2: 1 | F2: bs | G2: 2 | H2: bs | I2: 3 | J2: bs | K2: 4 | L2: bs | M2: 5 | N2: bs | O2: 6 | P2: bs | Q2: 3
A3: Date | B3: Code | C3: 濃度 g/03
A4: 5/22/2024 4:30:00 PM | B4: 1F-XB1 | C4: 68.145 | E4: FALSE | F4: FALSE | G4: FALSE | H4: FALSE | I4: TRUE | J4: FALSE | K4: FALSE | L4: FALSE | M4: FALSE | N4: FALSE | O4: FALSE | P4: FALSE
A5: 5/22/2024 4:30:00 PM | B5: 1F-XB2 | C5: 71.7145 | E5: FALSE | F5: FALSE | G5: FALSE | H5: FALSE | I5: TRUE | J5: FALSE | K5: FALSE | L5: FALSE | M5: FALSE | N5: FALSE | O5: FALSE | P5: FALSE
A6: 5/22/2024 4:30:00 PM | B6: 1F-DG1 | C6: 64.68 | E6: FALSE | F6: FALSE | G6: FALSE | H6: FALSE | I6: TRUE | J6: FALSE | K6: FALSE | L6: FALSE | M6: FALSE | N6: FALSE | O6: FALSE | P6: FALSE
A7: 5/22/2024 4:30:00 PM | B7: 1F-DG2 | C7: 60.06 | E7: FALSE | F7: FALSE | G7: FALSE | H7: FALSE | I7: TRUE | J7: FALSE | K7: FALSE | L7: FALSE | M7: FALSE | N7: FALSE | O7: FALSE | P7: FALSE
A8: 5/22/2024 4:30:00 PM | B8: 1F-NAOH | C8: 141.2 | E8: FALSE | F8: FALSE | G8: FALSE | H8: FALSE | I8: TRUE | J8: FALSE | K8: FALSE | L8: FALSE | M8: FALSE | N8: FALSE | O8: FALSE | P8: FALSE
A9: 5/22/2024 4:30:00 PM | B9: 1F-ZN | C9: 10.79 | E9: FALSE | F9: FALSE | G9: FALSE | H9: FALSE | I9: TRUE | J9: FALSE | K9: FALSE | L9: FALSE | M9: FALSE | N9: FALSE | O9: FALSE | P9: FALSE
A10: 5/22/2024 4:30:00 PM | B10: 1F-CR3I | C10: 6.1568 | E10: FALSE | F10: FALSE | G10: FALSE | H10: FALSE | I10: TRUE | J10: FALSE | K10: FALSE | L10: FALSE | M10: FALSE | N10: FALSE | O10: FALSE | P10: FALSE
A11: 5/22/2024 4:30:00 PM | B11: 1F-CR3IPH | C11: 2.2 | E11: FALSE | F11: FALSE | G11: FALSE | H11: FALSE | I11: TRUE | J11: FALSE | K11: FALSE | L11: FALSE | M11: FALSE | N11: FALSE | O11: FALSE | P11: FALSE
A12: 5/22/2024 4:30:00 PM | B12: 1F-HCL1 | C12: 0.45625 | E12: FALSE | F12: FALSE | G12: FALSE | H12: FALSE | I12: TRUE | J12: FALSE | K12: FALSE | L12: FALSE | M12: FALSE | N12: FALSE | O12: FALSE | P12: FALSE
A13: 5/22/2024 4:30:00 PM | B13: 1F-HNO3 | C13: 0.01008 | E13: FALSE | F13: FALSE | G13: FALSE | H13: FALSE | I13: TRUE | J13: FALSE | K13: FALSE | L13: FALSE | M13: FALSE | N13: FALSE | O13: FALSE | P13: FALSE
A14: 5/22/2024 4:30:00 PM | B14: 1F-MEM | C14: 142 | E14: FALSE | F14: FALSE | G14: FALSE | H14: FALSE | I14: TRUE | J14: FALSE | K14: FALSE | L14: FALSE | M14: FALSE | N14: FALSE | O14: FALSE | P14: FALSE
A15: 5/22/2024 4:30:00 PM | B15: 1F-BONG | C15: 42 | E15: FALSE | F15: FALSE | G15: FALSE | H15: FALSE | I15: TRUE | J15: FALSE | K15: FALSE | L15: FALSE | M15: FALSE | N15: FALSE | O15: FALSE | P15: FALSE
... A35: 5/22/2024 4:30:00 PM | B35: RLF-XBPH | C35: 10 | E35: FALSE | F35: FALSE | G35: FALSE | H35: FALSE | I35: TRUE | J35: FALSE | K35: FALSE | L35: FALSE | M35: FALSE | N35: FALSE | O35: FALSE | P35: FALSE

Sheet 4
A1: "BÁO CÁO KẾT QUẢ HÓA NGHIỆM HÀNG NGÀY 表面處理生產製程管控記錄表"
A2: NGAY | B2: Ma__Hang_muc | C2: Nong_Do_03 | E2: 1 | F2: bs | G2: 2 | H2: bs | I2: 3 | J2: bs | K2: 4 | L2: bs | M2: 5 | N2: bs | O2: 6 | P2: bs | Q2: 3
A3: Date | B3: Code | C3: 濃度 g/03
A4: 5/22/2024 6:00:00 PM | B4: 1E-XB1 | E4: FALSE | F4: FALSE | G4: FALSE | H4: FALSE | I4: FALSE | J4: FALSE | K4: FALSE | L4: FALSE | M4: FALSE | N4: FALSE | O4: FALSE | P4: FALSE | Q4: 1
A5: 5/22/2024 6:00:00 PM | B5: RLF-KD | C5: 45 | E5: FALSE | F5: FALSE | G5: FALSE | H5: FALSE | I5: TRUE | J5: FALSE | K5: FALSE | L5: FALSE | M5: FALSE | N5: FALSE | O5: FALSE | P5: FALSE
A6: 5/22/2024 6:00:00 PM | B6: RLF-HCL1 | C6: 10.95 | E6: FALSE | F6: FALSE | G6: FALSE | H6: FALSE | I6: TRUE | J6: FALSE | K6: FALSE | L6: FALSE | M6: FALSE | N6: FALSE | O6: FALSE | P6: FALSE
A7: 5/22/2024 6:00:00 PM | B7: RLF-PP1TA | C7: 45 | E7: FALSE | F7: FALSE | G7: FALSE | H7: FALSE | I7: TRUE | J7: FALSE | K7: FALSE | L7: FALSE | M7: FALSE | N7: FALSE | O7: FALSE | P7: FALSE
A8: 5/22/2024 6:00:00 PM | B8: RLF-PP1AX | C8: 10.227273 | E8: FALSE | F8: FALSE | G8: FALSE | H8: FALSE | I8: TRUE | J8: FALSE | K8: FALSE | L8: FALSE | M8: FALSE | N8: FALSE | O8: FALSE | P8: FALSE
A9: 5/22/2024 6:00:00 PM | B9: RLF-PP1PL | C9: 0.12 | E9: FALSE | F9: FALSE | G9: FALSE | H9: FALSE | I9: TRUE | J9: FALSE | K9: FALSE | L9: FALSE | M9: FALSE | N9: FALSE | O9: FALSE | P9: FALSE
A10: 5/22/2024 6:00:00 PM | B10: RLF-XB | C10: 0.95 | E10: FALSE | F10: FALSE | G10: FALSE | H10: FALSE | I10: TRUE | J10: FALSE | K10: FALSE | L10: FALSE | M10: FALSE | N10: FALSE | O10: FALSE | P10: FALSE
A11: 5/22/2024 6:00:00 PM | B11: RLF-XBPH | C11: 10 | E11: FALSE | F11: FALSE | G11: FALSE | H11: FALSE | I11: TRUE | J11: FALSE | K11: FALSE | L11: FALSE | M11: FALSE | N11: FALSE | O11: FALSE | P11: FALSE

Sheet 5
A1: "BÁO CÁO KẾT QUẢ HÓA NGHIỆM HÀNG NGÀY 表面處理生產製程管控記錄表"
A2: NGAY | B2: Ma__Hang_muc | C2: Nong_Do_04 | E2: 1 | F2: bs | G2: 2 | H2: bs | I2: 3 | J2: bs | K2: 4 | L2: bs | M2: 5 | N2: bs | O2: 6 | P2: bs | Q2: 4
A3: Date | B3: Code | C3: 濃度 g/L_04
A4: 5/22/2024 9:45:00 PM | B4: 1F-XB1 | C4: 64.9 | E4: FALSE | F4: FALSE | G4: FALSE | H4: FALSE | I4: FALSE | J4: FALSE | K4: TRUE | L4: FALSE | M4: FALSE | N4: FALSE | O4: FALSE | P4: FALSE
A5: 5/22/2024 9:45:00 PM | B5: 1F-XB2 | C5: 70.741 | E5: FALSE | F5: FALSE | G5: FALSE | H5: FALSE | I5: FALSE | J5: FALSE | K5: TRUE | L5: FALSE | M5: FALSE | N5: FALSE | O5: FALSE | P5: FALSE
A6: 5/22/2024 9:45:00 PM | B6: 1F-DG1 | C6: 63.294 | E6: FALSE | F6: FALSE | G6: FALSE | H6: FALSE | I6: FALSE | J6: FALSE | K6: TRUE | L6: FALSE | M6: FALSE | N6: FALSE | O6: FALSE | P6: FALSE
A7: 5/22/2024 9:45:00 PM | B7: 1F-DG2 | C7: 54.516 | E7: FALSE | F7: FALSE | G7: FALSE | H7: FALSE | I7: FALSE | J7: FALSE | K7: TRUE | L7: FALSE | M7: FALSE | N7: FALSE | O7: FALSE | P7: FALSE
A8: 5/22/2024 9:45:00 PM | B8: 1F-NAOH | C8: 140.8 | E8: FALSE | F8: FALSE | G8: FALSE | H8: FALSE | I8: FALSE | J8: FALSE | K8: TRUE | L8: FALSE | M8: FALSE | N8: FALSE | O8: FALSE | P8: FALSE
A9: 5/22/2024 9:45:00 PM | B9: 1F-ZN | C9: 11.31 | E9: FALSE | F9: FALSE | G9: FALSE | H9: FALSE | I9: FALSE | J9: FALSE | K9: TRUE | L9: FALSE | M9: FALSE | N9: FALSE | O9: FALSE | P9: FALSE
A10: 5/22/2024 9:45:00 PM | B10: 1F-CR3I | C10: 5.90258 | E10: FALSE | F10: FALSE | G10: FALSE | H10: FALSE | I10: FALSE | J10: FALSE | K10: TRUE | L10: FALSE | M10: FALSE | N10: FALSE | O10: FALSE | P10: FALSE
A11: 5/22/2024 9:45:00 PM | B11: 1F-CR3IPH | C11: 2.68 | E11: FALSE | F11: FALSE | G11: FALSE | H11: FALSE | I11: FALSE | J11: FALSE | K11: TRUE | L11: FALSE | M11: FALSE | N11: FALSE | O11: FALSE | P11: FALSE
A12: 5/22/2024 9:45:00 PM | B12: 1F-HCL1 | C12: 0.45054688 | E12: FALSE | F12: FALSE | G12: FALSE | H12: FALSE | I12: FALSE | J12: FALSE | K12: TRUE | L12: FALSE | M12: FALSE | N12: FALSE | O12: FALSE | P12: FALSE
A13: 5/22/2024 9:45:00 PM | B13: 1F-MEM | C13: 130 | E13: FALSE | F13: FALSE | G13: FALSE | H13: FALSE | I13: FALSE | J13: FALSE | K13: TRUE | L13: FALSE | M13: FALSE | N13: FALSE | O13: FALSE | P13: FALSE
A14: 5/22/2024 9:45:00 PM | B14: 1F-BONG | C14: 40 | E14: FALSE | F14: FALSE | G14: FALSE | H14: FALSE | I14: FALSE | J14: FALSE | K14: TRUE | L14: FALSE | M14: FALSE | N14: FALSE | O14: FALSE | P14: FALSE
A15: 5/22/2024 9:45:00 PM | B15: XT-XB1 | C15: 49.973 | E15: FALSE | F15: FALSE | G15: FALSE | H15: FALSE | I15: FALSE | J15: FALSE | K15: TRUE | L15: FALSE | M15: FALSE | N15: FALSE | O15: FALSE | P15: FALSE
... A34: 5/22/2024 9:45:00 PM | B34: RLF-XBPH | C34: 9 | E34: FALSE | F34: FALSE | G34: FALSE | H34: FALSE | I34: FALSE | J34: FALSE | K34: TRUE | L34: FALSE | M34: FALSE | N34: FALSE | O34: FALSE | P34: FALSE

Sheet 6
A1: "BÁO CÁO KẾT QUẢ HÓA NGHIỆM HÀNG NGÀY 表面處理生產製程管控記錄表"
A2: NGAY | B2: Ma__Hang_muc | C2: Nong_Do_05 | E2: 1 | F2: bs | G2: 2 | H2: bs | I2: 3 | J2: bs | K2: 4 | L2: bs | M2: 5 | N2: bs | O2: 6 | P2: bs | Q2: 5
A3: Date | B3: Code | C3: 濃度 g/L_05
A4: 5/22/2024 11:45:00 PM | B4: 1E-XB1 | C4: 22 | E4: FALSE | F4: FALSE | G4: FALSE | H4: FALSE | I4: FALSE | J4: FALSE | K4: FALSE | L4: FALSE | M4: TRUE | N4: FALSE | O4: FALSE | P4: FALSE
A5: 5/22/2024 11:45:00 PM | B5: 1E-XB2 | C5: 23.2 | E5: FALSE | F5: FALSE | G5: FALSE | H5: FALSE | I5: FALSE | J5: FALSE | K5: FALSE | L5: FALSE | M5: TRUE | N5: FALSE | O5: FALSE | P5: FALSE
A6: 5/22/2024 11:45:00 PM | B6: 1E-DG1 | C6: 70.4 | E6: FALSE | F6: FALSE | G6: FALSE | H6: FALSE | I6: FALSE | J6: FALSE | K6: FALSE | L6: FALSE | M6: TRUE | N6: FALSE | O6: FALSE | P6: FALSE
A7: 5/22/2024 11:45:00 PM | B7: 1E-DG2 | C7: 74 | E7: FALSE | F7: FALSE | G7: FALSE | H7: FALSE | I7: FALSE | J7: FALSE | K7: FALSE | L7: FALSE | M7: TRUE | N7: FALSE | O7: FALSE | P7: FALSE
A8: 5/22/2024 11:45:00 PM | B8: 1E-NAOH | C8: 141.6 | E8: FALSE | F8: FALSE | G8: FALSE | H8: FALSE | I8: FALSE | J8: FALSE | K8: FALSE | L8: FALSE | M8: TRUE | N8: FALSE | O8: FALSE | P8: FALSE
A9: 5/22/2024 11:45:00 PM | B9: 1E-ZN | C9: 11.57 | E9: FALSE | F9: FALSE | G9: FALSE | H9: FALSE | I9: FALSE | J9: FALSE | K9: FALSE | L9: FALSE | M9: TRUE | N9: FALSE | O9: FALSE | P9: FALSE
A10: 5/22/2024 11:45:00 PM | B10: 1E-CR3I | C10: 16.978417 | E10: FALSE | F10: FALSE | G10: FALSE | H10: FALSE | I10: FALSE | J10: FALSE | K10: FALSE | L10: FALSE | M10: TRUE | N10: FALSE | O10: FALSE | P10: FALSE
A11: 5/22/2024 11:45:00 PM | B11: 1E-CR3IPH | C11: 1.48 | E11: FALSE | F11: FALSE | G11: FALSE | H11: FALSE | I11: FALSE | J11: FALSE | K11: FALSE | L11: FALSE | M11: TRUE | N11: FALSE | O11: FALSE | P11: FALSE
A12: 5/22/2024 11:45:00 PM | B12: 1E-HCL1 | C12: 0.3878125 | E12: FALSE | F12: FALSE | G12: FALSE | H12: FALSE | I12: FALSE | J12: FALSE | K12: FALSE | L12: FALSE | M12: TRUE | N12: FALSE | O12: FALSE | P12: FALSE
A13: 5/22/2024 11:45:00 PM | B13: 1F-XB1 | C13: 68.794 | E13: FALSE | F13: FALSE | G13: FALSE | H13: FALSE | I13: FALSE | J13: FALSE | K13: FALSE | L13: FALSE | M13: TRUE | N13: FALSE | O13: FALSE | P13: FALSE
A14: 5/22/2024 11:45:00 PM | B14: 1F-XB2 | C14: 71.39 | E14: FALSE | F14: FALSE | G14: FALSE | H14: FALSE | I14: FALSE | J14: FALSE | K14: FALSE | L14: FALSE | M14: TRUE | N14: FALSE | O14: FALSE | P14: FALSE
A15: 5/22/2024 11:45:00 PM | B15: 1F-DG1 | C15: 62.37 | E15: FALSE | F15: FALSE | G15: FALSE | H15: FALSE | I15: FALSE | J15: FALSE | K15: FALSE | L15: FALSE | M15: TRUE | N15: FALSE | O15: FALSE | P15: FALSE
... A36: 5/22/2024 11:45:00 PM | B36: XT-MEM | C36: 170 | E36: FALSE | F36: FALSE | G36: FALSE | H36: FALSE | I36: FALSE | J36: FALSE | K36: FALSE | L36: FALSE | M36: TRUE | N36: FALSE | O36: FALSE | P36: FALSE

Sheet 7
A1: BÁO CÁO KẾT QUẢ HÓA NGHIỆM HÀNG NGÀY 表面處理生產製程管控記錄表"
A2: NGAY | B2: Ma__Hang_muc | C2: Nong_Do_06 | E2: 1 | F2: bs | G2: 2 | H2: bs | I2: 3 | J2: bs | K2: 4 | L2: bs | M2: 5 | N2: bs | O2: 6 | P2: bs | Q2: 6
A3: Date | B3: Code | C3: 濃度 g/L_06
A4: 5/22/2024 4:00:00 AM | B4: 1E-XB1 | C4: 29.2 | E4: FALSE | F4: FALSE | G4: FALSE | H4: FALSE | I4: FALSE | J4: FALSE | K4: FALSE | L4: FALSE | M4: FALSE | N4: FALSE | O4: TRUE | P4: FALSE
A5: 45434.167 | B5: 1E-XB2 | C5: 28.8 | E5: FALSE | F5: FALSE | G5: FALSE | H5: FALSE | I5: FALSE | J5: FALSE | K5: FALSE | L5: FALSE | M5: FALSE | N5: FALSE | O5: TRUE | P5: FALSE
A6: 45434.167 | B6: 1E-DG1 | C6: 71.2 | E6: FALSE | F6: FALSE | G6: FALSE | H6: FALSE | I6: FALSE | J6: FALSE | K6: FALSE | L6: FALSE | M6: FALSE | N6: FALSE | O6: TRUE | P6: FALSE
A7: 45434.167 | B7: 1E-DG2 | C7: 73.2 | E7: FALSE | F7: FALSE | G7: FALSE | H7: FALSE | I7: FALSE | J7: FALSE | K7: FALSE | L7: FALSE | M7: FALSE | N7: FALSE | O7: TRUE | P7: FALSE
A8: 45434.167 | B8: 1E-NAOH | C8: 142.4 | E8: FALSE | F8: FALSE | G8: FALSE | H8: FALSE | I8: FALSE | J8: FALSE | K8: FALSE | L8: FALSE | M8: FALSE | N8: FALSE | O8: TRUE | P8: FALSE
A9: 45434.167 | B9: 1E-ZN | C9: 11.44 | E9: FALSE | F9: FALSE | G9: FALSE | H9: FALSE | I9: FALSE | J9: FALSE | K9: FALSE | L9: FALSE | M9: FALSE | N9: FALSE | O9: TRUE | P9: FALSE
A10: 45434.167 | B10: 1E-CR3I | C10: 16.546763 | E10: FALSE | F10: FALSE | G10: FALSE | H10: FALSE | I10: FALSE | J10: FALSE | K10: FALSE | L10: FALSE | M10: FALSE | N10: FALSE | O10: TRUE | P10: FALSE
A11: 45434.167 | B11: 1E-CR3IPH | C11: 1.64 | E11: FALSE | F11: FALSE | G11: FALSE | H11: FALSE | I11: FALSE | J11: FALSE | K11: FALSE | L11: FALSE | M11: FALSE | N11: FALSE | O11: TRUE | P11: FALSE
A12: 45434.167 | B12: 1E-HCL1 | C12: 0.45625 | E12: FALSE | F12: FALSE | G12: FALSE | H12: FALSE | I12: FALSE | J12: FALSE | K12: FALSE | L12: FALSE | M12: FALSE | N12: FALSE | O12: TRUE | P12: FALSE
A13: 45434.167 | B13: 1F-XB1 | C13: 71.39 | E13: FALSE | F13: FALSE | G13: FALSE | H13: FALSE | I13: FALSE | J13: FALSE | K13: FALSE | L13: FALSE | M13: FALSE | N13: FALSE | O13: TRUE | P13: FALSE
A14: 45434.167 | B14: 1F-XB2 | C14: 72.039 | E14: FALSE | F14: FALSE | G14: FALSE | H14: FALSE | I14: FALSE | J14: FALSE | K14: FALSE | L14: FALSE | M14: FALSE | N14: FALSE | O14: TRUE | P14: FALSE
A15: 45434.167 | B15: 1F-DG1 | C15: 60.06 | E15: FALSE | F15: FALSE | G15: FALSE | H15: FALSE | I15: FALSE | J15: FALSE | K15: FALSE | L15: FALSE | M15: FALSE | N15: FALSE | O15: TRUE | P15: FALSE
A16: 45434.167 | B16: 1F-DG2 | C16: 66.528 | E16: FALSE | F16: FALSE | G16: FALSE | H16: FALSE | I16: FALSE | J16: FALSE | K16: FALSE | L16: FALSE | M16: FALSE | N16: FALSE | O16: TRUE | P16: FALSE
... A43: 45434.167 | B43: RLF-XBPH | C43: 9.5 | E43: FALSE | F43: FALSE | G43: FALSE | H43: FALSE | I43: FALSE | J43: FALSE | K43: FALSE | L43: FALSE | M43: FALSE | N43: FALSE | O43: TRUE | P43: FALSE

Sheet 8
A1: "BÁO CÁO KẾT QUẢ HÓA NGHIỆM HÀNG NGÀY 表面處理生產製程管控記錄表"
A2: NGAY | B2: Ma__Hang_muc | C2: Nong_Do_06 | E2: 1 | F2: bs | G2: 2 | H2: bs | I2: 3 | J2: bs | K2: 4 | L2: bs | M2: 5 | N2: bs | O2: 6 | P2: bs | Q2: 6
A3: Date | B3: Code | C3: 濃度 g/L_06
A4: 5/22/2024 6:00:00 AM | B4: RLF-KD | C4: 36 | E4: FALSE | F4: FALSE | G4: FALSE | H4: FALSE | I4: FALSE | J4: FALSE | K4: FALSE | L4: FALSE | M4: FALSE | N4: FALSE | O4: TRUE | P4: FALSE
A5: 5/22/2024 6:00:00 AM | B5: RLF-HCL1 | C5: 10.585 | E5: FALSE | F5: FALSE | G5: FALSE | H5: FALSE | I5: FALSE | J5: FALSE | K5: FALSE | L5: FALSE | M5: FALSE | N5: FALSE | O5: TRUE | P5: FALSE
A6: 5/22/2024 6:00:00 AM | B6: RLF-PP1TA | C6: 49 | E6: FALSE | F6: FALSE | G6: FALSE | H6: FALSE | I6: FALSE | J6: FALSE | K6: FALSE | L6: FALSE | M6: FALSE | N6: FALSE | O6: TRUE | P6: FALSE
A7: 5/22/2024 6:00:00 AM | B7: RLF-PP1AX | C7: 10 | E7: FALSE | F7: FALSE | G7: FALSE | H7: FALSE | I7: FALSE | J7: FALSE | K7: FALSE | L7: FALSE | M7: FALSE | N7: FALSE | O7: TRUE | P7: FALSE
A8: 5/22/2024 6:00:00 AM | B8: RLF-PP1PL | C8: 0.12 | E8: FALSE | F8: FALSE | G8: FALSE | H8: FALSE | I8: FALSE | J8: FALSE | K8: FALSE | L8: FALSE | M8: FALSE | N8: FALSE | O8: TRUE | P8: FALSE
A9: 5/22/2024 6:00:00 AM | B9: RLF-XB | C9: 0.95 | E9: FALSE | F9: FALSE | G9: FALSE | H9: FALSE | I9: FALSE | J9: FALSE | K9: FALSE | L9: FALSE | M9: FALSE | N9: FALSE | O9: TRUE | P9: FALSE
A10: 5/22/2024 6:00:00 AM | B10: RLF-XBPH | C10: 10 | E10: FALSE | F10: FALSE | G10: FALSE | H10: FALSE | I10: FALSE | J10: FALSE | K10: FALSE | L10: FALSE | M10: FALSE | N10: FALSE | O10: TRUE | P10: FALSE

Sheet MENU
B3: XI MẠ, XI TREO | J3: RỬA LIỆU, MÀNG LOA, XI ĐEN | R3: KHÁC | V3: IMPORT | AA3: khoảng thời gian Import | AE3: L.Yen | AF3: Trang
AE4: Trang | AF4: L.Yen
B6: XM.HN | F6: XM.GUI MAIL | J6: ED-XI DEN | N6: R.GUI MAIL | R6: IT.NONG DO | V6: 1 | Y6: =AD9+TIME(9,45,0) -> 45434.406 | AA6: 9:15-9:45 | AD6: CA 1 | AE6: Mi
AD7: CA 2 | AE7: L.Yen
B9: XM.FILE GOC | F9: 1. XL-1E TT(CA1) | J9: R.HN | N9: RL-LINE | R9: IT.NHIET DO | V9: 2 | Y9: =AD9+TIME(11,45,0) -> 45434.49 | AA9: 11:15-11:45 | AC9: Thứ 4, | AD9: 2024/05/22 | AF9: đánh Thứ, 'năm/tháng/ngày vào ô bên
B12: 1. XL-1E kh | F12: 1. XL-1E TT(CA2) | J12: R.FILE GOC | N12: 1.xi den TT | R12: GHI CHU | V12: 3 | Y12: =AD9+TIME(16,30,0) -> 45434.688 | AA12: 16:00-16:30 | AD12: ACID Đ.VAO
B15: 2. XL-1F kh | F15: 2. XL-1F TT(CA1) | J15: 1.xi den | N15: 2.RL E tt | R15: PP HÓA NGHIỆM FILE WORD | V15: 4 | Y15: =AD9+TIME(18,0,0) -> 45434.75 | AA15: 17:30-18:00 | AD15: THỜI GIAN GỬI BC LÊN LINE
B18: 3.XT-C KH | F18: 2. XL-1F TT(CA2) | J18: 2.RL E | N18: 3.RL G tt | R18: QC- E | V18: 5 | Y18: =AD9+TIME(21,45,0) -> 45434.906 | AA18: 21:15-21:45 | AD18: CA 1: | AE18: ĐỢT 1 | AF18: ĐỢT 2 | AG18: ĐỢT 3
AD19: RL | AE19: 0.38541667 | AF19: 0.60416667 | AG19: 0.72916667
AD20: ML | AE20: 0.39583333
B21: 4.Zn Ni.kh | F21: 3.XT-C TT(CA1) | J21: 3.RL G | N21: 4.RL F tt | R21: QC-1F | V21: 6 | Y21: =AD9+TIME(23,45,0) -> 45434.99 | AA21: 23:15-23:45 | AD21: XL | AE21: 0.39583333 | AF21: 0.47569444 | AG21: 0.66666667
AD22: XT | AE22: 0.40277778 | AF22: 0.47569444 | AG22: 0.66666667
AD23: XĐ | AE23: 0.41666667 | AF23: 0.61458333 | AG23: 0.75
B24: 3'.XT-C KH-HL | F24: 3.XT-C TT(CA2) | J24: 4.RL F | N24: 5.ML tt | R24: QC- XT | V24: 7 | Y24: =AD9+TIME(4,0,0) -> 45434.167 | AA24: 3:30-4:00 | AD24: HUCELL | AE24: 0.4375 | AG24: 0.6875
AD26: CA 2: | AE26: ĐỢT 1 | AF26: ĐỢT 2 | AG26: ĐỢT 3
B27: 3''.XT-C KH-JC | F27: 4.ZN-NI tt(CA1) | J27: 5.ML | N27: RL.chart1 | R27: QC-RL | V27: 8 | Y27: =AD9+TIME(6,0,0) -> 45434.25 | AA27: 5:30-6:00 | AD27: RL | AE27: 0.88541667 | AF27: 0.10416667 | AG27: 0.22916667
AD28: ML | AE28: 0.9375
AD29: XL | AE29: 0.91666667 | AG29: 0.1875
B30: XM.chart | F30: 4.ZN-NI tt(CA2) | J30: RL.chart | N30: RL.chart1 | R30: QC-XĐ | Y30: SOP HOA NGHIEM | AA30: tg import | AD30: XT | AE30: 0.91666667 | AG30: 0.1875
AD31: HUCELL | AE31: 0.95833333 | AG31: 0.20833333
F33: BS-XT | R33: QC-ML
F36: XM.chart 1 | R36: QC-NI
R39: PT TAP CHAT
R41: thời gian pha mới bồn màu
U43: 1E | Z43: 1F | AE43: XT
R44: I | U44: Pha mới: 2024/05/22 | Z44: Pha mới: 2024/05/18 | AE44: Pha mới: 2024/05/19
R45: K | U45: Pha mới: 2024/05/22 | Z45: Pha mới: 2024/03/27 | AE45: Pha mới: 2024/05/19
R46: MÀU NI | U46: \ | Z46: \ | AE46: Cr2O3 三價鉻Ni- PH HALO Pha mới: 2024/03/30

Sheet XM.HN
A1: =MENU!AD9 -> 2024/05/22
A2: XL-001E | B2: 07:15 | C2: 11:15 | D2: 15:15 | E2: 19:15 | F2: 23:15 | G2: 03:15 | H2: TIEU CHUAN | J2: 07:15 | K2: 11:15 | L2: 15:15 | M2: 19:15 | N2: 23:15 | O2: 03:15 | P2: NCC | R2: Quy đổi nồng độ acid HCl 32% đậm đặc từ %V/V sang nồng độ %
A3: Xà bông (1)脫脂 | F3: 5.5 | G3: 7.3 | H3: ='XM.GUI MAIL'!$E$6 -> 20~40 | I3: ='XM.GUI MAIL'!$F$6 -> (30±5) | J3: ='XM.GUI MAIL'!I6 -> 0 | K3: ='XM.GUI MAIL'!P6 -> 0 | L3: ='XM.GUI MAIL'!W6 -> 0 | M3: ='XM.GUI MAIL'!AD6 -> 0 | N3: ='XM.GUI MAIL'!AK6 -> 22 | O3: ='XM.GUI MAIL'!AR6 -> 29.2 | P3: JASCO
H4: 按NaOH添加數據添加 | J4: ='XM.GUI MAIL'!I7 -> 0 | K4: ='XM.GUI MAIL'!P7 -> 0 | L4: ='XM.GUI MAIL'!W7 -> 0 | M4: ='XM.GUI MAIL'!AD7 -> 0 | N4: ='XM.GUI MAIL'!AK7 -> 0 | O4: ='XM.GUI MAIL'!AR7 -> 0
H5: 按NaOH添加數據添加 | J5: ='XM.GUI MAIL'!I8 -> 0 | K5: ='XM.GUI MAIL'!P8 -> 0 | L5: ='XM.GUI MAIL'!W8 -> 0 | M5: ='XM.GUI MAIL'!AD8 -> 0 | N5: ='XM.GUI MAIL'!AK8 -> 0 | O5: ='XM.GUI MAIL'!AR8 -> 0
A6: Xà bông (2)脫脂 | F6: 5.8 | G6: 7.2 | H6: ='XM.GUI MAIL'!$E$9 -> 20~40 | I6: ='XM.GUI MAIL'!$F$9 -> (30±5) | J6: ='XM.GUI MAIL'!I9 -> 0 | K6: ='XM.GUI MAIL'!P9 -> 0 | L6: ='XM.GUI MAIL'!W9 -> 0 | M6: ='XM.GUI MAIL'!AD9 -> 0 | N6: ='XM.GUI MAIL'!AK9 -> 23.2 | O6: ='XM.GUI MAIL'!AR9 -> 28.8 | P6: JASCO | R6: 15%V/V | T6: 100%V/V
H7: 按NaOH添加數據添加 | J7: ='XM.GUI MAIL'!I10 -> 0 | K7: ='XM.GUI MAIL'!P10 -> 0 | L7: ='XM.GUI MAIL'!W10 -> 0 | M7: ='XM.GUI MAIL'!AD10 -> 0 | N7: ='XM.GUI MAIL'!AK10 -> 0 | O7: ='XM.GUI MAIL'!AR10 -> 0
H8: 按NaOH添加數據添加 | J8: ='XM.GUI MAIL'!I11 -> 0 | K8: ='XM.GUI MAIL'!P11 -> 0 | L8: ='XM.GUI MAIL'!W11 -> 0 | M8: ='XM.GUI MAIL'!AD11 -> 0 | N8: ='XM.GUI MAIL'!AK11 -> 0 | O8: ='XM.GUI MAIL'!AR11 -> 0
A9: điện giải(1)+電解 | F9: 17.6 | G9: 17.8 | H9: ='XM.GUI MAIL'!$E$12 -> 60~80 | I9: ='XM.GUI MAIL'!$F$12 -> (70±10) | J9: ='XM.GUI MAIL'!I12 -> 0 | K9: ='XM.GUI MAIL'!P12 -> 0 | L9: ='XM.GUI MAIL'!W12 -> 0 | M9: ='XM.GUI MAIL'!AD12 -> 0 | N9: ='XM.GUI MAIL'!AK12 -> 70.4 | O9: ='XM.GUI MAIL'!AR12 -> 71.2 | P9: JASCO | R9: 0.048 | T9: 0.32
H10: 按NaOH添加數據添加 | J10: ='XM.GUI MAIL'!I13 -> 0 | K10: ='XM.GUI MAIL'!P13 -> 0 | L10: ='XM.GUI MAIL'!W13 -> 0 | M10: ='XM.GUI MAIL'!AD13 -> 0 | N10: ='XM.GUI MAIL'!AK13 -> 0 | O10: ='XM.GUI MAIL'!AR13 -> 0
A11: điện giải (2)+電解 | F11: 18.5 | G11: 18.3 | H11: ='XM.GUI MAIL'!$E$14 -> 60~80 | I11: ='XM.GUI MAIL'!$F$14 -> (70±10) | J11: ='XM.GUI MAIL'!I14 -> 0 | K11: ='XM.GUI MAIL'!P14 -> 0 | L11: ='XM.GUI MAIL'!W14 -> 0 | M11: ='XM.GUI MAIL'!AD14 -> 0 | N11: ='XM.GUI MAIL'!AK14 -> 74 | O11: ='XM.GUI MAIL'!AR14 -> 73.2 | P11: JASCO
H12: 按NaOH添加數據添加 | J12: ='XM.GUI MAIL'!I15 -> 0 | K12: ='XM.GUI MAIL'!P15 -> 0 | L12: ='XM.GUI MAIL'!W15 -> 0 | M12: ='XM.GUI MAIL'!AD15 -> 0 | N12: ='XM.GUI MAIL'!AK15 -> 0 | O12: ='XM.GUI MAIL'!AR15 -> 0
A13: NaOH氫氧化鈉 | F13: 17.7 | G13: 17.8 | H13: ='XM.GUI MAIL'!$E$16 -> 130 - 150 | I13: ='XM.GUI MAIL'!$F$16 -> (140±7) | J13: ='XM.GUI MAIL'!I16 -> 0 | K13: ='XM.GUI MAIL'!P16 -> 0 | L13: ='XM.GUI MAIL'!W16 -> 0 | M13: ='XM.GUI MAIL'!AD16 -> 0 | N13: ='XM.GUI MAIL'!AK16 -> 141.6 | O13: ='XM.GUI MAIL'!AR16 -> 142.4 | P13: JASCO | R13: 30%V/V | T13: 100%V/V
A14: Zn鋅 | F14: 8.9 | G14: 8.8 | H14: ='XM.GUI MAIL'!$E$17 -> 8~12 | I14: ='XM.GUI MAIL'!$F$17 -> (10±2) | J14: ='XM.GUI MAIL'!I17 -> 0 | K14: ='XM.GUI MAIL'!P17 -> 0 | L14: ='XM.GUI MAIL'!W17 -> 0 | M14: ='XM.GUI MAIL'!AD17 -> 0 | N14: ='XM.GUI MAIL'!AK17 -> 11.57 | O14: ='XM.GUI MAIL'!AR17 -> 11.44 | P14: JASCO | R14: 0.096 | T14: 0.32
A15: Cr3+鈍化劑 (I) | F15: 11.8 | G15: 11.5 | H15: ='XM.GUI MAIL'!$E$18 -> 12~18 | I15: ='XM.GUI MAIL'!$F$18 -> (14±2) | J15: ='XM.GUI MAIL'!I18 -> 0 | K15: ='XM.GUI MAIL'!P18 -> 0 | L15: ='XM.GUI MAIL'!W18 -> 0 | M15: ='XM.GUI MAIL'!AD18 -> 0 | N15: ='XM.GUI MAIL'!AK18 -> 16.978417 | O15: ='XM.GUI MAIL'!AR18 -> 16.546763 | P15: JASCO
H16: ='XM.GUI MAIL'!$E$19 -> 1.6~2.2 | I16: ='XM.GUI MAIL'!$F$19 -> (2±0.2 ) | J16: ='XM.GUI MAIL'!I19 -> 0 | K16: ='XM.GUI MAIL'!P19 -> 0 | L16: ='XM.GUI MAIL'!W19 -> 0 | M16: ='XM.GUI MAIL'!AD19 -> 0 | N16: ='XM.GUI MAIL'!AK19 -> 1.48 | O16: ='XM.GUI MAIL'!AR19 -> 1.64
A17: HCl Đặc 濃酸洗 | F17: 3.4 | G17: 4 | H17: ='XM.GUI MAIL'!$E$20 -> 40~50 | I17: ='XM.GUI MAIL'!$F$20 -> (45±5) | J17: ='XM.GUI MAIL'!I20 -> 0 | K17: ='XM.GUI MAIL'!P20 -> 0 | L17: ='XM.GUI MAIL'!W20 -> 0 | M17: ='XM.GUI MAIL'!AD20 -> 0 | N17: ='XM.GUI MAIL'!AK20 -> 0.3878125 | O17: ='XM.GUI MAIL'!AR20 -> 0.45625 | R17: 60%V/V | T17: 100%V/V
A18: HCl Loãng弱酸洗 | H18: ='XM.GUI MAIL'!$E$21 -> (22±5) =17~27 | I18: ='XM.GUI MAIL'!$F$21 -> (22±5) | J18: ='XM.GUI MAIL'!I21 -> 0 | K18: ='XM.GUI MAIL'!P21 -> 0 | L18: ='XM.GUI MAIL'!W21 -> 0 | M18: ='XM.GUI MAIL'!AD21 -> 0 | N18: ='XM.GUI MAIL'!AK21 -> 0 | O18: ='XM.GUI MAIL'!AR21 -> 0 | R18: 0.192 | T18: 0.32
A19: HCl hoat hoa | H19: ='XM.GUI MAIL'!$E$22 -> 5~15 | I19: ='XM.GUI MAIL'!$F$22 -> (30±4) | J19: ='XM.GUI MAIL'!I22 -> 0 | K19: ='XM.GUI MAIL'!P22 -> 0 | L19: ='XM.GUI MAIL'!W22 -> 0 | M19: ='XM.GUI MAIL'!AD22 -> 0 | N19: ='XM.GUI MAIL'!AK22 -> 0 | O19: ='XM.GUI MAIL'!AR22 -> 0
A20: HNO3 硝酸中和 | G20: 8.2 | H20: ='XM.GUI MAIL'!$E$23 -> 0.5~1.5 | I20: ='XM.GUI MAIL'!$F$23 -> (1±0.4) | J20: ='XM.GUI MAIL'!I23 -> 0 | K20: ='XM.GUI MAIL'!P23 -> 0 | L20: ='XM.GUI MAIL'!W23 -> 0 | M20: ='XM.GUI MAIL'!AD23 -> 0 | N20: ='XM.GUI MAIL'!AK23 -> chưa pha | O20: ='XM.GUI MAIL'!AR23 -> 0.010332
A21: Cr3+鈍化劑 (K) | F21: 15.8 | H21: ='XM.GUI MAIL'!$E$24 -> 5~10 | I21: ='XM.GUI MAIL'!$F$24 -> (7.5±1) | J21: ='XM.GUI MAIL'!I24 | K21: ='XM.GUI MAIL'!P24 | L21: ='XM.GUI MAIL'!W24 | M21: ='XM.GUI MAIL'!AD24 | N21: ='XM.GUI MAIL'!AK24 -> 10.128205 | O21: ='XM.GUI MAIL'!AR24 -> ko xi | P21: JASCO
A22: Cr3+鈍化劑 (K) PH | F22: 2.57 | H22: ='XM.GUI MAIL'!$E$25 -> 1.8~2.2 | I22: ='XM.GUI MAIL'!$F$25 -> (2±0.1) | J22: ='XM.GUI MAIL'!I25 -> 0 | K22: ='XM.GUI MAIL'!P25 -> 0 | L22: ='XM.GUI MAIL'!W25 -> 0 | M22: ='XM.GUI MAIL'!AD25 -> 0 | N22: ='XM.GUI MAIL'!AK25 -> 2.57 | O22: ='XM.GUI MAIL'!AR25 -> ko xi | P22: JASCO
A23: Cr3+鈍化劑 (I) PH | F23: 1.48 | G23: 1.64 | H23: 1.6~2.1 | I23: (1.8±0.1) | J23: =B23 -> 0 | K23: =C23 -> 0 | L23: =D23 -> 0 | M23: =E23 -> 0 | N23: =F23 -> 1.48 | O23: =G23 -> 1.64 | P23: JASCO
A25: XL-001F | B25: 07:15 | C25: 11:15 | D25: 15:15 | E25: 19:15 | F25: 23:15 | G25: 03:15 | H25: TIEU CHUAN | J25: 07:15 | K25: 11:15 | L25: 15:15 | M25: 19:15 | N25: 23:15 | O25: 03:15 | P25: NCC
A26: Xà bông (1)脫脂 | B26: 10.85 | C26: 10.85 | D26: 10.5 | E26: 10 | F26: 10.6 | G26: 11 | H26: ='XM.GUI MAIL'!$E$43 -> 60~80 | I26: ='XM.GUI MAIL'!$F$43 -> (70±5) | J26: ='XM.GUI MAIL'!I43 -> 70.4165 | K26: ='XM.GUI MAIL'!P43 -> 70.4165 | L26: ='XM.GUI MAIL'!W43 -> 68.145 | M26: ='XM.GUI MAIL'!AD43 -> 64.9 | N26: ='XM.GUI MAIL'!AK43 -> 68.794 | O26: ='XM.GUI MAIL'!AR43 -> 71.39 | P26: HALO
H27: CT-21A: 25kg/CT-21B: 5-10Lit | J27: ='XM.GUI MAIL'!I44 -> 0 | K27: ='XM.GUI MAIL'!P44 -> 0 | L27: ='XM.GUI MAIL'!W44 -> 0 | M27: ='XM.GUI MAIL'!AD44 -> 0 | N27: ='XM.GUI MAIL'!AK44 -> 0 | O27: ='XM.GUI MAIL'!AR44 -> 0
A28: Xà bông (2)脫脂 | B28: 11.2 | C28: 11.2 | D28: 11.05 | E28: 10.9 | F28: 11 | G28: 11.1 | H28: ='XM.GUI MAIL'!$E$45 -> 60~80 | I28: ='XM.GUI MAIL'!$F$45 -> (70±5) | J28: ='XM.GUI MAIL'!I45 -> 72.688 | K28: ='XM.GUI MAIL'!P45 -> 72.688 | L28: ='XM.GUI MAIL'!W45 -> 71.7145 | M28: ='XM.GUI MAIL'!AD45 -> 70.741 | N28: ='XM.GUI MAIL'!AK45 -> 71.39 | O28: ='XM.GUI MAIL'!AR45 -> 72.039 | P28: HALO | R28: Quy đổi nồng độ acid HCl 32% sang nồng độ g/l
H29: CT-21A: 25kg/CT-21B: 5-10Lit | J29: ='XM.GUI MAIL'!I46 -> 0 | K29: ='XM.GUI MAIL'!P46 -> 0 | L29: ='XM.GUI MAIL'!W46 -> 0 | M29: ='XM.GUI MAIL'!AD46 -> 0 | N29: ='XM.GUI MAIL'!AK46 -> 0 | O29: ='XM.GUI MAIL'!AR46 -> 0
A30: điện giải(1)+電解 | B30: 13.55 | C30: 13.65 | D30: 14 | E30: 13.7 | F30: 13.5 | G30: 13 | H30: ='XM.GUI MAIL'!$E$47 -> 50~70 | I30: ='XM.GUI MAIL'!$F$47 -> (60±10) | J30: ='XM.GUI MAIL'!I47 -> 62.601 | K30: ='XM.GUI MAIL'!P47 -> 63.063 | L30: ='XM.GUI MAIL'!W47 -> 64.68 | M30: ='XM.GUI MAIL'!AD47 -> 63.294 | N30: ='XM.GUI MAIL'!AK47 -> 62.37 | O30: ='XM.GUI MAIL'!AR47 -> 60.06 | P30: HALO
H31: EC-508A: 25kg/EC-508B:4-10Lit | J31: ='XM.GUI MAIL'!I48 -> 0 | K31: ='XM.GUI MAIL'!P48 -> 0 | L31: ='XM.GUI MAIL'!W48 -> 0 | M31: ='XM.GUI MAIL'!AD48 -> 0 | N31: ='XM.GUI MAIL'!AK48 -> 0 | O31: ='XM.GUI MAIL'!AR48 -> 0
A32: điện giải (2)+電解 | B32: 13.45 | C32: 13.05 | D32: 13 | E32: 11.8 | F32: 14.5 | G32: 14.4 | H32: ='XM.GUI MAIL'!$E$49 -> 50~70 | I32: ='XM.GUI MAIL'!$F$49 -> (60±10) | J32: ='XM.GUI MAIL'!I49 -> 62.139 | K32: ='XM.GUI MAIL'!P49 -> 60.291 | L32: ='XM.GUI MAIL'!W49 -> 60.06 | M32: ='XM.GUI MAIL'!AD49 -> 54.516 | N32: ='XM.GUI MAIL'!AK49 -> 66.99 | O32: ='XM.GUI MAIL'!AR49 -> 66.528 | P32: HALO
H33: EC-508A: 25kg/EC-508B:4-10Lit | J33: ='XM.GUI MAIL'!I50 -> 0 | K33: ='XM.GUI MAIL'!P50 -> 0 | L33: ='XM.GUI MAIL'!W50 -> 0 | M33: ='XM.GUI MAIL'!AD50 -> 0 | N33: ='XM.GUI MAIL'!AK50 -> 0 | O33: ='XM.GUI MAIL'!AR50 -> 0
A34: NaOH氫氧化鈉 | B34: 18 | C34: 17.7 | D34: 17.65 | E34: 17.6 | F34: 17.7 | G34: 17.6 | H34: ='XM.GUI MAIL'!$E$51 -> 130 - 150 | I34: ='XM.GUI MAIL'!$F$51 -> (140±7) | J34: ='XM.GUI MAIL'!I51 -> 144 | K34: ='XM.GUI MAIL'!P51 -> 141.6 | L34: ='XM.GUI MAIL'!W51 -> 141.2 | M34: ='XM.GUI MAIL'!AD51 -> 140.8 | N34: ='XM.GUI MAIL'!AK51 -> 141.6 | O34: ='XM.GUI MAIL'!AR51 -> 140.8 | P34: HALO | R34: %*1.162= (g/l)
A35: Zn鋅 | B35: 7.9 | C35: 8.2 | D35: 8.3 | E35: 8.7 | F35: 8.5 | G35: 8.3 | H35: ='XM.GUI MAIL'!$E$52 -> 8~12 | I35: ='XM.GUI MAIL'!$F$52 -> (10±2) | J35: ='XM.GUI MAIL'!I52 -> 10.27 | K35: ='XM.GUI MAIL'!P52 -> 10.66 | L35: ='XM.GUI MAIL'!W52 -> 10.79 | M35: ='XM.GUI MAIL'!AD52 -> 11.31 | N35: ='XM.GUI MAIL'!AK52 -> 11.05 | O35: ='XM.GUI MAIL'!AR52 -> 10.79 | P35: HALO
A36: Cr3+鈍化劑 (I) halo | B36: 17.25 | C36: 17.4 | D36: 17 | E36: 16.4 | F36: 16.7 | G36: 17.1 | H36: ='XM.GUI MAIL'!$E$53 -> 6~10 | I36: ='XM.GUI MAIL'!$F$53 -> (7±1) | J36: ='XM.GUI MAIL'!I53 -> 6.262725 | K36: ='XM.GUI MAIL'!P53 -> 6.32628 | L36: ='XM.GUI MAIL'!W53 -> 6.1568 | M36: ='XM.GUI MAIL'!AD53 -> 5.90258 | N36: ='XM.GUI MAIL'!AK53 -> 6.02969 | O36: ='XM.GUI MAIL'!AR53 -> 6.19917 | P36: HALO | R36: vd:
H37: ='XM.GUI MAIL'!$E$54 -> 2~2.5 | I37: ='XM.GUI MAIL'!$F$54 -> (2.3±0.1 ) | J37: ='XM.GUI MAIL'!I54 -> 3 | K37: ='XM.GUI MAIL'!P54 -> 3 | L37: ='XM.GUI MAIL'!W54 -> 2.2 | M37: ='XM.GUI MAIL'!AD54 -> 2.68 | N37: ='XM.GUI MAIL'!AK54 -> 2.6 | O37: ='XM.GUI MAIL'!AR54 -> 2.9
A38: HCl Đặc 濃酸洗 | B38: 3.85 | C38: 4.1 | D38: 4 | E38: 3.95 | F38: 4.2 | G38: 4 | H38: ='XM.GUI MAIL'!$E$55 -> 40~50 | I38: ='XM.GUI MAIL'!$F$55 -> (45±5) | J38: ='XM.GUI MAIL'!I55 -> 0.43914063 | K38: ='XM.GUI MAIL'!P55 -> 0.46765625 | L38: ='XM.GUI MAIL'!W55 -> 0.45625 | M38: ='XM.GUI MAIL'!AD55 -> 0.45054688 | N38: ='XM.GUI MAIL'!AK55 -> 0.4790625 | O38: ='XM.GUI MAIL'!AR55 -> 0.45625 | R38: =5*1.162 -> 5.81 | S38: (g/l)
A39: HCl Loãng弱酸洗 | H39: ='XM.GUI MAIL'!$E$56 -> (22±5) =17~27 | I39: ='XM.GUI MAIL'!$F$56 -> (22±5) | J39: ='XM.GUI MAIL'!I56 -> 0 | K39: ='XM.GUI MAIL'!P56 -> 0 | L39: ='XM.GUI MAIL'!W56 -> 0 | M39: ='XM.GUI MAIL'!AD56 -> 0 | N39: ='XM.GUI MAIL'!AK56 -> 0 | O39: ='XM.GUI MAIL'!AR56 -> 0 | R39: =R38*1000 -> 5810 | S39: (g/ml)
A40: HCl hoat hoa | H40: ='XM.GUI MAIL'!$E$57 -> 5~15 | I40: ='XM.GUI MAIL'!$F$57 -> (10±3) | J40: ='XM.GUI MAIL'!I57 -> 0 | K40: ='XM.GUI MAIL'!P57 -> 0 | L40: ='XM.GUI MAIL'!W57 -> 0 | M40: ='XM.GUI MAIL'!AD57 -> 0 | N40: ='XM.GUI MAIL'!AK57 -> 0 | O40: ='XM.GUI MAIL'!AR57 -> 0
A41: HNO3 硝酸中和 | B41: 8.3 | C41: 8.5 | D41: 8 | E41: 11.2 | F41: 8.4 | G41: 8.1 | H41: ='XM.GUI MAIL'!$E$58 -> 0.5~1.5 | I41: ='XM.GUI MAIL'!$F$58 -> (1±0.4) | J41: ='XM.GUI MAIL'!I58 -> 0.010458 | K41: ='XM.GUI MAIL'!P58 -> 0.01071 | L41: ='XM.GUI MAIL'!W58 -> 0.01008 | M41: ='XM.GUI MAIL'!AD58 -> 0.014112 | N41: ='XM.GUI MAIL'!AK58 -> 0.010584 | O41: ='XM.GUI MAIL'!AR58 -> 0.010206
A42: Cr3+鈍化劑 (K) | B42: 6.1 | H42: ='XM.GUI MAIL'!$E$59 -> 5~8 | I42: ='XM.GUI MAIL'!$F$59 -> (6±0.5) | J42: ='XM.GUI MAIL'!I59 -> 6.28 | K42: ='XM.GUI MAIL'!P59 -> KO SX | L42: ='XM.GUI MAIL'!W59 -> KO SX | M42: ='XM.GUI MAIL'!AD59 -> KO SX | N42: ='XM.GUI MAIL'!AK59 -> KO SX | O42: ='XM.GUI MAIL'!AR59 -> KO SX | P42: HALO
A43: Cr3+鈍化劑 (K) PH | B43: 2.1 | H43: ='XM.GUI MAIL'!$E$60 -> 1.8~2.4 | I43: ='XM.GUI MAIL'!$F$60 -> (2.1±0.1 ) | J43: ='XM.GUI MAIL'!I60 -> 2.1 | K43: ='XM.GUI MAIL'!P60 -> KO SX | L43: ='XM.GUI MAIL'!W60 -> KO SX | M43: ='XM.GUI MAIL'!AD60 -> KO SX | N43: ='XM.GUI MAIL'!AK60 -> KO SX | O43: ='XM.GUI MAIL'!AR60 -> KO SX | P43: HALO
A44: Cr3+鈍化劑 (I) PH (HALO) | B44: 3 | C44: 3 | D44: 2.2 | E44: 2.68 | F44: 2.6 | G44: 2.9 | H44: ='XM.FILE GOC'!E54 -> 2~2.5 | I44: ='XM.FILE GOC'!F54 -> (2.3±0.1 ) | J44: =B44 -> 3 | K44: =C44 -> 3 | L44: =D44 -> 2.2 | M44: =E44 -> 2.68 | N44: =F44 -> 2.6 | O44: =G44 -> 2.9 | P44: HALO
A46: XT-000C | B46: 07:15 | C46: 11:15 | D46: 15:15 | E46: 19:15 | F46: 23:15 | G46: 03:15 | H46: TIEU CHUAN | J46: 07:15 | K46: 11:15 | L46: 15:15 | M46: 19:15 | N46: 23:15 | O46: 03:15 | P46: NCC
A47: Xà bông (1)脫脂 | B47: 7.35 | C47: 7.5 | D47: 8.05 | E47: 7.7 | F47: 7.7 | G47: 7.8 | H47: ='XM.GUI MAIL'!$E$78 -> 40~60 | I47: ='XM.GUI MAIL'!$F$78 -> (50±5) | J47: ='XM.GUI MAIL'!I78 -> 47.7015 | K47: ='XM.GUI MAIL'!P78 -> 48.675 | L47: ='XM.GUI MAIL'!W78 -> 52.2445 | M47: ='XM.GUI MAIL'!AD78 -> 49.973 | N47: ='XM.GUI MAIL'!AK78 -> 49.973 | O47: ='XM.GUI MAIL'!AR78 -> 50.622 | P47: HALO
H48: CT-21A: 25kg/CT-21B: 7-10L | J48: ='XM.GUI MAIL'!I79 -> 0 | K48: ='XM.GUI MAIL'!P79 -> 0 | L48: ='XM.GUI MAIL'!W79 -> 0 | M48: ='XM.GUI MAIL'!AD79 -> 0 | N48: ='XM.GUI MAIL'!AK79 -> 0 | O48: ='XM.GUI MAIL'!AR79 -> 0
A49: Xà bông (2)脫脂 | B49: 7.15 | C49: 7.35 | D49: 7.7 | E49: 7.5 | F49: 7.6 | G49: 7.9 | H49: ='XM.GUI MAIL'!$E$80 -> 40~60 | I49: ='XM.GUI MAIL'!$F$80 -> (50±5) | J49: ='XM.GUI MAIL'!I80 -> 46.4035 | K49: ='XM.GUI MAIL'!P80 -> 47.7015 | L49: ='XM.GUI MAIL'!W80 -> 49.973 | M49: ='XM.GUI MAIL'!AD80 -> 48.675 | N49: ='XM.GUI MAIL'!AK80 -> 49.324 | O49: ='XM.GUI MAIL'!AR80 -> 51.271 | P49: HALO
H50: CT-21A: 25kg/CT-21B: 7-10L | J50: ='XM.GUI MAIL'!I81 -> 0 | K50: ='XM.GUI MAIL'!P81 -> 0 | L50: ='XM.GUI MAIL'!W81 -> 0 | M50: ='XM.GUI MAIL'!AD81 -> 0 | N50: ='XM.GUI MAIL'!AK81 -> 0 | O50: ='XM.GUI MAIL'!AR81 -> 0
A51: điện giải(1)+電解 | B51: 12.65 | C51: 12.6 | D51: 14 | E51: 13.4 | F51: 13.3 | G51: 13.4 | H51: ='XM.GUI MAIL'!$E$82 -> 50~70 | I51: ='XM.GUI MAIL'!$F$82 -> (60±5) | J51: ='XM.GUI MAIL'!I82 -> 58.443 | K51: ='XM.GUI MAIL'!P82 -> 58.212 | L51: ='XM.GUI MAIL'!W82 -> 64.68 | M51: ='XM.GUI MAIL'!AD82 -> 61.908 | N51: ='XM.GUI MAIL'!AK82 -> 61.446 | O51: ='XM.GUI MAIL'!AR82 -> 61.908 | P51: HALO
H52: EC-508A: 25kg/EC-508B:6-10L | J52: ='XM.GUI MAIL'!I83 -> 0 | K52: ='XM.GUI MAIL'!P83 -> 0 | L52: ='XM.GUI MAIL'!W83 -> 0 | M52: ='XM.GUI MAIL'!AD83 -> 0 | N52: ='XM.GUI MAIL'!AK83 -> 0 | O52: ='XM.GUI MAIL'!AR83 -> 0
A53: điện giải (2)+電解 | B53: 13 | C53: 12.9 | D53: 13.2 | E53: 13 | F53: 13 | G53: 13 | H53: ='XM.GUI MAIL'!$E$84 -> 50~70 | I53: ='XM.GUI MAIL'!$F$84 -> (60±5) | J53: ='XM.GUI MAIL'!I84 -> 60.06 | K53: ='XM.GUI MAIL'!P84 -> 59.598 | L53: ='XM.GUI MAIL'!W84 -> 60.984 | M53: ='XM.GUI MAIL'!AD84 -> 60.06 | N53: ='XM.GUI MAIL'!AK84 -> 60.06 | O53: ='XM.GUI MAIL'!AR84 -> 60.06 | P53: HALO
H54: EC-508A: 25kg/EC-508B:6-10L | J54: ='XM.GUI MAIL'!I85 -> 0 | K54: ='XM.GUI MAIL'!P85 -> 0 | L54: ='XM.GUI MAIL'!W85 -> 0 | M54: ='XM.GUI MAIL'!AD85 -> 0 | N54: ='XM.GUI MAIL'!AK85 -> 0 | O54: ='XM.GUI MAIL'!AR85 -> 0
A55: NaOH | B55: 17.25 | C55: 17.5 | D55: 17.2 | E55: 17.5 | F55: 17.5 | G55: 17.4 | H55: ='XM.GUI MAIL'!$E$86 -> 135~ 145 | I55: ='XM.GUI MAIL'!$F$86 -> (140±5) | J55: ='XM.GUI MAIL'!I86 -> 138 | K55: ='XM.GUI MAIL'!P86 -> 140 | L55: ='XM.GUI MAIL'!W86 -> 137.6 | M55: ='XM.GUI MAIL'!AD86 -> 140 | N55: ='XM.GUI MAIL'!AK86 -> 140 | O55: ='XM.GUI MAIL'!AR86 -> 139.2 | P55: HALO
A56: Zn | B56: 6.5 | C56: 6.5 | D56: 6.45 | E56: 6.55 | F56: 6.5 | G56: 6.4 | H56: ='XM.GUI MAIL'!$E$87 -> 7~10 | I56: ='XM.GUI MAIL'!$F$87 -> (8.5±1) | J56: ='XM.GUI MAIL'!I87 -> 8.45 | K56: ='XM.GUI MAIL'!P87 -> 8.45 | L56: ='XM.GUI MAIL'!W87 -> 8.385 | M56: ='XM.GUI MAIL'!AD87 -> 8.515 | N56: ='XM.GUI MAIL'!AK87 -> 8.45 | O56: ='XM.GUI MAIL'!AR87 -> 8.32 | P56: HALO
A57: Cr3+鈍化劑 (I) HALO | B57: 17.8 | C57: 17.75 | D57: 17 | E57: 17.3 | F57: 17.2 | G57: 17.4 | H57: ='XM.GUI MAIL'!$E$88 -> 5~8 | I57: ='XM.GUI MAIL'!$F$88 -> (6±1) | J57: ='XM.GUI MAIL'!I88 -> 6.49576 | K57: ='XM.GUI MAIL'!P88 -> 6.474575 | L57: ='XM.GUI MAIL'!W88 -> 6.1568 | M57: ='XM.GUI MAIL'!AD88 -> 6.28391 | N57: ='XM.GUI MAIL'!AK88 -> 6.24154 | O57: ='XM.GUI MAIL'!AR88 -> 6.32628 | P57: HALO
H58: ='XM.GUI MAIL'!$E$89 -> 2.0~2.4 | I58: ='XM.GUI MAIL'!$F$89 -> (2.2±0.1) | J58: ='XM.GUI MAIL'!I89 -> 2.2 | K58: ='XM.GUI MAIL'!P89 -> 2.18 | L58: ='XM.GUI MAIL'!W89 -> 2.2 | M58: ='XM.GUI MAIL'!AD89 -> 2.18 | N58: ='XM.GUI MAIL'!AK89 -> 2.15 | O58: ='XM.GUI MAIL'!AR89 -> 2.18
A59: HCl Đặc 12 | B59: 1.8 | C59: 1.78 | D59: 1.8 | E59: 1.8 | F59: 1.88 | G59: 1.86 | H59: ='XM.GUI MAIL'!E90 -> 40~50 | I59: ='XM.GUI MAIL'!F90 -> (45±5) | J59: ='XM.GUI MAIL'!I90 -> 0.410625 | K59: ='XM.GUI MAIL'!P90 -> 0.4060625 | L59: ='XM.GUI MAIL'!W90 -> 0.410625 | M59: ='XM.GUI MAIL'!AD90 -> 0.410625 | N59: ='XM.GUI MAIL'!AK90 -> 0.428875 | O59: ='XM.GUI MAIL'!AR90 -> 0.4243125
A60: HCl Đặc 13 | H60: ='XM.GUI MAIL'!E91 -> 15~25 | I60: ='XM.GUI MAIL'!F91 -> (18±2) | J60: ='XM.GUI MAIL'!I91 -> 0 | K60: ='XM.GUI MAIL'!P91 -> 0 | L60: ='XM.GUI MAIL'!W91 -> 0 | M60: ='XM.GUI MAIL'!AD91 -> 0 | N60: ='XM.GUI MAIL'!AK91 -> 0 | O60: ='XM.GUI MAIL'!AR91 -> 0
A61: HCl Đặc 14 | B61: 2.02 | C61: 2 | D61: 2.06 | E61: 2.06 | F61: 2.04 | G61: 2.02 | H61: ='XM.GUI MAIL'!E92 -> 40~50 | I61: ='XM.GUI MAIL'!F92 -> (45±5) | J61: ='XM.GUI MAIL'!I92 -> 0.4608125 | K61: ='XM.GUI MAIL'!P92 -> 0.45625 | L61: ='XM.GUI MAIL'!W92 -> 0.4699375 | M61: ='XM.GUI MAIL'!AD92 -> 0.4699375 | N61: ='XM.GUI MAIL'!AK92 -> 0.465375 | O61: ='XM.GUI MAIL'!AR92 -> 0.4608125
A62: HCl Đặc 15,16,17 | B62: 2.06 | C62: 2.06 | D62: 2.1 | E62: 2.1 | F62: 2.1 | G62: 2.06 | H62: ='XM.GUI MAIL'!E93 -> 40~50 | I62: ='XM.GUI MAIL'!F93 -> (45±5) | J62: ='XM.GUI MAIL'!I93 -> 0.4699375 | K62: ='XM.GUI MAIL'!P93 -> 0.4699375 | L62: ='XM.GUI MAIL'!W93 -> 0.4790625 | M62: ='XM.GUI MAIL'!AD93 -> 0.4790625 | N62: ='XM.GUI MAIL'!AK93 -> 0.4790625 | O62: ='XM.GUI MAIL'!AR93 -> 0.4699375
A63: HNO3 (%) | B63: 5.3 | C63: 5.2 | D63: 6.1 | E63: 6.2 | F63: 6.4 | G63: 6.4 | H63: ='XM.GUI MAIL'!$E$94 -> (1±0.4)=0.6~1.4 | I63: ='XM.GUI MAIL'!$F$94 -> (1±0.4) | J63: ='XM.GUI MAIL'!I94 -> 0.006678 | K63: ='XM.GUI MAIL'!P94 -> 0.006552 | L63: ='XM.GUI MAIL'!W94 -> 0.007686 | M63: ='XM.GUI MAIL'!AD94 -> 0.007812 | N63: ='XM.GUI MAIL'!AK94 -> 0.008064 | O63: ='XM.GUI MAIL'!AR94 -> 0.008064
A64: Cr3+鈍化劑 (K) | B64: 5.45 | C64: 5.4 | D64: 5.4 | E64: 5.45 | F64: 5.45 | G64: 5.4 | H64: ='XM.GUI MAIL'!$E$95 -> 5~8 | I64: ='XM.GUI MAIL'!$F$95 -> (6±0.5) | J64: ='XM.GUI MAIL'!I95 -> 5.76 | K64: ='XM.GUI MAIL'!P95 -> 5.72 | L64: ='XM.GUI MAIL'!W95 -> 5.72 | M64: ='XM.GUI MAIL'!AD95 -> 5.76 | N64: ='XM.GUI MAIL'!AK95 -> 5.76 | O64: ='XM.GUI MAIL'!AR95 -> 5.72 | P64: HALO
A65: Cr3+鈍化劑 (K) PH | B65: 2.2 | C65: 2.18 | D65: 2.12 | E65: 2 | F65: 2.03 | G65: 2.02 | H65: ='XM.GUI MAIL'!$E$96 -> 1.8~2.4 | I65: ='XM.GUI MAIL'!$F$96 -> (2.1±0.1) | J65: ='XM.GUI MAIL'!I96 -> 2.2 | K65: ='XM.GUI MAIL'!P96 -> 2.18 | L65: ='XM.GUI MAIL'!W96 -> 2.12 | M65: ='XM.GUI MAIL'!AD96 -> 2 | N65: ='XM.GUI MAIL'!AK96 -> 2.03 | O65: ='XM.GUI MAIL'!AR96 -> 2.02 | P65: HALO
A66: Cr3+鈍化劑 (I) PH (HALO) | B66: 2.2 | C66: 2.18 | D66: 2.2 | E66: 2.18 | F66: 2.15 | G66: 2.18 | H66: ='XM.FILE GOC'!E89 -> 2.0~2.4 | I66: ='XM.FILE GOC'!F89 -> (2.2±0.1) | J66: =B66 -> 2.2 | K66: =C66 -> 2.18 | L66: =D66 -> 2.2 | M66: =E66 -> 2.18 | N66: =F66 -> 2.15 | O66: =G66 -> 2.18 | P66: HALO
A67: Cr3+鈍化劑 (I) ( JASCO) | P67: JASCO
A68: Cr3+鈍化劑 (I) PH (JASCO) | H68: ='XM.FILE GOC'!E98 -> 1.8~2.4 | I68: ='XM.FILE GOC'!F98 -> (2.0 ±0.2 ) | P68: JASCO
A70: Niken (bồn Zn-Niken) | B70: 07:15 | C70: 11:15 | D70: 15:15 | E70: 19:15 | F70: 23:15 | G70: 03:15 | H70: TIEU CHUAN | J70: 07:15 | K70: 11:15 | L70: 15:15 | M70: 19:15 | N70: 23:15 | O70: 03:15 | P70: NCC
A71: Zn (bồn Zn-Niken) | B71: 4.55 | C71: 4.55 | D71: 4.6 | E71: 4.4 | F71: 4.4 | G71: 4.3 | H71: ='XM.GUI MAIL'!$E$99 -> 5~6 | I71: ='XM.GUI MAIL'!$F$99 -> (5.5± 0.5) | J71: ='XM.GUI MAIL'!I126 -> 5.915 | K71: ='XM.GUI MAIL'!P126 -> 5.915 | L71: ='XM.GUI MAIL'!W126 -> 5.98 | M71: ='XM.GUI MAIL'!AD126 -> 5.72 | N71: ='XM.GUI MAIL'!AK126 -> 5.72 | O71: ='XM.GUI MAIL'!AR126 -> 5.59 | P71: HALO
A72: NaOH (bồn Zn-Niken) | B72: 17 | C72: 16.7 | D72: 16.6 | E72: 16.9 | F72: 16.8 | G72: 16.6 | H72: ='XM.GUI MAIL'!$E$100 -> 130~140 | I72: ='XM.GUI MAIL'!$F$100 -> (135 ± 5) | J72: ='XM.GUI MAIL'!I127 -> 136 | K72: ='XM.GUI MAIL'!P127 -> 133.6 | L72: ='XM.GUI MAIL'!W127 -> 132.8 | M72: ='XM.GUI MAIL'!AD127 -> 135.2 | N72: ='XM.GUI MAIL'!AK127 -> 134.4 | O72: ='XM.GUI MAIL'!AR127 -> 132.8 | P72: HALO
A73: MÀU NIKEN-PH | B73: 3.64 | C73: 3.58 | D73: 3.65 | E73: 3.61 | F73: 3.66 | G73: 3.66 | H73: ='XM.FILE GOC'!E101 -> 3.0-4.5 | I73: ='XM.FILE GOC'!F101 -> (4.3±0.2) | J73: ='XM.GUI MAIL'!I128 -> 3.64 | K73: ='XM.GUI MAIL'!P128 -> 3.58 | L73: ='XM.GUI MAIL'!W128 -> 3.65 | M73: ='XM.GUI MAIL'!AD128 -> 3.61 | N73: ='XM.GUI MAIL'!AK128 -> 3.66 | O73: ='XM.GUI MAIL'!AR128 -> 3.66 | P73: JASCO
A74: MÀU NIKEN | B74: 5 | E74: 5 | J74: ='XM.GUI MAIL'!I129 -> 87.5 | K74: ='XM.GUI MAIL'!P129 -> 0 | L74: ='XM.GUI MAIL'!W129 -> 0 | M74: ='XM.GUI MAIL'!AD129 -> 87.5 | N74: ='XM.GUI MAIL'!AK129 -> 0 | O74: ='XM.GUI MAIL'!AR129 -> 0
A76: Na2CO3 | B76: 07:15
A77: 1E | E77: =B77*10.6 -> 0
A78: 1F | E78: =B78*10.8 -> 0
A79: XT | E79: =B79*10.8 -> 0
A81: =MENU!AD9 -> 2024/05/22
A82: Type sample | B82: Test Item | C82: Standards | D82: Unit | E82: Result
A83: XL-1E | B83: Na2CO3 | C83: ＜70g/L | D83: g/l | E83: =E77 -> 0 | F83: JASCO
A84: XL-1F | B84: Na2CO3 | C84: ＜70g/L | D84: g/l | E84: =E78 -> 0 | F84: HALO
A85: XT-0C | B85: Na2CO3 | C85: ＜70g/L | D85: g/l | E85: =E79 -> 0 | F85: HALO

Sheet XM.FILE GOC
C1: BÁO CÁO KẾT QUẢ HÓA NGHIỆM HÀNG NGÀY 报告每日化学测试结果
A2: =MENU!$AC$9 -> Thứ 4, | C2: =MENU!$AD$9 -> 2024/05/22
A3: 生產線別：無氰鹼滾電E線 (XL-001E) | F3: =MENU!$AC$9 -> Thứ 4, | I3: =MENU!$AD$9 -> 2024/05/22 | AX3: =A2 -> Thứ 4,
G4: tiêu chuẩn khống chế để bổ sung | I4: 7:15 | P4: 11:15 | W4: 15:15 | AD4: 19:15 | AK4: 23:15 | AR4: 03:15 | AX4: =C2 -> 2024/05/22 | AZ4: =AX4-1 -> 45433 | BF4: =AZ4 -> 45433
A5: MÃ | B5: MÃ MÁY | C5: Hạng mục kiểm tra nồng độ 化驗檢查項目 | D5: Đơn vị 單位 | E5: Phạm vi kiểm soát 範圍值 | F5: Giới hạn kiểm soát 管控值 | I5: 濃度 | J5: 補充 BS | K5: 補充 BS | P5: 濃度 | Q5: 補充 BS | R5: 補充 BS | W5: 濃度 | X5: 補充 BS | Y5: 補充 BS | AD5: 濃度 | AE5: 補充 BS | AF5: 補充 BS | AK5: 濃度 | AL5: 補充 BS | AM5: 補充 BS | AR5: 濃度 | AS5: 補充 BS | AT5: 補充 BS | AX5: XI ĐEN 15:00 | AY5: XI ĐEN 03:00 | AZ5: XM | BF5: XI ĐEN 15:00 | BG5: XI ĐEN 03:00
A6: 1E-XB1 | B6: XL-001E | C6: Xà bông (1)脫脂 | D6: g/L | E6: ='XM.GUI MAIL'!E6 -> 20~40 | F6: ='XM.GUI MAIL'!F6 -> (30±5) | G6: ='XM.GUI MAIL'!G6 -> 30 | H6: =XM.HN!B3 -> 0 | I6: =H6*4 -> 0 | J6: =($G$6-I6)*2693/1000 -> 80.79 | K6: + | L6: =IF(J6<0,0,J6) -> 80.79 | N6: kg | O6: =XM.HN!C3 -> 0 | P6: =O6*4 -> 0 | Q6: =($G$6-P6)*2693/1000 -> 80.79 | R6: + | S6: =IF(Q6<0,0,Q6) -> 80.79 | U6: kg | V6: =XM.HN!D3 -> 0 | W6: =V6*4 -> 0 | X6: =($G$6-W6)*2693/1000 -> 80.79 | Y6: + | Z6: =IF(X6<0,0,X6) -> 80.79 | AB6: kg | AC6: =XM.HN!E3 -> 0 | AD6: =AC6*4 -> 0 | AE6: =($G$6-AD6)*2693/1000 -> 80.79 | AF6: + | AG6: =IF(AE6<0,0,AE6) -> 80.79 | AI6: kg | AJ6: =XM.HN!F3 -> 5.5 | AK6: =AJ6*4 -> 22 | AL6: =($G$6-AK6)*2693/1000 -> 21.544 | AM6: + | AN6: =IF(AL6<0,0,AL6) -> 21.544 | AP6: kg | AQ6: =XM.HN!G3 -> 7.3 | AR6: =AQ6*4 -> 29.2 | AS6: =($G$6-AR6)*2693/1000 -> 2.1544 | AT6: + | AU6: =IF(AS6<0,0,AS6) -> 2.1544 | AW6: kg | AX6: ='R.FILE GOC'!AI57 -> 15.4 | AY6: ='R.FILE GOC'!AJ57 -> 0 | AZ6: 0 | BA6: 80.79 | BB6: + | BC6: 80.79 | BE6: kg | BF6: 0
C7: CleanA 840ml/NaOH 25kg | E7: 按NaOH添加數據添加 | K7: + | L7: =L6/25*840/1000 -> 2.714544 | M7: =IF('1. XL-1E TT'!AB7="","",'1. XL-1E TT'!AB7) | N7: L | R7: + | S7: =S6/25*840/1000 -> 2.714544 | T7: =IF('1. XL-1E TT'!AF7="","",'1. XL-1E TT'!AF7) | U7: L | Y7: + | Z7: =Z6/25*840/1000 -> 2.714544 | AA7: =IF('1. XL-1E TT'!AJ7="","",'1. XL-1E TT'!AJ7) | AB7: L | AF7: + | AG7: =AG6/25*840/1000 -> 2.714544 | AH7: =IF('1. XL-1E TT(CA2)'!AB7="","",'1. XL-1E TT(CA2)'!AB7) | AI7: L | AM7: + | AN7: =AN6/25*840/1000 -> 0.7238784 | AO7: =IF('1. XL-1E TT(CA2)'!AF7="","",'1. XL-1E TT(CA2)'!AF7) | AP7: L | AT7: + | AU7: =AU6/25*840/1000 -> 0.07238784 | AV7: =IF('1. XL-1E TT(CA2)'!AJ7="","",'1. XL-1E TT(CA2)'!AJ7) | AW7: L | AX7: ='R.FILE GOC'!AI58 -> 15.3 | AY7: ='R.FILE GOC'!AJ58 -> 0 | BB7: + | BC7: 2.714544 | BE7: L | BF7: 0
C8: CleanB 8400ml/NaOH 25kg | E8: 按NaOH添加數據添加 | K8: + | L8: =L7*10 -> 27.14544 | M8: =IF('1. XL-1E TT'!AB8="","",'1. XL-1E TT'!AB8) | N8: L | R8: + | S8: =S7*10 -> 27.14544 | T8: =IF('1. XL-1E TT'!AF8="","",'1. XL-1E TT'!AF8) | U8: L | Y8: + | Z8: =Z7*10 -> 27.14544 | AA8: =IF('1. XL-1E TT'!AJ8="","",'1. XL-1E TT'!AJ8) | AB8: L | AF8: + | AG8: =AG7*10 -> 27.14544 | AH8: =IF('1. XL-1E TT(CA2)'!AB8="","",'1. XL-1E TT(CA2)'!AB8) | AI8: L | AM8: + | AN8: =AN7*10 -> 7.238784 | AO8: =IF('1. XL-1E TT(CA2)'!AF8="","",'1. XL-1E TT(CA2)'!AF8) | AP8: L | AT8: + | AU8: =AU7*10 -> 0.7238784 | AV8: =IF('1. XL-1E TT(CA2)'!AJ8="","",'1. XL-1E TT(CA2)'!AJ8) | AW8: L | AX8: ='R.FILE GOC'!AI59 -> 15 | AY8: ='R.FILE GOC'!AJ59 -> 0 | BB8: + | BC8: 27.14544 | BE8: L | BF8: 0
A9: 1E-XB2 | B9: XL-001E | C9: Xà bông (2)脫脂 | D9: g/L | E9: ='XM.GUI MAIL'!E9 -> 20~40 | F9: ='XM.GUI MAIL'!F9 -> (30±5) | G9: ='XM.GUI MAIL'!G9 -> 30 | H9: =XM.HN!B6 -> 0 | I9: =H9*4 -> 0 | J9: =($G$9-I9)*3305/1000 -> 99.15 | K9: + | L9: =IF(J9<0,0,J9) -> 99.15 | N9: kg | O9: =XM.HN!C6 -> 0 | P9: =O9*4 -> 0 | Q9: =($G$9-P9)*3305/1000 -> 99.15 | R9: + | S9: =IF(Q9<0,0,Q9) -> 99.15 | U9: kg | V9: =XM.HN!D6 -> 0 | W9: =V9*4 -> 0 | X9: =($G$9-W9)*3305/1000 -> 99.15 | Y9: + | Z9: =IF(X9<0,0,X9) -> 99.15 | AB9: kg | AC9: =XM.HN!E6 -> 0 | AD9: =AC9*4 -> 0 | AE9: =($G$9-AD9)*3305/1000 -> 99.15 | AF9: + | AG9: =IF(AE9<0,0,AE9) -> 99.15 | AI9: kg | AJ9: =XM.HN!F6 -> 5.8 | AK9: =AJ9*4 -> 23.2 | AL9: =($G$9-AK9)*3305/1000 -> 22.474 | AM9: + | AN9: =IF(AL9<0,0,AL9) -> 22.474 | AP9: kg | AQ9: =XM.HN!G6 -> 7.2 | AR9: =AQ9*4 -> 28.8 | AS9: =($G$9-AR9)*3305/1000 -> 3.966 | AT9: + | AU9: =IF(AS9<0,0,AS9) -> 3.966 | AW9: kg | AX9: ='R.FILE GOC'!AI60 -> 10 | AY9: ='R.FILE GOC'!AJ60 -> 0 | AZ9: 0 | BA9: 99.15 | BB9: + | BC9: 99.15 | BE9: kg | BF9: 0
C10: CleanA 840ml/NaOH 25kg | E10: 按NaOH添加數據添加 | K10: + | L10: =L9/25*840/1000 -> 3.33144 | M10: =IF('1. XL-1E TT'!AB10="","",'1. XL-1E TT'!AB10) | N10: L | R10: + | S10: =S9/25*840/1000 -> 3.33144 | T10: =IF('1. XL-1E TT'!AF10="","",'1. XL-1E TT'!AF10) | U10: L | Y10: + | Z10: =Z9/25*840/1000 -> 3.33144 | AA10: =IF('1. XL-1E TT'!AJ10="","",'1. XL-1E TT'!AJ10) | AB10: L | AF10: + | AG10: =AG9/25*840/1000 -> 3.33144 | AH10: =IF('1. XL-1E TT(CA2)'!AB10="","",'1. XL-1E TT(CA2)'!AB10) | AI10: L | AM10: + | AN10: =AN9/25*840/1000 -> 0.7551264 | AO10: =IF('1. XL-1E TT(CA2)'!AF10="","",'1. XL-1E TT(CA2)'!AF10) | AP10: L | AT10: + | AU10: =AU9/25*840/1000 -> 0.1332576 | AV10: =IF('1. XL-1E TT(CA2)'!AJ10="","",'1. XL-1E TT(CA2)'!AJ10) | AW10: L | AX10: ='R.FILE GOC'!AI61 -> 1.14 | AY10: ='R.FILE GOC'!AJ61 -> 0 | BB10: + | BC10: 3.33144 | BE10: L | BF10: 0
C11: CleanB 8400ml/NaOH 25kg | E11: 按NaOH添加數據添加 | K11: + | L11: =L10*10 -> 33.3144 | M11: =IF('1. XL-1E TT'!AB11="","",'1. XL-1E TT'!AB11) | N11: L | R11: + | S11: =S10*10 -> 33.3144 | T11: =IF('1. XL-1E TT'!AF11="","",'1. XL-1E TT'!AF11) | U11: L | Y11: + | Z11: =Z10*10 -> 33.3144 | AA11: =IF('1. XL-1E TT'!AJ11="","",'1. XL-1E TT'!AJ11) | AB11: L | AF11: + | AG11: =AG10*10 -> 33.3144 | AH11: =IF('1. XL-1E TT(CA2)'!AB11="","",'1. XL-1E TT(CA2)'!AB11) | AI11: L | AM11: + | AN11: =AN10*10 -> 7.551264 | AO11: =IF('1. XL-1E TT(CA2)'!AF11="","",'1. XL-1E TT(CA2)'!AF11) | AP11: L | AT11: + | AU11: =AU10*10 -> 1.332576 | AV11: =IF('1. XL-1E TT(CA2)'!AJ11="","",'1. XL-1E TT(CA2)'!AJ11) | AW11: L | AX11: ='R.FILE GOC'!AI62 -> 23.5 | AY11: ='R.FILE GOC'!AJ62 -> 0 | BB11: + | BC11: 33.3144 | BE11: L | BF11: 0
A12: 1E-DG1 | B12: XL-001E | C12: điện giải(1)+電解 | D12: g/L | E12: ='XM.GUI MAIL'!E12 -> 60~80 | F12: ='XM.GUI MAIL'!F12 -> (70±10) | G12: ='XM.GUI MAIL'!G12 -> 70 | H12: =XM.HN!B9 -> 0 | I12: =H12*4 -> 0 | J12: =($G$12-I12)*1156/1000 -> 80.92 | K12: + | L12: =IF(J12<0,0,J12) -> 80.92 | N12: kg | O12: =XM.HN!C9 -> 0 | P12: =O12*4 -> 0 | Q12: =($G$12-P12)*1156/1000 -> 80.92 | R12: + | S12: =IF(Q12<0,0,Q12) -> 80.92 | U12: kg | V12: =XM.HN!D9 -> 0 | W12: =V12*4 -> 0 | X12: =($G$12-W12)*1156/1000 -> 80.92 | Y12: + | Z12: =IF(X12<0,0,X12) -> 80.92 | AB12: kg | AC12: =XM.HN!E9 -> 0 | AD12: =AC12*4 -> 0 | AE12: =($G$12-AD12)*1156/1000 -> 80.92 | AF12: + | AG12: =IF(AE12<0,0,AE12) -> 80.92 | AI12: kg | AJ12: =XM.HN!F9 -> 17.6 | AK12: =AJ12*4 -> 70.4 | AL12: =($G$12-AK12)*1156/1000 -> -0.4624 | AM12: + | AN12: =IF(AL12<0,0,AL12) -> 0 | AP12: kg | AQ12: =XM.HN!G9 -> 17.8 | AR12: =AQ12*4 -> 71.2 | AS12: =($G$12-AR12)*1156/1000 -> -1.3872 | AT12: + | AU12: =IF(AS12<0,0,AS12) -> 0 | AW12: kg | AX12: ='R.FILE GOC'!AI63 -> 8.3 | AY12: ='R.FILE GOC'!AJ63 -> 0 | AZ12: 0 | BA12: 80.92 | BB12: + | BC12: 80.92 | BE12: kg | BF12: 0
C13: CleanB 7.5L/NaOH 25kg | E13: 按NaOH添加數據添加 | K13: + | L13: =L12/25*7.5 -> 24.276 | M13: =IF('1. XL-1E TT'!AB13="","",'1. XL-1E TT'!AB13) | N13: L | R13: + | S13: =S12/25*7.5 -> 24.276 | T13: =IF('1. XL-1E TT'!AF13="","",'1. XL-1E TT'!AF13) | U13: L | Y13: + | Z13: =Z12/25*7.5 -> 24.276 | AA13: =IF('1. XL-1E TT'!AJ13="","",'1. XL-1E TT'!AJ13) | AB13: L | AF13: + | AG13: =AG12/25*7.5 -> 24.276 | AH13: =IF('1. XL-1E TT(CA2)'!AB13="","",'1. XL-1E TT(CA2)'!AB13) | AI13: L | AM13: + | AN13: =AN12/25*7.5 -> 0 | AO13: =IF('1. XL-1E TT(CA2)'!AF13="","",'1. XL-1E TT(CA2)'!AF13) | AP13: L | AT13: + | AU13: =AU12/25*7.5 -> 0 | AV13: =IF('1. XL-1E TT(CA2)'!AJ13="","",'1. XL-1E TT(CA2)'!AJ13) | AW13: L | AX13: ='R.FILE GOC'!AI64 -> 7.3 | AY13: ='R.FILE GOC'!AJ64 -> 0 | BB13: + | BC13: 24.276 | BE13: L | BF13: 0
A14: 1E-DG2 | B14: XL-001E | C14: điện giải (2)+電解 | D14: g/L | E14: ='XM.GUI MAIL'!E14 -> 60~80 | F14: ='XM.GUI MAIL'!F14 -> (70±10) | G14: ='XM.GUI MAIL'!G14 -> 70 | H14: =XM.HN!B11 -> 0 | I14: =H14*4 -> 0 | J14: =($G$14-I14)*1459/1000 -> 102.13 | K14: + | L14: =IF(J14<0,0,J14) -> 102.13 | N14: kg | O14: =XM.HN!C11 -> 0 | P14: =O14*4 -> 0 | Q14: =($G$14-P14)*1459/1000 -> 102.13 | R14: + | S14: =IF(Q14<0,0,Q14) -> 102.13 | U14: kg | V14: =XM.HN!D11 -> 0 | W14: =V14*4 -> 0 | X14: =($G$14-W14)*1459/1000 -> 102.13 | Y14: + | Z14: =IF(X14<0,0,X14) -> 102.13 | AB14: kg | AC14: =XM.HN!E11 -> 0 | AD14: =AC14*4 -> 0 | AE14: =($G$14-AD14)*1459/1000 -> 102.13 | AF14: + | AG14: =IF(AE14<0,0,AE14) -> 102.13 | AI14: kg | AJ14: =XM.HN!F11 -> 18.5 | AK14: =AJ14*4 -> 74 | AL14: =($G$14-AK14)*1459/1000 -> -5.836 | AM14: + | AN14: =IF(AL14<0,0,AL14) -> 0 | AP14: kg | AQ14: =XM.HN!G11 -> 18.3 | AR14: =AQ14*4 -> 73.2 | AS14: =($G$14-AR14)*1459/1000 -> -4.6688 | AT14: + | AU14: =IF(AS14<0,0,AS14) -> 0 | AW14: kg | AX14: ='R.FILE GOC'!AI65 -> 5.4 | AY14: ='R.FILE GOC'!AJ65 -> 0 | AZ14: 0 | BA14: 102.13 | BB14: + | BC14: 102.13 | BE14: kg | BF14: 0
C15: CleanB 7.5L/NaOH 25kg | E15: 按NaOH添加數據添加 | K15: + | L15: =L14/25*7.5 -> 30.639 | M15: =IF('1. XL-1E TT'!AB15="","",'1. XL-1E TT'!AB15) | N15: L | R15: + | S15: =S14/25*7.5 -> 30.639 | T15: =IF('1. XL-1E TT'!AF15="","",'1. XL-1E TT'!AF15) | U15: L | Y15: + | Z15: =Z14/25*7.5 -> 30.639 | AA15: =IF('1. XL-1E TT'!AJ15="","",'1. XL-1E TT'!AJ15) | AB15: L | AF15: + | AG15: =AG14/25*7.5 -> 30.639 | AH15: =IF('1. XL-1E TT(CA2)'!AB15="","",'1. XL-1E TT(CA2)'!AB15) | AI15: L | AM15: + | AN15: =AN14/25*7.5 -> 0 | AO15: =IF('1. XL-1E TT(CA2)'!AF15="","",'1. XL-1E TT(CA2)'!AF15) | AP15: L | AT15: + | AU15: =AU14/25*7.5 -> 0 | AV15: =IF('1. XL-1E TT(CA2)'!AJ15="","",'1. XL-1E TT(CA2)'!AJ15) | AW15: L | AX15: ='R.FILE GOC'!AI66 -> 0 | AY15: ='R.FILE GOC'!AJ66 -> 0 | BB15: + | BC15: 30.639 | BE15: L | BF15: 0
A16: 1E-NAOH | B16: XL-001E | C16: Nồng độ NaOH 氫氧化鈉 | D16: g/L | E16: ='XM.GUI MAIL'!E16 -> 130 - 150 | F16: ='XM.GUI MAIL'!F16 -> (140±7) | G16: ='XM.GUI MAIL'!G16 -> 140 | H16: =XM.HN!B13 -> 0 | I16: =H16*8 -> 0 | J16: =($G$16-I16)*19951/1000 -> 2793.14 | K16: + | L16: =IF(J16<0,0,J16) -> 2793.14 | N16: kg | O16: =XM.HN!C13 -> 0 | P16: =O16*8 -> 0 | Q16: =($G$16-P16)*19951/1000 -> 2793.14 | R16: + | S16: =IF(Q16<0,0,Q16) -> 2793.14 | U16: kg | V16: =XM.HN!D13 -> 0 | W16: =V16*8 -> 0 | X16: =($G$16-W16)*19951/1000 -> 2793.14 | Y16: + | Z16: =IF(X16<0,0,X16) -> 2793.14 | AB16: kg | AC16: =XM.HN!E13 -> 0 | AD16: =AC16*8 -> 0 | AE16: =($G$16-AD16)*19951/1000 -> 2793.14 | AF16: + | AG16: =IF(AE16<0,0,AE16) -> 2793.14 | AI16: kg | AJ16: =XM.HN!F13 -> 17.7 | AK16: =AJ16*8 -> 141.6 | AL16: =($G$16-AK16)*19951/1000 -> -31.9216 | AM16: + | AN16: =IF(AL16<0,0,AL16) -> 0 | AP16: kg | AQ16: =XM.HN!G13 -> 17.8 | AR16: =AQ16*8 -> 142.4 | AS16: =($G$16-AR16)*19951/1000 -> -47.8824 | AT16: + | AU16: =IF(AS16<0,0,AS16) -> 0 | AW16: kg | AX16: ='R.FILE GOC'!AI67 -> 15.457984 | AY16: ='R.FILE GOC'!AJ67 -> 0 | AZ16: 0 | BA16: 2793.14 | BB16: + | BC16: 2793.14 | BE16: kg
A17: 1E-ZN | B17: XL-001E | C17: Nồng độ Zn 鋅 (1 pcs Zn=25kg) | D17: g/L | E17: ='XM.GUI MAIL'!E17 -> 8~12 | F17: ='XM.GUI MAIL'!F17 -> (10±2) | G17: ='XM.GUI MAIL'!G17 -> 10 | H17: =XM.HN!B14 -> 0 | I17: =H17*1.3 -> 0 | J17: =($G$17-I17)*19951/1000 -> 199.51 | K17: + | L17: =IF(J17<0,0,J17) -> 199.51 | N17: kg | O17: =XM.HN!C14 -> 0 | P17: =O17*1.3 -> 0 | Q17: =($G$17-P17)*19951/1000 -> 199.51 | R17: + | S17: =IF(Q17<0,0,Q17) -> 199.51 | U17: kg | V17: =XM.HN!D14 -> 0 | W17: =V17*1.3 -> 0 | X17: =($G$17-W17)*19951/1000 -> 199.51 | Y17: + | Z17: =IF(X17<0,0,X17) -> 199.51 | AB17: kg | AC17: =XM.HN!E14 -> 0 | AD17: =AC17*1.3 -> 0 | AE17: =($G$17-AD17)*19951/1000 -> 199.51 | AF17: + | AG17: =IF(AE17<0,0,AE17) -> 199.51 | AI17: kg | AJ17: =XM.HN!F14 -> 8.9 | AK17: =AJ17*1.3 -> 11.57 | AL17: =($G$17-AK17)*19951/1000 -> -31.32307 | AM17: + | AN17: =IF(AL17<0,0,AL17) -> 0 | AP17: kg | AQ17: =XM.HN!G14 -> 8.8 | AR17: =AQ17*1.3 -> 11.44 | AS17: =($G$17-AR17)*19951/1000 -> -28.72944 | AT17: + | AU17: =IF(AS17<0,0,AS17) -> 0 | AW17: kg | AX17: ='R.FILE GOC'!AI68 -> 12 | AY17: ='R.FILE GOC'!AJ68 -> 0 | AZ17: 0 | BA17: 179.559 | BB17: + | BC17: 179.559 | BE17: kg
A18: 1E-CR3I | B18: XL-001E | C18: Nồng độ Cr2O3 三價鉻 | D18: % | E18: ='XM.GUI MAIL'!E18 -> 12~18 | F18: ='XM.GUI MAIL'!F18 -> (14±2) | G18: ='XM.GUI MAIL'!G18 -> 14 | H18: =XM.HN!B15 -> 0 | I18: =H18*100/6.95/10 -> 0 | J18: =($G$18-I18)*575/100 -> 80.5 | K18: + | L18: =IF(J18<0,0,J18) -> 80.5 | N18: L | O18: =XM.HN!C15 -> 0 | P18: =O18*100/6.95/10 -> 0 | Q18: =($G$18-P18)*575/100 -> 80.5 | R18: + | S18: =IF(Q18<0,0,Q18) -> 80.5 | U18: L | V18: =XM.HN!D15 -> 0 | W18: =V18*100/6.95/10 -> 0 | X18: =($G$18-W18)*575/100 -> 80.5 | Y18: + | Z18: =IF(X18<0,0,X18) -> 80.5 | AB18: L | AC18: =XM.HN!E15 -> 0 | AD18: =AC18*100/6.95/10 -> 0 | AE18: =($G$18-AD18)*575/100 -> 80.5 | AF18: + | AG18: =IF(AE18<0,0,AE18) -> 80.5 | AI18: L | AJ18: =XM.HN!F15 -> 11.8 | AK18: =AJ18*100/6.95/10 -> 16.978417 | AL18: =($G$18-AK18)*575/100 -> -17.125899 | AM18: + | AN18: =IF(AL18<0,0,AL18) -> 0 | AP18: L | AQ18: =XM.HN!G15 -> 11.5 | AR18: =AQ18*100/6.95/10 -> 16.546763 | AS18: =($G$18-AR18)*575/100 -> -14.643885 | AT18: + | AU18: =IF(AS18<0,0,AS18) -> 0 | AW18: L | AX18: ='R.FILE GOC'!AI69 | AY18: ='R.FILE GOC'!AJ69 -> 0 | AZ18: 0 | BA18: 80.5 | BB18: + | BC18: 80.5 | BE18: L
A19: 1E-CR3IPH | B19: XL-001E | D19: pH | E19: ='XM.GUI MAIL'!E19 -> 1.6~2.2 | F19: ='XM.GUI MAIL'!F19 -> (2±0.2 ) | G19: ='XM.GUI MAIL'!G19 -> 0 | I19: =XM.HN!B23 -> 0 | P19: =XM.HN!C23 -> 0 | W19: =XM.HN!D23 -> 0 | AD19: =XM.HN!E23 -> 0 | AK19: =XM.HN!F23 -> 1.48 | AR19: =XM.HN!G23 -> 1.64 | AX19: ='R.FILE GOC'!AI70 | AY19: ='R.FILE GOC'!AJ70 -> 0 | AZ19: 0
A20: 1E-HCL1 | B20: XL-001E | C20: Nồng độ acid đặc 鹽酸 濃度 | D20: %V/V | E20: ='XM.GUI MAIL'!E20 -> 40~50 | F20: ='XM.GUI MAIL'!F20 -> (45±5) | G20: ='XM.GUI MAIL'!G20 -> 0.45 | H20: =XM.HN!B17 -> 0 | I20: =(1*H20*36.5)/(1*10)/32%/100 -> 0 | J20: =($G$20-I20)*2122 -> 954.9 | K20: + | L20: =IF(J20<0,0,J20) -> 954.9 | N20: L | O20: =XM.HN!C17 -> 0 | P20: =(1*O20*36.5)/(1*10)/32%/100 -> 0 | Q20: =($G$20-P20)*2122 -> 954.9 | R20: + | S20: =IF(Q20<0,0,Q20) -> 954.9 | U20: L | V20: =XM.HN!D17 -> 0 | W20: =(1*V20*36.5)/(1*10)/32%/100 -> 0 | X20: =($G$20-W20)*2122 -> 954.9 | Y20: + | Z20: =IF(X20<0,0,X20) -> 954.9 | AB20: L | AC20: =XM.HN!E17 -> 0 | AD20: =(1*AC20*36.5)/(1*10)/32%/100 -> 0 | AE20: =($G$20-AD20)*2122 -> 954.9 | AF20: + | AG20: =IF(AE20<0,0,AE20) -> 954.9 | AI20: L | AJ20: =XM.HN!F17 -> 3.4 | AK20: =(1*AJ20*36.5)/(1*10)/32%/100 -> 0.3878125 | AL20: =($G$20-AK20)*2122 -> 131.96188 | AM20: + | AN20: =IF(AL20<0,0,AL20) -> 131.96188 | AP20: L | AQ20: =XM.HN!G17 -> 4 | AR20: =(1*AQ20*36.5)/(1*10)/32%/100 -> 0.45625 | AS20: =($G$20-AR20)*2122 -> -13.2625 | AT20: + | AU20: =IF(AS20<0,0,AS20) -> 0 | AW20: L | AX20: ='R.FILE GOC'!AI71 -> 0.84937712 | AY20: ='R.FILE GOC'!AJ71 -> 0 | AZ20: 0 | BA20: 954.9 | BB20: + | BC20: 954.9 | BE20: L
A21: 1E-HCL2 | B21: XL-001E | C21: Nồng độ acid loãng 稀酸 濃度 | D21: %V/V | E21: ='XM.GUI MAIL'!E21 -> (22±5) =17~27 | F21: ='XM.GUI MAIL'!F21 -> (22±5) | G21: ='XM.GUI MAIL'!G21 -> 0.22 | H21: =XM.HN!B18 -> 0 | I21: =(1*H21*36.5)/(1*10)/32%/100 -> 0 | J21: =($G$21-I21)*612 -> 134.64 | K21: + | L21: =IF(J21<0,0,J21) -> 134.64 | N21: L | O21: =XM.HN!C18 -> 0 | P21: =(1*O21*36.5)/(1*10)/32%/100 -> 0 | Q21: =($G$21-P21)*612 -> 134.64 | R21: + | S21: =IF(Q21<0,0,Q21) -> 134.64 | U21: L | V21: =XM.HN!D18 -> 0 | W21: =(1*V21*36.5)/(1*10)/32%/100 -> 0 | X21: =($G$21-W21)*612 -> 134.64 | Y21: + | Z21: =IF(X21<0,0,X21) -> 134.64 | AB21: L | AC21: =XM.HN!E18 -> 0 | AD21: =(1*AC21*36.5)/(1*10)/32%/100 -> 0 | AE21: =($G$21-AD21)*612 -> 134.64 | AF21: + | AG21: =IF(AE21<0,0,AE21) -> 134.64 | AI21: L | AJ21: =XM.HN!F18 -> 0 | AK21: =(1*AJ21*36.5)/(1*10)/32%/100 -> 0 | AL21: =($G$21-AK21)*612 -> 134.64 | AM21: + | AN21: =IF(AL21<0,0,AL21) -> 134.64 | AP21: L | AQ21: =XM.HN!G18 -> 0 | AR21: =(1*AQ21*36.5)/(1*10)/32%/100 -> 0 | AS21: =($G$21-AR21)*612 -> 134.64 | AT21: + | AU21: =IF(AS21<0,0,AS21) -> 134.64 | AW21: L | AX21: ='R.FILE GOC'!AI72 -> 0.50395968 | AY21: ='R.FILE GOC'!AJ72 -> 0 | AZ21: 0 | BA21: 134.64 | BB21: + | BC21: 134.64 | BE21: L
A22: 1E-HCL3 | B22: XL-001E | C22: Nồng độ HCl hoạt hóa 稀酸活化 濃度 | D22: %V/V | E22: ='XM.GUI MAIL'!E22 -> 5~15 | F22: ='XM.GUI MAIL'!F22 -> (30±4) | G22: ='XM.GUI MAIL'!G22 -> 0.1 | H22: =XM.HN!B19 -> 0 | I22: =(1*H22*36.5)/(5*10)/32%/100 -> 0 | J22: =($G$22-I22)*575 -> 57.5 | K22: + | L22: =IF(J22<0,0,J22) -> 57.5 | N22: L | O22: =XM.HN!C19 -> 0 | P22: =(1*O22*36.5)/(5*10)/32%/100 -> 0 | Q22: =($G$22-P22)*575 -> 57.5 | R22: + | S22: =IF(Q22<0,0,Q22) -> 57.5 | U22: L | V22: =XM.HN!D19 -> 0 | W22: =(1*V22*36.5)/(5*10)/32%/100 -> 0 | X22: =($G$22-W22)*575 -> 57.5 | Y22: + | Z22: =IF(X22<0,0,X22) -> 57.5 | AB22: L | AC22: =XM.HN!E19 -> 0 | AD22: =(1*AC22*36.5)/(5*10)/32%/100 -> 0 | AE22: =($G$22-AD22)*575 -> 57.5 | AF22: + | AG22: =IF(AE22<0,0,AE22) -> 57.5 | AI22: L | AJ22: =XM.HN!F19 -> 0 | AK22: =(1*AJ22*36.5)/(5*10)/32%/100 -> 0 | AL22: =($G$22-AK22)*575 -> 57.5 | AM22: + | AN22: =IF(AL22<0,0,AL22) -> 57.5 | AP22: L | AQ22: =XM.HN!G19 -> 0 | AR22: =(1*AQ22*36.5)/(5*10)/32%/100 -> 0 | AS22: =($G$22-AR22)*575 -> 57.5 | AT22: + | AU22: =IF(AS22<0,0,AS22) -> 57.5 | AW22: L | AY22: ='R.FILE GOC'!AJ73 -> 0 | AZ22: 0 | BA22: 57.5 | BB22: + | BC22: 57.5 | BE22: L
A23: 1E-HNO3 | B23: XL-001E | C23: Nồng độ HNO3 硝酸濃度 | D23: % | E23: ='XM.GUI MAIL'!E23 -> 0.5~1.5 | F23: ='XM.GUI MAIL'!F23 -> (1±0.4) | G23: ='XM.GUI MAIL'!G23 -> 0.01 | H23: =XM.HN!B20 -> 0 | I23: =(H23*0.126)/100 -> 0 | J23: =($G$23-I23)*530/65%/1.51 -> 5.3998981 | K23: + | L23: =IF(J23<0,0,J23) -> 5.3998981 | N23: L | O23: =XM.HN!C20 -> 0 | P23: =(O23*0.126)/100 -> 0 | Q23: =($G$23-P23)*530/65%/1.51 -> 5.3998981 | R23: + | S23: =IF(Q23<0,0,Q23) -> 5.3998981 | U23: L | V23: =XM.HN!D20 -> 0 | W23: =(V23*0.126)/100 -> 0 | X23: =($G$23-W23)*530/65%/1.51 -> 5.3998981 | Y23: + | Z23: =IF(X23<0,0,X23) -> 5.3998981 | AB23: L | AC23: =XM.HN!E20 -> 0 | AD23: =(AC23*0.126)/100 -> 0 | AE23: =($G$23-AD23)*530/65%/1.51 -> 5.3998981 | AF23: + | AG23: =IF(AE23<0,0,AE23) -> 5.3998981 | AI23: L | AJ23: =XM.HN!F20 -> 0 | AK23: chưa pha | AL23: =($G$23-AK23)*530/65%/1.51 -> #VALUE! | AM23: + | AP23: L | AQ23: =XM.HN!G20 -> 8.2 | AR23: =(AQ23*0.126)/100 -> 0.010332 | AS23: =($G$23-AR23)*530/65%/1.51 -> -0.17927662 | AT23: + | AU23: =IF(AS23<0,0,AS23) -> 0 | AW23: L | AZ23: 0 | BA23: 8.1538462 | BB23: + | BC23: 8.1538462 | BE23: L
A24: 1E-CR3K | B24: XL-001E | C24: Nồng độ Cr2O3 （K) 三價鉻 | D24: % | E24: ='XM.GUI MAIL'!E24 -> 5~10 | F24: ='XM.GUI MAIL'!F24 -> (7.5±1) | G24: ='XM.GUI MAIL'!G24 -> 7.5 | H24: =XM.HN!B21 -> 0 | I24: =H24*(0.1*100)/(5*3.12) -> 0 | J24: =($G$24-I24)*575/95 -> 45.394737 | K24: + | L24: =IF(J24<0,0,J24) -> 45.394737 | N24: L | O24: =XM.HN!C21 -> 0 | P24: =O24*(0.1*100)/(5*3.12) -> 0 | Q24: =($G$24-P24)*575/95 -> 45.394737 | R24: + | S24: =IF(Q24<0,0,Q24) -> 45.394737 | U24: L | V24: =XM.HN!D21 -> 0 | W24: =V24*(0.1*100)/(5*3.12) -> 0 | X24: =($G$24-W24)*575/95 -> 45.394737 | Y24: + | Z24: =IF(X24<0,0,X24) -> 45.394737 | AB24: L | AC24: =XM.HN!E21 -> 0 | AD24: =AC24*(0.1*100)/(5*3.12) -> 0 | AE24: =($G$24-AD24)*575/95 -> 45.394737 | AF24: + | AG24: =IF(AE24<0,0,AE24) -> 45.394737 | AI24: L | AJ24: =XM.HN!F21 -> 15.8 | AK24: =AJ24*(0.1*100)/(5*3.12) -> 10.128205 | AL24: =($G$24-AK24)*575/95 -> -15.907557 | AM24: + | AN24: =IF(AL24<0,0,AL24) -> 0 | AP24: L | AQ24: =XM.HN!G21 -> 0 | AR24: ko xi | AS24: =($G$24-AR24)*575/95 -> #VALUE! | AT24: + | AW24: L | BA24: 45.394737 | BB24: + | BC24: 45.394737
A25: 1E-CR3KPH | B25: XL-001E | C25: pH | D25: pH | E25: ='XM.GUI MAIL'!E25 -> 1.8~2.2 | F25: ='XM.GUI MAIL'!F25 -> (2±0.1) | I25: =XM.HN!B22 -> 0 | P25: =XM.HN!C22 -> 0 | W25: =XM.HN!D22 -> 0 | AD25: =XM.HN!E22 -> 0 | AK25: =XM.HN!F22 -> 2.57 | AR25: ko xi
A26: Hạng mục kiểm tra nhiệt độ 檢查溫度
A27: MÃ | B27: MÃ MÁY | C27: Hạng mục kiểm tra nhiệt độ 溫度檢查項目 | D27: nhiệt độ 溫度 | E27: Phạm vi kiểm soát 範圍值 | F27: Giới hạn kiểm soát 管控值 | I27: Nhiệt kế 温度計 | L27: Nhiệt tự động 自動温控 | P27: Nhiệt kế 温度計 | S27: Nhiệt tự động 自動温控 | W27: Nhiệt kế 温度計 | Z27: Nhiệt tự động 自動温控 | AD27: Nhiệt kế 温度計 | AG27: Nhiệt tự động 自動温控 | AK27: Nhiệt kế 温度計 | AN27: Nhiệt tự động 自動温控 | AR27: Nhiệt kế 温度計 | AU27: Nhiệt tự động 自動温控 | BC27: Nhiệt tự động 自動温控
A28: 1E-TEMXB1 | B28: XL-001E | C28: Nhiệt độ xà bông nóng (1) 熱脫脂溫度(1) | D28: 0C | E28: ='XM.GUI MAIL'!E28 -> 50~70 | F28: ='XM.GUI MAIL'!F28 -> (60±5) | AK28: 64 | AN28: 63 | AR28: 64 | AU28: 63 | BC28: 69
A29: 1E-TEMXB2 | B29: XL-001E | C29: Nhiệt độ xà bông nóng (2) 熱脫脂溫度(2) | D29: 0C | E29: ='XM.GUI MAIL'!E29 -> 50~70 | F29: ='XM.GUI MAIL'!F29 -> (60±5) | AK29: 64 | AN29: 63 | AR29: 63 | AU29: 62 | BC29: 67
A30: 1E-TEMDG1 | B30: XL-001E | C30: Nhiệt độ điện giải (1) 電解1 溫度 | D30: 0C | E30: ='XM.GUI MAIL'!E30 -> 40~60 | F30: ='XM.GUI MAIL'!F30 -> (50±5) | AK30: 53 | AN30: 52 | AR30: 55 | AU30: 54 | BC30: 58
A31: 1E-TEMDG2 | B31: XL-001E | C31: Nhiệt độ điện giải (2) 電解 2 溫度 | D31: 0C | E31: ='XM.GUI MAIL'!E31 -> 40~60 | F31: ='XM.GUI MAIL'!F31 -> (50±5) | AK31: 52 | AN31: 51 | AR31: 53 | AU31: 52 | BC31: 51
A32: 1E-TEMBX | B32: XL-001E | C32: Nhiệt độ bồn xi 鍍鋅槽溫度 | D32: 0C | E32: ='XM.GUI MAIL'!E32 -> 20~35 | F32: ='XM.GUI MAIL'!F32 -> (30±4) | AK32: 28 | AN32: 27 | AR32: 28 | AU32: 27 | BC32: 28
A33: 1E-TEMCR3I | B33: XL-001E | C33: Nhiệt độ bồn màu Cr2O3 (I) 三價鉻 溫度 | D33: 0C | E33: ='XM.GUI MAIL'!E33 -> 30~40 | F33: ='XM.GUI MAIL'!F33 -> (34±3) | AK33: 37 | AN33: 36 | AR33: 37 | AU33: 36 | BC33: 42
A34: 1E-TEMH2O | B34: XL-001E | C34: Nhiệt độ bồn nước nóng 熱水溫度 | D34: 0C | E34: ='XM.GUI MAIL'!E34 -> 50~70 | F34: ='XM.GUI MAIL'!F34 -> (60±10) | AK34: 32 | AN34: 31 | AR34: 46 | AU34: 45 | BC34: 57
A35: 1E-TEMSAY | B35: XL-001E | C35: Sấy khô 烘乾 | D35: 0C | E35: ='XM.GUI MAIL'!E35 -> 80~100 | F35: ='XM.GUI MAIL'!F35 -> (90±5) | I35: \ | P35: \ | W35: \ | AD35: \ | AK35: \ | AN35: chưa mo máy | AR35: \ | AU35: 87 | BC35: 72
A36: Hạng mục kiểm tra bơm thuốc tự động 藥液自動添加
A37: 1E-MEM | B37: XL-001E | C37: chất mềm (merlin starer) 開缸劑 | D37: ml/KAH | E37: ='XM.GUI MAIL'!E37 -> 300-360 | F37: ='XM.GUI MAIL'!F37 -> 300-360 | AK37: chưa có hâng ko bơm | AR37: chưa có hâng ko bơm
A38: 1E-BONG | B38: XL-001E | C38: chaát boùng (merlin brightener) 光亮劑 | D38: ml/KAH | E38: ='XM.GUI MAIL'!E38 -> 30-50 | F38: ='XM.GUI MAIL'!F38 -> 30-50 | AK38: chưa có hâng ko bơm | AR38: chưa có hâng ko bơm
A40: 生產線別：無氰鹼滾電F線 (XL-001F) | F40: =MENU!$AC$9 -> Thứ 4, | I40: =MENU!$AD$9 -> 2024/05/22 | AK40: 生產線別：無氰鹼滾電F線 (XL-001F)
G41: tiêu chuẩn khống chế để bổ sung | I41: 7:15 | P41: 11:15 | W41: 15:15 | AD41: 19:15 | AK41: 23:15 | AR41: 03:15
A42: MÃ | B42: MÃ MÁY | C42: Hạng mục kiểm tra nồng độ 化驗檢查項目 | D42: Đơn vị 單位 | E42: Phạm vi kiểm soát 範圍值 | F42: Giới hạn kiểm soát 管控值 | I42: 濃度 | J42: 補充 BS | K42: 補充 BS | P42: 濃度 | Q42: 補充 BS | R42: 補充 BS | W42: 濃度 | X42: 補充 BS | Y42: 補充 BS | AD42: 濃度 | AE42: 補充 BS | AF42: 補充 BS | AK42: 濃度 | AL42: 補充 BS | AM42: 補充 BS | AR42: 濃度 | AS42: 補充 BS | AT42: 補充 BS | BA42: 補充 BS | BB42: 補充 BS
A43: 1F-XB1 | B43: XL-001F | C43: Xà bông (1)脫脂 CT-21A | D43: g/L | E43: ='XM.GUI MAIL'!E43 -> 60~80 | F43: ='XM.GUI MAIL'!F43 -> (70±5) | G43: ='XM.GUI MAIL'!G43 -> 70 | H43: =XM.HN!B26 -> 10.85 | I43: =H43*6.49 -> 70.4165 | J43: =($G$43-I43)*2693/1000 -> -1.1216345 | K43: + | L43: =IF(J43<0,0,J43) -> 0 | N43: kg | O43: =XM.HN!C26 -> 10.85 | P43: =O43*6.49 -> 70.4165 | Q43: =($G$43-P43)*2693/1000 -> -1.1216345 | R43: + | S43: =IF(Q43<0,0,Q43) -> 0 | U43: kg | V43: =XM.HN!D26 -> 10.5 | W43: =V43*6.49 -> 68.145 | X43: =($G$43-W43)*2693/1000 -> 4.995515 | Y43: + | Z43: =IF(X43<0,0,X43) -> 4.995515 | AB43: kg | AC43: =XM.HN!E26 -> 10 | AD43: 72.3 | AE43: =($G$43-AD43)*2693/1000 -> -6.1939 | AF43: + | AG43: =IF(AE43<0,0,AE43) -> 0 | AI43: kg | AJ43: =XM.HN!F26 -> 10.6 | AK43: 71.6 | AL43: =($G$43-AK43)*2693/1000 -> -4.3088 | AM43: + | AN43: =IF(AL43<0,0,AL43) -> 0 | AP43: kg | AQ43: =XM.HN!G26 -> 11 | AR43: =AQ43*6.49 -> 71.39 | AS43: =($G$43-AR43)*2693/1000 -> -3.74327 | AT43: + | AU43: =IF(AS43<0,0,AS43) -> 0 | AW43: kg | BA43: 1.500001 | BB43: + | BC43: 1.500001
C44: CT-21B | E44: CT-21A: 25kg/CT-21B: 5-10Lit | K44: + | L44: =L43/25*7.5 -> 0 | N44: L | R44: + | S44: =S43/25*7.5 -> 0 | U44: L | Y44: + | Z44: =Z43/25*7.5 -> 1.4986545 | AB44: L | AF44: + | AG44: =AG43/25*7.5 -> 0 | AI44: L | AM44: + | AN44: =AN43/25*7.5 -> 0 | AT44: + | AU44: =AU43/25*7.5 -> 0 | AW44: L | BB44: + | BC44: 0.4500003
A45: 1F-XB2 | B45: XL-001F | C45: Xà bông (2)脫脂 CT-21A | D45: g/L | E45: ='XM.GUI MAIL'!E45 -> 60~80 | F45: ='XM.GUI MAIL'!F45 -> (70±5) | G45: ='XM.GUI MAIL'!G45 -> 70 | H45: =XM.HN!B28 -> 11.2 | I45: =H45*6.49 -> 72.688 | J45: =($G$45-I45)*3305/1000 -> -8.88384 | K45: + | L45: =IF(J45<0,0,J45) -> 0 | N45: kg | O45: =XM.HN!C28 -> 11.2 | P45: =O45*6.49 -> 72.688 | Q45: =($G$45-P45)*3305/1000 -> -8.88384 | R45: + | S45: =IF(Q45<0,0,Q45) -> 0 | U45: kg | V45: =XM.HN!D28 -> 11.05 | W45: =V45*6.49 -> 71.7145 | X45: =($G$45-W45)*3305/1000 -> -5.6664225 | Y45: + | Z45: =IF(X45<0,0,X45) -> 0 | AB45: kg | AC45: =XM.HN!E28 -> 10.9 | AD45: 71 | AE45: =($G$45-AD45)*3305/1000 -> -3.305 | AF45: + | AG45: =IF(AE45<0,0,AE45) -> 0 | AI45: kg | AJ45: =XM.HN!F28 -> 11 | AK45: 70.6 | AL45: =($G$45-AK45)*3305/1000 -> -1.983 | AM45: + | AN45: =IF(AL45<0,0,AL45) -> 0 | AP45: kg | AQ45: =XM.HN!G28 -> 11.1 | AR45: 70 | AS45: =($G$45-AR45)*3305/1000 -> 0 | AT45: + | AU45: =IF(AS45<0,0,AS45) -> 0 | AW45: kg | BA45: -8.88384 | BB45: + | BC45: 0
C46: CT-21B | E46: CT-21A: 25kg/CT-21B: 5-10Lit | K46: + | L46: =L45/25*7.5 -> 0 | N46: L | R46: + | S46: =S45/25*7.5 -> 0 | U46: L | Y46: + | Z46: =Z45/25*7.5 -> 0 | AB46: L | AF46: + | AG46: =AG45/25*7.5 -> 0 | AI46: L | AM46: + | AN46: =AN45/25*7.5 -> 0 | AT46: + | AU46: =AU45/25*7.5 -> 0 | AW46: L | BB46: + | BC46: 0
A47: 1F-DG1 | B47: XL-001F | C47: điện giải(1)+電解 EC-508A | D47: g/L | E47: ='XM.GUI MAIL'!E47 -> 50~70 | F47: ='XM.GUI MAIL'!F47 -> (60±10) | G47: ='XM.GUI MAIL'!G47 -> 60 | H47: =XM.HN!B30 -> 13.55 | I47: =H47*4.62 -> 62.601 | J47: =($G$47-I47)*1156/1000 -> -3.006756 | K47: + | L47: =IF(J47<0,0,J47) -> 0 | N47: kg | O47: =XM.HN!C30 -> 13.65 | P47: =O47*4.62 -> 63.063 | Q47: =($G$47-P47)*1156/1000 -> -3.540828 | R47: + | S47: =IF(Q47<0,0,Q47) -> 0 | U47: kg | V47: =XM.HN!D30 -> 14 | W47: =V47*4.62 -> 64.68 | X47: =($G$47-W47)*1156/1000 -> -5.41008 | Y47: + | Z47: =IF(X47<0,0,X47) -> 0 | AB47: kg | AC47: =XM.HN!E30 -> 13.7 | AD47: =AC47*4.62 -> 63.294 | AE47: =($G$47-AD47)*1156/1000 -> -3.807864 | AF47: + | AG47: =IF(AE47<0,0,AE47) -> 0 | AI47: kg | AJ47: =XM.HN!F30 -> 13.5 | AK47: =AJ47*4.62 -> 62.37 | AL47: =($G$47-AK47)*1156/1000 -> -2.73972 | AM47: + | AN47: =IF(AL47<0,0,AL47) -> 0 | AP47: kg | AQ47: =XM.HN!G30 -> 13 | AR47: 61.2 | AS47: =($G$47-AR47)*1156/1000 -> -1.3872 | AT47: + | AU47: =IF(AS47<0,0,AS47) -> 0 | AW47: kg | BA47: -1.3872 | BB47: + | BC47: 0
C48: EC-508B | E48: EC-508A: 25kg/EC-508B:4-10Lit | K48: + | L48: =L47/25*7 -> 0 | N48: L | R48: + | S48: =S47/25*7 -> 0 | U48: L | Y48: + | Z48: =Z47/25*7 -> 0 | AB48: L | AF48: + | AG48: =AG47/25*7 -> 0 | AI48: L | AM48: + | AN48: =AN47/25*7 -> 0 | AT48: + | AU48: =AU47/25*7 -> 0 | AW48: L | BB48: + | BC48: 0
A49: 1F-DG2 | B49: XL-001F | C49: điện giải (2)+電解 EC-508A | D49: g/L | E49: ='XM.GUI MAIL'!E49 -> 50~70 | F49: ='XM.GUI MAIL'!F49 -> (60±10) | G49: ='XM.GUI MAIL'!G49 -> 60 | H49: =XM.HN!B32 -> 13.45 | I49: =H49*4.62 -> 62.139 | J49: =($G$49-I49)*1459/1000 -> -3.120801 | K49: + | L49: =IF(J49<0,0,J49) -> 0 | N49: kg | O49: =XM.HN!C32 -> 13.05 | P49: =O49*4.62 -> 60.291 | Q49: =($G$49-P49)*1459/1000 -> -0.424569 | R49: + | S49: =IF(Q49<0,0,Q49) -> 0 | U49: kg | V49: =XM.HN!D32 -> 13 | W49: =V49*4.62 -> 60.06 | X49: =($G$49-W49)*1459/1000 -> -0.08754 | Y49: + | Z49: =IF(X49<0,0,X49) -> 0 | AB49: kg | AC49: =XM.HN!E32 -> 11.8 | AD49: =AC49*4.62 -> 54.516 | AE49: =($G$49-AD49)*1459/1000 -> 8.001156 | AF49: + | AG49: =IF(AE49<0,0,AE49) -> 8.001156 | AI49: kg | AJ49: =XM.HN!F32 -> 14.5 | AK49: =AJ49*4.62 -> 66.99 | AL49: =($G$49-AK49)*1459/1000 -> -10.19841 | AM49: + | AN49: =IF(AL49<0,0,AL49) -> 0 | AP49: kg | AQ49: =XM.HN!G32 -> 14.4 | AR49: =AQ49*4.62 -> 66.528 | AS49: =($G$49-AR49)*1459/1000 -> -9.524352 | AT49: + | AU49: =IF(AS49<0,0,AS49) -> 0 | AW49: kg | BA49: -2.918 | BB49: + | BC49: 0
C50: EC-508B | E50: EC-508A: 25kg/EC-508B:4-10Lit | K50: + | L50: =L49/25*7 -> 0 | N50: L | R50: + | S50: =S49/25*7 -> 0 | U50: L | Y50: + | Z50: =Z49/25*7 -> 0 | AB50: L | AF50: + | AG50: =AG49/25*7 -> 2.2403237 | AI50: L | AM50: + | AN50: =AN49/25*7 -> 0 | AT50: + | AU50: =AU49/25*7 -> 0 | AW50: L | BB50: + | BC50: 0
A51: 1F-NAOH | B51: XL-001F | C51: Nồng độ NaOH 氫氧化鈉 | D51: g/L | E51: ='XM.GUI MAIL'!E51 -> 130 - 150 | F51: ='XM.GUI MAIL'!F51 -> (140±7) | G51: ='XM.GUI MAIL'!G51 -> 140 | H51: =XM.HN!B34 -> 18 | I51: =H51*8 -> 144 | J51: =($G$51-I51)*19951/1000 -> -79.804 | K51: + | L51: =IF(J51<0,0,J51) -> 0 | N51: kg | O51: =XM.HN!C34 -> 17.7 | P51: =O51*8 -> 141.6 | Q51: =($G$51-P51)*19951/1000 -> -31.9216 | R51: + | S51: =IF(Q51<0,0,Q51) -> 0 | U51: kg | V51: =XM.HN!D34 -> 17.65 | W51: =V51*8 -> 141.2 | X51: =($G$51-W51)*19951/1000 -> -23.9412 | Y51: + | Z51: =IF(X51<0,0,X51) -> 0 | AB51: kg | AC51: =XM.HN!E34 -> 17.6 | AD51: =AC51*8 -> 140.8 | AE51: =($G$51-AD51)*19951/1000 -> -15.9608 | AF51: + | AG51: =IF(AE51<0,0,AE51) -> 0 | AI51: kg | AJ51: =XM.HN!F34 -> 17.7 | AK51: 140 | AL51: =($G$51-AK51)*19951/1000 -> 0 | AM51: + | AN51: =IF(AL51<0,0,AL51) -> 0 | AP51: kg | AQ51: =XM.HN!G34 -> 17.6 | AR51: 139.2 | AS51: =($G$51-AR51)*19951/1000 -> 15.9608 | AT51: + | AU51: =IF(AS51<0,0,AS51) -> 15.9608 | AW51: kg | BA51: -15.9608 | BB51: + | BC51: 0
A52: 1F-ZN | B52: XL-001F | C52: Nồng độ Zn 鋅 (1 pcs Zn=25kg) | D52: g/L | E52: ='XM.GUI MAIL'!E52 -> 8~12 | F52: ='XM.GUI MAIL'!F52 -> (10±2) | G52: ='XM.GUI MAIL'!G52 -> 10 | H52: =XM.HN!B35 -> 7.9 | I52: =H52*1.3 -> 10.27 | J52: =($G$52-I52)*19951/1000 -> -5.38677 | K52: + | L52: =IF(J52<0,0,J52) -> 0 | N52: kg | O52: =XM.HN!C35 -> 8.2 | P52: =O52*1.3 -> 10.66 | Q52: =($G$52-P52)*19951/1000 -> -13.16766 | R52: + | S52: =IF(Q52<0,0,Q52) -> 0 | U52: kg | V52: =XM.HN!D35 -> 8.3 | W52: =V52*1.3 -> 10.79 | X52: =($G$52-W52)*19951/1000 -> -15.76129 | Y52: + | Z52: =IF(X52<0,0,X52) -> 0 | AB52: kg | AC52: =XM.HN!E35 -> 8.7 | AD52: =AC52*1.3 -> 11.31 | AE52: =($G$52-AD52)*19951/1000 -> -26.13581 | AF52: + | AG52: =IF(AE52<0,0,AE52) -> 0 | AI52: kg | AJ52: =XM.HN!F35 -> 8.5 | AK52: =AJ52*1.3 -> 11.05 | AL52: =($G$52-AK52)*19951/1000 -> -20.94855 | AM52: + | AN52: =IF(AL52<0,0,AL52) -> 0 | AP52: kg | AQ52: =XM.HN!G35 -> 8.3 | AR52: =AQ52*1.3 -> 10.79 | AS52: =($G$52-AR52)*19951/1000 -> -15.76129 | AT52: + | AU52: =IF(AS52<0,0,AS52) -> 0 | AW52: kg | BA52: 0 | BB52: + | BC52: 0
A53: 1F-CR3I | B53: XL-001F | C53: Nồng độ Cr2O3 三價鉻 | D53: % | E53: ='XM.GUI MAIL'!E53 -> 6~10 | F53: ='XM.GUI MAIL'!F53 -> (7±1) | G53: ='XM.GUI MAIL'!G53 -> 7 | H53: =XM.HN!B36 -> 17.25 | I53: 6.58 | J53: =($G$53-I53)*575/100 -> 2.415 | K53: + | L53: =IF(J53<0,0,J53) -> 2.415 | N53: L | O53: =XM.HN!C36 -> 17.4 | P53: 6.85 | Q53: =($G$53-P53)*575/100 -> 0.8625 | R53: + | S53: =IF(Q53<0,0,Q53) -> 0.8625 | U53: L | V53: =XM.HN!D36 -> 17 | W53: 7.1 | X53: =($G$53-W53)*575/100 -> -0.575 | Y53: + | Z53: =IF(X53<0,0,X53) -> 0 | AB53: L | AC53: =XM.HN!E36 -> 16.4 | AD53: 7 | AE53: =($G$53-AD53)*575/100 -> 0 | AF53: + | AG53: =IF(AE53<0,0,AE53) -> 0 | AI53: L | AJ53: =XM.HN!F36 -> 16.7 | AK53: 7.2 | AL53: =($G$53-AK53)*575/100 -> -1.15 | AM53: + | AN53: =IF(AL53<0,0,AL53) -> 0 | AP53: L | AQ53: =XM.HN!G36 -> 17.1 | AR53: 7 | AS53: =($G$53-AR53)*575/100 -> 0 | AT53: + | AU53: =IF(AS53<0,0,AS53) -> 0 | AW53: L | BA53: -0.575 | BB53: + | BC53: 0
A54: 1F-CR3IPH | B54: XL-001F | C54: PH | D54: pH | E54: ='XM.GUI MAIL'!E54 -> 2~2.5 | F54: ='XM.GUI MAIL'!F54 -> (2.3±0.1 ) | G54: ='XM.GUI MAIL'!G54 -> 0 | I54: 2.3 | P54: 2.28 | W54: 2.26 | AD54: 2.3 | AK54: 2.35 | AR54: 2.4
A55: 1F-HCL1 | B55: XL-001F | C55: Nồng độ acid đặc 鹽酸 濃度 | D55: %V/V | E55: ='XM.GUI MAIL'!E55 -> 40~50 | F55: ='XM.GUI MAIL'!F55 -> (45±5) | G55: ='XM.GUI MAIL'!G55 -> 0.45 | H55: =XM.HN!B38 -> 3.85 | I55: =(1*H55*36.5)/(1*10)/32%/100 -> 0.43914063 | J55: =($G$55-I55)*2122 -> 23.043594 | K55: + | L55: =IF(J55<0,0,J55) -> 23.043594 | N55: L | O55: =XM.HN!C38 -> 4.1 | P55: =(1*O55*36.5)/(1*10)/32%/100 -> 0.46765625 | Q55: =($G$55-P55)*2122 -> -37.466562 | R55: + | S55: =IF(Q55<0,0,Q55) -> 0 | U55: L | V55: =XM.HN!D38 -> 4 | W55: =(1*V55*36.5)/(1*10)/32%/100 -> 0.45625 | X55: =($G$55-W55)*2122 -> -13.2625 | Y55: + | Z55: =IF(X55<0,0,X55) -> 0 | AB55: L | AC55: =XM.HN!E38 -> 3.95 | AD55: =(1*AC55*36.5)/(1*10)/32%/100 -> 0.45054688 | AE55: =($G$55-AD55)*2122 -> -1.1604688 | AF55: + | AG55: =IF(AE55<0,0,AE55) -> 0 | AI55: L | AJ55: =XM.HN!F38 -> 4.2 | AK55: 0.446 | AL55: =($G$55-AK55)*2122 -> 8.488 | AM55: + | AN55: =IF(AL55<0,0,AL55) -> 8.488 | AP55: L | AQ55: =XM.HN!G38 -> 4 | AR55: =(1*AQ55*36.5)/(1*10)/32%/100 -> 0.45625 | AS55: =($G$55-AR55)*2122 -> -13.2625 | AT55: + | AU55: =IF(AS55<0,0,AS55) -> 0 | AW55: L | BA55: 0 | BB55: + | BC55: 0
A56: 1F-HCL2 | B56: XL-001F | C56: Nồng độ acid loãng 稀酸 濃度 | D56: %V/V | E56: ='XM.GUI MAIL'!E56 -> (22±5) =17~27 | F56: ='XM.GUI MAIL'!F56 -> (22±5) | G56: ='XM.GUI MAIL'!G56 -> 0.22 | H56: =XM.HN!B39 -> 0 | I56: =(1*H56*36.5)/(1*10)/32%/100 -> 0 | J56: =($G$56-I56)*612 -> 134.64 | K56: + | L56: =IF(J56<0,0,J56) -> 134.64 | N56: L | O56: =XM.HN!C39 -> 0 | P56: =(1*O56*36.5)/(1*10)/32%/100 -> 0 | Q56: =($G$56-P56)*612 -> 134.64 | R56: + | S56: =IF(Q56<0,0,Q56) -> 134.64 | U56: L | V56: =XM.HN!D39 -> 0 | W56: =(1*V56*36.5)/(1*10)/32%/100 -> 0 | X56: =($G$56-W56)*612 -> 134.64 | Y56: + | Z56: =IF(X56<0,0,X56) -> 134.64 | AB56: L | AC56: =XM.HN!E39 -> 0 | AD56: =(1*AC56*36.5)/(1*10)/32%/100 -> 0 | AE56: =($G$56-AD56)*612 -> 134.64 | AF56: + | AG56: =IF(AE56<0,0,AE56) -> 134.64 | AI56: L | AJ56: =XM.HN!F39 -> 0 | AK56: =(1*AJ56*36.5)/(1*10)/32%/100 -> 0 | AL56: =($G$56-AK56)*612 -> 134.64 | AM56: + | AN56: =IF(AL56<0,0,AL56) -> 134.64 | AP56: L | AQ56: =XM.HN!G39 -> 0 | AR56: =(1*AQ56*36.5)/(1*10)/32%/100 -> 0 | AS56: =($G$56-AR56)*612 -> 134.64 | AT56: + | AU56: =IF(AS56<0,0,AS56) -> 134.64 | AW56: L | BA56: -4.9725 | BB56: + | BC56: 0
A57: 1F-HCL3 | B57: XL-001F | C57: Nồng độ HCl hoạt hóa 稀酸活化 濃度 | D57: %V/V | E57: ='XM.GUI MAIL'!E57 -> 5~15 | F57: ='XM.GUI MAIL'!F57 -> (10±3) | G57: ='XM.GUI MAIL'!G57 -> 0.1 | H57: =XM.HN!B40 -> 0 | I57: =(1*H57*36.5)/(5*10)/32%/100 -> 0 | J57: =($G$57-I57)*575 -> 57.5 | K57: + | L57: =IF(J57<0,0,J57) -> 57.5 | N57: L | O57: =XM.HN!C40 -> 0 | P57: =(1*O57*36.5)/(5*10)/32%/100 -> 0 | Q57: =($G$57-P57)*575 -> 57.5 | R57: + | S57: =IF(Q57<0,0,Q57) -> 57.5 | U57: L | V57: =XM.HN!D40 -> 0 | W57: =(1*V57*36.5)/(5*10)/32%/100 -> 0 | X57: =($G$57-W57)*575 -> 57.5 | Y57: + | Z57: =IF(X57<0,0,X57) -> 57.5 | AB57: L | AC57: =XM.HN!E40 -> 0 | AD57: =(1*AC57*36.5)/(5*10)/32%/100 -> 0 | AE57: =($G$57-AD57)*575 -> 57.5 | AF57: + | AG57: =IF(AE57<0,0,AE57) -> 57.5 | AI57: L | AJ57: =XM.HN!F40 -> 0 | AK57: =(1*AJ57*36.5)/(5*10)/32%/100 -> 0 | AL57: =($G$57-AK57)*575 -> 57.5 | AM57: + | AN57: =IF(AL57<0,0,AL57) -> 57.5 | AP57: L | AQ57: =XM.HN!G40 -> 0 | AR57: =(1*AQ57*36.5)/(5*10)/32%/100 -> 0 | AS57: =($G$57-AR57)*575 -> 57.5 | AT57: + | AU57: =IF(AS57<0,0,AS57) -> 57.5 | AW57: L | BA57: 3.7195313 | BB57: + | BC57: 3.7195313
A58: 1F-HNO3 | B58: XL-001F | C58: Nồng độ HNO3 硝酸濃度 | D58: % | E58: ='XM.GUI MAIL'!E58 -> 0.5~1.5 | F58: ='XM.GUI MAIL'!F58 -> (1±0.4) | G58: ='XM.GUI MAIL'!G58 -> 0.01 | H58: =XM.HN!B41 -> 8.3 | I58: =(H58*0.126)/100 -> 0.010458 | J58: =($G$23-I58)*530/65%/1.51 -> -0.24731533 | K58: + | L58: =IF(J58<0,0,J58) -> 0 | N58: L | O58: =XM.HN!C41 -> 8.5 | P58: =(O58*0.126)/100 -> 0.01071 | Q58: =($G$23-P58)*530/65%/1.51 -> -0.38339277 | R58: + | S58: =IF(Q58<0,0,Q58) -> 0 | U58: L | V58: =XM.HN!D41 -> 8 | W58: =(V58*0.126)/100 -> 0.01008 | X58: =($G$23-W58)*530/65%/1.51 -> -0.043199185 | Y58: + | Z58: =IF(X58<0,0,X58) -> 0 | AB58: L | AC58: =XM.HN!E41 -> 11.2 | AD58: 0.013 | AE58: =($G$23-AD58)*530/65%/1.51 -> -1.6199694 | AF58: + | AG58: =IF(AE58<0,0,AE58) -> 0 | AI58: L | AJ58: =XM.HN!F41 -> 8.4 | AK58: =(AJ58*0.126)/100 -> 0.010584 | AL58: =($G$23-AK58)*530/65%/1.51 -> -0.31535405 | AM58: + | AN58: =IF(AL58<0,0,AL58) -> 0 | AP58: L | AQ58: =XM.HN!G41 -> 8.1 | AR58: =(AQ58*0.126)/100 -> 0.010206 | AS58: =($G$23-AR58)*530/65%/1.51 -> -0.1112379 | AT58: + | AU58: =IF(AS58<0,0,AS58) -> 0 | AW58: L | BA58: -1.5051022 | BB58: + | BC58: 0
A59: 1F-CR3K | B59: XL-001F | C59: Nồng độ Cr2O3 （K) 三價鉻 FINIDIP 124 | D59: % | E59: ='XM.GUI MAIL'!E59 -> 5~8 | F59: ='XM.GUI MAIL'!F59 -> (6±0.5) | G59: ='XM.GUI MAIL'!G59 -> 6 | H59: =XM.HN!B42 -> 6.1 | I59: =H59*0.8+1.4 -> 6.28 | J59: =($G$59-I59)*575/95 -> -1.6947368 | K59: + | L59: =IF(J59<0,0,J59) -> 0 | N59: L | O59: =XM.HN!C42 -> 0 | P59: KO SX | Q59: =($G$59-P59)*575/95 -> #VALUE! | R59: + | U59: L | V59: =XM.HN!D42 -> 0 | W59: KO SX | X59: =($G$59-W59)*575/95 -> #VALUE! | Y59: + | AB59: L | AC59: =XM.HN!E42 -> 0 | AD59: KO SX | AE59: =($G$59-AD59)*575/95 -> #VALUE! | AF59: + | AI59: L | AJ59: =XM.HN!F42 -> 0 | AK59: KO SX | AL59: =($G$59-AK59)*575/95 -> #VALUE! | AM59: + | AP59: L | AQ59: =XM.HN!G42 -> 0 | AR59: KO SX | AS59: =($G$59-AR59)*575/95 -> #VALUE! | AT59: + | AW59: L | BA59: 29.657895 | BB59: + | BC59: 29.657895
A60: 1F-CR3KPH | B60: XL-001F | C60: PH | D60: pH | E60: ='XM.GUI MAIL'!E60 -> 1.8~2.4 | F60: ='XM.GUI MAIL'!F60 -> (2.1±0.1 ) | I60: =XM.HN!B43 -> 2.1 | P60: KO SX | Q60: =($G$59-P60)*575/95 -> #VALUE! | R60: + | W60: KO SX | X60: =($G$59-W60)*575/95 -> #VALUE! | Y60: + | AD60: KO SX | AE60: =($G$59-AD60)*575/95 -> #VALUE! | AF60: + | AK60: KO SX | AL60: =($G$59-AK60)*575/95 -> #VALUE! | AM60: + | AR60: KO SX | AS60: =($G$59-AR60)*575/95 -> #VALUE! | AT60: +
A61: Hạng mục kiểm tra nhiệt độ 檢查溫度
A62: MÃ | B62: MÃ MÁY | C62: Hạng mục kiểm tra nhiệt độ 溫度檢查項目 | D62: nhiệt độ 溫度 | E62: Phạm vi kiểm soát 範圍值 | F62: Giới hạn kiểm soát 管控值 | I62: Nhiệt kế 温度計 | L62: Nhiệt tự động 自動温控 | P62: Nhiệt kế 温度計 | S62: Nhiệt tự động 自動温控 | W62: Nhiệt kế 温度計 | Z62: Nhiệt tự động 自動温控 | AD62: Nhiệt kế 温度計 | AG62: Nhiệt tự động 自動温控 | AK62: Nhiệt kế 温度計 | AN62: Nhiệt tự động 自動温控 | AR62: Nhiệt kế 温度計 | AU62: Nhiệt tự động 自動温控 | BC62: Nhiệt tự động 自動温控
A63: 1F-TEMXB1 | B63: XL-001F | C63: Nhiệt độ xà bông nóng (1) 熱脫脂溫度(1) | D63: 0C | E63: ='XM.GUI MAIL'!E63 -> 50~70 | F63: ='XM.GUI MAIL'!F63 -> (60±5) | I63: 60 | L63: 60 | P63: 60 | S63: 60 | W63: 60 | Z63: 60 | AD63: 57 | AG63: 56 | AK63: 55 | AN63: 54 | AR63: 59 | AU63: 58 | BC63: 62
A64: 1F-TEMXB2 | B64: XL-001F | C64: Nhiệt độ xà bông nóng (2) 熱脫脂溫度(2) | D64: 0C | E64: ='XM.GUI MAIL'!E64 -> 50~70 | F64: ='XM.GUI MAIL'!F64 -> (60±5) | I64: 60 | L64: 60 | P64: 62 | S64: 61 | W64: 60 | Z64: 60 | AD64: 62 | AG64: 61 | AK64: 62 | AN64: 61 | AR64: 61 | AU64: 60 | BC64: 61
A65: 1F-TEMDG1 | B65: XL-001F | C65: Nhiệt độ điện giải (1) 電解1 溫度 | D65: 0C | E65: ='XM.GUI MAIL'!E65 -> 40~60 | F65: ='XM.GUI MAIL'!F65 -> (50±5) | I65: 52 | L65: 51 | P65: 52 | S65: 51 | W65: 53 | Z65: 52 | AD65: 53 | AG65: 52 | AK65: 53 | AN65: 52 | AR65: 52 | AU65: 51 | BC65: 56
A66: 1F-TEMDG2 | B66: XL-001F | C66: Nhiệt độ điện giải (2) 電解 2 溫度 | D66: 0C | E66: ='XM.GUI MAIL'!E66 -> 40~60 | F66: ='XM.GUI MAIL'!F66 -> (50±5) | I66: 52 | L66: 51 | P66: 52 | S66: 50 | W66: 50 | Z66: 50 | AD66: 52 | AG66: 51 | AK66: 51 | AN66: 50 | AR66: 52 | AU66: 51 | BC66: 50
A67: 1F-TEMBX | B67: XL-001F | C67: Nhiệt độ bồn xi 鍍鋅槽溫度 | D67: 0C | E67: ='XM.GUI MAIL'!E67 -> 22~35 | F67: ='XM.GUI MAIL'!F67 -> (30±4) | I67: 35 | L67: 36 | P67: 36 | S67: 36 | W67: 36 | Z67: 36 | AD67: 34 | AG67: 34 | AK67: 34 | AN67: 33 | AR67: 33 | AU67: 32 | BC67: 27
A68: 1F-TEMCR3I | B68: XL-001F | C68: Nhiệt độ bồn màu Cr2O3 三價鉻 溫度 | D68: 0C | E68: ='XM.GUI MAIL'!E68 -> 30-38 | F68: ='XM.GUI MAIL'!F68 -> (34±2) | I68: 33 | L68: 32 | P68: 33 | S68: 32 | W68: 34 | Z68: 33 | AD68: 33 | AG68: 32 | AK68: 34 | AN68: 33 | AR68: 34 | AU68: 33 | BC68: 32
A69: 1F-TEMH2O | B69: XL-001F | C69: Nhiệt độ bồn nước nóng 熱水溫度 | D69: 0C | E69: ='XM.GUI MAIL'!E69 -> 50~70 | F69: ='XM.GUI MAIL'!F69 -> (60±10) | I69: 56 | L69: 55 | P69: 55 | S69: 56 | W69: 56 | Z69: 55 | AD69: 58 | AG69: 57 | AK69: 55 | AN69: 54 | AR69: 56 | AU69: 55 | BC69: 58
A70: 1F-TEMSAY | B70: XL-001F | C70: Sấy khô 烘乾 | D70: 0C | E70: ='XM.GUI MAIL'!E70 -> 80~100 | F70: ='XM.GUI MAIL'!F70 -> (90±5) | I70: \ | L70: 91 | P70: \ | S70: 90 | W70: \ | Z70: 90 | AD70: \ | AG70: 91 | AK70: \ | AN70: 92 | AR70: \ | AU70: 90 | BC70: 72
A71: Hạng mục kiểm tra bơm thuốc tự động 藥液自動添加
A72: 1F-MEM | B72: XL-001F | C72: 開缸劑 250 Base | D72: ml/1000AH | E72: ='XM.GUI MAIL'!E72 -> 100-200 | F72: ='XM.GUI MAIL'!F72 -> 100-200 | I72: 140 | P72: 142 | W72: 142 | AD72: 130 | AK72: 125 | AR72: 130
A73: 1F-BONG | B73: XL-001F | C73: 光亮劑 250 Brightener | D73: ml/1000AH | E73: ='XM.GUI MAIL'!E73 -> 20-50 | F73: ='XM.GUI MAIL'!F73 -> 20-50 | I73: 38 | P73: 40 | W73: 42 | AD73: 40 | AK73: 42 | AR73: 40
A75: 生產線別：無氰鹼吊電C線 (XT-000C) | F75: =MENU!$AC$9 -> Thứ 4, | I75: =MENU!$AD$9 -> 2024/05/22 | AK75: 生產線別：無氰鹼吊電C線 (XT-000C)
G76: tiêu chuẩn khống chế để bổ sung | I76: 7:15 | P76: 11:15 | W76: 15:15 | AD76: 19:15 | AK76: 23:15 | AR76: 03:15
A77: MÃ | B77: MÃ MÁY | C77: Hạng mục kiểm tra nồng độ 化驗檢查項目 | D77: Đơn vị 單位 | E77: Phạm vi kiểm soát 範圍值 | F77: Giới hạn kiểm soát 管控值 | I77: 濃度 | J77: 補充 BS | K77: 補充 BS | P77: 濃度 | Q77: 補充 BS | R77: 補充 BS | W77: 濃度 | X77: 補充 BS | Y77: 補充 BS | AD77: 濃度 | AE77: 補充 BS | AF77: 補充 BS | AK77: 濃度 | AL77: 補充 BS | AM77: 補充 BS | AR77: 濃度 | AS77: 補充 BS | AT77: 補充 BS | BA77: 補充 BS | BB77: 補充 BS
A78: XT-XB1 | B78: XT-000C | C78: Xà bông 脫脂 (2,3,4) CT-21A | D78: g/L | E78: ='XM.GUI MAIL'!E78 -> 40~60 | F78: ='XM.GUI MAIL'!F78 -> (50±5) | G78: ='XM.GUI MAIL'!G78 -> 50 | H78: =XM.HN!B47 -> 7.35 | I78: =H78*6.49 -> 47.7015 | J78: =($G$78-I78)*15517/1000 -> 35.665825 | K78: + | L78: =IF(J78<0,0,J78) -> 35.665825 | N78: kg | O78: =XM.HN!C47 -> 7.5 | P78: =O78*6.49 -> 48.675 | Q78: =($G$78-P78)*15517/1000 -> 20.560025 | R78: + | S78: =IF(Q78<0,0,Q78) -> 20.560025 | U78: kg | V78: =XM.HN!D47 -> 8.05 | W78: =V78*6.49 -> 52.2445 | X78: =($G$78-W78)*15517/1000 -> -34.827907 | Y78: + | Z78: =IF(X78<0,0,X78) -> 0 | AB78: kg | AC78: =XM.HN!E47 -> 7.7 | AD78: 51.3 | AE78: =($G$78-AD78)*15517/1000 -> -20.1721 | AF78: + | AG78: =IF(AE78<0,0,AE78) -> 0 | AI78: kg | AJ78: =XM.HN!F47 -> 7.7 | AK78: 50.5 | AL78: =($G$78-AK78)*15517/1000 -> -7.7585 | AM78: + | AN78: =IF(AL78<0,0,AL78) -> 0 | AP78: kg | AQ78: =XM.HN!G47 -> 7.8 | AR78: 50.2 | AS78: =($G$78-AR78)*15517/1000 -> -3.1034 | AT78: + | AU78: =IF(AS78<0,0,AS78) -> 0 | AW78: kg | BA78: -39.863173 | BB78: + | BC78: 0
C79: CT-21B | E79: CT-21A: 25kg/CT-21B: 7-10L | K79: + | L79: =L78/25*8.5 -> 12.12638 | N79: L | R79: + | S79: =S78/25*8.5 -> 6.9904085 | U79: L | Y79: + | Z79: =Z78/25*8.5 -> 0 | AB79: L | AF79: + | AG79: =AG78/25*8.5 -> 0 | AI79: L | AM79: + | AN79: =AN78/25*8.5 -> 0 | AP79: L | AT79: + | AU79: =AU78/25*8.5 -> 0 | AW79: L | BB79: + | BC79: 0
A80: XT-XB2 | B80: XT-000C | C80: Xà bông 脫脂 (5,6) CT-21A | D80: g/L | E80: ='XM.GUI MAIL'!E80 -> 40~60 | F80: ='XM.GUI MAIL'!F80 -> (50±5) | G80: ='XM.GUI MAIL'!G80 -> 50 | H80: =XM.HN!B49 -> 7.15 | I80: =H80*6.49 -> 46.4035 | J80: =($G$80-I80)*11475/1000 -> 41.269837 | K80: + | L80: =IF(J80<0,0,J80) -> 41.269837 | N80: kg | O80: =XM.HN!C49 -> 7.35 | P80: =O80*6.49 -> 47.7015 | Q80: =($G$80-P80)*11475/1000 -> 26.375288 | R80: + | S80: =IF(Q80<0,0,Q80) -> 26.375288 | U80: kg | V80: =XM.HN!D49 -> 7.7 | W80: =V80*6.49 -> 49.973 | X80: =($G$80-W80)*11475/1000 -> 0.309825 | Y80: + | Z80: =IF(X80<0,0,X80) -> 0.309825 | AB80: kg | AC80: =XM.HN!E49 -> 7.5 | AD80: 49.2 | AE80: =($G$80-AD80)*11475/1000 -> 9.18 | AF80: + | AG80: =IF(AE80<0,0,AE80) -> 9.18 | AI80: kg | AJ80: =XM.HN!F49 -> 7.6 | AK80: 51.3 | AL80: =($G$80-AK80)*11475/1000 -> -14.9175 | AM80: + | AN80: =IF(AL80<0,0,AL80) -> 0 | AP80: kg | AQ80: =XM.HN!G49 -> 7.9 | AR80: 51 | AS80: =($G$80-AR80)*11475/1000 -> -11.475 | AT80: + | AU80: =IF(AS80<0,0,AS80) -> 0 | AW80: kg | BA80: -6.885 | BB80: + | BC80: 0
C81: CT-21B | E81: CT-21A: 25kg/CT-21B: 7-10L | K81: + | L81: =L80/25*8.5 -> 14.031745 | N81: L | R81: + | S81: =S80/25*8.5 -> 8.9675978 | U81: L | Y81: + | Z81: =Z80/25*8.5 -> 0.1053405 | AB81: L | AF81: + | AG81: =AG80/25*8.5 -> 3.1212 | AI81: L | AM81: + | AN81: =AN80/25*8.5 -> 0 | AP81: L | AT81: + | AU81: =AU80/25*8.5 -> 0 | AW81: L | BB81: + | BC81: 0
A82: XT-DG1 | B82: XT-000C | C82: Điện giải 電解 (8) EC-508A | D82: g/L | E82: ='XM.GUI MAIL'!E82 -> 50~70 | F82: ='XM.GUI MAIL'!F82 -> (60±5) | G82: ='XM.GUI MAIL'!G82 -> 60 | H82: =XM.HN!B51 -> 12.65 | I82: =H82*4.62 -> 58.443 | J82: =($G$82-I82)*8200/1000 -> 12.7674 | K82: + | L82: =IF(J82<0,0,J82) -> 12.7674 | N82: kg | O82: =XM.HN!C51 -> 12.6 | P82: =O82*4.62 -> 58.212 | Q82: =($G$82-P82)*8200/1000 -> 14.6616 | R82: + | S82: =IF(Q82<0,0,Q82) -> 14.6616 | U82: kg | V82: =XM.HN!D51 -> 14 | W82: =V82*4.62 -> 64.68 | X82: =($G$82-W82)*8200/1000 -> -38.376 | Y82: + | Z82: =IF(X82<0,0,X82) -> 0 | AB82: kg | AC82: =XM.HN!E51 -> 13.4 | AD82: 63.2 | AE82: =($G$82-AD82)*8200/1000 -> -26.24 | AF82: + | AG82: =IF(AE82<0,0,AE82) -> 0 | AI82: kg | AJ82: =XM.HN!F51 -> 13.3 | AK82: 62.2 | AL82: =($G$82-AK82)*8200/1000 -> -18.04 | AM82: + | AN82: =IF(AL82<0,0,AL82) -> 0 | AP82: kg | AQ82: =XM.HN!G51 -> 13.4 | AR82: 61.5 | AS82: =($G$82-AR82)*8200/1000 -> -12.3 | AT82: + | AU82: =IF(AS82<0,0,AS82) -> 0 | AW82: kg | BA82: 0 | BB82: + | BC82: 0
C83: EC-508B | E83: EC-508A: 25kg/EC-508B:6-10L | K83: + | N83: L | R83: + | U83: L | Y83: + | AB83: L | AF83: + | AI83: L | AM83: + | AP83: L | AT83: + | AW83: L | BB83: +
A84: XT-DG2 | B84: XT-000C | C84: Điện giải 電解 (20,21) EC-508A | D84: g/L | E84: ='XM.GUI MAIL'!E84 -> 50~70 | F84: ='XM.GUI MAIL'!F84 -> (60±5) | G84: ='XM.GUI MAIL'!G84 -> 60 | H84: =XM.HN!B53 -> 13 | I84: =H84*4.62 -> 60.06 | J84: =($G$84-I84)*8668/1000 -> -0.52008 | K84: + | L84: =IF(J84<0,0,J84) -> 0 | N84: kg | O84: =XM.HN!C53 -> 12.9 | P84: =O84*4.62 -> 59.598 | Q84: =($G$84-P84)*8668/1000 -> 3.484536 | R84: + | S84: =IF(Q84<0,0,Q84) -> 3.484536 | U84: kg | V84: =XM.HN!D53 -> 13.2 | W84: =V84*4.62 -> 60.984 | X84: =($G$84-W84)*8668/1000 -> -8.529312 | Y84: + | Z84: =IF(X84<0,0,X84) -> 0 | AB84: kg | AC84: =XM.HN!E53 -> 13 | AD84: =AC84*4.62 -> 60.06 | AE84: =($G$84-AD84)*8668/1000 -> -0.52008 | AF84: + | AG84: =IF(AE84<0,0,AE84) -> 0 | AI84: kg | AJ84: =XM.HN!F53 -> 13 | AK84: 59.4 | AL84: =($G$84-AK84)*8668/1000 -> 5.2008 | AM84: + | AN84: =IF(AL84<0,0,AL84) -> 5.2008 | AP84: kg | AQ84: =XM.HN!G53 -> 13 | AR84: 61.6 | AS84: =($G$84-AR84)*8668/1000 -> -13.8688 | AT84: + | AU84: =IF(AS84<0,0,AS84) -> 0 | AW84: kg | BA84: 0 | BB84: + | BC84: 0
C85: EC-508B | E85: EC-508A: 25kg/EC-508B:6-10L | K85: + | N85: L | R85: + | U85: L | Y85: + | AB85: L | AF85: + | AI85: L | AM85: + | AP85: L | AT85: + | AW85: L | BB85: +
A86: XT-NAOH | B86: XT-000C | C86: NaOH (26-37) 氫氧化鈉 | D86: g/L | E86: ='XM.GUI MAIL'!E86 -> 135~ 145 | F86: ='XM.GUI MAIL'!F86 -> (140±5) | G86: ='XM.GUI MAIL'!G86 -> 140 | H86: =XM.HN!B55 -> 17.25 | I86: =H86*8 -> 138 | J86: =($G$86-I86)*53066/1000 -> 106.132 | K86: + | L86: =IF(J86<0,0,J86) -> 106.132 | N86: kg | O86: =XM.HN!C55 -> 17.5 | P86: =O86*8 -> 140 | Q86: =($G$86-P86)*53066/1000 -> 0 | R86: + | S86: =IF(Q86<0,0,Q86) -> 0 | U86: kg | V86: =XM.HN!D55 -> 17.2 | W86: 140 | X86: =($G$86-W86)*53066/1000 -> 0 | Y86: + | Z86: =IF(X86<0,0,X86) -> 0 | AB86: kg | AC86: =XM.HN!E55 -> 17.5 | AD86: 139.2 | AE86: =($G$86-AD86)*53066/1000 -> 42.4528 | AF86: + | AG86: =IF(AE86<0,0,AE86) -> 42.4528 | AI86: kg | AJ86: =XM.HN!F55 -> 17.5 | AK86: =AJ86*8 -> 140 | AL86: =($G$86-AK86)*53066/1000 -> 0 | AM86: + | AN86: =IF(AL86<0,0,AL86) -> 0 | AP86: kg | AQ86: =XM.HN!G55 -> 17.4 | AR86: =AQ86*8 -> 139.2 | AS86: =($G$86-AR86)*53066/1000 -> 42.4528 | AT86: + | AU86: =IF(AS86<0,0,AS86) -> 42.4528 | AW86: kg | BA86: 42.4528 | BB86: + | BC86: 42.4528
A87: XT-ZN | B87: XT-000C | C87: Zn 鋅 (26-37) (1 pcs Zn=25kg) | D87: g/L | E87: ='XM.GUI MAIL'!E87 -> 7~10 | F87: ='XM.GUI MAIL'!F87 -> (8.5±1) | G87: ='XM.GUI MAIL'!G87 -> 8.5 | H87: =XM.HN!B56 -> 6.5 | I87: =H87*1.3 -> 8.45 | J87: =($G$87-I87)*53066/1000 -> 2.6533 | K87: + | L87: =IF(J87<0,0,J87) -> 2.6533 | N87: kg | O87: =XM.HN!C56 -> 6.5 | P87: =O87*1.3 -> 8.45 | Q87: =($G$87-P87)*53066/1000 -> 2.6533 | R87: + | S87: =IF(Q87<0,0,Q87) -> 2.6533 | U87: kg | V87: =XM.HN!D56 -> 6.45 | W87: =V87*1.3 -> 8.385 | X87: =($G$87-W87)*53066/1000 -> 6.10259 | Y87: + | Z87: =IF(X87<0,0,X87) -> 6.10259 | AB87: kg | AC87: =XM.HN!E56 -> 6.55 | AD87: =AC87*1.3 -> 8.515 | AE87: =($G$87-AD87)*53066/1000 -> -0.79599 | AF87: + | AG87: =IF(AE87<0,0,AE87) -> 0 | AI87: kg | AJ87: =XM.HN!F56 -> 6.5 | AK87: =AJ87*1.3 -> 8.45 | AL87: =($G$87-AK87)*53066/1000 -> 2.6533 | AM87: + | AN87: =IF(AL87<0,0,AL87) -> 2.6533 | AP87: kg | AQ87: =XM.HN!G56 -> 6.4 | AR87: 8.6 | AS87: =($G$87-AR87)*53066/1000 -> -5.3066 | AT87: + | AU87: =IF(AS87<0,0,AS87) -> 0 | AW87: kg | BA87: 0 | BB87: + | BC87: 0
A88: XT-CR3I | B88: XT-000C | C88: Nồng độ Cr2O3 三價鉻(46) LANTHANE 318 (HALO) | D88: % | E88: ='XM.GUI MAIL'!E88 -> 5~8 | F88: ='XM.GUI MAIL'!F88 -> (6±1) | G88: ='XM.GUI MAIL'!G88 -> 6 | H88: =XM.HN!B57 -> 17.8 | I88: =(H88*0.4237)-1.0461 -> 6.49576 | J88: =($G$88-I88)*3360/100 -> -16.657536 | K88: + | L88: =IF(J88<0,0,J88) -> 0 | N88: L | O88: =XM.HN!C57 -> 17.75 | P88: =(O88*0.4237)-1.0461 -> 6.474575 | Q88: =($G$88-P88)*3360/100 -> -15.94572 | R88: + | S88: =IF(Q88<0,0,Q88) -> 0 | U88: L | V88: =XM.HN!D57 -> 17 | W88: =(V88*0.4237)-1.0461 -> 6.1568 | X88: =($G$88-W88)*3360/100 -> -5.26848 | Y88: + | Z88: =IF(X88<0,0,X88) -> 0 | AB88: L | AC88: =XM.HN!E57 -> 17.3 | AD88: 6.1 | AE88: =($G$88-AD88)*3360/100 -> -3.36 | AF88: + | AG88: =IF(AE88<0,0,AE88) -> 0 | AI88: L | AJ88: =XM.HN!F57 -> 17.2 | AK88: 6 | AL88: =($G$88-AK88)*3360/100 -> 0 | AM88: + | AN88: =IF(AL88<0,0,AL88) -> 0 | AP88: L | AQ88: =XM.HN!G57 -> 17.4 | AR88: 6 | AS88: =($G$88-AR88)*3360/100 -> 0 | AT88: + | AU88: =IF(AS88<0,0,AS88) -> 0 | AW88: L | BA88: 3.36 | BB88: + | BC88: 3.36
A89: XT-CR3IPH | B89: XT-000C | C89: =MENU!AE44 -> Pha mới: 2024/05/19 | D89: pH | E89: ='XM.GUI MAIL'!E89 -> 2.0~2.4 | F89: ='XM.GUI MAIL'!F89 -> (2.2±0.1) | G89: ='XM.GUI MAIL'!G89 -> 0 | I89: =XM.HN!B66 -> 2.2 | P89: =XM.HN!C66 -> 2.18 | W89: =XM.HN!D66 -> 2.2 | AD89: =XM.HN!E66 -> 2.18 | AK89: =XM.HN!F66 -> 2.15 | AR89: =XM.HN!G66 -> 2.18
A90: XT-HCL3 | B90: XT-000C | C90: Nồng độ acid loãng (12) 稀酸 濃度 | D90: %V/V | E90: ='XM.GUI MAIL'!E90 -> 40~50 | F90: ='XM.GUI MAIL'!F90 -> (45±5) | G90: ='XM.GUI MAIL'!G90 -> 0.45 | H90: =XM.HN!B59 -> 1.8 | I90: 0.435 | J90: =($G$90-I90)*3234 -> 48.51 | K90: + | L90: =IF(J90<0,0,J90) -> 48.51 | N90: L | O90: =XM.HN!C59 -> 1.78 | P90: 0.448 | Q90: =($G$90-P90)*3234 -> 6.468 | R90: + | S90: =IF(Q90<0,0,Q90) -> 6.468 | U90: L | V90: =XM.HN!D59 -> 1.8 | W90: 0.465 | X90: =($G$90-W90)*3234 -> -48.51 | Y90: + | Z90: =IF(X90<0,0,X90) -> 0 | AB90: L | AC90: =XM.HN!E59 -> 1.8 | AD90: 0.46 | AE90: =($G$90-AD90)*3234 -> -32.34 | AF90: + | AG90: =IF(AE90<0,0,AE90) -> 0 | AI90: L | AJ90: =XM.HN!F59 -> 1.88 | AK90: 0.456 | AL90: =($G$90-AK90)*3234 -> -19.404 | AM90: + | AN90: =IF(AL90<0,0,AL90) -> 0 | AP90: L | AQ90: =XM.HN!G59 -> 1.86 | AR90: 0.452 | AS90: =($G$90-AR90)*3234 -> -6.468 | AT90: + | AU90: =IF(AS90<0,0,AS90) -> 0 | AW90: L
A91: XT-HCL1 | B91: XT-000C | C91: Nồng độ acid đặc (13) 鹽酸 濃度 | D91: %V/V | E91: ='XM.GUI MAIL'!E91 -> 15~25 | F91: ='XM.GUI MAIL'!F91 -> (18±2) | G91: ='XM.GUI MAIL'!G91 -> 0.18 | H91: =XM.HN!B60 -> 0 | I91: =(0.1*H91*36.5)/(0.5*10)/32%/100 -> 0 | J91: =($G$91-I91)*3361 -> 604.98 | K91: + | L91: =IF(J91<0,0,J91) -> 604.98 | N91: L | O91: =XM.HN!C60 -> 0 | P91: =(0.1*O91*36.5)/(0.5*10)/32%/100 -> 0 | Q91: =($G$91-P91)*3361 -> 604.98 | R91: + | S91: =IF(Q91<0,0,Q91) -> 604.98 | U91: L | V91: =XM.HN!D60 -> 0 | W91: =(0.1*V91*36.5)/(0.5*10)/32%/100 -> 0 | X91: =($G$91-W91)*3361 -> 604.98 | Y91: + | Z91: =IF(X91<0,0,X91) -> 604.98 | AB91: L | AC91: =XM.HN!E60 -> 0 | AD91: =(0.1*AC91*36.5)/(0.5*10)/32%/100 -> 0 | AE91: =($G$91-AD91)*3361 -> 604.98 | AF91: + | AG91: =IF(AE91<0,0,AE91) -> 604.98 | AI91: L | AJ91: =XM.HN!F60 -> 0 | AK91: =(0.1*AJ91*36.5)/(0.5*10)/32%/100 -> 0 | AL91: =($G$91-AK91)*3361 -> 604.98 | AM91: + | AN91: =IF(AL91<0,0,AL91) -> 604.98 | AP91: L | AQ91: =XM.HN!G60 -> 0 | AR91: =(0.1*AQ91*36.5)/(0.5*10)/32%/100 -> 0 | AS91: =($G$91-AR91)*3361 -> 604.98 | AT91: + | AU91: =IF(AS91<0,0,AS91) -> 604.98 | AW91: L | BA91: 10.343077 | BB91: + | BC91: 10.343077
C92: Nồng độ acid đặc (14) 鹽酸 濃度 | D92: %V/V | E92: ='XM.GUI MAIL'!E92 -> 40~50 | F92: ='XM.GUI MAIL'!F92 -> (45±5) | G92: ='XM.GUI MAIL'!G92 -> 0.45 | H92: =XM.HN!B61 -> 2.02 | I92: =(1*H92*36.5)/(0.5*10)/32%/100 -> 0.4608125 | J92: =($G$92-I92)*3361 -> -36.340812 | K92: + | L92: =IF(J92<0,0,J92) -> 0 | N92: L | O92: =XM.HN!C61 -> 2 | P92: =(1*O92*36.5)/(0.5*10)/32%/100 -> 0.45625 | Q92: =($G$92-P92)*3361 -> -21.00625 | R92: + | S92: =IF(Q92<0,0,Q92) -> 0 | U92: L | V92: =XM.HN!D61 -> 2.06 | W92: =(1*V92*36.5)/(0.5*10)/32%/100 -> 0.4699375 | X92: =($G$92-W92)*3361 -> -67.009937 | Y92: + | Z92: =IF(X92<0,0,X92) -> 0 | AB92: L | AC92: =XM.HN!E61 -> 2.06 | AD92: 0.466 | AE92: =($G$92-AD92)*3361 -> -53.776 | AF92: + | AG92: =IF(AE92<0,0,AE92) -> 0 | AI92: L | AJ92: =XM.HN!F61 -> 2.04 | AK92: =(1*AJ92*36.5)/(0.5*10)/32%/100 -> 0.465375 | AL92: =($G$92-AK92)*3361 -> -51.675375 | AM92: + | AN92: =IF(AL92<0,0,AL92) -> 0 | AP92: L | AQ92: =XM.HN!G61 -> 2.02 | AR92: =(1*AQ92*36.5)/(0.5*10)/32%/100 -> 0.4608125 | AS92: =($G$92-AR92)*3361 -> -36.340812 | AT92: + | AU92: =IF(AS92<0,0,AS92) -> 0 | AW92: L
A93: XT-HCL2 | B93: XT-000C | C93: Nồng độ acid đặc (15,16,17) 鹽酸 濃度 | D93: %V/V | E93: ='XM.GUI MAIL'!E93 -> 40~50 | F93: ='XM.GUI MAIL'!F93 -> (45±5) | G93: ='XM.GUI MAIL'!G93 -> 0.45 | H93: =XM.HN!B62 -> 2.06 | I93: =(1*H93*36.5)/(0.5*10)/32%/100 -> 0.4699375 | J93: =($G$93-I93)*10509 -> -209.52319 | K93: + | L93: =IF(J93<0,0,J93) -> 0 | N93: L | O93: =XM.HN!C62 -> 2.06 | P93: =(1*O93*36.5)/(0.5*10)/32%/100 -> 0.4699375 | Q93: =($G$93-P93)*10509 -> -209.52319 | R93: + | S93: =IF(Q93<0,0,Q93) -> 0 | U93: L | V93: =XM.HN!D62 -> 2.1 | W93: =(1*V93*36.5)/(0.5*10)/32%/100 -> 0.4790625 | X93: =($G$93-W93)*10509 -> -305.41781 | Y93: + | Z93: =IF(X93<0,0,X93) -> 0 | AB93: L | AC93: =XM.HN!E62 -> 2.1 | AD93: 0.473 | AE93: =($G$93-AD93)*10509 -> -241.707 | AF93: + | AG93: =IF(AE93<0,0,AE93) -> 0 | AI93: L | AJ93: =XM.HN!F62 -> 2.1 | AK93: 0.47 | AL93: =($G$93-AK93)*10509 -> -210.18 | AM93: + | AN93: =IF(AL93<0,0,AL93) -> 0 | AP93: L | AQ93: =XM.HN!G62 -> 2.06 | AR93: 0.468 | AS93: =($G$93-AR93)*10509 -> -189.162 | AT93: + | AU93: =IF(AS93<0,0,AS93) -> 0 | AW93: L | BA93: 0 | BB93: + | BC93: 0
A94: XT-HNO3 | B94: XT-000C | C94: Nồng độ HNO3 (42) 硝酸濃度 | D94: %V/V | E94: ='XM.GUI MAIL'!E94 -> (1±0.4)=0.6~1.4 | F94: ='XM.GUI MAIL'!F94 -> (1±0.4) | G94: ='XM.GUI MAIL'!G94 -> 0.01 | H94: =XM.HN!B63 -> 5.3 | I94: 0.0098 | J94: =($G$94-I94)*2808/65%/1.51 -> 0.57218543 | K94: + | L94: =IF(J94<0,0,J94) -> 0.57218543 | N94: L | O94: =XM.HN!C63 -> 5.2 | P94: 0.01 | Q94: =($G$94-P94)*2808/65%/1.51 -> 0 | R94: + | S94: =IF(Q94<0,0,Q94) -> 0 | U94: L | V94: =XM.HN!D63 -> 6.1 | W94: 0.0102 | X94: =($G$94-W94)*2808/65%/1.51 -> -0.57218543 | Y94: + | Z94: =IF(X94<0,0,X94) -> 0 | AB94: L | AC94: =XM.HN!E63 -> 6.2 | AD94: =(AC94*0.126)/100 -> 0.007812 | AE94: =($G$94-AD94)*2808/65%/1.51 -> 6.2597086 | AF94: + | AG94: =IF(AE94<0,0,AE94) -> 6.2597086 | AI94: L | AJ94: =XM.HN!F63 -> 6.4 | AK94: 0.01 | AL94: =($G$94-AK94)*2808/65%/1.51 -> 0 | AM94: + | AN94: =IF(AL94<0,0,AL94) -> 0 | AP94: L | AQ94: =XM.HN!G63 -> 6.4 | AR94: =(AQ94*0.126)/100 -> 0.008064 | AS94: =($G$94-AR94)*2808/65%/1.51 -> 5.538755 | AT94: + | AU94: =IF(AS94<0,0,AS94) -> 5.538755 | AW94: L | BA94: -0.127296 | BB94: + | BC94: 0
A95: XT-CR3K | B95: XT-000C | C95: Cr2O3 （K) (49) 三價鉻 FINIDIP 124 | D95: % | E95: ='XM.GUI MAIL'!E95 -> 5~8 | F95: ='XM.GUI MAIL'!F95 -> (6±0.5) | G95: ='XM.GUI MAIL'!G95 -> 6 | H95: =XM.HN!B64 -> 5.45 | I95: =H95*0.8+1.4 -> 5.76 | J95: =($G$95-I95)*4042/95*0.88 -> 8.9860042 | K95: + | L95: =IF(J95<0,0,J95) -> 8.9860042 | N95: L | O95: =XM.HN!C64 -> 5.4 | P95: 5.9 | Q95: =($G$95-P95)*4042/95*0.88 -> 3.7441684 | R95: + | S95: =IF(Q95<0,0,Q95) -> 3.7441684 | U95: L | V95: =XM.HN!D64 -> 5.4 | W95: 6.1 | X95: =($G$95-W95)*4042/95*0.88 -> -3.7441684 | Y95: + | Z95: =IF(X95<0,0,X95) -> 0 | AB95: L | AC95: =XM.HN!E64 -> 5.45 | AD95: 6 | AE95: =($G$95-AD95)*4042/95*0.88 -> 0 | AF95: + | AG95: =IF(AE95<0,0,AE95) -> 0 | AI95: L | AJ95: =XM.HN!F64 -> 5.45 | AK95: =AJ95*0.8+1.4 -> 5.76 | AL95: =($G$95-AK95)*4042/95*0.88 -> 8.9860042 | AM95: + | AN95: =IF(AL95<0,0,AL95) -> 8.9860042 | AP95: L | AQ95: =XM.HN!G64 -> 5.4 | AR95: 6.1 | AS95: =($G$95-AR95)*4042/95*0.88 -> -3.7441684 | AT95: + | AU95: =IF(AS95<0,0,AS95) -> 0 | AW95: L | BA95: 262.09179 | BB95: + | BC95: 262.09179
A96: XT-CR3KPH | B96: XT-000C | C96: PH | D96: pH | E96: ='XM.GUI MAIL'!E96 -> 1.8~2.4 | F96: ='XM.GUI MAIL'!F96 -> (2.1±0.1) | G96: ='XM.GUI MAIL'!G96 -> 0 | I96: =XM.HN!B65 -> 2.2 | P96: =XM.HN!C65 -> 2.18 | W96: =XM.HN!D65 -> 2.12 | AD96: =XM.HN!E65 -> 2 | AK96: =XM.HN!F65 -> 2.03 | AR96: =XM.HN!G65 -> 2.02
C97: Nồng độ Cr2O3 三價鉻( JASCO 45) | D97: % | E97: ='XM.GUI MAIL'!E97 -> 8~16 % | F97: ='XM.GUI MAIL'!F97 -> (12±2%) | G97: ='XM.GUI MAIL'!G97 -> 12 | H97: =XM.HN!B67 -> 0 | I97: =H97*100/6.95/10 -> 0 | J97: =($G$97-I97)*3360/100 -> 403.2 | K97: + | L97: =IF(J97<0,0,J97) -> 403.2 | N97: L | O97: =XM.HN!C67 -> 0 | P97: =O97*100/6.95/10 -> 0 | Q97: =($G$97-P97)*3360/100 -> 403.2 | R97: + | S97: =IF(Q97<0,0,Q97) -> 403.2 | U97: L | V97: =XM.HN!D67 -> 0 | W97: =V97*100/6.95/10 -> 0 | X97: =($G$97-W97)*3360/100 -> 403.2 | Y97: + | Z97: =IF(X97<0,0,X97) -> 403.2 | AB97: L | AC97: =XM.HN!E67 -> 0 | AD97: =AC97*100/6.95/10 -> 0 | AE97: =($G$97-AD97)*3360/100 -> 403.2 | AF97: + | AG97: =IF(AE97<0,0,AE97) -> 403.2 | AI97: L | AJ97: =XM.HN!F67 -> 0 | AK97: =AJ97*100/6.95/10 -> 0 | AL97: =($G$97-AK97)*3360/100 -> 403.2 | AM97: + | AN97: =IF(AL97<0,0,AL97) -> 403.2 | AP97: L | AQ97: =XM.HN!G67 -> 0 | AR97: =AQ97*100/6.95/10 -> 0 | AS97: =($G$97-AR97)*3360/100 -> 403.2 | AT97: + | AU97: =IF(AS97<0,0,AS97) -> 403.2 | AW97: L | BA97: -20.16 | BB97: + | BC97: 0
C98: PH | D98: pH | E98: ='XM.GUI MAIL'!E98 -> 1.8~2.4 | F98: ='XM.GUI MAIL'!F98 -> (2.0 ±0.2 ) | G98: ='XM.GUI MAIL'!G98 -> 0 | I98: =XM.HN!B68 -> 0 | P98: =XM.HN!C68 -> 0 | W98: =XM.HN!D68 -> 0 | AD98: =XM.HN!E68 -> 0 | AK98: =XM.HN!F68 -> 0 | AR98: =XM.HN!G68 -> 0
A99: XTNI-ZN | B99: XT-000C | C99: Zn-Niken Plating- Zn | D99: g/L | E99: ='XM.GUI MAIL'!E99 -> 5~6 | F99: ='XM.GUI MAIL'!F99 -> (5.5± 0.5) | G99: ='XM.GUI MAIL'!G99 -> 5.5 | H99: =XM.HN!B71 -> 4.55 | I99: =H99*1.3 -> 5.915 | J99: =($G$99-I99)*8000/1000 -> -3.32 | K99: + | L99: =IF(J99<0,0,J99) -> 0 | N99: kg | O99: =XM.HN!C71 -> 4.55 | P99: =O99*1.3 -> 5.915 | Q99: =($G$99-P99)*8000/1000 -> -3.32 | R99: + | S99: =IF(Q99<0,0,Q99) -> 0 | U99: kg | V99: =XM.HN!D71 -> 4.6 | W99: =V99*1.3 -> 5.98 | X99: =($G$99-W99)*8000/1000 -> -3.84 | Y99: + | Z99: =IF(X99<0,0,X99) -> 0 | AB99: kg | AC99: =XM.HN!E71 -> 4.4 | AD99: =AC99*1.3 -> 5.72 | AE99: =($G$99-AD99)*8000/1000 -> -1.76 | AF99: + | AG99: =IF(AE99<0,0,AE99) -> 0 | AJ99: =XM.HN!F71 -> 4.4 | AK99: =AJ99*1.3 -> 5.72 | AL99: =($G$99-AK99)*8000/1000 -> -1.76 | AM99: + | AN99: =IF(AL99<0,0,AL99) -> 0 | AP99: kg | AQ99: =XM.HN!G71 -> 4.3 | AR99: =AQ99*1.3 -> 5.59 | AS99: =($G$99-AR99)*8000/1000 -> -0.72 | AT99: + | AU99: =IF(AS99<0,0,AS99) -> 0 | AW99: kg | BA99: -4.88 | BB99: + | BC99: 0
A100: XTNI-NAOH | B100: XT-000C | C100: Zn-Niken Plating- NaOH | D100: g/L | E100: ='XM.GUI MAIL'!E100 -> 130~140 | F100: ='XM.GUI MAIL'!F100 -> (135 ± 5) | G100: ='XM.GUI MAIL'!G100 -> 135 | H100: =XM.HN!B72 -> 17 | I100: =H100*8 -> 136 | J100: =($G$100-I100)*8000/1000 -> -8 | K100: + | L100: =IF(J100<0,0,J100) -> 0 | N100: kg | O100: =XM.HN!C72 -> 16.7 | P100: =O100*8 -> 133.6 | Q100: =($G$100-P100)*8000/1000 -> 11.2 | R100: + | S100: =IF(Q100<0,0,Q100) -> 11.2 | U100: kg | V100: =XM.HN!D72 -> 16.6 | W100: 135.8 | X100: =($G$100-W100)*8000/1000 -> -6.4 | Y100: + | Z100: =IF(X100<0,0,X100) -> 0 | AB100: kg | AC100: =XM.HN!E72 -> 16.9 | AD100: =AC100*8 -> 135.2 | AE100: =($G$100-AD100)*8000/1000 -> -1.6 | AF100: + | AG100: =IF(AE100<0,0,AE100) -> 0 | AJ100: =XM.HN!F72 -> 16.8 | AK100: =AJ100*8 -> 134.4 | AL100: =($G$100-AK100)*8000/1000 -> 4.8 | AM100: + | AN100: =IF(AL100<0,0,AL100) -> 4.8 | AP100: kg | AQ100: =XM.HN!G72 -> 16.6 | AR100: 135.2 | AS100: =($G$100-AR100)*8000/1000 -> -1.6 | AT100: + | AU100: =IF(AS100<0,0,AS100) -> 0 | AW100: kg | BA100: -17.6 | BB100: + | BC100: 0
A101: XTNI-CR3PH | B101: XT-000C | C101: Cr2O3 三價鉻Ni- PH | D101: PH | E101: ='XM.GUI MAIL'!E101 -> 3.0-4.5 | F101: ='XM.GUI MAIL'!F101 -> (4.3±0.2) | G101: ='XM.GUI MAIL'!G101 -> 0 | I101: 4.25 | P101: 4.2 | W101: 4.19 | AD101: 4.23 | AK101: 4.2 | AR101: 4.23
C102: Cr2O3 三價鉻Ni-Ken | D102: ml/l | E102: ='XM.GUI MAIL'!E103 -> 0 | F102: ='XM.GUI MAIL'!F103 -> 0 | G102: ='XM.GUI MAIL'!G103 -> 0 | H102: =XM.HN!B74 -> 5 | I102: =H102*5*0.1*36.6-4 -> 87.5 | J102: =($G$100-I102)*3360/1000 -> 159.6 | K102: + | N102: kg | O102: =XM.HN!C74 -> 0 | P102: =O102*5*0.1*36.6-4 -> -4 | Q102: =($G$100-P102)*3360/1000 -> 467.04 | R102: + | U102: kg | V102: =XM.HN!D74 -> 0 | W102: =V102*5*0.1*36.6-4 -> -4 | X102: =($G$100-W102)*3360/1000 -> 467.04 | Y102: + | AB102: kg | AC102: =XM.HN!E74 -> 5 | AD102: =AC102*5*0.1*36.6-4 -> 87.5 | AE102: =($G$100-AD102)*3360/1000 -> 159.6 | AF102: + | AI102: kg | AJ102: =XM.HN!F74 -> 0 | AK102: =AJ102*5*0.1*36.6-4 -> -4 | AL102: =($G$100-AK102)*3360/1000 -> 467.04 | AM102: + | AP102: kg | AQ102: =XM.HN!G74 -> 0 | AR102: =AQ102*5*0.1*36.6-4 -> -4 | AS102: =($G$100-AR102)*3360/1000 -> 467.04 | AT102: + | AW102: kg
...

Sheet 1. XL-1E kh
B1: 錩新科技股份有限公司 CX TECHNOLOGY CORPORATION
B2: BÁO CÁO KẾT QUẢ HÓA NGHIỆM HÀNG NGÀY XL-001E 表面處理生產製程管控記錄表 | AD2: Lập biểu 作成 | AF2: Xác nhận 確認
B3: XL-001E | G3: Ca 1, | H3: =MENU!$AC$9 -> Thứ 4, | I3: =MENU!$AD$9 -> 2024/05/22 | AD3: =MENU!AE6 -> Mi | AF3: Yen
A4: NO | B4: Hạng mục kiểm tra nồng dộ 化驗檢查項目 | F4: Đơn vị 單位 | G4: Phạm vi kiểm soát 範圍值 | H4: Giới hạn kiểm soát 管控值 | I4: 0.30208333 | M4: KQ bổ sung sau 1H | Q4: 0.46875 | U4: KQ bổ sung sau 1H | Y4: 0.63541667 | AC4: KQ bổ sung sau 1H | AG4: Mã số văn kiện 文件編號
I5: 濃度 | J5: 補充 BS | M5: 濃度 | N5: 補充 BS | Q5: 濃度 | R5: 補充 BS | U5: 濃度 | V5: 補充 BS | Y5: 濃度 | Z5: 補充 BS | AC5: 濃度 | AD5: 補充 BS | AG5: Q3-CXVN -PC01-
A6: 1 | B6: Xà bông (1) 脫脂 | D6: NaOH | F6: g/L | G6: ='XM.FILE GOC'!$E$6 -> 20~40 | H6: ='XM.FILE GOC'!$F$6 -> (30±5) | I6: ='XM.FILE GOC'!I6 -> 0 | J6: + | K6: ='XM.FILE GOC'!L6 -> 80.79 | L6: kg | N6: + | O6: =('XM.FILE GOC'!$G$6-M6)*2693/1000 -> 80.79 | P6: kg | Q6: ='XM.FILE GOC'!P6 -> 0 | R6: + | S6: ='XM.FILE GOC'!S6 -> 80.79 | T6: kg | V6: + | W6: =('XM.FILE GOC'!$G$6-U6)*2693/1000 -> 80.79 | X6: kg | Y6: ='XM.FILE GOC'!W6 -> 0 | Z6: + | AA6: ='XM.FILE GOC'!Z6 -> 80.79 | AB6: kg | AD6: + | AE6: =('XM.FILE GOC'!$G$6-AC6)*2693/1000 -> 80.79 | AF6: kg | AG6: IS06
D7: CleanA 840ml/NaOH 25kg | F7: ml/L | G7: 按NaOH添加數據添加 | J7: + | K7: =K6/25*840/1000 -> 2.714544 | L7: L | N7: + | O7: =O6/25*840/1000 -> 2.714544 | P7: L | R7: + | S7: =S6/25*840/1000 -> 2.714544 | T7: L | V7: + | W7: =W6/25*840/1000 -> 2.714544 | X7: L | Z7: + | AA7: =AA6/25*840/1000 -> 2.714544 | AB7: L | AD7: + | AE7: =AE6/25*840/1000 -> 2.714544 | AF7: L
D8: CleanB 8400ml/NaOH 25kg | F8: ml/L | G8: 按NaOH添加數據添加 | J8: + | K8: =K7*10 -> 27.14544 | L8: L | N8: + | O8: =O7*10 -> 27.14544 | P8: L | R8: + | S8: =S7*10 -> 27.14544 | T8: L | V8: + | W8: =W7*10 -> 27.14544 | X8: L | Z8: + | AA8: =AA7*10 -> 27.14544 | AB8: L | AD8: + | AE8: =AE7*10 -> 27.14544 | AF8: L
A9: 2 | B9: Xà bông (2) 脫脂 | D9: NaOH | F9: g/L | G9: ='XM.FILE GOC'!$E$9 -> 20~40 | H9: ='XM.FILE GOC'!$F$9 -> (30±5) | I9: ='XM.FILE GOC'!I9 -> 0 | J9: + | K9: ='XM.FILE GOC'!L9 -> 99.15 | L9: kg | N9: + | O9: =('XM.FILE GOC'!$G$9-M9)*3305/1000 -> 99.15 | P9: kg | Q9: ='XM.FILE GOC'!P9 -> 0 | R9: + | S9: ='XM.FILE GOC'!S9 -> 99.15 | T9: kg | V9: + | W9: =('XM.FILE GOC'!$G$9-U9)*3305/1000 -> 99.15 | X9: kg | Y9: ='XM.FILE GOC'!W9 -> 0 | Z9: + | AA9: ='XM.FILE GOC'!Z9 -> 99.15 | AB9: kg | AD9: + | AE9: =('XM.FILE GOC'!$G$9-AC9)*3305/1000 -> 99.15 | AF9: kg | AG9: IS06
D10: CleanA 840ml/NaOH 25kg | F10: ml/L | G10: 按NaOH添加數據添加 | J10: + | K10: =K9/25*840/1000 -> 3.33144 | L10: L | N10: + | O10: =O9/25*840/1000 -> 3.33144 | P10: L | R10: + | S10: =S9/25*840/1000 -> 3.33144 | T10: L | V10: + | W10: =W9/25*840/1000 -> 3.33144 | X10: L | Z10: + | AA10: =AA9/25*840/1000 -> 3.33144 | AB10: L | AD10: + | AE10: =AE9/25*840/1000 -> 3.33144 | AF10: L
D11: CleanB 8400ml/NaOH 25kg | F11: ml/L | G11: 按NaOH添加數據添加 | J11: + | K11: =K10*10 -> 33.3144 | L11: L | N11: + | O11: =O10*10 -> 33.3144 | P11: L | R11: + | S11: =S10*10 -> 33.3144 | T11: L | V11: + | W11: =W10*10 -> 33.3144 | X11: L | Z11: + | AA11: =AA10*10 -> 33.3144 | AB11: L | AD11: + | AE11: =AE10*10 -> 33.3144 | AF11: L
A12: 3 | B12: Điện giải(1) 電解 | D12: NaOH | F12: g/L | G12: ='XM.FILE GOC'!$E$12 -> 60~80 | H12: ='XM.FILE GOC'!$F$12 -> (70±10) | I12: ='XM.FILE GOC'!I12 -> 0 | J12: + | K12: ='XM.FILE GOC'!L12 -> 80.92 | L12: kg | N12: + | O12: =('XM.FILE GOC'!$G$12-M12)*1156/1000 -> 80.92 | P12: kg | Q12: ='XM.FILE GOC'!P12 -> 0 | R12: + | S12: ='XM.FILE GOC'!S12 -> 80.92 | T12: kg | V12: + | W12: =('XM.FILE GOC'!$G$12-U12)*1156/1000 -> 80.92 | X12: kg | Y12: ='XM.FILE GOC'!W12 -> 0 | Z12: + | AA12: ='XM.FILE GOC'!Z12 -> 80.92 | AB12: kg | AD12: + | AE12: =('XM.FILE GOC'!$G$12-AC12)*1156/1000 -> 80.92 | AF12: kg | AG12: IS06
D13: CleanB 7.5L/NaOH 25kg | F13: ml/L | G13: 按NaOH添加數據添加 | J13: + | K13: =K12/25*7.5 -> 24.276 | L13: L | N13: + | O13: =O12/25*7.5 -> 24.276 | P13: L | R13: + | S13: =S12/25*7.5 -> 24.276 | T13: L | V13: + | W13: =W12/25*7.5 -> 24.276 | X13: L | Z13: + | AA13: =AA12/25*7.5 -> 24.276 | AB13: L | AD13: + | AE13: =AE12/25*7.5 -> 24.276 | AF13: L
A14: 4 | B14: Điện giải (2) 電解 | D14: NaOH | F14: g/L | G14: ='XM.FILE GOC'!$E$14 -> 60~80 | H14: ='XM.FILE GOC'!$F$14 -> (70±10) | I14: ='XM.FILE GOC'!I14 -> 0 | J14: + | K14: ='XM.FILE GOC'!L14 -> 102.13 | L14: kg | N14: + | O14: =('XM.FILE GOC'!$G$14-M14)*1459/1000 -> 102.13 | P14: kg | Q14: ='XM.FILE GOC'!P14 -> 0 | R14: + | S14: ='XM.FILE GOC'!S14 -> 102.13 | T14: kg | V14: + | W14: =('XM.FILE GOC'!$G$14-U14)*1459/1000 -> 102.13 | X14: kg | Y14: ='XM.FILE GOC'!W14 -> 0 | Z14: + | AA14: ='XM.FILE GOC'!Z14 -> 102.13 | AB14: kg | AD14: + | AE14: =('XM.FILE GOC'!$G$14-AC14)*1459/1000 -> 102.13 | AF14: kg | AG14: IS06
D15: CleanB 7.5L/NaOH 25kg | F15: ml/L | G15: 按NaOH添加數據添加 | J15: + | K15: =K14/25*7.5 -> 30.639 | L15: L | N15: + | O15: =O14/25*7.5 -> 30.639 | P15: L | R15: + | S15: =S14/25*7.5 -> 30.639 | T15: L | V15: + | W15: =W14/25*7.5 -> 30.639 | X15: L | Z15: + | AA15: =AA14/25*7.5 -> 30.639 | AB15: L | AD15: + | AE15: =AE14/25*7.5 -> 30.639 | AF15: L
A16: 5 | B16: Nồng độ NaOH 氫氧化鈉 | F16: g/L | G16: ='XM.FILE GOC'!$E$16 -> 130 - 150 | H16: ='XM.FILE GOC'!$F$16 -> (140±7) | I16: ='XM.FILE GOC'!I16 -> 0 | J16: + | K16: ='XM.FILE GOC'!L16 -> 2793.14 | L16: kg | N16: + | O16: =('XM.FILE GOC'!$G$16-M16)*19951/1000 -> 2793.14 | P16: kg | Q16: ='XM.FILE GOC'!P16 -> 0 | R16: + | S16: ='XM.FILE GOC'!S16 -> 2793.14 | T16: kg | V16: + | W16: =('XM.FILE GOC'!$G$16-U16)*19951/1000 -> 2793.14 | X16: kg | Y16: ='XM.FILE GOC'!W16 -> 0 | Z16: + | AA16: ='XM.FILE GOC'!Z16 -> 2793.14 | AB16: kg | AD16: + | AE16: =('XM.FILE GOC'!$G$16-AC16)*19951/1000 -> 2793.14 | AF16: kg | AG16: IS08
B17: Nồng độ Zn 鋅 (1 pcs Zn=25kg) | F17: g/L | G17: ='XM.FILE GOC'!$E$17 -> 8~12 | H17: ='XM.FILE GOC'!$F$17 -> (10±2) | I17: ='XM.FILE GOC'!I17 -> 0 | J17: + | K17: ='XM.FILE GOC'!L17 -> 199.51 | L17: kg | N17: + | O17: =('XM.FILE GOC'!$G$17-M17)*19951/1000 -> 199.51 | P17: pcs | Q17: ='XM.FILE GOC'!P17 -> 0 | R17: + | S17: ='XM.FILE GOC'!S17 -> 199.51 | T17: kg | V17: + | W17: =('XM.FILE GOC'!$G$17-U17)*19951/1000 -> 199.51 | X17: pcs | Y17: ='XM.FILE GOC'!W17 -> 0 | Z17: + | AA17: ='XM.FILE GOC'!Z17 -> 199.51 | AB17: kg | AD17: + | AE17: =('XM.FILE GOC'!$G$17-AC17)*19951/1000 -> 199.51 | AF17: pcs | AG17: IS07
A18: 6 | B18: Nồng độ Cr2O3 三價鉻 | F18: % | G18: ='XM.FILE GOC'!$E$18 -> 12~18 | H18: ='XM.FILE GOC'!$F$18 -> (14±2) | I18: ='XM.FILE GOC'!I18 -> 0 | J18: + | K18: ='XM.FILE GOC'!L18 -> 80.5 | L18: L | N18: + | O18: =('XM.FILE GOC'!$G$18-M18)*575/99 -> 81.313131 | P18: L | Q18: ='XM.FILE GOC'!P18 -> 0 | R18: + | S18: ='XM.FILE GOC'!S18 -> 80.5 | T18: L | V18: + | W18: =('XM.FILE GOC'!$G$18-U18)*575/99 -> 81.313131 | X18: L | Y18: ='XM.FILE GOC'!W18 -> 0 | Z18: + | AA18: ='XM.FILE GOC'!Z18 -> 80.5 | AB18: L | AD18: + | AE18: =('XM.FILE GOC'!$G$18-AC18)*575/99 -> 81.313131 | AF18: L | AG18: IS05
F19: pH | G19: ='XM.FILE GOC'!$E$19 -> 1.6~2.2 | H19: ='XM.FILE GOC'!$F$19 -> (2±0.2 ) | I19: ='XM.FILE GOC'!I19 -> 0 | K19: ='XM.FILE GOC'!L19 -> 0 | Q19: ='XM.FILE GOC'!P19 -> 0 | S19: ='XM.FILE GOC'!S19 -> 0 | Y19: ='XM.FILE GOC'!W19 -> 0 | AA19: ='XM.FILE GOC'!Z19 -> 0
A20: 7 | B20: Nồng độ acid đặc 鹽酸 濃度 | F20: %V/V | G20: ='XM.FILE GOC'!$E$20 -> 40~50 | H20: ='XM.FILE GOC'!$F$20 -> (45±5) | I20: ='XM.FILE GOC'!I20 -> 0 | J20: + | K20: ='XM.FILE GOC'!L20 -> 954.9 | L20: L | N20: + | O20: =('XM.FILE GOC'!$G$20-M20)*2122 -> 954.9 | P20: L | Q20: ='XM.FILE GOC'!P20 -> 0 | R20: + | S20: ='XM.FILE GOC'!S20 -> 954.9 | T20: L | V20: + | W20: =('XM.FILE GOC'!$G$20-U20)*2122 -> 954.9 | X20: L | Y20: ='XM.FILE GOC'!W20 -> 0 | Z20: + | AA20: ='XM.FILE GOC'!Z20 -> 954.9 | AB20: L | AD20: + | AE20: =('XM.FILE GOC'!$G$20-AC20)*2122 -> 954.9 | AF20: L | AG20: IS04
A21: 8 | B21: Nồng độ acid loãng 稀酸 濃度 | F21: %V/V | G21: ='XM.FILE GOC'!$E$21 -> (22±5) =17~27 | H21: ='XM.FILE GOC'!$F$21 -> (22±5) | I21: ='XM.FILE GOC'!I21 -> 0 | J21: + | K21: ='XM.FILE GOC'!L21 -> 134.64 | L21: L | N21: + | O21: =('XM.FILE GOC'!$G$21-M21)*612 -> 134.64 | P21: L | Q21: ='XM.FILE GOC'!P21 -> 0 | R21: + | S21: ='XM.FILE GOC'!S21 -> 134.64 | T21: L | V21: + | W21: =('XM.FILE GOC'!$G$21-U21)*612 -> 134.64 | X21: L | Y21: ='XM.FILE GOC'!W21 -> 0 | Z21: + | AA21: ='XM.FILE GOC'!Z21 -> 134.64 | AB21: L | AD21: + | AE21: =('XM.FILE GOC'!$G$21-AC21)*612 -> 134.64 | AF21: L | AG21: IS04
A22: 9 | B22: Nồng độ HCL hoạt hóa 稀酸活化 濃度 | F22: %V/V | G22: ='XM.FILE GOC'!$E$22 -> 5~15 | H22: ='XM.FILE GOC'!$F$22 -> (30±4) | I22: ='XM.FILE GOC'!I22 -> 0 | J22: + | K22: ='XM.FILE GOC'!L22 -> 57.5 | L22: L | N22: + | O22: =('XM.FILE GOC'!$G$22-M22)*575 -> 57.5 | P22: L | Q22: ='XM.FILE GOC'!P22 -> 0 | R22: + | S22: ='XM.FILE GOC'!S22 -> 57.5 | T22: L | V22: + | W22: =('XM.FILE GOC'!$G$22-U22)*575 -> 57.5 | X22: L | Y22: ='XM.FILE GOC'!W22 -> 0 | Z22: + | AA22: ='XM.FILE GOC'!Z22 -> 57.5 | AB22: L | AD22: + | AE22: =('XM.FILE GOC'!$G$22-AC22)*575 -> 57.5 | AF22: L | AG22: IS15
A23: 10 | B23: Nồng độ HNO3 硝酸濃度 | F23: % | G23: ='XM.FILE GOC'!$E$23 -> 0.5~1.5 | H23: ='XM.FILE GOC'!$F$23 -> (1±0.4) | I23: ='XM.FILE GOC'!I23 -> 0 | J23: + | K23: ='XM.FILE GOC'!L23 -> 5.3998981 | L23: L | N23: + | O23: =('XM.FILE GOC'!$G$23-M23)*530/65% -> 8.1538462 | P23: L | Q23: ='XM.FILE GOC'!P23 -> 0 | R23: + | S23: ='XM.FILE GOC'!S23 -> 5.3998981 | T23: L | V23: + | W23: =('XM.FILE GOC'!$G$23-U23)*530/65% -> 8.1538462 | X23: L | Y23: ='XM.FILE GOC'!W23 -> 0 | Z23: + | AA23: ='XM.FILE GOC'!Z23 -> 5.3998981 | AB23: L | AD23: + | AE23: =('XM.FILE GOC'!$G$23-AC23)*530/65% -> 8.1538462 | AF23: L | AG23: IS15
B24: Nồng độ Cr2O3 （K) 三價鉻 | F24: % | G24: ='XM.GUI MAIL'!$E$24 -> 5~10 | H24: ='XM.GUI MAIL'!$F$24 -> (7.5±1) | I24: ='XM.FILE GOC'!I24 -> 0 | J24: + | K24: ='XM.FILE GOC'!L24 -> 45.394737 | L24: L | N24: + | O24: =('XM.FILE GOC'!$G$24-M24)*575/95*1.13 -> 51.296053 | P24: L | Q24: ='XM.FILE GOC'!P24 -> 0 | R24: + | S24: ='XM.FILE GOC'!S24 -> 45.394737 | T24: L | V24: + | W24: =('XM.FILE GOC'!$G$24-U24)*575/95*1.13 -> 51.296053 | X24: L | Y24: ='XM.FILE GOC'!W24 -> 0 | Z24: + | AA24: ='XM.FILE GOC'!Z24 -> 45.394737 | AB24: L | AD24: + | AE24: =('XM.FILE GOC'!$G$24-AC24)*575/95*1.13 -> 51.296053 | AF24: L | AG24: IS16
F25: pH | G25: ='XM.GUI MAIL'!$E$25 -> 1.8~2.2 | H25: ='XM.GUI MAIL'!$F$25 -> (2±0.1) | I25: ='XM.FILE GOC'!I25 -> 0 | Q25: ='XM.FILE GOC'!P25 -> 0 | Y25: ='XM.FILE GOC'!W25 -> 0 | AG25: IS17
B26: Hạng mục kiểm tra nhiệt độ 檢查溫度
A27: NO | B27: Hạng mục kiểm tra nhiệt độ 溫度檢查項目 | F27: nhiệt độ 溫度 | G27: Phạm vi kiểm soát 範圍值 | H27: Giới hạn kiểm soát 管控值 | I27: Nhiệt kế 温度計 | K27: Nhiệt tự động 自動温控 | Q27: Nhiệt kế 温度計 | S27: Nhiệt tự động 自動温控 | Y27: Nhiệt kế 温度計 | AA27: Nhiệt tự động 自動温控
A28: 1 | B28: Nhiệt độ xà bông nóng (1) 熱脫脂溫度(1) | F28: 0C | G28: ='XM.FILE GOC'!$E$28 -> 50~70 | H28: ='XM.FILE GOC'!$F$28 -> (60±5) | I28: ='XM.FILE GOC'!I28 -> 0 | K28: ='XM.FILE GOC'!L28 -> 0 | Q28: ='XM.FILE GOC'!P28 -> 0 | S28: ='XM.FILE GOC'!S28 -> 0 | Y28: ='XM.FILE GOC'!W28 -> 0 | AA28: ='XM.FILE GOC'!Z28 -> 0
A29: 2 | B29: Nhiệt độ xà bông nóng (2) 熱脫脂溫度(2) | C29: Nhiệt độ xà bông nóng (2) 熱脫脂溫度(2) | D29: Nhiệt độ xà bông nóng (2) 熱脫脂溫度(2) | E29: Nhiệt độ xà bông nóng (2) 熱脫脂溫度(2) | F29: 0C | G29: ='XM.FILE GOC'!$E$29 -> 50~70 | H29: ='XM.FILE GOC'!$F$29 -> (60±5) | I29: ='XM.FILE GOC'!I29 -> 0 | K29: ='XM.FILE GOC'!L29 -> 0 | Q29: ='XM.FILE GOC'!P29 -> 0 | S29: ='XM.FILE GOC'!S29 -> 0 | Y29: ='XM.FILE GOC'!W29 -> 0 | AA29: ='XM.FILE GOC'!Z29 -> 0
A30: 3 | B30: Nhiệt độ điện giải (1) 電解1 溫度 | C30: Nhiệt độ điện giải (1) 電解1 溫度 | D30: Nhiệt độ điện giải (1) 電解1 溫度 | E30: Nhiệt độ điện giải (1) 電解1 溫度 | F30: 0C | G30: ='XM.FILE GOC'!$E$30 -> 40~60 | H30: ='XM.FILE GOC'!$F$30 -> (50±5) | I30: ='XM.FILE GOC'!I30 -> 0 | K30: ='XM.FILE GOC'!L30 -> 0 | Q30: ='XM.FILE GOC'!P30 -> 0 | S30: ='XM.FILE GOC'!S30 -> 0 | Y30: ='XM.FILE GOC'!W30 -> 0 | AA30: ='XM.FILE GOC'!Z30 -> 0
A31: 4 | B31: Nhiệt độ điện giải (2) 電解 2 溫度 | C31: Nhiệt độ điện giải (2) 電解 2 溫度 | D31: Nhiệt độ điện giải (2) 電解 2 溫度 | E31: Nhiệt độ điện giải (2) 電解 2 溫度 | F31: 0C | G31: ='XM.FILE GOC'!$E$31 -> 40~60 | H31: ='XM.FILE GOC'!$F$31 -> (50±5) | I31: ='XM.FILE GOC'!I31 -> 0 | K31: ='XM.FILE GOC'!L31 -> 0 | Q31: ='XM.FILE GOC'!P31 -> 0 | S31: ='XM.FILE GOC'!S31 -> 0 | Y31: ='XM.FILE GOC'!W31 -> 0 | AA31: ='XM.FILE GOC'!Z31 -> 0
A32: 5 | B32: Nhiệt độ bồn xi 鍍鋅槽溫度 | C32: Nhiệt độ bồn xi 鍍鋅槽溫度 | D32: Nhiệt độ bồn xi 鍍鋅槽溫度 | E32: Nhiệt độ bồn xi 鍍鋅槽溫度 | F32: 0C | G32: ='XM.FILE GOC'!$E$32 -> 20~35 | H32: ='XM.FILE GOC'!$F$32 -> (30±4) | I32: ='XM.FILE GOC'!I32 -> 0 | K32: ='XM.FILE GOC'!L32 -> 0 | Q32: ='XM.FILE GOC'!P32 -> 0 | S32: ='XM.FILE GOC'!S32 -> 0 | Y32: ='XM.FILE GOC'!W32 -> 0 | AA32: ='XM.FILE GOC'!Z32 -> 0
A33: 6 | B33: Nhiệt độ bồn màu Cr2O3 三價鉻 溫度 | C33: Nhiệt độ bồn màu Cr2O3 三價鉻 溫度 | D33: Nhiệt độ bồn màu Cr2O3 三價鉻 溫度 | E33: Nhiệt độ bồn màu Cr2O3 三價鉻 溫度 | F33: 0C | G33: ='XM.FILE GOC'!$E$33 -> 30~40 | H33: ='XM.FILE GOC'!$F$33 -> (34±3) | I33: ='XM.FILE GOC'!I33 -> 0 | K33: ='XM.FILE GOC'!L33 -> 0 | Q33: ='XM.FILE GOC'!P33 -> 0 | S33: ='XM.FILE GOC'!S33 -> 0 | Y33: ='XM.FILE GOC'!W33 -> 0 | AA33: ='XM.FILE GOC'!Z33 -> 0
A34: 7 | B34: Nhiệt độ bồn nước nóng 熱水溫度 | C34: Nhiệt độ bồn nước nóng 熱水溫度 | D34: Nhiệt độ bồn nước nóng 熱水溫度 | E34: Nhiệt độ bồn nước nóng 熱水溫度 | F34: 0C | G34: ='XM.FILE GOC'!$E$34 -> 50~70 | H34: ='XM.FILE GOC'!$F$34 -> (60±10) | I34: ='XM.FILE GOC'!I34 -> 0 | K34: ='XM.FILE GOC'!L34 -> 0 | Q34: ='XM.FILE GOC'!P34 -> 0 | S34: ='XM.FILE GOC'!S34 -> 0 | Y34: ='XM.FILE GOC'!W34 -> 0 | AA34: ='XM.FILE GOC'!Z34 -> 0
A35: 8 | B35: Sấy khô 烘乾 | C35: Sấy khô 烘乾 | D35: Sấy khô 烘乾 | E35: Sấy khô 烘乾 | F35: 0C | G35: ='XM.FILE GOC'!$E$35 -> 80~100 | H35: ='XM.FILE GOC'!$F$35 -> (90±5) | I35: ='XM.FILE GOC'!I35 -> \ | K35: ='XM.FILE GOC'!L35 -> 0 | Q35: ='XM.FILE GOC'!P35 -> \ | S35: ='XM.FILE GOC'!S35 -> 0 | Y35: ='XM.FILE GOC'!W35 -> \ | AA35: ='XM.FILE GOC'!Z35 -> 0
B36: Hạng mục kiểm tra bơm thuốc tự động 藥液自動添加
A37: NO | B37: Hạng mục bơm thuốc 自動添加檢查項目 | F37: Đơn vị 單位 | G37: Phạm vi kiểm soát 範圍值 | H37: Giới hạn kiểm soát 管控值 | I37: Lượng bơm 添加量 | Q37: Lượng bơm 添加量 | Y37: Lượng bơm 添加量
A38: 1 | B38: Chất mềm 開缸劑 | F38: ml/KAH | G38: ='XM.FILE GOC'!$E$37 -> 300-360 | H38: ='XM.FILE GOC'!$F$37 -> 300-360 | I38: ='XM.FILE GOC'!I37 -> 0 | Q38: ='XM.FILE GOC'!P37 -> 0 | Y38: ='XM.FILE GOC'!W37 -> 0
A39: 2 | B39: Chất bóng 光亮劑 | F39: ml/KAH | G39: ='XM.FILE GOC'!$E$38 -> 30-50 | H39: ='XM.FILE GOC'!$F$38 -> 30-50 | I39: ='XM.FILE GOC'!I38 -> 0 | Q39: ='XM.FILE GOC'!P38 -> 0 | Y39: ='XM.FILE GOC'!W38 -> 0
B41: 錩新科技股份有限公司 CX TECHNOLOGY CORPORATION
B42: BÁO CÁO KẾT QUẢ HÓA NGHIỆM HÀNG NGÀY XL-001E 表面處理生產製程管控記錄表 | AD42: Lập biểu 作成 | AF42: Xác nhận 確認
B43: XL-001E | G43: Ca 2, | H43: =MENU!$AC$9 -> Thứ 4, | I43: =MENU!$AD$9 -> 2024/05/22 | AD43: =MENU!AE7 -> L.Yen | AF43: Yen
A44: NO | B44: Hạng mục kiểm tra nồng dộ 化驗檢查項目 | F44: Đơn vị 單位 | G44: Phạm vi kiểm soát 範圍值 | H44: Giới hạn kiểm soát 管控值 | I44: 0.80208333 | M44: KQ bổ sung sau 1H | Q44: 0.96875 | U44: KQ bổ sung sau 1H | Y44: 0.13541667 | AC44: KQ bổ sung sau 1H | AG44: Mã số văn kiện 文件編號
I45: 濃度 | J45: 補充 BS | M45: 濃度 | N45: 補充 BS | Q45: 濃度 | R45: 補充 BS | U45: 濃度 | V45: 補充 BS | Y45: 濃度 | Z45: 補充 BS | AC45: 濃度 | AD45: 補充 BS | AG45: Q3-CXVN -PC01-
A46: 1 | B46: Xà bông (1) 脫脂 | D46: NaOH | F46: g/L | G46: ='XM.FILE GOC'!$E$6 -> 20~40 | H46: ='XM.FILE GOC'!$F$6 -> (30±5) | I46: ='XM.FILE GOC'!AD6 -> 0 | J46: + | K46: ='XM.FILE GOC'!AG6 -> 80.79 | L46: kg | N46: + | O46: =('XM.FILE GOC'!$G$6-M46)*2693/1000 -> 80.79 | P46: kg | Q46: ='XM.FILE GOC'!AK6 -> 22 | R46: + | S46: ='XM.FILE GOC'!AN6 -> 21.544 | T46: kg | V46: + | W46: =('XM.FILE GOC'!$G$6-U46)*2693/1000 -> 80.79 | X46: kg | Y46: ='XM.FILE GOC'!AR6 -> 29.2 | Z46: + | AA46: ='XM.FILE GOC'!AU6 -> 2.1544 | AB46: kg | AD46: + | AE46: =('XM.FILE GOC'!$G$6-AC46)*2693/1000 -> 80.79 | AF46: kg | AG46: IS06
D47: CleanA 840ml/NaOH 25kg | F47: ml/L | G47: 按NaOH添加數據添加 | J47: + | K47: =K46/25*840/1000 -> 2.714544 | L47: L | N47: + | O47: =O46/25*840/1000 -> 2.714544 | P47: L | R47: + | S47: =S46/25*840/1000 -> 0.7238784 | T47: L | V47: + | W47: =W46/25*840/1000 -> 2.714544 | X47: L | Z47: + | AA47: =AA46/25*840/1000 -> 0.07238784 | AB47: L | AD47: + | AE47: =AE46/25*840/1000 -> 2.714544 | AF47: L
D48: CleanB 8400ml/NaOH 25kg | F48: ml/L | G48: 按NaOH添加數據添加 | J48: + | K48: =K47*10 -> 27.14544 | L48: L | N48: + | O48: =O47*10 -> 27.14544 | P48: L | R48: + | S48: =S47*10 -> 7.238784 | T48: L | V48: + | W48: =W47*10 -> 27.14544 | X48: L | Z48: + | AA48: =AA47*10 -> 0.7238784 | AB48: L | AD48: + | AE48: =AE47*10 -> 27.14544 | AF48: L
A49: 2 | B49: Xà bông (2) 脫脂 | D49: NaOH | F49: g/L | G49: ='XM.FILE GOC'!$E$9 -> 20~40 | H49: ='XM.FILE GOC'!$F$9 -> (30±5) | I49: ='XM.FILE GOC'!AD9 -> 0 | J49: + | K49: ='XM.FILE GOC'!AG9 -> 99.15 | L49: kg | N49: + | O49: =('XM.FILE GOC'!$G$9-M49)*3305/1000 -> 99.15 | P49: kg | Q49: ='XM.FILE GOC'!AK9 -> 23.2 | R49: + | S49: ='XM.FILE GOC'!AN9 -> 22.474 | T49: kg | V49: + | W49: =('XM.FILE GOC'!$G$9-U49)*3305/1000 -> 99.15 | X49: kg | Y49: ='XM.FILE GOC'!AR9 -> 28.8 | Z49: + | AA49: ='XM.FILE GOC'!AU9 -> 3.966 | AB49: kg | AD49: + | AE49: =('XM.FILE GOC'!$G$9-AC49)*3305/1000 -> 99.15 | AF49: kg | AG49: IS06
D50: CleanA 840ml/NaOH 25kg | F50: ml/L | G50: 按NaOH添加數據添加 | J50: + | K50: =K49/25*840/1000 -> 3.33144 | L50: L | N50: + | O50: =O49/25*840/1000 -> 3.33144 | P50: L | R50: + | S50: =S49/25*840/1000 -> 0.7551264 | T50: L | V50: + | W50: =W49/25*840/1000 -> 3.33144 | X50: L | Z50: + | AA50: =AA49/25*840/1000 -> 0.1332576 | AB50: L | AD50: + | AE50: =AE49/25*840/1000 -> 3.33144 | AF50: L
D51: CleanB 8400ml/NaOH 25kg | F51: ml/L | G51: 按NaOH添加數據添加 | J51: + | K51: =K50*10 -> 33.3144 | L51: L | N51: + | O51: =O50*10 -> 33.3144 | P51: L | R51: + | S51: =S50*10 -> 7.551264 | T51: L | V51: + | W51: =W50*10 -> 33.3144 | X51: L | Z51: + | AA51: =AA50*10 -> 1.332576 | AB51: L | AD51: + | AE51: =AE50*10 -> 33.3144 | AF51: L
A52: 3 | B52: Điện giải(1) 電解 | D52: NaOH | F52: g/L | G52: ='XM.FILE GOC'!$E$12 -> 60~80 | H52: ='XM.FILE GOC'!$F$12 -> (70±10) | I52: ='XM.FILE GOC'!AD12 -> 0 | J52: + | K52: ='XM.FILE GOC'!AG12 -> 80.92 | L52: kg | N52: + | O52: =('XM.FILE GOC'!$G$12-M52)*1156/1000 -> 80.92 | P52: kg | Q52: ='XM.FILE GOC'!AK12 -> 70.4 | R52: + | S52: ='XM.FILE GOC'!AN12 -> 0 | T52: kg | V52: + | W52: =('XM.FILE GOC'!$G$12-U52)*1156/1000 -> 80.92 | X52: kg | Y52: ='XM.FILE GOC'!AR12 -> 71.2 | Z52: + | AA52: ='XM.FILE GOC'!AU12 -> 0 | AB52: kg | AD52: + | AE52: =('XM.FILE GOC'!$G$12-AC52)*1156/1000 -> 80.92 | AF52: kg | AG52: IS06
D53: CleanB 7.5L/NaOH 25kg | F53: ml/L | G53: 按NaOH添加數據添加 | J53: + | K53: =K52/25*7.5 -> 24.276 | L53: L | N53: + | O53: =O52/25*7.5 -> 24.276 | P53: L | R53: + | S53: =S52/25*7.5 -> 0 | T53: L | V53: + | W53: =W52/25*7.5 -> 24.276 | X53: L | Z53: + | AA53: =AA52/25*7.5 -> 0 | AB53: L | AD53: + | AE53: =AE52/25*7.5 -> 24.276 | AF53: L
A54: 4 | B54: Điện giải (2) 電解 | D54: NaOH | F54: g/L | G54: ='XM.FILE GOC'!$E$14 -> 60~80 | H54: ='XM.FILE GOC'!$F$14 -> (70±10) | I54: ='XM.FILE GOC'!AD14 -> 0 | J54: + | K54: ='XM.FILE GOC'!AG14 -> 102.13 | L54: kg | N54: + | O54: =('XM.FILE GOC'!$G$14-M54)*1459/1000 -> 102.13 | P54: kg | Q54: ='XM.FILE GOC'!AK14 -> 74 | R54: + | S54: ='XM.FILE GOC'!AN14 -> 0 | T54: kg | V54: + | W54: =('XM.FILE GOC'!$G$14-U54)*1459/1000 -> 102.13 | X54: kg | Y54: ='XM.FILE GOC'!AR14 -> 73.2 | Z54: + | AA54: ='XM.FILE GOC'!AU14 -> 0 | AB54: kg | AD54: + | AE54: =('XM.FILE GOC'!$G$14-AC54)*1459/1000 -> 102.13 | AF54: kg | AG54: IS06
D55: CleanB 7.5L/NaOH 25kg | F55: ml/L | G55: 按NaOH添加數據添加 | J55: + | K55: =K54/25*7.5 -> 30.639 | L55: L | N55: + | O55: =O54/25*7.5 -> 30.639 | P55: L | R55: + | S55: =S54/25*7.5 -> 0 | T55: L | V55: + | W55: =W54/25*7.5 -> 30.639 | X55: L | Z55: + | AA55: =AA54/25*7.5 -> 0 | AB55: L | AD55: + | AE55: =AE54/25*7.5 -> 30.639 | AF55: L
A56: 5 | B56: Nồng độ NaOH 氫氧化鈉 | F56: g/L | G56: ='XM.FILE GOC'!$E$16 -> 130 - 150 | H56: ='XM.FILE GOC'!$F$16 -> (140±7) | I56: ='XM.FILE GOC'!AD16 -> 0 | J56: + | K56: ='XM.FILE GOC'!AG16 -> 2793.14 | L56: kg | N56: + | O56: =('XM.FILE GOC'!$G$16-M56)*19951/1000 -> 2793.14 | P56: kg | Q56: ='XM.FILE GOC'!AK16 -> 141.6 | R56: + | S56: ='XM.FILE GOC'!AN16 -> 0 | T56: kg | U56: 140 | V56: + | W56: =('XM.FILE GOC'!$G$16-U56)*19951/1000 -> 0 | X56: kg | Y56: ='XM.FILE GOC'!AR16 -> 142.4 | Z56: + | AA56: ='XM.FILE GOC'!AU16 -> 0 | AB56: kg | AD56: + | AE56: =('XM.FILE GOC'!$G$16-AC56)*19951/1000 -> 2793.14 | AF56: kg | AG56: IS08
B57: Nồng độ Zn 鋅 (1 pcs Zn=25kg) | F57: g/L | G57: ='XM.FILE GOC'!$E$17 -> 8~12 | H57: ='XM.FILE GOC'!$F$17 -> (10±2) | I57: ='XM.FILE GOC'!AD17 -> 0 | J57: + | K57: ='XM.FILE GOC'!AG17 -> 199.51 | L57: kg | N57: + | O57: =('XM.FILE GOC'!$G$17-M57)*19951/1000 -> 199.51 | P57: kg | Q57: ='XM.FILE GOC'!AK17 -> 11.57 | R57: + | S57: ='XM.FILE GOC'!AN17 -> 0 | T57: kg | V57: + | W57: =('XM.FILE GOC'!$G$17-U57)*19951/1000 -> 199.51 | X57: kg | Y57: ='XM.FILE GOC'!AR17 -> 11.44 | Z57: + | AA57: ='XM.FILE GOC'!AU17 -> 0 | AB57: kg | AD57: + | AE57: =('XM.FILE GOC'!$G$17-AC57)*19951/1000 -> 199.51 | AF57: kg | AG57: IS07
A58: 6 | B58: Nồng độ Cr2O3 三價鉻 | F58: % | G58: ='XM.FILE GOC'!$E$18 -> 12~18 | H58: ='XM.FILE GOC'!$F$18 -> (14±2) | I58: ='XM.FILE GOC'!AD18 -> 0 | J58: + | K58: ='XM.FILE GOC'!AG18 -> 80.5 | L58: L | N58: + | O58: =('XM.FILE GOC'!$G$18-M58)*575/99 -> 81.313131 | P58: L | Q58: ='XM.FILE GOC'!AK18 -> 16.978417 | R58: + | S58: ='XM.FILE GOC'!AN18 -> 0 | T58: L | V58: + | W58: =('XM.FILE GOC'!$G$18-U58)*575/99 -> 81.313131 | X58: L | Y58: ='XM.FILE GOC'!AR18 -> 16.546763 | Z58: + | AA58: ='XM.FILE GOC'!AU18 -> 0 | AB58: L | AD58: + | AE58: =('XM.FILE GOC'!$G$18-AC58)*575/99 -> 81.313131 | AF58: L | AG58: IS05
F59: pH | G59: ='XM.FILE GOC'!$E$19 -> 1.6~2.2 | H59: ='XM.FILE GOC'!$F$19 -> (2±0.2 ) | I59: ='XM.FILE GOC'!AD19 -> 0 | K59: ='XM.FILE GOC'!AG19 -> 0 | Q59: ='XM.FILE GOC'!AK19 -> 1.48 | S59: ='XM.FILE GOC'!AN19 -> 0 | Y59: ='XM.FILE GOC'!AR19 -> 1.64 | AA59: ='XM.FILE GOC'!AU19 -> 0
A60: 7 | B60: Nồng độ acid đặc 鹽酸 濃度 | F60: %V/V | G60: ='XM.FILE GOC'!$E$20 -> 40~50 | H60: ='XM.FILE GOC'!$F$20 -> (45±5) | I60: ='XM.FILE GOC'!AD20 -> 0 | J60: + | K60: ='XM.FILE GOC'!AG20 -> 954.9 | L60: L | N60: + | O60: =('XM.FILE GOC'!$G$20-M60)*2122 -> 954.9 | P60: L | Q60: ='XM.FILE GOC'!AK20 -> 0.3878125 | R60: + | S60: ='XM.FILE GOC'!AN20 -> 131.96188 | T60: L | V60: + | W60: =('XM.FILE GOC'!$G$20-U60)*2122 -> 954.9 | X60: L | Y60: ='XM.FILE GOC'!AR20 -> 0.45625 | Z60: + | AA60: ='XM.FILE GOC'!AU20 -> 0 | AB60: L | AD60: + | AE60: =('XM.FILE GOC'!$G$20-AC60)*2122 -> 954.9 | AF60: L | AG60: IS04
A61: 8 | B61: Nồng độ acid loãng 稀酸 濃度 | F61: %V/V | G61: ='XM.FILE GOC'!$E$21 -> (22±5) =17~27 | H61: ='XM.FILE GOC'!$F$21 -> (22±5) | I61: ='XM.FILE GOC'!AD21 -> 0 | J61: + | K61: ='XM.FILE GOC'!AG21 -> 134.64 | L61: L | N61: + | O61: =('XM.FILE GOC'!$G$21-M61)*612 -> 134.64 | P61: L | Q61: ='XM.FILE GOC'!AK21 -> 0 | R61: + | S61: ='XM.FILE GOC'!AN21 -> 134.64 | T61: L | V61: + | W61: =('XM.FILE GOC'!$G$21-U61)*612 -> 134.64 | X61: L | Y61: ='XM.FILE GOC'!AR21 -> 0 | Z61: + | AA61: ='XM.FILE GOC'!AU21 -> 134.64 | AB61: L | AD61: + | AE61: =('XM.FILE GOC'!$G$21-AC61)*612 -> 134.64 | AF61: L | AG61: IS04
A62: 9 | B62: Nồng độ HCL hoạt hóa 稀酸活化 濃度 | F62: %V/V | G62: ='XM.FILE GOC'!$E$22 -> 5~15 | H62: ='XM.FILE GOC'!$F$22 -> (30±4) | I62: ='XM.FILE GOC'!AD22 -> 0 | J62: + | K62: ='XM.FILE GOC'!AG22 -> 57.5 | L62: L | N62: + | O62: =('XM.FILE GOC'!$G$22-M62)*575 -> 57.5 | P62: L | Q62: ='XM.FILE GOC'!AK22 -> 0 | R62: + | S62: ='XM.FILE GOC'!AN22 -> 57.5 | T62: L | V62: + | W62: =('XM.FILE GOC'!$G$22-U62)*575 -> 57.5 | X62: L | Y62: ='XM.FILE GOC'!AR22 -> 0 | Z62: + | AA62: ='XM.FILE GOC'!AU22 -> 57.5 | AB62: L | AD62: + | AE62: =('XM.FILE GOC'!$G$22-AC62)*575 -> 57.5 | AF62: L | AG62: IS15
A63: 10 | B63: Nồng độ HNO3 硝酸濃度 | F63: % | G63: ='XM.FILE GOC'!$E$23 -> 0.5~1.5 | H63: ='XM.FILE GOC'!$F$23 -> (1±0.4) | I63: ='XM.FILE GOC'!AD23 -> 0 | J63: + | K63: ='XM.FILE GOC'!AG23 -> 5.3998981 | L63: L | N63: + | O63: =('XM.FILE GOC'!$G$23-M63)*530/65% -> 8.1538462 | P63: L | Q63: ='XM.FILE GOC'!AK23 -> chưa pha | R63: + | S63: ='XM.FILE GOC'!AN23 -> 0 | T63: L | V63: + | W63: =('XM.FILE GOC'!$G$23-U63)*530/65% -> 8.1538462 | X63: L | Y63: ='XM.FILE GOC'!AR23 -> 0.010332 | Z63: + | AA63: ='XM.FILE GOC'!AU23 -> 0 | AB63: L | AD63: + | AE63: =('XM.FILE GOC'!$G$23-AC63)*530/65% -> 8.1538462 | AF63: L | AG63: IS15
B64: Nồng độ Cr2O3 （K) 三價鉻 | F64: % | G64: ='XM.GUI MAIL'!$E$24 -> 5~10 | H64: ='XM.GUI MAIL'!$F$24 -> (7.5±1) | I64: ='XM.FILE GOC'!AD24 -> 0 | J64: + | K64: ='XM.FILE GOC'!AG24 -> 45.394737 | L64: L | N64: + | O64: =('XM.FILE GOC'!$G$24-M64)*575/95*1.13 -> 51.296053 | P64: L | Q64: ='XM.FILE GOC'!AK24 -> 10.128205 | R64: + | S64: ='XM.FILE GOC'!AN24 -> 0 | T64: L | V64: + | W64: =('XM.FILE GOC'!$G$24-U64)*575/95*1.13 -> 51.296053 | X64: L | Y64: ='XM.FILE GOC'!AR24 -> ko xi | Z64: + | AA64: ='XM.FILE GOC'!AU24 -> 0 | AB64: L | AD64: + | AE64: =('XM.FILE GOC'!$G$24-AC64)*575/95*1.13 -> 51.296053 | AF64: L
F65: pH | G65: ='XM.GUI MAIL'!$E$25 -> 1.8~2.2 | H65: ='XM.GUI MAIL'!$F$25 -> (2±0.1) | I65: ='XM.FILE GOC'!AD25 -> 0 | Q65: ='XM.FILE GOC'!AK25 -> 2.57 | Y65: ='XM.FILE GOC'!AR25 -> ko xi
B66: Hạng mục kiểm tra nhiệt độ 檢查溫度
A67: NO | B67: Hạng mục kiểm tra nhiệt độ 溫度檢查項目 | F67: nhiệt độ 溫度 | G67: Phạm vi kiểm soát 範圍值 | H67: Giới hạn kiểm soát 管控值 | I67: Nhiệt kế 温度計 | K67: Nhiệt tự động 自動温控 | Q67: Nhiệt kế 温度計 | S67: Nhiệt tự động 自動温控 | Y67: Nhiệt kế 温度計 | AA67: Nhiệt tự động 自動温控
A68: 1 | B68: Nhiệt độ xà bông nóng (1) 熱脫脂溫度(1) | F68: 0C | G68: ='XM.FILE GOC'!$E$28 -> 50~70 | H68: ='XM.FILE GOC'!$F$28 -> (60±5) | I68: ='XM.FILE GOC'!AD28 -> 0 | K68: ='XM.FILE GOC'!AG28 -> 0 | Q68: ='XM.FILE GOC'!AK28 -> 64 | S68: ='XM.FILE GOC'!AN28 -> 63 | Y68: ='XM.FILE GOC'!AR28 -> 64 | AA68: ='XM.FILE GOC'!AU28 -> 63
A69: 2 | B69: Nhiệt độ xà bông nóng (2) 熱脫脂溫度(2) | C69: Nhiệt độ xà bông nóng (2) 熱脫脂溫度(2) | D69: Nhiệt độ xà bông nóng (2) 熱脫脂溫度(2) | E69: Nhiệt độ xà bông nóng (2) 熱脫脂溫度(2) | F69: 0C | G69: ='XM.FILE GOC'!$E$29 -> 50~70 | H69: ='XM.FILE GOC'!$F$29 -> (60±5) | I69: ='XM.FILE GOC'!AD29 -> 0 | K69: ='XM.FILE GOC'!AG29 -> 0 | Q69: ='XM.FILE GOC'!AK29 -> 64 | S69: ='XM.FILE GOC'!AN29 -> 63 | Y69: ='XM.FILE GOC'!AR29 -> 63 | AA69: ='XM.FILE GOC'!AU29 -> 62
A70: 3 | B70: Nhiệt độ điện giải (1) 電解1 溫度 | C70: Nhiệt độ điện giải (1) 電解1 溫度 | D70: Nhiệt độ điện giải (1) 電解1 溫度 | E70: Nhiệt độ điện giải (1) 電解1 溫度 | F70: 0C | G70: ='XM.FILE GOC'!$E$30 -> 40~60 | H70: ='XM.FILE GOC'!$F$30 -> (50±5) | I70: ='XM.FILE GOC'!AD30 -> 0 | K70: ='XM.FILE GOC'!AG30 -> 0 | Q70: ='XM.FILE GOC'!AK30 -> 53 | S70: ='XM.FILE GOC'!AN30 -> 52 | Y70: ='XM.FILE GOC'!AR30 -> 55 | AA70: ='XM.FILE GOC'!AU30 -> 54
A71: 4 | B71: Nhiệt độ điện giải (2) 電解 2 溫度 | C71: Nhiệt độ điện giải (2) 電解 2 溫度 | D71: Nhiệt độ điện giải (2) 電解 2 溫度 | E71: Nhiệt độ điện giải (2) 電解 2 溫度 | F71: 0C | G71: ='XM.FILE GOC'!$E$31 -> 40~60 | H71: ='XM.FILE GOC'!$F$31 -> (50±5) | I71: ='XM.FILE GOC'!AD31 -> 0 | K71: ='XM.FILE GOC'!AG31 -> 0 | Q71: ='XM.FILE GOC'!AK31 -> 52 | S71: ='XM.FILE GOC'!AN31 -> 51 | Y71: ='XM.FILE GOC'!AR31 -> 53 | AA71: ='XM.FILE GOC'!AU31 -> 52
A72: 5 | B72: Nhiệt độ bồn xi 鍍鋅槽溫度 | C72: Nhiệt độ bồn xi 鍍鋅槽溫度 | D72: Nhiệt độ bồn xi 鍍鋅槽溫度 | E72: Nhiệt độ bồn xi 鍍鋅槽溫度 | F72: 0C | G72: ='XM.FILE GOC'!$E$32 -> 20~35 | H72: ='XM.FILE GOC'!$F$32 -> (30±4) | I72: ='XM.FILE GOC'!AD32 -> 0 | K72: ='XM.FILE GOC'!AG32 -> 0 | Q72: ='XM.FILE GOC'!AK32 -> 28 | S72: ='XM.FILE GOC'!AN32 -> 27 | Y72: ='XM.FILE GOC'!AR32 -> 28 | AA72: ='XM.FILE GOC'!AU32 -> 27
A73: 6 | B73: Nhiệt độ bồn màu Cr2O3 三價鉻 溫度 | C73: Nhiệt độ bồn màu Cr2O3 三價鉻 溫度 | D73: Nhiệt độ bồn màu Cr2O3 三價鉻 溫度 | E73: Nhiệt độ bồn màu Cr2O3 三價鉻 溫度 | F73: 0C | G73: ='XM.FILE GOC'!$E$33 -> 30~40 | H73: ='XM.FILE GOC'!$F$33 -> (34±3) | I73: ='XM.FILE GOC'!AD33 -> 0 | K73: ='XM.FILE GOC'!AG33 -> 0 | Q73: ='XM.FILE GOC'!AK33 -> 37 | S73: ='XM.FILE GOC'!AN33 -> 36 | Y73: ='XM.FILE GOC'!AR33 -> 37 | AA73: ='XM.FILE GOC'!AU33 -> 36
A74: 7 | B74: Nhiệt độ bồn nước nóng 熱水溫度 | C74: Nhiệt độ bồn nước nóng 熱水溫度 | D74: Nhiệt độ bồn nước nóng 熱水溫度 | E74: Nhiệt độ bồn nước nóng 熱水溫度 | F74: 0C | G74: ='XM.FILE GOC'!$E$34 -> 50~70 | H74: ='XM.FILE GOC'!$F$34 -> (60±10) | I74: ='XM.FILE GOC'!AD34 -> 0 | K74: ='XM.FILE GOC'!AG34 -> 0 | Q74: ='XM.FILE GOC'!AK34 -> 32 | S74: ='XM.FILE GOC'!AN34 -> 31 | Y74: ='XM.FILE GOC'!AR34 -> 46 | AA74: ='XM.FILE GOC'!AU34 -> 45
A75: 8 | B75: Sấy khô 烘乾 | C75: Sấy khô 烘乾 | D75: Sấy khô 烘乾 | E75: Sấy khô 烘乾 | F75: 0C | G75: ='XM.FILE GOC'!$E$35 -> 80~100 | H75: ='XM.FILE GOC'!$F$35 -> (90±5) | I75: ='XM.FILE GOC'!AD35 -> \ | K75: ='XM.FILE GOC'!AG35 -> 0 | Q75: ='XM.FILE GOC'!AK35 -> \ | S75: ='XM.FILE GOC'!AN35 -> chưa mo máy | Y75: ='XM.FILE GOC'!AR35 -> \ | AA75: ='XM.FILE GOC'!AU35 -> 87
B76: Hạng mục kiểm tra bơm thuốc tự động 藥液自動添加
A77: NO | B77: Hạng mục bơm thuốc 自動添加檢查項目 | F77: Đơn vị 單位 | G77: Phạm vi kiểm soát 範圍值 | H77: Giới hạn kiểm soát 管控值 | I77: Lượng bơm 添加量 | Q77: Lượng bơm 添加量 | Y77: Lượng bơm 添加量
A78: 1 | B78: Chất mềm 開缸劑 | F78: ml/KAH | G78: ='XM.FILE GOC'!$E$37 -> 300-360 | H78: ='XM.FILE GOC'!$F$37 -> 300-360 | I78: ='XM.FILE GOC'!AD37 -> 0 | Q78: ='XM.FILE GOC'!AK37 -> chưa có hâng ko bơm | Y78: ='XM.FILE GOC'!AR37 -> chưa có hâng ko bơm
A79: 2 | B79: Chất bóng 光亮劑 | F79: ml/KAH | G79: ='XM.FILE GOC'!$E$38 -> 30-50 | H79: ='XM.FILE GOC'!$F$38 -> 30-50 | I79: ='XM.FILE GOC'!AD38 -> 0 | Q79: ='XM.FILE GOC'!AK38 -> chưa có hâng ko bơm | Y79: ='XM.FILE GOC'!AR38 -> chưa có hâng ko bơm

Sheet 2. XL-1F kh
B1: 錩新科技股份有限公司 CX TECHNOLOGY CORPORATION
B2: BÁO CÁO KẾT QUẢ HÓA NGHIỆM HÀNG NGÀY XL-001F 表面處理生產製程管控記錄表 | AD2: Lập biểu 作成 | AF2: Xác nhận 確認
B3: XL-001F | G3: Ca 1, | H3: =MENU!$AC$9 -> Thứ 4, | I3: =MENU!$AD$9 -> 2024/05/22 | AD3: =MENU!AE6 -> Mi | AF3: Yen
A4: NO | B4: Hạng mục kiểm tra nồng dộ 化驗檢查項目 | F4: Đơn vị 單位 | G4: Phạm vi kiểm soát 範圍值 | H4: Giới hạn kiểm soát 管控值 | I4: 0.30208333 | M4: KQ bổ sung sau 1H | Q4: 0.46875 | U4: KQ bổ sung sau 1H | Y4: 0.63541667 | AC4: KQ bổ sung sau 1H | AG4: Mã số văn kiện 文件編號
I5: 濃度 | J5: 補充 BS | M5: 濃度 | N5: 補充 BS | Q5: 濃度 | R5: 補充 BS | U5: 濃度 | V5: 補充 BS | Y5: 濃度 | Z5: 補充 BS | AC5: 濃度 | AD5: 補充 BS
A6: 1 | B6: Xà bông (1) 脫脂 | D6: CT-21A | F6: g/L | G6: ='XM.FILE GOC'!$E$43 -> 60~80 | H6: ='XM.FILE GOC'!$F$43 -> (70±5) | I6: ='XM.FILE GOC'!I43 -> 70.4165 | J6: + | K6: ='XM.FILE GOC'!L43 -> 0 | L6: kg | Q6: ='XM.FILE GOC'!P43 -> 70.4165 | R6: + | S6: ='XM.FILE GOC'!S43 -> 0 | T6: kg | Y6: ='XM.FILE GOC'!W43 -> 68.145 | Z6: + | AA6: ='XM.FILE GOC'!Z43 -> 4.995515 | AB6: kg | AC6: 70.2 | AD6: + | AE6: =('XM.FILE GOC'!$G$43-AC6)*2693/1000 -> -0.5386 | AF6: kg | AG6: Q3-CXVN-PC01-IS06
D7: CT-21B | G7: CT-21A: 25kg/CT-21B: 5-10Lit | K7: =K6/25*7.5 -> 0 | L7: L | S7: =S6/25*7.5 -> 0 | T7: L | AA7: =AA6/25*7.5 -> 1.4986545 | AB7: L | AD7: + | AE7: =AE6/25*7.5 -> -0.16158 | AF7: L
A8: 2 | B8: Xà bông (2) 脫脂 | D8: CT-21A | F8: g/L | G8: ='XM.FILE GOC'!$E$45 -> 60~80 | H8: ='XM.FILE GOC'!$F$45 -> (70±5) | I8: ='XM.FILE GOC'!I45 -> 72.688 | J8: + | K8: ='XM.FILE GOC'!L45 -> 0 | L8: kg | Q8: ='XM.FILE GOC'!P45 -> 72.688 | R8: + | S8: ='XM.FILE GOC'!S45 -> 0 | T8: kg | Y8: ='XM.FILE GOC'!W45 -> 71.7145 | Z8: + | AA8: ='XM.FILE GOC'!Z45 -> 0 | AB8: kg | AG8: Q3-CXVN-PC01-IS06
D9: CT-21B | G9: CT-21A: 25kg/CT-21B: 5-10Lit | K9: =K8/25*7.5 -> 0 | L9: L | S9: =S8/25*7.5 -> 0 | T9: L | AA9: =AA8/25*7.5 -> 0 | AB9: L
A10: 3 | B10: Điện giải(1) 電解 | D10: EC-508A | E10: EC-508A | F10: g/L | G10: ='XM.FILE GOC'!$E$47 -> 50~70 | H10: ='XM.FILE GOC'!$F$47 -> (60±10) | I10: ='XM.FILE GOC'!I47 -> 62.601 | J10: + | K10: ='XM.FILE GOC'!L47 -> 0 | L10: kg | Q10: ='XM.FILE GOC'!P47 -> 63.063 | R10: + | S10: ='XM.FILE GOC'!S47 -> 0 | T10: kg | Y10: ='XM.FILE GOC'!W47 -> 64.68 | Z10: + | AA10: ='XM.FILE GOC'!Z47 -> 0 | AB10: kg | AG10: Q3-CXVN-PC01-IS06
D11: EC-508B | E11: EC-508B | G11: EC-508A: 25kg/EC-508B:4-10Lit | K11: =K10/25*7 -> 0 | L11: L | S11: =S10/25*7 -> 0 | T11: L | AA11: =AA10/25*7 -> 0 | AB11: L
A12: 4 | B12: Điện giải (2) 電解 | D12: EC-508A | E12: EC-508A | F12: g/L | G12: ='XM.FILE GOC'!$E$49 -> 50~70 | H12: ='XM.FILE GOC'!$F$49 -> (60±10) | I12: ='XM.FILE GOC'!I49 -> 62.139 | J12: + | K12: ='XM.FILE GOC'!L49 -> 0 | L12: kg | Q12: ='XM.FILE GOC'!P49 -> 60.291 | R12: + | S12: ='XM.FILE GOC'!S49 -> 0 | T12: kg | Y12: ='XM.FILE GOC'!W49 -> 60.06 | Z12: + | AA12: ='XM.FILE GOC'!Z49 -> 0 | AB12: kg | AG12: Q3-CXVN-PC01-IS06
D13: EC-508B | E13: EC-508B | G13: EC-508A: 25kg/EC-508B:4-10Lit | K13: =K12/25*7 -> 0 | L13: L | S13: =S12/25*7 -> 0 | T13: L | AA13: =AA12/25*7 -> 0 | AB13: L
A14: 5 | B14: Nồng độ NaOH 氫氧化鈉 | F14: g/L | G14: ='XM.FILE GOC'!$E$51 -> 130 - 150 | H14: ='XM.FILE GOC'!$F$51 -> (140±7) | I14: ='XM.FILE GOC'!I51 -> 144 | J14: + | K14: ='XM.FILE GOC'!L51 -> 0 | L14: kg | Q14: ='XM.FILE GOC'!P51 -> 141.6 | R14: + | S14: ='XM.FILE GOC'!S51 -> 0 | T14: kg | Y14: ='XM.FILE GOC'!W51 -> 141.2 | Z14: + | AA14: ='XM.FILE GOC'!Z51 -> 0 | AB14: kg | AG14: Q3-CXVN-PC01-IS08
A15: 6 | B15: Nồng độ Zn 鋅 (1 pcs Zn=25kg) | F15: g/L | G15: ='XM.FILE GOC'!$E$52 -> 8~12 | H15: ='XM.FILE GOC'!$F$52 -> (10±2) | I15: ='XM.FILE GOC'!I52 -> 10.27 | J15: + | K15: ='XM.FILE GOC'!L52 -> 0 | L15: kg | Q15: ='XM.FILE GOC'!P52 -> 10.66 | R15: + | S15: ='XM.FILE GOC'!S52 -> 0 | T15: kg | Y15: ='XM.FILE GOC'!W52 -> 10.79 | Z15: + | AA15: ='XM.FILE GOC'!Z52 -> 0 | AB15: kg | AG15: Q3-CXVN-PC01-IS07
A16: 7 | B16: Nồng độ Cr2O3 三價鉻 | F16: % | G16: ='XM.FILE GOC'!$E$53 -> 6~10 | H16: ='XM.FILE GOC'!$F$53 -> (7±1) | I16: ='XM.FILE GOC'!I53 -> 6.58 | J16: + | K16: ='XM.FILE GOC'!L53 -> 2.415 | M16: 6.8 | N16: + | O16: =('XM.FILE GOC'!$G$53-M16)*575/108 -> 1.0648148 | P16: L | Q16: ='XM.FILE GOC'!P53 -> 6.85 | R16: + | S16: ='XM.FILE GOC'!S53 -> 0.8625 | T16: L | U16: 7 | V16: + | W16: =('XM.FILE GOC'!$G$53-U16)*575/108 -> 0 | X16: L | Y16: ='XM.FILE GOC'!W53 -> 7.1 | Z16: + | AA16: ='XM.FILE GOC'!Z53 -> 0 | AB16: L
F17: pH | G17: ='XM.FILE GOC'!$E$54 -> 2~2.5 | H17: ='XM.FILE GOC'!$F$54 -> (2.3±0.1 ) | I17: ='XM.FILE GOC'!I54 -> 2.3 | K17: ='XM.FILE GOC'!L54 -> 0 | Q17: ='XM.FILE GOC'!P54 -> 2.28 | S17: ='XM.FILE GOC'!S54 -> 0 | Y17: ='XM.FILE GOC'!W54 -> 2.26 | AA17: ='XM.FILE GOC'!Z54 -> 0
A18: 8 | B18: Nồng độ acid đặc 鹽酸 濃度 | F18: %V/V | G18: ='XM.FILE GOC'!$E$55 -> 40~50 | H18: ='XM.FILE GOC'!$F$55 -> (45±5) | I18: ='XM.FILE GOC'!I55 -> 0.43914063 | J18: + | K18: ='XM.FILE GOC'!L55 -> 23.043594 | L18: L | M18: 0.455 | N18: + | O18: =('XM.FILE GOC'!$G$55-M18)*2122 -> -10.61 | P18: L | Q18: ='XM.FILE GOC'!P55 -> 0.46765625 | R18: + | S18: ='XM.FILE GOC'!S55 -> 0 | T18: L | Y18: ='XM.FILE GOC'!W55 -> 0.45625 | Z18: + | AA18: ='XM.FILE GOC'!Z55 -> 0 | AB18: L | AG18: Q3-CXVN-PC01-IS04
A19: 9 | B19: Nồng độ acid loãng 稀酸 濃度 | F19: %V/V | G19: ='XM.FILE GOC'!$E$56 -> (22±5) =17~27 | H19: ='XM.FILE GOC'!$F$56 -> (22±5) | I19: ='XM.FILE GOC'!I56 -> 0 | J19: + | K19: ='XM.FILE GOC'!L56 -> 134.64 | L19: L | N19: + | O19: =('XM.FILE GOC'!$G$56-M19)*612 -> 134.64 | P19: L | Q19: ='XM.FILE GOC'!P56 -> 0 | R19: + | S19: ='XM.FILE GOC'!S56 -> 134.64 | T19: L | Y19: ='XM.FILE GOC'!W56 -> 0 | Z19: + | AA19: ='XM.FILE GOC'!Z56 -> 134.64 | AB19: L | AG19: Q3-CXVN-PC01-IS04
A20: 11 | B20: Nồng độ HCL hoạt hóa 稀酸活化 濃度 | F20: %V/V | G20: ='XM.FILE GOC'!$E$57 -> 5~15 | H20: ='XM.FILE GOC'!$F$57 -> (10±3) | I20: ='XM.FILE GOC'!I57 -> 0 | J20: + | K20: ='XM.FILE GOC'!L57 -> 57.5 | L20: L | N20: + | O20: =('XM.FILE GOC'!$G$57-M20)*575 -> 57.5 | P20: L | Q20: ='XM.FILE GOC'!P57 -> 0 | R20: + | S20: ='XM.FILE GOC'!S57 -> 57.5 | T20: L | Y20: ='XM.FILE GOC'!W57 -> 0 | Z20: + | AA20: ='XM.FILE GOC'!Z57 -> 57.5 | AB20: L | AG20: Q3-CXVN-PC01-IS15
A21: 9 | B21: Nồng độ HNO3 硝酸濃度 | F21: % | G21: ='XM.FILE GOC'!$E$58 -> 0.5~1.5 | H21: ='XM.FILE GOC'!$F$58 -> (1±0.4) | I21: ='XM.FILE GOC'!I58 -> 0.010458 | J21: + | K21: ='XM.FILE GOC'!L58 -> 0 | L21: L | Q21: ='XM.FILE GOC'!P58 -> 0.01071 | R21: + | S21: ='XM.FILE GOC'!S58 -> 0 | T21: L | Y21: ='XM.FILE GOC'!W58 -> 0.01008 | Z21: + | AA21: ='XM.FILE GOC'!Z58 -> 0 | AB21: L | AG21: Q3-CXVN-PC01-IS15
A22: 10 | B22: Nồng độ Cr2O3 （K) 三價鉻 FINIDIP 124 | F22: % | G22: ='XM.GUI MAIL'!$E$59 -> 5~8 | H22: ='XM.GUI MAIL'!$F$59 -> (6±0.5) | I22: ='XM.FILE GOC'!I59 -> 6.28 | J22: + | K22: ='XM.FILE GOC'!L59 -> 0 | L22: L | Q22: ='XM.FILE GOC'!P59 -> KO SX | R22: + | S22: ='XM.FILE GOC'!S59 -> 0 | T22: L | Y22: ='XM.FILE GOC'!W59 -> KO SX | Z22: + | AA22: ='XM.FILE GOC'!Z59 -> 0 | AB22: L
F23: pH | G23: ='XM.GUI MAIL'!$E$60 -> 1.8~2.4 | H23: ='XM.GUI MAIL'!$F$60 -> (2.1±0.1 ) | I23: ='XM.FILE GOC'!I60 -> 2.1 | J23: + | K23: ='XM.FILE GOC'!L60 -> 0 | L23: L | Q23: ='XM.FILE GOC'!P60 -> KO SX | R23: + | S23: ='XM.FILE GOC'!S60 -> 0 | T23: L | Y23: ='XM.FILE GOC'!W60 -> KO SX | Z23: + | AA23: ='XM.FILE GOC'!Z60 -> 0 | AB23: L
B24: Hạng mục kiểm tra nhiệt độ 檢查溫度
A25: NO | B25: Hạng mục kiểm tra nhiệt độ 溫度檢查項目 | F25: nhiệt độ 溫度 | G25: Phạm vi kiểm soát 範圍值 | H25: Giới hạn kiểm soát 管控值 | I25: Nhiệt kế 温度計 | K25: Nhiệt tự động 自動温控 | Q25: Nhiệt kế 温度計 | S25: Nhiệt tự động 自動温控 | Y25: Nhiệt kế 温度計 | AA25: Nhiệt tự động 自動温控
A26: 1 | B26: Nhiệt độ xà bông nóng (1) 熱脫脂溫度(1) | F26: 0C | G26: ='XM.FILE GOC'!$E$63 -> 50~70 | H26: ='XM.FILE GOC'!$F$63 -> (60±5) | I26: ='XM.GUI MAIL'!I63 -> 60 | K26: ='XM.FILE GOC'!L63 -> 60 | Q26: ='XM.GUI MAIL'!P63 -> 60 | S26: ='XM.FILE GOC'!S63 -> 60 | Y26: ='XM.GUI MAIL'!W63 -> 60 | AA26: ='XM.FILE GOC'!Z63 -> 60
A27: 2 | B27: Nhiệt độ xà bông nóng (2) 熱脫脂溫度(2) | C27: Nhiệt độ xà bông nóng (2) 熱脫脂溫度(2) | D27: Nhiệt độ xà bông nóng (2) 熱脫脂溫度(2) | E27: Nhiệt độ xà bông nóng (2) 熱脫脂溫度(2) | F27: 0C | G27: ='XM.FILE GOC'!$E$64 -> 50~70 | H27: ='XM.FILE GOC'!$F$64 -> (60±5) | I27: ='XM.GUI MAIL'!I64 -> 60 | K27: ='XM.FILE GOC'!L64 -> 60 | Q27: ='XM.GUI MAIL'!P64 -> 62 | S27: ='XM.FILE GOC'!S64 -> 61 | Y27: ='XM.GUI MAIL'!W64 -> 60 | AA27: ='XM.FILE GOC'!Z64 -> 60
A28: 3 | B28: Nhiệt độ điện giải (1) 電解1 溫度 | C28: Nhiệt độ điện giải (1) 電解1 溫度 | D28: Nhiệt độ điện giải (1) 電解1 溫度 | E28: Nhiệt độ điện giải (1) 電解1 溫度 | F28: 0C | G28: ='XM.FILE GOC'!$E$65 -> 40~60 | H28: ='XM.FILE GOC'!$F$65 -> (50±5) | I28: ='XM.GUI MAIL'!I65 -> 52 | K28: ='XM.FILE GOC'!L65 -> 51 | Q28: ='XM.GUI MAIL'!P65 -> 52 | S28: ='XM.FILE GOC'!S65 -> 51 | Y28: ='XM.GUI MAIL'!W65 -> 53 | AA28: ='XM.FILE GOC'!Z65 -> 52
A29: 4 | B29: Nhiệt độ điện giải (2) 電解 2 溫度 | C29: Nhiệt độ điện giải (2) 電解 2 溫度 | D29: Nhiệt độ điện giải (2) 電解 2 溫度 | E29: Nhiệt độ điện giải (2) 電解 2 溫度 | F29: 0C | G29: ='XM.FILE GOC'!$E$66 -> 40~60 | H29: ='XM.FILE GOC'!$F$66 -> (50±5) | I29: ='XM.GUI MAIL'!I66 -> 52 | K29: ='XM.FILE GOC'!L66 -> 51 | Q29: ='XM.GUI MAIL'!P66 -> 52 | S29: ='XM.FILE GOC'!S66 -> 50 | Y29: ='XM.GUI MAIL'!W66 -> 50 | AA29: ='XM.FILE GOC'!Z66 -> 50
A30: 5 | B30: Nhiệt độ bồn xi 鍍鋅槽溫度 | C30: Nhiệt độ bồn xi 鍍鋅槽溫度 | D30: Nhiệt độ bồn xi 鍍鋅槽溫度 | E30: Nhiệt độ bồn xi 鍍鋅槽溫度 | F30: 0C | G30: ='XM.FILE GOC'!$E$67 -> 22~35 | H30: ='XM.FILE GOC'!$F$67 -> (30±4) | I30: 33 | K30: 31 | Q30: 30 | S30: 30 | Y30: 31 | AA30: 32
A31: 6 | B31: Nhiệt độ bồn màu Cr2O3 三價鉻 溫度 | C31: Nhiệt độ bồn màu Cr2O3 三價鉻 溫度 | D31: Nhiệt độ bồn màu Cr2O3 三價鉻 溫度 | E31: Nhiệt độ bồn màu Cr2O3 三價鉻 溫度 | F31: 0C | G31: ='XM.FILE GOC'!$E$68 -> 30-38 | H31: ='XM.FILE GOC'!$F$68 -> (34±2) | I31: ='XM.GUI MAIL'!I68 -> 33 | K31: ='XM.FILE GOC'!L68 -> 32 | Q31: ='XM.GUI MAIL'!P68 -> 33 | S31: ='XM.FILE GOC'!S68 -> 32 | Y31: ='XM.GUI MAIL'!W68 -> 34 | AA31: ='XM.FILE GOC'!Z68 -> 33
A32: 7 | B32: Nhiệt độ bồn nước nóng 熱水溫度 | C32: Nhiệt độ bồn nước nóng 熱水溫度 | D32: Nhiệt độ bồn nước nóng 熱水溫度 | E32: Nhiệt độ bồn nước nóng 熱水溫度 | F32: 0C | G32: ='XM.FILE GOC'!$E$69 -> 50~70 | H32: ='XM.FILE GOC'!$F$69 -> (60±10) | I32: ='XM.GUI MAIL'!I69 -> 56 | K32: ='XM.FILE GOC'!L69 -> 55 | Q32: ='XM.GUI MAIL'!P69 -> 55 | S32: ='XM.FILE GOC'!S69 -> 56 | Y32: ='XM.GUI MAIL'!W69 -> 56 | AA32: ='XM.FILE GOC'!Z69 -> 55
A33: 8 | B33: Sấy khô 烘乾 | C33: Sấy khô 烘乾 | D33: Sấy khô 烘乾 | E33: Sấy khô 烘乾 | F33: 0C | G33: ='XM.FILE GOC'!$E$70 -> 80~100 | H33: ='XM.FILE GOC'!$F$70 -> (90±5) | I33: \ | K33: ='XM.FILE GOC'!L70 -> 91 | Q33: \ | S33: ='XM.FILE GOC'!S70 -> 90 | Y33: \ | AA33: ='XM.FILE GOC'!Z70 -> 90
B34: Hạng mục kiểm tra bơm thuốc tự động 藥液自動添加
A35: NO | B35: Hạng mục bơm thuốc 自動添加檢查項目 | F35: Đơn vị 單位 | G35: Phạm vi kiểm soát 範圍值 | H35: Giới hạn kiểm soát 管控值 | I35: Lượng bơm 添加量 | Q35: Lượng bơm 添加量 | Y35: Lượng bơm 添加量
A36: 1 | B36: Chất mềm 開缸劑 | F36: ml/KAH | G36: ='XM.FILE GOC'!$E$72 -> 100-200 | H36: ='XM.FILE GOC'!$F$72 -> 100-200 | I36: ='XM.GUI MAIL'!I72 -> 140 | Q36: ='XM.GUI MAIL'!P72 -> 142 | Y36: ='XM.GUI MAIL'!W72 -> 142
A37: 2 | B37: Chất bóng 光亮劑 | F37: ml/KAH | G37: ='XM.FILE GOC'!$E$73 -> 20-50 | H37: ='XM.FILE GOC'!$F$73 -> 20-50 | I37: ='XM.GUI MAIL'!I73 -> 38 | Q37: ='XM.GUI MAIL'!P73 -> 40 | Y37: ='XM.GUI MAIL'!W73 -> 42
B39: 錩新科技股份有限公司 CX TECHNOLOGY CORPORATION
B40: BÁO CÁO KẾT QUẢ HÓA NGHIỆM HÀNG NGÀY XL-001F 表面處理生產製程管控記錄表 | AD40: Lập biểu 作成 | AF40: Xác nhận 確認
B41: XL-001F | G41: Ca 2, | H41: =MENU!$AC$9 -> Thứ 4, | I41: =MENU!$AD$9 -> 2024/05/22 | AD41: =MENU!AE7 -> L.Yen | AF41: Yen
A42: NO | B42: Hạng mục kiểm tra nồng dộ 化驗檢查項目 | F42: Đơn vị 單位 | G42: Phạm vi kiểm soát 範圍值 | H42: Giới hạn kiểm soát 管控值 | I42: 0.80208333 | M42: KQ bổ sung sau 1H | Q42: 0.96875 | U42: KQ bổ sung sau 1H | Y42: 0.13541667 | AC42: KQ bổ sung sau 1H | AG42: Mã số văn kiện 文件編號
I43: 濃度 | J43: 補充 BS | M43: 濃度 | N43: 補充 BS | Q43: 濃度 | R43: 補充 BS | U43: 濃度 | V43: 補充 BS | Y43: 濃度 | Z43: 補充 BS | AC43: 濃度 | AD43: 補充 BS
A44: 1 | B44: Xà bông (1) 脫脂 | D44: CT-21A | F44: g/L | G44: ='XM.FILE GOC'!$E$43 -> 60~80 | H44: ='XM.FILE GOC'!$F$43 -> (70±5) | I44: ='XM.FILE GOC'!AD43 -> 72.3 | J44: + | K44: ='XM.FILE GOC'!AG43 -> 0 | L44: kg | N44: + | P44: kg | Q44: ='XM.FILE GOC'!AK43 -> 71.6 | R44: + | S44: ='XM.FILE GOC'!AN43 -> 0 | T44: kg | V44: + | X44: kg | Y44: ='XM.FILE GOC'!AR43 -> 71.39 | Z44: + | AA44: ='XM.FILE GOC'!AU43 -> 0 | AB44: kg | AD44: + | AF44: kg | AG44: Q3-CXVN-PC01-IS06
D45: CT-21B | G45: CT-21A: 25kg/CT-21B: 5-10Lit | K45: =K44/25*7.5 -> 0 | L45: L | N45: + | P45: L | S45: =S44/25*7.5 -> 0 | T45: L | V45: + | X45: L | AA45: =AA44/25*7.5 -> 0 | AB45: L | AD45: + | AF45: L
A46: 2 | B46: Xà bông (2) 脫脂 | D46: CT-21A | F46: g/L | G46: ='XM.FILE GOC'!$E$45 -> 60~80 | H46: ='XM.FILE GOC'!$F$45 -> (70±5) | I46: ='XM.FILE GOC'!AD45 -> 71 | J46: + | K46: ='XM.FILE GOC'!AG45 -> 0 | L46: kg | N46: + | P46: kg | Q46: ='XM.FILE GOC'!AK45 -> 70.6 | R46: + | S46: ='XM.FILE GOC'!AN45 -> 0 | T46: kg | V46: + | X46: kg | Y46: ='XM.FILE GOC'!AR45 -> 70 | Z46: + | AA46: ='XM.FILE GOC'!AU45 -> 0 | AB46: kg | AD46: + | AF46: kg | AG46: Q3-CXVN-PC01-IS06
D47: CT-21B | G47: CT-21A: 25kg/CT-21B: 5-10Lit | K47: =K46/25*7.5 -> 0 | L47: L | N47: + | P47: L | S47: =S46/25*7.5 -> 0 | T47: L | V47: + | X47: L | AA47: =AA46/25*7.5 -> 0 | AB47: L | AD47: + | AF47: L
A48: 3 | B48: Điện giải(1) 電解 | D48: EC-508A | E48: EC-508A | F48: g/L | G48: ='XM.FILE GOC'!$E$47 -> 50~70 | H48: ='XM.FILE GOC'!$F$47 -> (60±10) | I48: ='XM.FILE GOC'!AD47 -> 63.294 | J48: + | K48: ='XM.FILE GOC'!AG47 -> 0 | L48: kg | N48: + | P48: kg | Q48: ='XM.FILE GOC'!AK47 -> 62.37 | R48: + | S48: ='XM.FILE GOC'!AN47 -> 0 | T48: kg | V48: + | X48: kg | Y48: ='XM.FILE GOC'!AR47 -> 61.2 | Z48: + | AA48: ='XM.FILE GOC'!AU47 -> 0 | AB48: kg | AD48: + | AF48: kg | AG48: Q3-CXVN-PC01-IS06
D49: EC-508B | E49: EC-508B | G49: EC-508A: 25kg/EC-508B:4-10Lit | K49: =K48/25*7 -> 0 | L49: L | N49: + | P49: L | S49: =S48/25*7 -> 0 | T49: L | V49: + | X49: L | AA49: =AA48/25*7 -> 0 | AB49: L | AD49: + | AF49: L
A50: 4 | B50: Điện giải (2) 電解 | D50: EC-508A | E50: EC-508A | F50: g/L | G50: ='XM.FILE GOC'!$E$49 -> 50~70 | H50: ='XM.FILE GOC'!$F$49 -> (60±10) | I50: ='XM.FILE GOC'!AD49 -> 54.516 | J50: + | K50: ='XM.FILE GOC'!AG49 -> 8.001156 | L50: kg | M50: 62.3 | N50: + | P50: kg | Q50: ='XM.FILE GOC'!AK49 -> 66.99 | R50: + | S50: ='XM.FILE GOC'!AN49 -> 0 | T50: kg | V50: + | X50: kg | Y50: ='XM.FILE GOC'!AR49 -> 66.528 | Z50: + | AA50: ='XM.FILE GOC'!AU49 -> 0 | AB50: kg | AD50: + | AF50: kg | AG50: Q3-CXVN-PC01-IS06
D51: EC-508B | E51: EC-508B | G51: EC-508A: 25kg/EC-508B:4-10Lit | K51: =K50/25*7 -> 2.2403237 | L51: L | N51: + | P51: L | S51: =S50/25*7 -> 0 | T51: L | V51: + | X51: L | AA51: =AA50/25*7 -> 0 | AB51: L | AD51: + | AF51: L
A52: 5 | B52: Nồng độ NaOH 氫氧化鈉 | F52: g/L | G52: ='XM.FILE GOC'!$E$51 -> 130 - 150 | H52: ='XM.FILE GOC'!$F$51 -> (140±7) | I52: ='XM.FILE GOC'!AD51 -> 140.8 | J52: + | K52: ='XM.FILE GOC'!AG51 -> 0 | L52: kg | N52: + | P52: kg | Q52: ='XM.FILE GOC'!AK51 -> 140 | R52: + | S52: ='XM.FILE GOC'!AN51 -> 0 | T52: kg | V52: + | X52: kg | Y52: ='XM.FILE GOC'!AR51 -> 139.2 | Z52: + | AA52: ='XM.FILE GOC'!AU51 -> 15.9608 | AB52: kg | AC52: 140 | AD52: + | AF52: kg | AG52: Q3-CXVN-PC01-IS08
A53: 6 | B53: Nồng độ Zn 鋅 (1 pcs Zn=25kg) | F53: g/L | G53: ='XM.FILE GOC'!$E$52 -> 8~12 | H53: ='XM.FILE GOC'!$F$52 -> (10±2) | I53: ='XM.FILE GOC'!AD52 -> 11.31 | J53: + | K53: ='XM.FILE GOC'!AG52 -> 0 | L53: kg | N53: + | P53: kg | Q53: ='XM.FILE GOC'!AK52 -> 11.05 | R53: + | S53: ='XM.FILE GOC'!AN52 -> 0 | T53: kg | V53: + | X53: kg | Y53: ='XM.FILE GOC'!AR52 -> 10.79 | Z53: + | AA53: ='XM.FILE GOC'!AU52 -> 0 | AB53: kg | AD53: + | AF53: kg | AG53: Q3-CXVN-PC01-IS07
A54: 7 | B54: Nồng độ Cr2O3 三價鉻 | F54: % | G54: ='XM.FILE GOC'!$E$53 -> 6~10 | H54: ='XM.FILE GOC'!$F$53 -> (7±1) | I54: ='XM.FILE GOC'!AD53 -> 7 | J54: + | K54: ='XM.FILE GOC'!AG53 -> 0 | L54: L | N54: + | P54: L | Q54: ='XM.FILE GOC'!AK53 -> 7.2 | R54: + | S54: ='XM.FILE GOC'!AN53 -> 0 | T54: L | V54: + | X54: L | Y54: ='XM.FILE GOC'!AR53 -> 7 | Z54: + | AA54: ='XM.FILE GOC'!AU53 -> 0 | AB54: L | AD54: + | AF54: L
F55: pH | G55: ='XM.FILE GOC'!$E$54 -> 2~2.5 | H55: ='XM.FILE GOC'!$F$54 -> (2.3±0.1 ) | I55: ='XM.FILE GOC'!AD54 -> 2.3 | K55: ='XM.FILE GOC'!AG54 -> 0 | Q55: ='XM.FILE GOC'!AK54 -> 2.35 | S55: ='XM.FILE GOC'!AN54 -> 0 | Y55: ='XM.FILE GOC'!AR54 -> 2.4 | AA55: ='XM.FILE GOC'!AU54 -> 0
A56: 8 | B56: Nồng độ acid đặc 鹽酸 濃度 | F56: %V/V | G56: ='XM.FILE GOC'!$E$55 -> 40~50 | H56: ='XM.FILE GOC'!$F$55 -> (45±5) | I56: ='XM.FILE GOC'!AD55 -> 0.45054688 | J56: + | K56: ='XM.FILE GOC'!AG55 -> 0 | L56: L | N56: + | P56: L | Q56: ='XM.FILE GOC'!AK55 -> 0.446 | R56: + | S56: ='XM.FILE GOC'!AN55 -> 8.488 | T56: L | U56: 0.463 | V56: + | X56: L | Y56: ='XM.FILE GOC'!AR55 -> 0.45625 | Z56: + | AA56: ='XM.FILE GOC'!AU55 -> 0 | AB56: L | AD56: + | AF56: L | AG56: Q3-CXVN-PC01-IS04
A57: 9 | B57: Nồng độ acid loãng 稀酸 濃度 | F57: %V/V | G57: ='XM.FILE GOC'!$E$56 -> (22±5) =17~27 | H57: ='XM.FILE GOC'!$F$56 -> (22±5) | I57: ='XM.FILE GOC'!AD56 -> 0 | J57: + | K57: ='XM.FILE GOC'!AG56 -> 134.64 | L57: L | N57: + | P57: L | Q57: ='XM.FILE GOC'!AK56 -> 0 | R57: + | S57: ='XM.FILE GOC'!AN56 -> 134.64 | T57: L | V57: + | X57: L | Y57: ='XM.FILE GOC'!AR56 -> 0 | Z57: + | AA57: ='XM.FILE GOC'!AU56 -> 134.64 | AB57: L | AD57: + | AF57: L | AG57: Q3-CXVN-PC01-IS04
A58: 11 | B58: Nồng độ HCL hoạt hóa 稀酸活化 濃度 | F58: %V/V | G58: ='XM.FILE GOC'!$E$57 -> 5~15 | H58: ='XM.FILE GOC'!$F$57 -> (10±3) | I58: ='XM.FILE GOC'!AD57 -> 0 | J58: + | K58: ='XM.FILE GOC'!AG57 -> 57.5 | L58: L | N58: + | P58: L | Q58: ='XM.FILE GOC'!AK57 -> 0 | R58: + | S58: ='XM.FILE GOC'!AN57 -> 57.5 | T58: L | V58: + | X58: L | Y58: ='XM.FILE GOC'!AR57 -> 0 | Z58: + | AA58: ='XM.FILE GOC'!AU57 -> 57.5 | AB58: L | AD58: + | AF58: L | AG58: Q3-CXVN-PC01-IS15
A59: 9 | B59: Nồng độ HNO3 硝酸濃度 | F59: % | G59: ='XM.FILE GOC'!$E$58 -> 0.5~1.5 | H59: ='XM.FILE GOC'!$F$58 -> (1±0.4) | I59: ='XM.FILE GOC'!AD58 -> 0.013 | J59: + | K59: ='XM.FILE GOC'!AG58 -> 0 | L59: L | N59: + | P59: L | Q59: ='XM.FILE GOC'!AK58 -> 0.010584 | R59: + | S59: ='XM.FILE GOC'!AN58 -> 0 | T59: L | V59: + | X59: L | Y59: ='XM.FILE GOC'!AR58 -> 0.010206 | Z59: + | AA59: ='XM.FILE GOC'!AU58 -> 0 | AB59: L | AD59: + | AF59: L | AG59: Q3-CXVN-PC01-IS15
A60: 10 | B60: Nồng độ Cr2O3 （K) 三價鉻 FINIDIP 124 | F60: % | G60: ='XM.GUI MAIL'!$E$59 -> 5~8 | H60: ='XM.GUI MAIL'!$F$59 -> (6±0.5) | I60: ='XM.FILE GOC'!AD59 -> KO SX | J60: + | K60: ='XM.FILE GOC'!L98 -> 0 | L60: L | N60: + | P60: L | Q60: ='XM.FILE GOC'!AK59 -> KO SX | R60: + | S60: ='XM.FILE GOC'!S98 -> 0 | T60: L | V60: + | X60: L | Y60: ='XM.FILE GOC'!AR59 -> KO SX | Z60: + | AA60: ='XM.FILE GOC'!Z98 -> 0 | AB60: L | AD60: + | AF60: L
F61: pH | G61: ='XM.GUI MAIL'!$E$60 -> 1.8~2.4 | H61: ='XM.GUI MAIL'!$F$60 -> (2.1±0.1 ) | I61: ='XM.FILE GOC'!AD60 -> KO SX | Q61: ='XM.FILE GOC'!AK60 -> KO SX | Y61: ='XM.FILE GOC'!AR60 -> KO SX
B62: Hạng mục kiểm tra nhiệt độ 檢查溫度
A63: NO | B63: Hạng mục kiểm tra nhiệt độ 溫度檢查項目 | F63: nhiệt độ 溫度 | G63: Phạm vi kiểm soát 範圍值 | H63: Giới hạn kiểm soát 管控值 | I63: Nhiệt kế 温度計 | K63: Nhiệt tự động 自動温控 | Q63: Nhiệt kế 温度計 | S63: Nhiệt tự động 自動温控 | Y63: Nhiệt kế 温度計 | AA63: Nhiệt tự động 自動温控
A64: 1 | B64: Nhiệt độ xà bông nóng (1) 熱脫脂溫度(1) | F64: 0C | G64: ='XM.FILE GOC'!$E$63 -> 50~70 | H64: ='XM.FILE GOC'!$F$63 -> (60±5) | I64: ='XM.GUI MAIL'!AD63 -> 57 | K64: ='XM.FILE GOC'!AG63 -> 56 | Q64: ='XM.GUI MAIL'!AK63 -> 55 | S64: 55 | Y64: ='XM.GUI MAIL'!AR63 -> 59 | AA64: ='XM.FILE GOC'!AU63 -> 58
A65: 2 | B65: Nhiệt độ xà bông nóng (2) 熱脫脂溫度(2) | C65: Nhiệt độ xà bông nóng (2) 熱脫脂溫度(2) | D65: Nhiệt độ xà bông nóng (2) 熱脫脂溫度(2) | E65: Nhiệt độ xà bông nóng (2) 熱脫脂溫度(2) | F65: 0C | G65: ='XM.FILE GOC'!$E$64 -> 50~70 | H65: ='XM.FILE GOC'!$F$64 -> (60±5) | I65: ='XM.GUI MAIL'!AD64 -> 62 | K65: ='XM.FILE GOC'!AG64 -> 61 | Q65: ='XM.GUI MAIL'!AK64 -> 62 | S65: ='XM.FILE GOC'!AN64 -> 61 | Y65: ='XM.GUI MAIL'!AR64 -> 61 | AA65: ='XM.FILE GOC'!AU64 -> 60
A66: 3 | B66: Nhiệt độ điện giải (1) 電解1 溫度 | C66: Nhiệt độ điện giải (1) 電解1 溫度 | D66: Nhiệt độ điện giải (1) 電解1 溫度 | E66: Nhiệt độ điện giải (1) 電解1 溫度 | F66: 0C | G66: ='XM.FILE GOC'!$E$65 -> 40~60 | H66: ='XM.FILE GOC'!$F$65 -> (50±5) | I66: ='XM.GUI MAIL'!AD65 -> 53 | K66: ='XM.FILE GOC'!AG65 -> 52 | Q66: ='XM.GUI MAIL'!AK65 -> 53 | S66: ='XM.FILE GOC'!AN65 -> 52 | Y66: ='XM.GUI MAIL'!AR65 -> 52 | AA66: ='XM.FILE GOC'!AU65 -> 51
A67: 4 | B67: Nhiệt độ điện giải (2) 電解 2 溫度 | C67: Nhiệt độ điện giải (2) 電解 2 溫度 | D67: Nhiệt độ điện giải (2) 電解 2 溫度 | E67: Nhiệt độ điện giải (2) 電解 2 溫度 | F67: 0C | G67: ='XM.FILE GOC'!$E$66 -> 40~60 | H67: ='XM.FILE GOC'!$F$66 -> (50±5) | I67: ='XM.GUI MAIL'!AD66 -> 52 | K67: ='XM.FILE GOC'!AG66 -> 51 | Q67: ='XM.GUI MAIL'!AK66 -> 51 | S67: ='XM.FILE GOC'!AN66 -> 50 | Y67: ='XM.GUI MAIL'!AR66 -> 52 | AA67: ='XM.FILE GOC'!AU66 -> 51
A68: 5 | B68: Nhiệt độ bồn xi 鍍鋅槽溫度 | C68: Nhiệt độ bồn xi 鍍鋅槽溫度 | D68: Nhiệt độ bồn xi 鍍鋅槽溫度 | E68: Nhiệt độ bồn xi 鍍鋅槽溫度 | F68: 0C | G68: ='XM.FILE GOC'!$E$67 -> 22~35 | H68: ='XM.FILE GOC'!$F$67 -> (30±4) | I68: ='XM.GUI MAIL'!AD67 -> 34 | K68: ='XM.FILE GOC'!AG67 -> 34 | Q68: ='XM.GUI MAIL'!AK67 -> 34 | S68: ='XM.FILE GOC'!AN67 -> 33 | Y68: ='XM.GUI MAIL'!AR67 -> 33 | AA68: ='XM.FILE GOC'!AU67 -> 32
A69: 6 | B69: Nhiệt độ bồn màu Cr2O3 三價鉻 溫度 | C69: Nhiệt độ bồn màu Cr2O3 三價鉻 溫度 | D69: Nhiệt độ bồn màu Cr2O3 三價鉻 溫度 | E69: Nhiệt độ bồn màu Cr2O3 三價鉻 溫度 | F69: 0C | G69: ='XM.FILE GOC'!$E$68 -> 30-38 | H69: ='XM.FILE GOC'!$F$68 -> (34±2) | I69: ='XM.GUI MAIL'!AD68 -> 33 | K69: ='XM.FILE GOC'!AG68 -> 32 | Q69: ='XM.GUI MAIL'!AK68 -> 34 | S69: ='XM.FILE GOC'!AN68 -> 33 | Y69: ='XM.GUI MAIL'!AR68 -> 34 | AA69: ='XM.FILE GOC'!AU68 -> 33
A70: 7 | B70: Nhiệt độ bồn nước nóng 熱水溫度 | C70: Nhiệt độ bồn nước nóng 熱水溫度 | D70: Nhiệt độ bồn nước nóng 熱水溫度 | E70: Nhiệt độ bồn nước nóng 熱水溫度 | F70: 0C | G70: ='XM.FILE GOC'!$E$69 -> 50~70 | H70: ='XM.FILE GOC'!$F$69 -> (60±10) | I70: ='XM.GUI MAIL'!AD69 -> 58 | K70: ='XM.FILE GOC'!AG69 -> 57 | Q70: ='XM.GUI MAIL'!AK69 -> 55 | S70: ='XM.FILE GOC'!AN69 -> 54 | Y70: ='XM.GUI MAIL'!AR69 -> 56 | AA70: ='XM.FILE GOC'!AU69 -> 55
A71: 8 | B71: Sấy khô 烘乾 | C71: Sấy khô 烘乾 | D71: Sấy khô 烘乾 | E71: Sấy khô 烘乾 | F71: 0C | G71: ='XM.FILE GOC'!$E$70 -> 80~100 | H71: ='XM.FILE GOC'!$F$70 -> (90±5) | I71: \ | K71: ='XM.FILE GOC'!AG70 -> 91 | Q71: \ | S71: ='XM.FILE GOC'!AN70 -> 92 | Y71: \ | AA71: ='XM.FILE GOC'!AU70 -> 90
B72: Hạng mục kiểm tra bơm thuốc tự động 藥液自動添加
A73: NO | B73: Hạng mục bơm thuốc 自動添加檢查項目 | F73: Đơn vị 單位 | G73: Phạm vi kiểm soát 範圍值 | H73: Giới hạn kiểm soát 管控值 | I73: Lượng bơm 添加量 | Q73: Lượng bơm 添加量 | Y73: Lượng bơm 添加量
A74: 1 | B74: Chất mềm 開缸劑 | F74: ml/KAH | G74: ='XM.FILE GOC'!$E$72 -> 100-200 | H74: ='XM.FILE GOC'!$F$72 -> 100-200 | I74: ='XM.FILE GOC'!AD72 -> 130 | Q74: ='XM.FILE GOC'!AK72 -> 125 | Y74: ='XM.GUI MAIL'!AR72 -> 130
A75: 2 | B75: Chất bóng 光亮劑 | F75: ml/KAH | G75: ='XM.FILE GOC'!$E$73 -> 20-50 | H75: ='XM.FILE GOC'!$F$73 -> 20-50 | I75: ='XM.GUI MAIL'!AD73 -> 40 | Q75: ='XM.GUI MAIL'!AK73 -> 42 | Y75: ='XM.GUI MAIL'!AR73 -> 40

Sheet 3.XT-C KH
B1: 錩新科技股份有限公司 CX TECHNOLOGY CORPORATION | AJ1: 錩新科技股份有限公司 CX TECHNOLOGY CORPORATION
B2: BAÙO CAÙO KEÁT QUAÛ HOÙA NGHIEÄM HAÈNG NGAØY XT- 000C 吊電化驗結果報告 | AD2: Lập biểu 作成 | AF2: Xác nhận 確認 | AJ2: BAÙO CAÙO KEÁT QUAÛ HOÙA NGHIEÄM HAÈNG NGAØY- Zn-Ni (XT- 000C) 吊電化驗結果報告 - Zn-Ni(XT-000C) | BL2: Lập biểu 作成 | BN2: Xác nhận 確認
B3: XT-000C | G3: Ca 1, | H3: =MENU!$AC$9 -> Thứ 4, | I3: =MENU!$AD$9 -> 2024/05/22 | AD3: =MENU!AE6 -> Mi | AF3: Yen | AJ3: XT-000C | AO3: Ca 1, | AP3: =MENU!$AC$9 -> Thứ 4, | AQ3: =MENU!$AD$9 -> 2024/05/22 | BL3: =MENU!AE6 -> Mi | BN3: Yen
A4: NO | B4: Hạng mục kiểm tra nồng dộ 化驗檢查項目 | F4: Đơn vị 單位 | G4: Phạm vi kiểm soát 範圍值 | H4: Giới hạn kiểm soát 管控值 | I4: 0.30208333 | M4: KQ bổ sung sau 1H | Q4: 0.46875 | U4: KQ bổ sung sau 1H | Y4: 0.63541667 | AC4: KQ bổ sung sau 1H | AG4: Mã số văn kiện 文件編號 Q3-CXVN-PC01- | AI4: NO | AJ4: Hạng mục kiểm tra nồng dộ 化驗檢查項目 | AN4: Đơn vị 單位 | AO4: Phạm vi kiểm soát 範圍值 | AP4: Giới hạn kiểm soát 管控值 | AQ4: 0.30208333 | AU4: KQ bổ sung sau 1H | AY4: 0.46875 | BC4: KQ bổ sung sau 1H | BG4: 0.63541667 | BK4: KQ bổ sung sau 1H | BO4: Mã số văn kiện 文件編號 Q3-CXVN-PC01-
I5: 濃度 | J5: 補充 BS | M5: 濃度 | N5: 補充 BS | Q5: 濃度 | R5: 補充 BS | U5: 濃度 | V5: 補充 BS | Y5: 濃度 | Z5: 補充 BS | AC5: 濃度 | AD5: 補充 BS | AQ5: 濃度 | AR5: 補充 BS | AU5: 濃度 | AV5: 補充 BS | AY5: 濃度 | AZ5: 補充 BS | BC5: 濃度 | BD5: 補充 BS | BG5: 濃度 | BH5: 補充 BS | BK5: 濃度 | BL5: 補充 BS
A6: 1 | B6: Xaø boâng 脫脂 (2,3,4) | D6: Clean A | F6: g/L | G6: ='XM.FILE GOC'!$E$78 -> 40~60 | H6: ='XM.FILE GOC'!$F$78 -> (50±5) | I6: ='XM.FILE GOC'!I78 -> 47.7015 | J6: + | K6: ='XM.FILE GOC'!L78 -> 35.665825 | L6: kg | M6: 48 | N6: + | O6: =('XM.FILE GOC'!$G$78-M6)*15517/1000 -> 31.034 | P6: kg | Q6: ='XM.FILE GOC'!P78 -> 48.675 | R6: + | S6: ='XM.FILE GOC'!S78 -> 20.560025 | T6: kg | U6: 52 | Y6: ='XM.FILE GOC'!W78 -> 52.2445 | Z6: + | AA6: ='XM.FILE GOC'!Z78 -> 0 | AB6: kg | AG6: IS06 | AI6: 1 | AJ6: 鋅鎳合金電鍍槽 Zn-Niken Plating | AL6: Zn | AN6: g/L | AO6: ='XM.GUI MAIL'!$E$99 -> 5~6 | AP6: ='XM.GUI MAIL'!$F$99 -> (5.5± 0.5) | AQ6: ='XM.FILE GOC'!I99 -> 5.915 | AR6: + | AS6: ='XM.FILE GOC'!L99 -> 0 | AT6: kg | AV6: + | AW6: =IF(AU6=0,"",('XM.FILE GOC'!$G$99-AU6)*8000/1000) | AX6: kg | AY6: ='XM.FILE GOC'!P99 -> 5.915 | AZ6: + | BA6: ='XM.FILE GOC'!S99 -> 0 | BB6: kg | BD6: + | BE6: =IF(BC6=0,"",('XM.FILE GOC'!$G$99-BC6)*8000/1000) | BF6: kg | BG6: ='XM.FILE GOC'!W99 -> 5.98 | BH6: + | BI6: ='XM.FILE GOC'!Z99 -> 0 | BJ6: kg | BL6: + | BM6: =IF(BK6=0,"",('XM.FILE GOC'!$G$99-BK6)*8000/1000) | BN6: kg | BO6: IS08
D7: Clean B | G7: Clean A: 25kg/Clean B: 7-10L | K7: =K6/25*8.5 -> 12.12638 | L7: L | N7: + | O7: =O6/25*8.5 -> 10.55156 | P7: L | S7: =S6/25*8.5 -> 6.9904085 | T7: L | AA7: =AA6/25*8.5 -> 0 | AB7: L | AI7: 2 | AL7: NaOH | AN7: g/L | AO7: ='XM.GUI MAIL'!$E$100 -> 130~140 | AP7: ='XM.GUI MAIL'!$F$100 -> (135 ± 5) | AQ7: ='XM.FILE GOC'!I100 -> 136 | AR7: + | AS7: ='XM.FILE GOC'!L100 -> 0 | AT7: kg | AV7: + | AW7: =IF(AU7=0,"",('XM.FILE GOC'!$G$100-AU7)*8000/1000) | AX7: kg | AY7: ='XM.FILE GOC'!P100 -> 133.6 | AZ7: + | BA7: ='XM.FILE GOC'!S100 -> 11.2 | BB7: kg | BC7: 135 | BD7: + | BE7: =IF(BC7=0,"",('XM.FILE GOC'!$G$100-BC7)*8000/1000) -> 0 | BF7: kg | BG7: ='XM.FILE GOC'!W100 -> 135.8 | BH7: + | BI7: ='XM.FILE GOC'!Z100 -> 0 | BJ7: kg | BL7: + | BM7: =IF(BK7=0,"",('XM.FILE GOC'!$G$100-BK7)*8000/1000) | BN7: kg | BO7: IS07
A8: 2 | B8: Xaø boâng 脫脂 (5,6) | D8: Clean A | F8: g/L | G8: ='XM.FILE GOC'!$E$80 -> 40~60 | H8: ='XM.FILE GOC'!$F$80 -> (50±5) | I8: ='XM.FILE GOC'!I80 -> 46.4035 | J8: + | K8: ='XM.FILE GOC'!L80 -> 41.269837 | L8: kg | M8: 47 | N8: + | O8: =('XM.FILE GOC'!$G$80-M8)*11475/1000 -> 34.425 | P8: kg | Q8: ='XM.FILE GOC'!P80 -> 47.7015 | R8: + | S8: ='XM.FILE GOC'!S80 -> 26.375288 | T8: kg | U8: 50 | Y8: ='XM.FILE GOC'!W80 -> 49.973 | Z8: + | AA8: ='XM.FILE GOC'!Z80 -> 0.309825 | AB8: kg | AG8: IS06 | AI8: 3 | AJ8: Noàng ñoä Cr2O3 (Niken) 三價鉻 | AN8: pH | AO8: ='XM.GUI MAIL'!$E$101 -> 3.0-4.5 | AP8: ='XM.GUI MAIL'!$F$101 -> (4.3±0.2) | AQ8: ='XM.FILE GOC'!I101 -> 4.25 | AY8: ='XM.FILE GOC'!P101 -> 4.2 | BG8: ='XM.FILE GOC'!W101 -> 4.19 | BO8: IS05
D9: Clean B | G9: Clean A: 25kg/Clean B: 7-10L | K9: =K8/25*8.5 -> 14.031745 | L9: L | N9: + | O9: =O8/25*8.5 -> 11.7045 | P9: L | S9: =S8/25*8.5 -> 8.9675978 | T9: L | AA9: =AA8/25*8.5 -> 0.1053405 | AB9: L | AJ9: Haïng muïc kieåm tra nhieät ñoä 檢查溫度
A10: 3 | B10: Điện giải 電解 (8) | D10: NaOH | E10: EC-508A | F10: g/L | G10: ='XM.FILE GOC'!$E$82 -> 50~70 | H10: ='XM.FILE GOC'!$F$82 -> (60±5) | I10: ='XM.FILE GOC'!I82 -> 58.443 | J10: + | K10: ='XM.FILE GOC'!L82 -> 12.7674 | L10: kg | M10: 58.2 | N10: + | O10: =('XM.FILE GOC'!$G$82-M10)*8200/1000 -> 14.76 | P10: kg | Q10: ='XM.FILE GOC'!P82 -> 58.212 | R10: + | S10: ='XM.FILE GOC'!S82 -> 14.6616 | T10: kg | U10: 63.2 | Y10: ='XM.FILE GOC'!W82 -> 64.68 | Z10: + | AA10: ='XM.FILE GOC'!Z82 -> 0 | AB10: kg | AG10: IS06 | AJ10: Haïng muïc kieåm tra nhieät ñoä 溫度檢查項目 | AN10: nhieät ñoä 溫度 | AO10: Phạm vi kiểm soát 範圍值 | AP10: Giới hạn kiểm soát 管控值 | AQ10: Nhiệt kế 温度計 | AS10: nhieät töï ñoäng 自動温控 | AY10: Nhiệt kế 温度計 | BA10: nhieät töï ñoäng 自動温控 | BG10: Nhiệt kế 温度計 | BI10: nhieät töï ñoäng 自動温控
D11: Clean B | E11: EC-508B | G11: NaOH: 25kg/Clean B:6-10L | K11: =K10/25*8 -> 4.085568 | L11: L | N11: + | O11: =O10/25*8 -> 4.7232 | P11: L | S11: =S10/25*8 -> 4.691712 | T11: L | AA11: =AA10/25*8 -> 0 | AB11: L | AI11: 5 | AJ11: Nhiệt độ bồn xi Zn-Niken Zn-Niken 鍍鋅槽溫度 | AN11: 0C | AO11: ='XM.GUI MAIL'!$E$117 -> 24~28 | AP11: ='XM.GUI MAIL'!$F$117 -> (26±2) | AQ11: ='XM.FILE GOC'!I117 -> 25 | AS11: ='XM.FILE GOC'!L117 -> 24 | AY11: ='XM.FILE GOC'!P117 -> 26 | BA11: ='XM.FILE GOC'!S117 -> 25 | BG11: ='XM.FILE GOC'!W117 -> 26 | BI11: ='XM.FILE GOC'!Z117 -> 26
A12: 4 | B12: Điện giải 電解 (20,21) | D12: NaOH | E12: EC-508A | F12: g/L | G12: ='XM.FILE GOC'!$E$84 -> 50~70 | H12: ='XM.FILE GOC'!$F$84 -> (60±5) | I12: ='XM.FILE GOC'!I84 -> 60.06 | J12: + | K12: ='XM.FILE GOC'!L84 -> 0 | L12: kg | Q12: ='XM.FILE GOC'!P84 -> 59.598 | R12: + | S12: ='XM.FILE GOC'!S84 -> 3.484536 | T12: kg | U12: 60.5 | Y12: ='XM.FILE GOC'!W84 -> 60.984 | Z12: + | AA12: ='XM.FILE GOC'!Z84 -> 0 | AB12: kg | AG12: IS06 | AI12: 6 | AJ12: Nhiệt độ bồn màu Cr2O3 (Niken) 三價鉻 溫度 | AN12: 0C | AO12: ='XM.GUI MAIL'!$E$118 -> 20~30 | AP12: ='XM.GUI MAIL'!$F$118 -> (25±5) | AQ12: ='XM.FILE GOC'!I118 -> 29 | AS12: ='XM.FILE GOC'!L118 -> 29 | AY12: ='XM.FILE GOC'!P118 -> 30 | BA12: ='XM.FILE GOC'!S118 -> 29 | BG12: ='XM.FILE GOC'!W118 -> 29 | BI12: ='XM.FILE GOC'!Z118 -> 30
D13: Clean B | E13: EC-508B | G13: NaOH: 25kg/Clean B:6-10L | K13: =K12/25*8 -> 0 | L13: L | S13: =S12/25*8 -> 1.1150515 | T13: L | AA13: =AA12/25*8 -> 0 | AB13: L
A14: 5 | B14: Boàn xi (26-37) 鋅電鍍槽 Zinc Plating | C14: Noàng ñoä NaOH 氫氧化鈉 | F14: g/L | G14: ='XM.FILE GOC'!$E$86 -> 135~ 145 | H14: ='XM.FILE GOC'!$F$86 -> (140±5) | I14: ='XM.FILE GOC'!I86 -> 138 | J14: + | K14: ='XM.FILE GOC'!L86 -> 106.132 | L14: kg | M14: 140 | Q14: ='XM.FILE GOC'!P86 -> 140 | R14: + | S14: ='XM.FILE GOC'!S86 -> 0 | T14: kg | Y14: ='XM.FILE GOC'!W86 -> 140 | Z14: + | AA14: ='XM.FILE GOC'!Z86 -> 0 | AB14: kg | AG14: IS08
C15: Noàng ñoä Zn 鋅 (1 pcs Zn=25kg) | F15: g/L | G15: ='XM.FILE GOC'!$E$87 -> 7~10 | H15: ='XM.FILE GOC'!$F$87 -> (8.5±1) | I15: ='XM.FILE GOC'!I87 -> 8.45 | J15: + | K15: ='XM.FILE GOC'!L87 -> 2.6533 | L15: kg | M15: 8.5 | Q15: ='XM.FILE GOC'!P87 -> 8.45 | R15: + | S15: ='XM.FILE GOC'!S87 -> 2.6533 | T15: kg | U15: 8.5 | Y15: ='XM.FILE GOC'!W87 -> 8.385 | Z15: + | AA15: ='XM.FILE GOC'!Z87 -> 6.10259 | AB15: kg | AC15: 8.6 | AG15: IS07
A16: 6 | B16: Noàng ñoä Cr2O3 (45,46) 三價鉻 | F16: % | G16: ='XM.FILE GOC'!$E$88 -> 5~8 | H16: ='XM.FILE GOC'!$F$88 -> (6±1) | I16: ='XM.FILE GOC'!I88 -> 6.49576 | J16: + | K16: ='XM.FILE GOC'!L88 -> 0 | L16: L | Q16: ='XM.FILE GOC'!P88 -> 6.474575 | R16: + | S16: ='XM.FILE GOC'!S88 -> 0 | T16: L | Y16: ='XM.FILE GOC'!W88 -> 6.1568 | Z16: + | AA16: ='XM.FILE GOC'!Z88 -> 0 | AB16: L | AG16: IS05
F17: pH | G17: ='XM.FILE GOC'!$E$89 -> 2.0~2.4 | H17: ='XM.FILE GOC'!$F$89 -> (2.2±0.1) | I17: ='XM.FILE GOC'!I89 -> 2.2 | Q17: ='XM.FILE GOC'!P89 -> 2.18 | Y17: ='XM.FILE GOC'!W89 -> 2.2
A18: 7 | B18: Noàng ñoä axit ñaëc (12) 鹽酸 濃度 | F18: %V/V | G18: ='XM.FILE GOC'!$E$90 -> 40~50 | H18: ='XM.FILE GOC'!$F$90 -> (45±5) | I18: ='XM.FILE GOC'!I90 -> 0.435 | J18: + | K18: ='XM.FILE GOC'!L90 -> 48.51 | L18: L | M18: 0.445 | N18: + | O18: =('XM.FILE GOC'!$G$90-M18)*3234 -> 16.17 | P18: L | Q18: ='XM.FILE GOC'!P90 -> 0.448 | R18: + | S18: ='XM.FILE GOC'!S90 -> 6.468 | T18: L | U18: 0.46 | Y18: ='XM.FILE GOC'!W90 -> 0.465 | Z18: + | AA18: ='XM.FILE GOC'!Z90 -> 0 | AB18: L | AG18: IS15
A19: 8 | B19: Nồng độ acid loãng (13) 稀酸 濃度 | F19: %V/V | G19: ='XM.FILE GOC'!$E$91 -> 15~25 | H19: ='XM.FILE GOC'!$F$91 -> (18±2) | I19: ='XM.FILE GOC'!I91 -> 0 | J19: + | K19: ='XM.FILE GOC'!L91 -> 604.98 | L19: L | N19: + | O19: =('XM.FILE GOC'!$G$91-M19)*3361 -> 604.98 | P19: L | Q19: ='XM.FILE GOC'!P91 -> 0 | R19: + | S19: ='XM.FILE GOC'!S91 -> 604.98 | T19: L | Y19: ='XM.FILE GOC'!W91 -> 0 | Z19: + | AA19: ='XM.FILE GOC'!Z91 -> 604.98 | AB19: L | AD19: + | AE19: =('XM.FILE GOC'!$G$91-AC19)*3361 -> 604.98 | AF19: L | AG19: IS04
A20: 9 | B20: Noàng ñoä axit ñaëc (14) 鹽酸 濃度 | F20: %V/V | G20: ='XM.FILE GOC'!$E$92 -> 40~50 | H20: ='XM.FILE GOC'!$F$92 -> (45±5) | I20: ='XM.FILE GOC'!I92 -> 0.4608125 | J20: + | K20: ='XM.FILE GOC'!L92 -> 0 | L20: L | Q20: ='XM.FILE GOC'!P92 -> 0.45625 | R20: + | S20: ='XM.FILE GOC'!S92 -> 0 | T20: L | Y20: ='XM.FILE GOC'!W92 -> 0.4699375 | Z20: + | AA20: ='XM.FILE GOC'!Z92 -> 0 | AB20: L | AG20: IS04
A21: 10 | B21: Noàng ñoä axit ñaëc 鹽酸 濃度 (15,16,17) | F21: %V/V | G21: ='XM.FILE GOC'!$E$93 -> 40~50 | H21: ='XM.FILE GOC'!$F$93 -> (45±5) | I21: ='XM.FILE GOC'!I93 -> 0.4699375 | J21: + | K21: ='XM.FILE GOC'!L93 -> 0 | L21: L | Q21: ='XM.FILE GOC'!P93 -> 0.4699375 | R21: + | S21: ='XM.FILE GOC'!S93 -> 0 | T21: L | Y21: ='XM.FILE GOC'!W93 -> 0.4790625 | Z21: + | AA21: ='XM.FILE GOC'!Z93 -> 0 | AB21: L | AG21: IS04
A22: 11 | B22: Nồng độ HNO3 (42) 硝酸濃度 | C22: Nồng độ HNO3 (42) 硝酸濃度 | D22: Nồng độ HNO3 (42) 硝酸濃度 | E22: Nồng độ HNO3 (42) 硝酸濃度 | F22: %V/V | G22: ='XM.FILE GOC'!$E$94 -> (1±0.4)=0.6~1.4 | H22: ='XM.FILE GOC'!$F$94 -> (1±0.4) | I22: ='XM.FILE GOC'!I94 -> 0.0098 | J22: + | K22: ='XM.FILE GOC'!L94 -> 0.57218543 | L22: L | M22: 0.01 | Q22: ='XM.FILE GOC'!P94 -> 0.01 | R22: + | S22: ='XM.FILE GOC'!S94 -> 0 | T22: L | Y22: ='XM.FILE GOC'!W94 -> 0.0102 | Z22: + | AA22: ='XM.FILE GOC'!Z94 -> 0 | AB22: L | AG22: IS15
A23: 12 | B23: Nồng độ Cr2O3 （K) 三價鉻 | F23: % | G23: ='XM.GUI MAIL'!$E$95 -> 5~8 | H23: ='XM.GUI MAIL'!$F$95 -> (6±0.5) | I23: ='XM.FILE GOC'!I95 -> 5.76 | J23: + | K23: ='XM.FILE GOC'!L95 -> 8.9860042 | L23: L | M23: 5.9 | N23: + | O23: =('XM.FILE GOC'!$G$95-M23)*4042/95*1.028 -> 4.3738695 | P23: L | Q23: ='XM.FILE GOC'!P95 -> 5.9 | R23: + | S23: ='XM.FILE GOC'!S95 -> 3.7441684 | T23: L | U23: 6 | Y23: ='XM.FILE GOC'!W95 -> 6.1 | Z23: + | AA23: ='XM.FILE GOC'!Z95 -> 0 | AB23: L
A24: 13 | F24: pH | G24: ='XM.GUI MAIL'!$E$96 -> 1.8~2.4 | H24: ='XM.GUI MAIL'!$F$96 -> (2.1±0.1) | I24: ='XM.FILE GOC'!I96 -> 2.2 | Q24: ='XM.FILE GOC'!P96 -> 2.18 | Y24: ='XM.FILE GOC'!W96 -> 2.12
B25: Haïng muïc kieåm tra nhieät ñoä 檢查溫度
A26: NO | B26: Haïng muïc kieåm tra nhieät ñoä 溫度檢查項目 | F26: nhieät ñoä 溫度 | G26: Phạm vi kiểm soát 範圍值 | H26: Giới hạn kiểm soát 管控值 | I26: Nhiệt kế 温度計 | K26: nhieät töï ñoäng 自動温控 | Q26: Nhiệt kế 温度計 | S26: nhieät töï ñoäng 自動温控 | Y26: Nhiệt kế 温度計 | AA26: nhieät töï ñoäng 自動温控
A27: 1 | B27: Nhieät ñoä boàn xaø boâng noùng 1 熱脫脂溫度 | F27: 0C | G27: ='XM.FILE GOC'!$E$105 -> 50~70 | H27: ='XM.FILE GOC'!$F$105 -> (60±5) | I27: ='XM.GUI MAIL'!I105 -> 60 | K27: ='XM.FILE GOC'!L105 -> 60 | Q27: ='XM.GUI MAIL'!P105 -> 60 | S27: ='XM.FILE GOC'!S105 -> 60 | Y27: ='XM.GUI MAIL'!W105 -> 60 | AA27: ='XM.FILE GOC'!Z105 -> 60
A28: 2 | B28: Nhieät ñoä boàn xaø boâng noùng 2 熱脫脂溫度 | F28: 0C | G28: ='XM.FILE GOC'!$E$106 -> 50~70 | H28: ='XM.FILE GOC'!$F$106 -> (60±5) | I28: ='XM.GUI MAIL'!I106 -> 61 | K28: ='XM.FILE GOC'!L106 -> 60 | Q28: ='XM.GUI MAIL'!P106 -> 60 | S28: ='XM.FILE GOC'!S106 -> 60 | Y28: ='XM.GUI MAIL'!W106 -> 62 | AA28: ='XM.FILE GOC'!Z106 -> 61
A29: 3 | B29: Nhieät ñoä boàn ñieän giaûi (-) 電解 溫度 | F29: 0C | G29: ='XM.FILE GOC'!$E$107 -> 50~70 | H29: ='XM.FILE GOC'!$F$107 -> (60±5) | I29: ='XM.GUI MAIL'!I107 -> 60 | K29: ='XM.FILE GOC'!L107 -> 60 | Q29: ='XM.GUI MAIL'!P107 -> 60 | S29: ='XM.FILE GOC'!S107 -> 61 | Y29: ='XM.GUI MAIL'!W107 -> 60 | AA29: ='XM.FILE GOC'!Z107 -> 60
A30: 4 | B30: Nhieät ñoä boàn ñieän giaûi (+) 電解 + 溫度 | F30: 0C | G30: ='XM.FILE GOC'!$E$108 -> 50~70 | H30: ='XM.FILE GOC'!$F$108 -> (60±5) | I30: ='XM.GUI MAIL'!I108 -> 61 | K30: ='XM.FILE GOC'!L108 -> 60 | Q30: ='XM.GUI MAIL'!P108 -> 59 | S30: ='XM.FILE GOC'!S108 -> 60 | Y30: ='XM.GUI MAIL'!W108 -> 60 | AA30: ='XM.FILE GOC'!Z108 -> 60
A31: 5 | B31: Nhieät ñoä boàn xi 鍍鋅槽溫度 | F31: 0C | G31: ='XM.FILE GOC'!$E$109 -> 22~28 | H31: ='XM.FILE GOC'!$F$109 -> (25±3) | I31: ='XM.GUI MAIL'!I109 -> 26 | K31: ='XM.FILE GOC'!L109 -> 26 | Q31: ='XM.GUI MAIL'!P109 -> 26 | S31: ='XM.FILE GOC'!S109 -> 26 | Y31: ='XM.GUI MAIL'!W109 -> 26 | AA31: ='XM.FILE GOC'!Z109 -> 26
A32: 6 | B32: Nhieät ñoä boàn maøu Cr2O3 三價鉻 溫度 | F32: 0C | G32: ='XM.FILE GOC'!$E$110 -> 30~40 | H32: ='XM.FILE GOC'!$F$110 -> (34±3) | I32: ='XM.GUI MAIL'!I110 -> 32 | K32: ='XM.FILE GOC'!L110 -> 33 | Q32: ='XM.GUI MAIL'!P110 -> 33 | S32: ='XM.FILE GOC'!S110 -> 33 | Y32: ='XM.GUI MAIL'!W110 -> 33 | AA32: ='XM.FILE GOC'!Z110 -> 32
A33: 7 | B33: Nhieät ñoä boàn nöôùc noùng 熱水溫度 | F33: 0C | G33: ='XM.FILE GOC'!$E$111 -> 55~65 | H33: ='XM.FILE GOC'!$F$111 -> (60±5) | I33: ='XM.GUI MAIL'!I111 -> 55 | K33: ='XM.FILE GOC'!L111 -> 56 | Q33: ='XM.GUI MAIL'!P111 -> 55 | S33: ='XM.FILE GOC'!S111 -> 56 | Y33: ='XM.GUI MAIL'!W111 -> 56 | AA33: ='XM.FILE GOC'!Z111 -> 55
A34: 8 | B34: saáy khoâ 烘乾 | F34: 0C | G34: ='XM.FILE GOC'!$E$112 -> 80~100 | H34: ='XM.FILE GOC'!$F$112 -> (90±5) | I34: \ | K34: ='XM.FILE GOC'!L112 -> 90 | Q34: \ | S34: ='XM.FILE GOC'!S112 -> 91 | Y34: \ | AA34: ='XM.FILE GOC'!Z112 -> 90
A35: 9 | B35: Nhiệt độ sóng siêu âm 超音波水洗槽 (23) | F35: 0C | G35: ='XM.FILE GOC'!$E$113 -> 40~60 | H35: ='XM.FILE GOC'!$F$113 -> (50±10) | I35: ='XM.FILE GOC'!I113 -> 58 | K35: ='XM.FILE GOC'!L113 -> 58 | Q35: ='XM.FILE GOC'!P113 -> 60 | S35: ='XM.FILE GOC'!S113 -> 59 | Y35: ='XM.FILE GOC'!W113 -> 59 | AA35: ='XM.FILE GOC'!Z113 -> 60
A36: 10 | B36: Nhiệt độ nước nóng siêm âm 超音波熱水洗槽(39) | F36: 0C | G36: ='XM.FILE GOC'!$E$114 -> 50~70 | H36: ='XM.FILE GOC'!$F$114 -> (60±10) | I36: ='XM.FILE GOC'!I114 -> 57 | K36: ='XM.FILE GOC'!L114 -> 58 | Q36: ='XM.FILE GOC'!P114 -> 58 | S36: ='XM.FILE GOC'!S114 -> 58 | Y36: ='XM.FILE GOC'!W114 -> 59 | AA36: ='XM.FILE GOC'!Z114 -> 59
B37: Nhieät ñoä boàn maøu Cr2O3 (K) 三價鉻 溫度 | F37: 0C | G37: ='XM.GUI MAIL'!$E$115 -> 20~30 | H37: ='XM.GUI MAIL'!$F$115 -> 20~30 | I37: ='XM.FILE GOC'!I115 -> 0 | K37: ='XM.FILE GOC'!L115 -> 0 | Q37: ='XM.FILE GOC'!P115 -> 0 | S37: ='XM.FILE GOC'!S115 -> 0 | Y37: ='XM.FILE GOC'!W115 -> 0 | AA37: ='XM.FILE GOC'!Z115 -> 0
B38: Haïng muïc kieåm tra bôm thuoác töï ñoäng 藥液自動添加
A39: NO | B39: Haïng muïc kieåm tra bôm thuoác 藥液自動添加檢查項目 | F39: Ñôn vò 單位 | G39: Phạm vi kiểm soát 範圍值 | H39: Giới hạn kiểm soát 管控值 | I39: löôïng bôm 加數量 | Q39: löôïng bôm 加數量 | Y39: löôïng bôm 加數量
A40: 1 | B40: Chất bóng 光亮劑 | F40: ml/KAH | G40: ='XM.FILE GOC'!$E$120 -> 30~50 (40) | H40: ='XM.FILE GOC'!$F$120 -> 30~50 (40) | I40: ='XM.GUI MAIL'!I120 -> 42 | Q40: ='XM.GUI MAIL'!P120 -> 40 | Y40: ='XM.GUI MAIL'!W120 -> 42
A41: 2 | B41: Chất mềm 開缸劑 | F41: ml/KAH | G41: ='XM.FILE GOC'!$E$121 -> 160~220 (180) | H41: ='XM.FILE GOC'!$F$121 -> 160~220 (180) | I41: ='XM.GUI MAIL'!I121 -> 170 | Q41: ='XM.GUI MAIL'!P121 -> 172 | Y41: ='XM.GUI MAIL'!W121 -> 172
B43: 錩新科技股份有限公司 CX TECHNOLOGY CORPORATION | AJ43: 錩新科技股份有限公司 CX TECHNOLOGY CORPORATION
B44: BAÙO CAÙO KEÁT QUAÛ HOÙA NGHIEÄM HAÈNG NGAØY XT- 000C 吊電化驗結果報告 | AD44: Lập biểu 作成 | AF44: Xác nhận 確認 | AJ44: BAÙO CAÙO KEÁT QUAÛ HOÙA NGHIEÄM HAÈNG NGAØY- Zn-Ni (XT- 000C) 吊電化驗結果報告 - Zn-Ni(XT-000C) | BL44: Lập biểu 作成 | BN44: Xác nhận 確認
B45: XT-000C | G45: Ca 2, | H45: =MENU!$AC$9 -> Thứ 4, | I45: =MENU!$AD$9 -> 2024/05/22 | AD45: =MENU!AE7 -> L.Yen | AF45: Yen | AJ45: XT-000C | AO45: Ca 2, | AP45: =MENU!$AC$9 -> Thứ 4, | AQ45: =MENU!$AD$9 -> 2024/05/22 | BL45: =MENU!AE7 -> L.Yen | BN45: Yen
A46: NO | B46: Hạng mục kiểm tra nồng dộ 化驗檢查項目 | F46: Đơn vị 單位 | G46: Phạm vi kiểm soát 範圍值 | H46: Giới hạn kiểm soát 管控值 | I46: 0.80208333 | M46: KQ bổ sung sau 1H | Q46: 0.96875 | U46: KQ bổ sung sau 1H | Y46: 0.13541667 | AC46: KQ bổ sung sau 1H | AG46: Mã số văn kiện 文件編號 Q3-CXVN-PC01- | AI46: NO | AJ46: Hạng mục kiểm tra nồng dộ 化驗檢查項目 | AN46: Đơn vị 單位 | AO46: Phạm vi kiểm soát 範圍值 | AP46: Giới hạn kiểm soát 管控值 | AQ46: 0.80208333 | AU46: KQ bổ sung sau 1H | AY46: 0.96875 | BC46: KQ bổ sung sau 1H | BG46: 0.13541667 | BK46: KQ bổ sung sau 1H | BO46: Mã số văn kiện 文件編號 Q3-CXVN-PC01-
I47: 濃度 | J47: 補充 BS | M47: 濃度 | N47: 補充 BS | Q47: 濃度 | R47: 補充 BS | U47: 濃度 | V47: 補充 BS | Y47: 濃度 | Z47: 補充 BS | AC47: 濃度 | AD47: 補充 BS | AQ47: 濃度 | AR47: 補充 BS | AU47: 濃度 | AV47: 補充 BS | AY47: 濃度 | AZ47: 補充 BS | BC47: 濃度 | BD47: 補充 BS | BG47: 濃度 | BH47: 補充 BS | BK47: 濃度 | BL47: 補充 BS
A48: 1 | B48: Xaø boâng 脫脂 (2,3,4) | D48: Clean A | F48: g/L | G48: ='XM.FILE GOC'!$E$78 -> 40~60 | H48: ='XM.FILE GOC'!$F$78 -> (50±5) | I48: ='XM.FILE GOC'!AD78 -> 51.3 | J48: + | K48: ='XM.FILE GOC'!AG78 -> 0 | L48: kg | N48: + | P48: kg | Q48: ='XM.FILE GOC'!AK78 -> 50.5 | R48: + | S48: ='XM.FILE GOC'!AN78 -> 0 | T48: kg | V48: + | X48: kg | Y48: ='XM.FILE GOC'!AR78 -> 50.2 | Z48: + | AA48: ='XM.FILE GOC'!AU78 -> 0 | AB48: kg | AD48: + | AF48: kg | AG48: IS06 | AI48: 1 | AJ48: 鋅鎳合金電鍍槽 Zn-Niken Plating | AL48: Zn | AN48: g/L | AO48: ='XM.GUI MAIL'!$E$99 -> 5~6 | AP48: ='XM.GUI MAIL'!$F$99 -> (5.5± 0.5) | AQ48: ='XM.FILE GOC'!AD99 -> 5.72 | AR48: + | AS48: ='XM.FILE GOC'!AG99 -> 0 | AT48: kg | AV48: + | AW48: =IF(AU48=0,"",('XM.FILE GOC'!$G$99-AU48)*8000/1000) | AX48: kg | AY48: ='XM.FILE GOC'!AK99 -> 5.72 | AZ48: + | BA48: ='XM.FILE GOC'!AN99 -> 0 | BB48: kg | BD48: + | BE48: =IF(BC48=0,"",('XM.FILE GOC'!$G$99-BC48)*8000/1000) | BF48: kg | BG48: ='XM.FILE GOC'!AR99 -> 5.59 | BH48: + | BI48: ='XM.FILE GOC'!AU99 -> 0 | BJ48: kg | BL48: + | BM48: =IF(BK48=0,"",('XM.FILE GOC'!$G$99-BK48)*8000/1000) | BN48: kg | BO48: IS08
D49: Clean B | G49: Clean A: 25kg/Clean B: 7-10L | K49: =K48/25*8.5 -> 0 | L49: L | N49: + | P49: L | S49: =S48/25*8.5 -> 0 | T49: L | V49: + | X49: L | AA49: =AA48/25*8.5 -> 0 | AB49: L | AD49: + | AF49: L | AI49: 2 | AL49: NaOH | AN49: g/L | AO49: ='XM.GUI MAIL'!$E$100 -> 130~140 | AP49: ='XM.GUI MAIL'!$F$100 -> (135 ± 5) | AQ49: ='XM.FILE GOC'!AD100 -> 135.2 | AR49: + | AS49: ='XM.FILE GOC'!AG100 -> 0 | AT49: kg | AV49: + | AW49: =IF(AU49=0,"",('XM.FILE GOC'!$G$100-AU49)*8000/1000) | AX49: kg | AY49: ='XM.FILE GOC'!AK100 -> 134.4 | AZ49: + | BA49: ='XM.FILE GOC'!AN100 -> 4.8 | BB49: kg | BC49: 135.2 | BD49: + | BE49: =IF(BC49=0,"",('XM.FILE GOC'!$G$100-BC49)*8000/1000) -> -1.6 | BF49: kg | BG49: ='XM.FILE GOC'!AR100 -> 135.2 | BH49: + | BI49: ='XM.FILE GOC'!AU100 -> 0 | BJ49: kg | BL49: + | BM49: =IF(BK49=0,"",('XM.FILE GOC'!$G$100-BK49)*8000/1000) | BN49: kg | BO49: IS07
A50: 2 | B50: Xaø boâng 脫脂 (5,6) | D50: Clean A | F50: g/L | G50: ='XM.FILE GOC'!$E$80 -> 40~60 | H50: ='XM.FILE GOC'!$F$80 -> (50±5) | I50: ='XM.FILE GOC'!AD80 -> 49.2 | J50: + | K50: ='XM.FILE GOC'!AG80 -> 9.18 | L50: kg | M50: 52.3 | N50: + | P50: kg | Q50: ='XM.FILE GOC'!AK80 -> 51.3 | R50: + | S50: ='XM.FILE GOC'!AN80 -> 0 | T50: kg | V50: + | X50: kg | Y50: ='XM.FILE GOC'!AR80 -> 51 | Z50: + | AA50: ='XM.FILE GOC'!AU80 -> 0 | AB50: kg | AD50: + | AF50: kg | AG50: IS06 | AI50: 3 | AJ50: Noàng ñoä Cr2O3 (Niken) 三價鉻 | AN50: pH | AO50: ='XM.GUI MAIL'!$E$101 -> 3.0-4.5 | AP50: ='XM.GUI MAIL'!$F$101 -> (4.3±0.2) | AQ50: ='XM.FILE GOC'!AD101 -> 4.23 | AY50: ='XM.FILE GOC'!AK101 -> 4.2 | BG50: ='XM.FILE GOC'!AR101 -> 4.23 | BO50: IS05
D51: Clean B | G51: Clean A: 25kg/Clean B: 7-10L | K51: =K50/25*8.5 -> 3.1212 | L51: L | N51: + | P51: L | S51: =S50/25*8.5 -> 0 | T51: L | V51: + | X51: L | AA51: =AA50/25*8.5 -> 0 | AB51: L | AD51: + | AF51: L | AJ51: Haïng muïc kieåm tra nhieät ñoä 檢查溫度
A52: 3 | B52: Điện giải 電解 (8) | D52: NaOH | E52: EC-508A | F52: g/L | G52: ='XM.FILE GOC'!$E$82 -> 50~70 | H52: ='XM.FILE GOC'!$F$82 -> (60±5) | I52: ='XM.FILE GOC'!AD82 -> 63.2 | J52: + | K52: ='XM.FILE GOC'!AG82 -> 0 | L52: kg | N52: + | P52: kg | Q52: ='XM.FILE GOC'!AK82 -> 62.2 | R52: + | S52: ='XM.FILE GOC'!AN82 -> 0 | T52: kg | V52: + | X52: kg | Y52: ='XM.FILE GOC'!AR82 -> 61.5 | Z52: + | AA52: ='XM.FILE GOC'!AU82 -> 0 | AB52: kg | AD52: + | AF52: kg | AG52: IS06 | AJ52: Haïng muïc kieåm tra nhieät ñoä 溫度檢查項目 | AN52: nhieät ñoä 溫度 | AO52: Phạm vi kiểm soát 範圍值 | AP52: Giới hạn kiểm soát 管控值 | AQ52: Nhiệt kế 温度計 | AS52: nhieät töï ñoäng 自動温控 | AY52: Nhiệt kế 温度計 | BA52: nhieät töï ñoäng 自動温控 | BG52: Nhiệt kế 温度計 | BI52: nhieät töï ñoäng 自動温控
D53: Clean B | E53: EC-508B | G53: NaOH: 25kg/Clean B:6-10L | K53: =K52/25*8 -> 0 | L53: L | N53: + | P53: L | S53: =S52/25*8 -> 0 | T53: L | V53: + | X53: L | AA53: =AA52/25*8 -> 0 | AB53: L | AD53: + | AF53: L | AI53: 4 | AJ53: Nhiệt độ bồn xi Zn-Niken Zn-Niken 鍍鋅槽溫度 | AN53: 0C | AO53: ='XM.GUI MAIL'!$E$117 -> 24~28 | AP53: ='XM.GUI MAIL'!$F$117 -> (26±2) | AQ53: ='XM.FILE GOC'!AD117 -> 24 | AS53: 24 | AY53: ='XM.FILE GOC'!AK117 -> 25 | BA53: ='XM.FILE GOC'!AN117 -> 24 | BG53: ='XM.FILE GOC'!AR117 -> 25 | BI53: ='XM.FILE GOC'!AU117 -> 24
A54: 4 | B54: Điện giải 電解 (20,21) | D54: NaOH | E54: EC-508A | F54: g/L | G54: ='XM.FILE GOC'!$E$84 -> 50~70 | H54: ='XM.FILE GOC'!$F$84 -> (60±5) | I54: ='XM.FILE GOC'!AD84 -> 60.06 | J54: + | K54: ='XM.FILE GOC'!AG84 -> 0 | L54: kg | N54: + | P54: kg | Q54: ='XM.FILE GOC'!AK84 -> 59.4 | R54: + | S54: ='XM.FILE GOC'!AN84 -> 5.2008 | T54: kg | U54: 62.3 | V54: + | X54: kg | Y54: ='XM.FILE GOC'!AR84 -> 61.6 | Z54: + | AA54: ='XM.FILE GOC'!AU84 -> 0 | AB54: kg | AD54: + | AF54: kg | AG54: IS06 | AI54: 5 | AJ54: Nhiệt độ bồn màu Cr2O3 (Niken) 三價鉻 溫度 | AN54: 0C | AO54: ='XM.GUI MAIL'!$E$118 -> 20~30 | AP54: ='XM.GUI MAIL'!$F$118 -> (25±5) | AQ54: ='XM.FILE GOC'!AD118 -> 30 | AS54: ='XM.FILE GOC'!AG118 -> 29 | AY54: ='XM.FILE GOC'!AK118 -> 30 | BA54: ='XM.FILE GOC'!AN118 -> 29 | BG54: ='XM.FILE GOC'!AR118 -> 30 | BI54: ='XM.FILE GOC'!AU118 -> 29
D55: Clean B | E55: EC-508B | G55: NaOH: 25kg/Clean B:6-10L | K55: =K54/25*8 -> 0 | L55: L | N55: + | P55: L | S55: =S54/25*8 -> 1.664256 | T55: L | V55: + | X55: L | AA55: =AA54/25*8 -> 0 | AB55: L | AD55: + | AF55: L
A56: 5 | B56: Boàn xi (26-37) 鋅電鍍槽 Zinc Plating | C56: Noàng ñoä NaOH 氫氧化鈉 | F56: g/L | G56: ='XM.FILE GOC'!$E$86 -> 135~ 145 | H56: ='XM.FILE GOC'!$F$86 -> (140±5) | I56: ='XM.FILE GOC'!AD86 -> 139.2 | J56: + | K56: ='XM.FILE GOC'!AG86 -> 42.4528 | L56: kg | M56: 140 | N56: + | P56: kg | Q56: ='XM.FILE GOC'!AK86 -> 140 | R56: + | S56: ='XM.FILE GOC'!AN86 -> 0 | T56: kg | V56: + | X56: kg | Y56: ='XM.FILE GOC'!AR86 -> 139.2 | Z56: + | AA56: ='XM.FILE GOC'!AU86 -> 42.4528 | AB56: kg | AC56: 140 | AD56: + | AF56: kg | AG56: IS08
C57: Noàng ñoä Zn 鋅 (1 pcs Zn=25kg) | F57: g/L | G57: ='XM.FILE GOC'!$E$87 -> 7~10 | H57: ='XM.FILE GOC'!$F$87 -> (8.5±1) | I57: ='XM.FILE GOC'!AD87 -> 8.515 | J57: + | K57: ='XM.FILE GOC'!AG87 -> 0 | L57: kg | N57: + | P57: kg | Q57: ='XM.FILE GOC'!AK87 -> 8.45 | R57: + | S57: ='XM.FILE GOC'!AN87 -> 2.6533 | T57: kg | U57: 8.6 | V57: + | X57: kg | Y57: ='XM.FILE GOC'!AR87 -> 8.6 | Z57: + | AA57: ='XM.FILE GOC'!AU87 -> 0 | AB57: kg | AD57: + | AF57: kg | AG57: IS07
A58: 6 | B58: Noàng ñoä Cr2O3 (45,46) 三價鉻 | F58: % | G58: ='XM.FILE GOC'!$E$88 -> 5~8 | H58: ='XM.FILE GOC'!$F$88 -> (6±1) | I58: ='XM.FILE GOC'!AD88 -> 6.1 | J58: + | K58: ='XM.FILE GOC'!AG88 -> 0 | L58: L | N58: + | P58: L | Q58: ='XM.FILE GOC'!AK88 -> 6 | R58: + | S58: ='XM.FILE GOC'!AN88 -> 0 | T58: L | V58: + | X58: L | Y58: ='XM.FILE GOC'!AR88 -> 6 | Z58: + | AA58: ='XM.FILE GOC'!AU88 -> 0 | AB58: L | AD58: + | AF58: L | AG58: IS05
F59: pH | G59: ='XM.FILE GOC'!E89 -> 2.0~2.4 | H59: ='XM.FILE GOC'!$F$89 -> (2.2±0.1) | I59: ='XM.FILE GOC'!AD89 -> 2.18 | Q59: ='XM.FILE GOC'!AK89 -> 2.15 | Y59: ='XM.FILE GOC'!AR89 -> 2.18
A60: 7 | B60: Noàng ñoä axit ñaëc (12) 鹽酸 濃度 | F60: %V/V | G60: ='XM.FILE GOC'!$E$90 -> 40~50 | H60: ='XM.FILE GOC'!$F$90 -> (45±5) | I60: ='XM.FILE GOC'!AD90 -> 0.46 | J60: + | K60: ='XM.FILE GOC'!AG90 -> 0 | L60: L | N60: + | P60: L | Q60: ='XM.FILE GOC'!AK90 -> 0.456 | R60: + | S60: ='XM.FILE GOC'!AN90 -> 0 | T60: L | V60: + | X60: L | Y60: ='XM.FILE GOC'!AR90 -> 0.452 | Z60: + | AA60: ='XM.FILE GOC'!AU90 -> 0 | AB60: L | AD60: + | AF60: L | AG60: IS15
A61: 8 | B61: Nồng độ acid loãng (13) 稀酸 濃度 | F61: %V/V | G61: ='XM.FILE GOC'!$E$91 -> 15~25 | H61: ='XM.FILE GOC'!$F$91 -> (18±2) | I61: ='XM.FILE GOC'!AD91 -> 0 | J61: + | K61: ='XM.FILE GOC'!AG91 -> 604.98 | L61: L | N61: + | P61: L | Q61: ='XM.FILE GOC'!AK91 -> 0 | R61: + | S61: ='XM.FILE GOC'!AN91 -> 604.98 | T61: L | V61: + | X61: L | Y61: ='XM.FILE GOC'!AR91 -> 0 | Z61: + | AA61: ='XM.FILE GOC'!AU91 -> 604.98 | AB61: L | AD61: + | AF61: L | AG61: IS04
A62: 9 | B62: Noàng ñoä axit ñaëc (14) 鹽酸 濃度 | F62: %V/V | G62: ='XM.FILE GOC'!$E$92 -> 40~50 | H62: ='XM.FILE GOC'!$F$92 -> (45±5) | I62: ='XM.FILE GOC'!AD92 -> 0.466 | J62: + | K62: ='XM.FILE GOC'!AG92 -> 0 | L62: L | N62: + | P62: L | Q62: ='XM.FILE GOC'!AK92 -> 0.465375 | R62: + | S62: ='XM.FILE GOC'!AN92 -> 0 | T62: L | V62: + | X62: L | Y62: ='XM.FILE GOC'!AR92 -> 0.4608125 | Z62: + | AA62: ='XM.FILE GOC'!AU92 -> 0 | AB62: L | AD62: + | AF62: L | AG62: IS04
A63: 10 | B63: Noàng ñoä axit ñaëc 鹽酸 濃度 (15,16,17) | F63: %V/V | G63: ='XM.FILE GOC'!$E$93 -> 40~50 | H63: ='XM.FILE GOC'!$F$93 -> (45±5) | I63: ='XM.FILE GOC'!AD93 -> 0.473 | J63: + | K63: ='XM.FILE GOC'!AG93 -> 0 | L63: L | N63: + | P63: L | Q63: ='XM.FILE GOC'!AK93 -> 0.47 | R63: + | S63: ='XM.FILE GOC'!AN93 -> 0 | T63: L | V63: + | X63: L | Y63: ='XM.FILE GOC'!AR93 -> 0.468 | Z63: + | AA63: ='XM.FILE GOC'!AU93 -> 0 | AB63: L | AD63: + | AF63: L | AG63: IS04
A64: 11 | B64: Nồng độ HNO3 (42) 硝酸濃度 | C64: Nồng độ HNO3 (42) 硝酸濃度 | D64: Nồng độ HNO3 (42) 硝酸濃度 | E64: Nồng độ HNO3 (42) 硝酸濃度 | F64: %V/V | G64: ='XM.FILE GOC'!$E$94 -> (1±0.4)=0.6~1.4 | H64: ='XM.FILE GOC'!$F$94 -> (1±0.4) | I64: ='XM.FILE GOC'!AD94 -> 0.007812 | J64: + | K64: ='XM.FILE GOC'!AG94 -> 6.2597086 | L64: L | M64: 0.01 | N64: + | P64: L | Q64: ='XM.FILE GOC'!AK94 -> 0.01 | R64: + | S64: ='XM.FILE GOC'!AN94 -> 0 | T64: L | V64: + | X64: L | Y64: ='XM.FILE GOC'!AR94 -> 0.008064 | Z64: + | AA64: ='XM.FILE GOC'!AU94 -> 5.538755 | AB64: L | AC64: 0.01 | AD64: + | AF64: L | AG64: IS15
A65: 12 | B65: Nồng độ Cr2O3 （K) 三價鉻 | F65: % | G65: ='XM.GUI MAIL'!$E$95 -> 5~8 | H65: ='XM.GUI MAIL'!$F$95 -> (6±0.5) | I65: ='XM.FILE GOC'!AD95 -> 6 | J65: + | K65: ='XM.FILE GOC'!AG95 -> 0 | L65: L | N65: + | P65: L | Q65: ='XM.FILE GOC'!AK95 -> 5.76 | R65: + | S65: ='XM.FILE GOC'!AN95 -> 8.9860042 | T65: L | U65: 6.2 | V65: + | W65: =('XM.FILE GOC'!$G$95-U65)*4042/95*1.028 -> -8.7477389 | X65: L | Y65: ='XM.FILE GOC'!AR95 -> 6.1 | Z65: + | AA65: ='XM.FILE GOC'!AU95 -> 0 | AB65: L | AD65: + | AF65: L
A66: 13 | F66: pH | G66: ='XM.GUI MAIL'!$E$96 -> 1.8~2.4 | H66: ='XM.GUI MAIL'!$F$96 -> (2.1±0.1) | I66: ='XM.FILE GOC'!AD96 -> 2 | Q66: ='XM.FILE GOC'!AK96 -> 2.03 | Y66: ='XM.FILE GOC'!AR96 -> 2.02
B67: Haïng muïc kieåm tra nhieät ñoä 檢查溫度
A68: NO | B68: Haïng muïc kieåm tra nhieät ñoä 溫度檢查項目 | F68: nhieät ñoä 溫度 | G68: Phạm vi kiểm soát 範圍值 | H68: Giới hạn kiểm soát 管控值 | I68: Nhiệt kế 温度計 | K68: nhieät töï ñoäng 自動温控 | Q68: Nhiệt kế 温度計 | S68: nhieät töï ñoäng 自動温控 | Y68: Nhiệt kế 温度計 | AA68: nhieät töï ñoäng 自動温控
A69: 1 | B69: Nhieät ñoä boàn xaø boâng noùng 1 熱脫脂溫度 | F69: 0C | G69: ='XM.FILE GOC'!$E$105 -> 50~70 | H69: ='XM.FILE GOC'!$F$105 -> (60±5) | I69: ='XM.GUI MAIL'!AD105 -> 61 | K69: ='XM.FILE GOC'!AG105 -> 60 | Q69: ='XM.GUI MAIL'!AK105 -> 61 | S69: ='XM.FILE GOC'!AN105 -> 60 | Y69: ='XM.GUI MAIL'!AR105 -> 61 | AA69: ='XM.FILE GOC'!AU105 -> 60
A70: 2 | B70: Nhieät ñoä boàn xaø boâng noùng 2 熱脫脂溫度 | F70: 0C | G70: ='XM.FILE GOC'!$E$106 -> 50~70 | H70: ='XM.FILE GOC'!$F$106 -> (60±5) | I70: ='XM.GUI MAIL'!AD106 -> 61 | K70: ='XM.FILE GOC'!AG106 -> 60 | Q70: ='XM.GUI MAIL'!AK106 -> 61 | S70: ='XM.FILE GOC'!AN106 -> 60 | Y70: ='XM.GUI MAIL'!AR106 -> 62 | AA70: ='XM.FILE GOC'!AU106 -> 61
A71: 3 | B71: Nhieät ñoä boàn ñieän giaûi (-) 電解 溫度 | F71: 0C | G71: ='XM.FILE GOC'!$E$107 -> 50~70 | H71: ='XM.FILE GOC'!$F$107 -> (60±5) | I71: ='XM.GUI MAIL'!AD107 -> 61 | K71: ='XM.FILE GOC'!AG107 -> 60 | Q71: ='XM.GUI MAIL'!AK107 -> 61 | S71: ='XM.FILE GOC'!AN107 -> 60 | Y71: ='XM.GUI MAIL'!AR107 -> 61 | AA71: ='XM.FILE GOC'!AU107 -> 60
A72: 4 | B72: Nhieät ñoä boàn ñieän giaûi (+) 電解 + 溫度 | F72: 0C | G72: ='XM.FILE GOC'!$E$108 -> 50~70 | H72: ='XM.FILE GOC'!$F$108 -> (60±5) | I72: ='XM.GUI MAIL'!AD108 -> 60 | K72: ='XM.FILE GOC'!AG108 -> 59 | Q72: ='XM.GUI MAIL'!AK108 -> 60 | S72: ='XM.FILE GOC'!AN108 -> 59 | Y72: ='XM.GUI MAIL'!AR108 -> 60 | AA72: ='XM.FILE GOC'!AU108 -> 59
A73: 5 | B73: Nhieät ñoä boàn xi 鍍鋅槽溫度 | F73: 0C | G73: ='XM.FILE GOC'!$E$109 -> 22~28 | H73: ='XM.FILE GOC'!$F$109 -> (25±3) | I73: ='XM.GUI MAIL'!AD109 -> 25 | K73: ='XM.FILE GOC'!AG109 -> 24 | Q73: ='XM.GUI MAIL'!AK109 -> 25 | S73: ='XM.FILE GOC'!AN109 -> 24 | Y73: ='XM.GUI MAIL'!AR109 -> 26 | AA73: ='XM.FILE GOC'!AU109 -> 25
A74: 6 | B74: Nhieät ñoä boàn maøu Cr2O3 三價鉻 溫度 | F74: 0C | G74: ='XM.FILE GOC'!$E$110 -> 30~40 | H74: ='XM.FILE GOC'!$F$110 -> (34±3) | I74: ='XM.GUI MAIL'!AD110 -> 34 | K74: ='XM.FILE GOC'!AG110 -> 33 | Q74: ='XM.GUI MAIL'!AK110 -> 34 | S74: ='XM.FILE GOC'!AN110 -> 33 | Y74: ='XM.GUI MAIL'!AR110 -> 34 | AA74: ='XM.FILE GOC'!AU110 -> 33
