Workbook
Name _NEW2: [1]吊電B線入出料標準數據!$B$4:$P$4003
Name _XM_XT_THUCTE: '[2]XM.GUI MAIL'!$A$6:$AQ$108
Name _XM_XT_THUCTE: 'XM.GUI MAIL'!$A$6:$AW$120
Name AB: #REF!
Name AB: #REF!
Name AB: #REF!
Name AB: #REF!
Name AB: #REF!
Name AB: #REF!
Name AB: #REF!
Name AB: #REF!
Name AB: #REF!
Name abcd: #REF!
Name abcd: #REF!
Name abcd: #REF!
Name abcd: #REF!
Name abcd: #REF!
Name abcd: #REF!
Name abcd: #REF!
Name abcd: #REF!
Name abcd: #REF!
Name abcd: #REF!
Name CCC: #REF!
Name CCC: #REF!
Name CCC: #REF!
Name CCC: #REF!
Name CCC: #REF!
Name CCC: #REF!
Name CCC: #REF!
Name CCC: #REF!
Name CCC: #REF!
Name CXXTA: #REF!
Name CXXTA: #REF!
Name CXXTA: #REF!
Name CXXTA: #REF!
Name CXXTA: #REF!
Name CXXTA: #REF!
Name CXXTA: #REF!
Name CXXTA: #REF!
Name CXXTA: #REF!
Name CXXTB: [1]吊電B線入出料標準數據!$B$3:$P$428
Name HUANGHAIDONGA: #REF!
Name HUANGHAIDONGA: #REF!
Name HUANGHAIDONGA: #REF!
Name HUANGHAIDONGA: #REF!
Name HUANGHAIDONGA: #REF!
Name HUANGHAIDONGA: #REF!
Name HUANGHAIDONGA: #REF!
Name HUANGHAIDONGA: #REF!
Name HUANGHAIDONGA: #REF!
Name HUANGHAIDONGB: [1]吊電B線入出料標準數據!$A$3:$P$428
Name PartNo: [3]All!$B$5:$Q$65536
Name RLMLXD: '[2]R.GUI MAIL'!$A$6:$AQ$114
Name RLMLXD: 'R.GUI MAIL'!$A$6:$AQ$114
Name sss: '[4]附表-01'!$A$2:$L$1662
Name WUJIWEI: #REF!
Name WUJIWEI: #REF!
Name WUJIWEI: #REF!
Name WUJIWEI: #REF!
Name WUJIWEI: #REF!

Sheet PT TAP CHAT
B1: MẪU GỬI NHÀ CUNG ỨNG
B2: =MENU!AD9 -> 2024/01/09 | G2: 0.29166667 | H2: 0.45833333 | I2: 0.54166667
A3: NCC | B3: Type sample | C3: Test Item | D3: Standards | F3: Unit | G3: Result
A4: JASCO | B4: Akaline Zinc (XL-1E) | C4: Zn2+ | D4: ='XM.GUI MAIL'!E17 -> 8~12 | E4: ='XM.GUI MAIL'!F17 -> (10±2) | F4: g/l | G4: ='XM.GUI MAIL'!I17 -> 0 | H4: ='XM.GUI MAIL'!P17 -> 0 | I4: ='XM.GUI MAIL'!W17 -> 0
A5: JASCO | C5: NaOH | D5: ='XM.GUI MAIL'!E16 -> 130 - 150 | E5: ='XM.GUI MAIL'!F18 -> (14±2) | F5: g/l | G5: ='XM.GUI MAIL'!I16 -> 0 | H5: ='XM.GUI MAIL'!P16 -> 0 | I5: ='XM.GUI MAIL'!W16 -> 0
A6: JASCO | C6: Na2CO3 | D6: ＜70g/L | E6: ='XM.GUI MAIL'!F19 -> (2±0.2 ) | F6: g/l
A7: JASCO | C7: Fe | D7: <5 | F7: ppm
A8: JASCO | C8: Cu | D8: <5 | F8: ppm
A9: JASCO | C9: Cr | D9: <5 | F9: ppm
A10: JASCO | C10: Pb | D10: <5 | F10: ppm
A11: JASCO | B11: Màu (I) (TR173AH) (XL-1E) | C11: Cr2O3 (TR173AH) | D11: ='XM.GUI MAIL'!E18 -> 12~18 | E11: ='XM.GUI MAIL'!F24 -> (7.5±1) | F11: % | G11: ='XM.GUI MAIL'!I18 -> 0 | H11: ='XM.GUI MAIL'!P18 -> 0 | I11: ='XM.GUI MAIL'!W18 -> 0
A12: JASCO | C12: pH | D12: ='XM.GUI MAIL'!E19 -> 1.6~2.2 | E12: ='XM.GUI MAIL'!F25 -> (2±0.1) | F12: / | G12: ='XM.GUI MAIL'!I19 -> 0 | H12: ='XM.GUI MAIL'!P19 -> 0 | I12: ='XM.GUI MAIL'!W19 -> 0
A13: JASCO | C13: Fe | D13: <80 | F13: ppm
A14: JASCO | C14: Cu | D14: ＜5 | F14: ppm
A15: JASCO | C15: Zn | D15: ＜7000 | F15: ppm
A16: JASCO | B16: Màu K (5U109A) (XL-1E) | C16: Màu K (5U109A) | D16: ='XM.GUI MAIL'!E24 -> 5~10 | E16: ='XM.GUI MAIL'!F29 -> (60±5) | F16: % | G16: ='XM.GUI MAIL'!I24 | H16: ='XM.GUI MAIL'!I24 | I16: ='XM.GUI MAIL'!W24
A17: JASCO | C17: pH | D17: ='XM.GUI MAIL'!E25 -> 1.8~2.2 | E17: ='XM.GUI MAIL'!F30 -> (50±5) | F17: / | G17: ='XM.GUI MAIL'!I25 -> 0 | H17: ='XM.GUI MAIL'!I25 -> 0 | I17: ='XM.GUI MAIL'!W25 -> 0
A18: JASCO | C18: Fe | D18: <40 | F18: ppm
A19: JASCO | C19: Cu | D19: ＜5 | F19: ppm
A20: JASCO | C20: Zn | D20: ＜6000 | F20: ppm
B22: Type sample | C22: Test Item | D22: Standards | F22: Unit | G22: Result
A23: HALO | B23: Akaline Zinc (XL-1F) | C23: Zn2+ | D23: ='XM.GUI MAIL'!E52 -> 8~12 | E23: ='XM.GUI MAIL'!F52 -> (10±2) | F23: g/l | G23: ='XM.GUI MAIL'!I52 -> 11.57 | H23: ='XM.GUI MAIL'!P52 -> 11.18 | I23: ='XM.GUI MAIL'!W52 -> 11.18
A24: HALO | C24: NaOH | D24: ='XM.GUI MAIL'!E51 -> 130 - 150 | E24: ='XM.GUI MAIL'!F51 -> (140±7) | F24: g/l | G24: ='XM.GUI MAIL'!I51 -> 144.4 | H24: ='XM.GUI MAIL'!P51 -> 145.6 | I24: ='XM.GUI MAIL'!W51 -> 145.6
A25: HALO | C25: Na2CO3 | D25: ＜70 | F25: g/l
A26: HALO | C26: Fe | D26: <5 | F26: ppm
A27: HALO | C27: Cu | D27: <5 | F27: ppm
A28: HALO | C28: Cr | D28: <5 | F28: ppm
A29: HALO | C29: Pb | D29: <5 | F29: ppm
A30: HALO | B30: Màu (I) (Lanthane 318) (XL-1F) | C30: Lanthane 318 | D30: ='XM.GUI MAIL'!E53 -> 6~10 | E30: ='XM.GUI MAIL'!F53 -> (7±1) | F30: % | G30: ='XM.GUI MAIL'!I53 -> 6.96183 | H30: ='XM.GUI MAIL'!P53 -> 7.0042 | I30: ='XM.GUI MAIL'!W53 -> 6.66524
A31: HALO | C31: pH | D31: ='XM.GUI MAIL'!E54 -> 2~2.5 | E31: ='XM.GUI MAIL'!F54 -> (2.3±0.1 ) | F31: / | G31: ='XM.GUI MAIL'!I54 -> 2.5 | H31: ='XM.GUI MAIL'!P54 -> 2.3 | I31: ='XM.GUI MAIL'!W54 -> 2.3
A32: HALO | C32: Fe | D32: <100 | F32: ppm
A33: HALO | C33: Cu | F33: ppm
A34: HALO | C34: Zn | D34: ＜12000 | F34: ppm
A35: HALO | B35: Màu (K) (Finidip 124) (XL-1F) | C35: Finidip 124 | D35: ='XM.GUI MAIL'!E59 -> 5~8 | E35: ='XM.GUI MAIL'!F59 -> (6±0.5) | F35: % | G35: ='XM.GUI MAIL'!I59 -> 6.12 | H35: ='XM.GUI MAIL'!I59 -> 6.12 | I35: ='XM.GUI MAIL'!W59 -> KO SX
A36: HALO | C36: pH | D36: ='XM.GUI MAIL'!E60 -> 1.8~2.4 | E36: ='XM.GUI MAIL'!F60 -> (2.1±0.1 ) | F36: / | G36: ='XM.GUI MAIL'!I60 -> 2.2 | H36: ='XM.GUI MAIL'!I60 -> 2.2 | I36: ='XM.GUI MAIL'!W60 -> KO SX
A37: HALO | C37: Fe | D37: 150 | F37: ppm
A38: HALO | C38: Cu | F38: ppm
A39: HALO | C39: Zn | D39: ＜15000 | F39: ppm
B41: Type sample | C41: Test Item | D41: Standards | F41: Unit | G41: Result
A42: HALO | B42: Akaline Zinc (XT-0C) | C42: Zn2+ | D42: ='XM.GUI MAIL'!E87 -> 7~10 | E42: ='XM.GUI MAIL'!F87 -> (8.5±1) | F42: g/l | G42: ='XM.GUI MAIL'!I87 -> 8.58 | H42: ='XM.GUI MAIL'!P87 -> 8.32 | I42: ='XM.GUI MAIL'!W87 -> 8.385
A43: HALO | C43: NaOH | D43: ='XM.GUI MAIL'!E86 -> 135~ 145 | E43: ='XM.GUI MAIL'!F86 -> (140±5) | F43: g/l | G43: ='XM.GUI MAIL'!I86 -> 143.6 | H43: ='XM.GUI MAIL'!P86 -> 144.8 | I43: ='XM.GUI MAIL'!W86 -> 143.2
A44: HALO | C44: Na2CO3 | D44: ＜70g/L | E44: ＜70g/L | F44: g/l
A45: HALO | C45: Fe | D45: <5 | F45: ppm
A46: HALO | C46: Cu | D46: <5 | F46: ppm
A47: HALO | C47: Cr | D47: <5 | F47: ppm
A48: HALO | C48: Pb | D48: <5 | F48: ppm
B49: Nickel Zinc (XT-0C) | C49: Ni2+ | D49: 1-1.8 | E49: 1-1.8 | F49: g/l
A50: HALO | C50: Zn2+ | D50: ='XM.GUI MAIL'!E99 -> 5~6 | E50: ='XM.GUI MAIL'!F99 -> (5.5± 0.5) | F50: g/l | G50: ='XM.GUI MAIL'!I99 -> 5.59 | H50: ='XM.GUI MAIL'!P99 -> 5.395 | I50: ='XM.GUI MAIL'!W99 -> 5.46
A51: HALO | C51: NaOH | D51: ='XM.GUI MAIL'!E100 -> 130~140 | E51: ='XM.GUI MAIL'!F100 -> (135 ± 5) | F51: g/l | G51: ='XM.GUI MAIL'!I100 -> 134 | H51: ='XM.GUI MAIL'!P100 -> 136 | I51: ='XM.GUI MAIL'!W100 -> 135.6
A52: HALO | C52: Na2CO3 | D52: ＜70 | F52: g/l
A53: HALO | C53: Fe | D53: ＜80 | F53: ppm
A54: HALO | C54: Cu | D54: ＜5 | F54: ppm
A55: HALO | C55: Cr | D55: ＜5 | F55: ppm
A56: HALO | C56: Pb | D56: ＜ | F56: ppm
A57: HALO | B57: Màu (I) (Lanthane 318) (XT-0C) | C57: Lanthane 318 | D57: ='XM.GUI MAIL'!E88 -> 5~8 | E57: ='XM.GUI MAIL'!F88 -> (6±1) | F57: % | G57: ='XM.GUI MAIL'!I88 -> 6.45339 | H57: ='XM.GUI MAIL'!P88 -> 6.432205 | I57: ='XM.GUI MAIL'!W88 -> 6.1568
A58: HALO | C58: pH | D58: ='XM.GUI MAIL'!E89 -> 2.0~2.4 | E58: ='XM.GUI MAIL'!F89 -> (2.2±0.1) | F58: / | G58: ='XM.GUI MAIL'!I89 -> 2.3 | H58: ='XM.GUI MAIL'!P89 -> 2.24 | I58: ='XM.GUI MAIL'!W89 -> 2.3
A59: HALO | C59: Fe | D59: <100 | F59: ppm
A60: HALO | C60: Cu | F60: ppm
A61: HALO | C61: Zn | D61: ＜10000 | F61: ppm
B62: Màu (K) (Finidip 124) (XT-0C) | G62: ='XM.GUI MAIL'!I95 -> 5.76 | H62: ='XM.GUI MAIL'!P95 -> 5.72 | I62: ='XM.GUI MAIL'!W95 -> 5.72
G63: ='XM.GUI MAIL'!I96 -> 2.1 | H63: ='XM.GUI MAIL'!P96 -> 2 | I63: ='XM.GUI MAIL'!W96 -> 2.08
G67: 7:00 | H67: 11:00 | I67: 13:00
A68: JASCO | B68: Màu (I) (TR173AH) (XT-0C) | C68: Cr2O3 (TR173AH) | D68: ='XM.GUI MAIL'!E97 -> 8~16 % | E68: ='XM.GUI MAIL'!F97 -> (12±2%) | F68: % | G68: ='XM.GUI MAIL'!I97 | H68: ='XM.GUI MAIL'!P97 | I68: ='XM.GUI MAIL'!W97
A69: JASCO | C69: pH | D69: ='XM.GUI MAIL'!E98 -> 1.8~2.4 | E69: ='XM.GUI MAIL'!F98 -> (2.0 ±0.2 ) | F69: / | G69: ='XM.GUI MAIL'!I98 -> 0 | H69: ='XM.GUI MAIL'!P98 -> 0 | I69: ='XM.GUI MAIL'!W98 -> 0
A70: JASCO | C70: Fe | D70: <500 | F70: ppm
A71: JASCO | C71: Cu | D71: ＜5 | F71: ppm
A72: JASCO | C72: Zn | D72: ＜7000 | F72: ppm
A73: JASCO | B73: Màu K (5U109A) (XT-0C) | C73: Màu K (5U109A) | D73: ='XM.GUI MAIL'!E95 -> 5~8 | E73: ='XM.GUI MAIL'!F95 -> (6±0.5) | F73: % | G73: ='XM.GUI MAIL'!I95 -> 5.76 | H73: ='XM.GUI MAIL'!I95 -> 5.76 | I73: ='XM.GUI MAIL'!W95 -> 5.72
A74: JASCO | C74: pH | D74: ='XM.GUI MAIL'!E96 -> 1.8~2.4 | E74: ='XM.GUI MAIL'!F96 -> (2.1±0.1) | F74: / | G74: ='XM.GUI MAIL'!I96 -> 2.1 | H74: ='XM.GUI MAIL'!I96 -> 2.1 | I74: ='XM.GUI MAIL'!W96 -> 2.08
A75: JASCO | C75: Fe | D75: <500 | F75: ppm
A76: JASCO | C76: Cu | D76: ＜5 | F76: ppm
A77: JASCO | C77: Zn | D77: ＜7000 | F77: ppm
A78: JASCO | B78: Màu Ni (XT-0C) | C78: Màu Ni (988C1) | D78: 50-100 | F78: ml/l
A79: JASCO | C79: Màu Ni (988S1) | D79: 15-35 | F79: ml/l

Sheet 1
A1: "BÁO CÁO KẾT QUẢ HÓA NGHIỆM HÀNG NGÀY 表面處理生產製程管控記錄表"
A2: NGAY | B2: Ma__Hang_muc | C2: Nong_Do_01 | E2: 1 | F2: bs | G2: 2 | H2: bs | I2: 3 | J2: bs | K2: 4 | L2: bs | M2: 5 | N2: bs | O2: 6 | P2: bs | Q2: 1
A3: Date | B3: Code | C3: 濃度 g/L-01
A4: 1/9/2024 9:45:00 AM | B4: 1F-XB1 | C4: 70.092 | E4: TRUE | F4: FALSE | G4: FALSE | H4: FALSE | I4: FALSE | J4: FALSE | K4: FALSE | L4: FALSE | M4: FALSE | N4: FALSE | O4: FALSE | P4: FALSE
A5: 1/9/2024 9:45:00 AM | B5: 1F-XB2 | C5: 74.3105 | E5: TRUE | F5: FALSE | G5: FALSE | H5: FALSE | I5: FALSE | J5: FALSE | K5: FALSE | L5: FALSE | M5: FALSE | N5: FALSE | O5: FALSE | P5: FALSE
A6: 1/9/2024 9:45:00 AM | B6: 1F-DG1 | C6: 56.595 | E6: TRUE | F6: FALSE | G6: FALSE | H6: FALSE | I6: FALSE | J6: FALSE | K6: FALSE | L6: FALSE | M6: FALSE | N6: FALSE | O6: FALSE | P6: FALSE
A7: 1/9/2024 9:45:00 AM | B7: 1F-DG2 | C7: 56.826 | E7: TRUE | F7: FALSE | G7: FALSE | H7: FALSE | I7: FALSE | J7: FALSE | K7: FALSE | L7: FALSE | M7: FALSE | N7: FALSE | O7: FALSE | P7: FALSE
A8: 1/9/2024 9:45:00 AM | B8: 1F-NAOH | C8: 144.4 | E8: TRUE | F8: FALSE | G8: FALSE | H8: FALSE | I8: FALSE | J8: FALSE | K8: FALSE | L8: FALSE | M8: FALSE | N8: FALSE | O8: FALSE | P8: FALSE
A9: 1/9/2024 9:45:00 AM | B9: 1F-ZN | C9: 11.57 | E9: TRUE | F9: FALSE | G9: FALSE | H9: FALSE | I9: FALSE | J9: FALSE | K9: FALSE | L9: FALSE | M9: FALSE | N9: FALSE | O9: FALSE | P9: FALSE
A10: 1/9/2024 9:45:00 AM | B10: 1F-CR3I | C10: 6.96183 | E10: TRUE | F10: FALSE | G10: FALSE | H10: FALSE | I10: FALSE | J10: FALSE | K10: FALSE | L10: FALSE | M10: FALSE | N10: FALSE | O10: FALSE | P10: FALSE
A11: 1/9/2024 9:45:00 AM | B11: 1F-CR3IPH | C11: 2.5 | E11: TRUE | F11: FALSE | G11: FALSE | H11: FALSE | I11: FALSE | J11: FALSE | K11: FALSE | L11: FALSE | M11: FALSE | N11: FALSE | O11: FALSE | P11: FALSE
A12: 1/9/2024 9:45:00 AM | B12: 1F-HCL1 | C12: 0.4334375 | E12: TRUE | F12: FALSE | G12: FALSE | H12: FALSE | I12: FALSE | J12: FALSE | K12: FALSE | L12: FALSE | M12: FALSE | N12: FALSE | O12: FALSE | P12: FALSE
A13: 1/9/2024 9:45:00 AM | B13: 1F-HNO3 | C13: 0.011844 | E13: TRUE | F13: FALSE | G13: FALSE | H13: FALSE | I13: FALSE | J13: FALSE | K13: FALSE | L13: FALSE | M13: FALSE | N13: FALSE | O13: FALSE | P13: FALSE
A14: 1/9/2024 9:45:00 AM | B14: 1F-MEM | C14: 120 | E14: TRUE | F14: FALSE | G14: FALSE | H14: FALSE | I14: FALSE | J14: FALSE | K14: FALSE | L14: FALSE | M14: FALSE | N14: FALSE | O14: FALSE | P14: FALSE
A15: 1/9/2024 9:45:00 AM | B15: 1F-BONG | C15: 38 | E15: TRUE | F15: FALSE | G15: FALSE | H15: FALSE | I15: FALSE | J15: FALSE | K15: FALSE | L15: FALSE | M15: FALSE | N15: FALSE | O15: FALSE | P15: FALSE
... A55: 1/9/2024 9:45:00 AM | B55: DC-BLACK08 | C55: 5.6 | E55: TRUE | F55: FALSE | G55: FALSE | H55: FALSE | I55: FALSE | J55: FALSE | K55: FALSE | L55: FALSE | M55: FALSE | N55: FALSE | O55: FALSE | P55: FALSE

Sheet 2
A1: "BÁO CÁO KẾT QUẢ HÓA NGHIỆM HÀNG NGÀY 表面處理生產製程管控記錄表"
A2: NGAY | B2: Ma__Hang_muc | C2: Nong_Do_02 | E2: 1 | F2: bs | G2: 2 | H2: bs | I2: 3 | J2: bs | K2: 4 | L2: bs | M2: 5 | N2: bs | O2: 6 | P2: bs | Q2: 2
A3: Date | B3: Code | C3: 濃度 g/L-02
A4: 1/9/2024 11:45:00 AM | B4: 1F-XB1 | C4: 70.741 | E4: FALSE | F4: FALSE | G4: TRUE | H4: FALSE | I4: FALSE | J4: FALSE | K4: FALSE | L4: FALSE | M4: FALSE | N4: FALSE | O4: FALSE | P4: FALSE
A5: 1/9/2024 11:45:00 AM | B5: 1F-XB2 | C5: 73.986 | E5: FALSE | F5: FALSE | G5: TRUE | H5: FALSE | I5: FALSE | J5: FALSE | K5: FALSE | L5: FALSE | M5: FALSE | N5: FALSE | O5: FALSE | P5: FALSE
A6: 1/9/2024 11:45:00 AM | B6: 1F-DG1 | C6: 56.364 | E6: FALSE | F6: FALSE | G6: TRUE | H6: FALSE | I6: FALSE | J6: FALSE | K6: FALSE | L6: FALSE | M6: FALSE | N6: FALSE | O6: FALSE | P6: FALSE
A7: 1/9/2024 11:45:00 AM | B7: 1F-DG2 | C7: 58.212 | E7: FALSE | F7: FALSE | G7: TRUE | H7: FALSE | I7: FALSE | J7: FALSE | K7: FALSE | L7: FALSE | M7: FALSE | N7: FALSE | O7: FALSE | P7: FALSE
A8: 1/9/2024 11:45:00 AM | B8: 1F-NAOH | C8: 145.6 | E8: FALSE | F8: FALSE | G8: TRUE | H8: FALSE | I8: FALSE | J8: FALSE | K8: FALSE | L8: FALSE | M8: FALSE | N8: FALSE | O8: FALSE | P8: FALSE
A9: 1/9/2024 11:45:00 AM | B9: 1F-ZN | C9: 11.18 | E9: FALSE | F9: FALSE | G9: TRUE | H9: FALSE | I9: FALSE | J9: FALSE | K9: FALSE | L9: FALSE | M9: FALSE | N9: FALSE | O9: FALSE | P9: FALSE
A10: 1/9/2024 11:45:00 AM | B10: 1F-CR3I | C10: 7.0042 | E10: FALSE | F10: FALSE | G10: TRUE | H10: FALSE | I10: FALSE | J10: FALSE | K10: FALSE | L10: FALSE | M10: FALSE | N10: FALSE | O10: FALSE | P10: FALSE
A11: 1/9/2024 11:45:00 AM | B11: 1F-CR3IPH | C11: 2.3 | E11: FALSE | F11: FALSE | G11: TRUE | H11: FALSE | I11: FALSE | J11: FALSE | K11: FALSE | L11: FALSE | M11: FALSE | N11: FALSE | O11: FALSE | P11: FALSE
A12: 1/9/2024 11:45:00 AM | B12: 1F-HCL1 | C12: 0.45625 | E12: FALSE | F12: FALSE | G12: TRUE | H12: FALSE | I12: FALSE | J12: FALSE | K12: FALSE | L12: FALSE | M12: FALSE | N12: FALSE | O12: FALSE | P12: FALSE
A13: 1/9/2024 11:45:00 AM | B13: 1F-HNO3 | C13: 0.010584 | E13: FALSE | F13: FALSE | G13: TRUE | H13: FALSE | I13: FALSE | J13: FALSE | K13: FALSE | L13: FALSE | M13: FALSE | N13: FALSE | O13: FALSE | P13: FALSE
A14: 1/9/2024 11:45:00 AM | B14: 1F-MEM | C14: 122 | E14: FALSE | F14: FALSE | G14: TRUE | H14: FALSE | I14: FALSE | J14: FALSE | K14: FALSE | L14: FALSE | M14: FALSE | N14: FALSE | O14: FALSE | P14: FALSE
A15: 1/9/2024 11:45:00 AM | B15: 1F-BONG | C15: 40 | E15: FALSE | F15: FALSE | G15: TRUE | H15: FALSE | I15: FALSE | J15: FALSE | K15: FALSE | L15: FALSE | M15: FALSE | N15: FALSE | O15: FALSE | P15: FALSE
... A29: 1/9/2024 11:45:00 AM | B29: XT-MEM | C29: 178 | E29: FALSE | F29: FALSE | G29: TRUE | H29: FALSE | I29: FALSE | J29: FALSE | K29: FALSE | L29: FALSE | M29: FALSE | N29: FALSE | O29: FALSE | P29: FALSE

Sheet 3
A1: "BÁO CÁO KẾT QUẢ HÓA NGHIỆM HÀNG NGÀY 表面處理生產製程管控記錄表"
A2: NGAY | B2: Ma__Hang_muc | C2: Nong_Do_03 | E2: 1 | F2: bs | G2: 2 | H2: bs | I2: 3 | J2: bs | K2: 4 | L2: bs | M2: 5 | N2: bs | O2: 6 | P2: bs | Q2: 3
A3: Date | B3: Code | C3: 濃度 g/03
A4: 1/9/2024 4:30:00 PM | B4: 1F-XB1 | C4: 73.986 | E4: FALSE | F4: FALSE | G4: FALSE | H4: FALSE | I4: TRUE | J4: FALSE | K4: FALSE | L4: FALSE | M4: FALSE | N4: FALSE | O4: FALSE | P4: FALSE
A5: 1/9/2024 4:30:00 PM | B5: 1F-XB2 | C5: 72.039 | E5: FALSE | F5: FALSE | G5: FALSE | H5: FALSE | I5: TRUE | J5: FALSE | K5: FALSE | L5: FALSE | M5: FALSE | N5: FALSE | O5: FALSE | P5: FALSE
A6: 1/9/2024 4:30:00 PM | B6: 1F-DG1 | C6: 61.215 | E6: FALSE | F6: FALSE | G6: FALSE | H6: FALSE | I6: TRUE | J6: FALSE | K6: FALSE | L6: FALSE | M6: FALSE | N6: FALSE | O6: FALSE | P6: FALSE
A7: 1/9/2024 4:30:00 PM | B7: 1F-DG2 | C7: 64.218 | E7: FALSE | F7: FALSE | G7: FALSE | H7: FALSE | I7: TRUE | J7: FALSE | K7: FALSE | L7: FALSE | M7: FALSE | N7: FALSE | O7: FALSE | P7: FALSE
A8: 1/9/2024 4:30:00 PM | B8: 1F-NAOH | C8: 145.6 | E8: FALSE | F8: FALSE | G8: FALSE | H8: FALSE | I8: TRUE | J8: FALSE | K8: FALSE | L8: FALSE | M8: FALSE | N8: FALSE | O8: FALSE | P8: FALSE
A9: 1/9/2024 4:30:00 PM | B9: 1F-ZN | C9: 11.18 | E9: FALSE | F9: FALSE | G9: FALSE | H9: FALSE | I9: TRUE | J9: FALSE | K9: FALSE | L9: FALSE | M9: FALSE | N9: FALSE | O9: FALSE | P9: FALSE
A10: 1/9/2024 4:30:00 PM | B10: 1F-CR3I | C10: 6.66524 | E10: FALSE | F10: FALSE | G10: FALSE | H10: FALSE | I10: TRUE | J10: FALSE | K10: FALSE | L10: FALSE | M10: FALSE | N10: FALSE | O10: FALSE | P10: FALSE
A11: 1/9/2024 4:30:00 PM | B11: 1F-CR3IPH | C11: 2.3 | E11: FALSE | F11: FALSE | G11: FALSE | H11: FALSE | I11: TRUE | J11: FALSE | K11: FALSE | L11: FALSE | M11: FALSE | N11: FALSE | O11: FALSE | P11: FALSE
A12: 1/9/2024 4:30:00 PM | B12: 1F-HCL1 | C12: 0.47335938 | E12: FALSE | F12: FALSE | G12: FALSE | H12: FALSE | I12: TRUE | J12: FALSE | K12: FALSE | L12: FALSE | M12: FALSE | N12: FALSE | O12: FALSE | P12: FALSE
A13: 1/9/2024 4:30:00 PM | B13: 1F-HNO3 | C13: 0.010332 | E13: FALSE | F13: FALSE | G13: FALSE | H13: FALSE | I13: TRUE | J13: FALSE | K13: FALSE | L13: FALSE | M13: FALSE | N13: FALSE | O13: FALSE | P13: FALSE
A14: 1/9/2024 4:30:00 PM | B14: 1F-MEM | C14: 115 | E14: FALSE | F14: FALSE | G14: FALSE | H14: FALSE | I14: TRUE | J14: FALSE | K14: FALSE | L14: FALSE | M14: FALSE | N14: FALSE | O14: FALSE | P14: FALSE
A15: 1/9/2024 4:30:00 PM | B15: 1F-BONG | C15: 40 | E15: FALSE | F15: FALSE | G15: FALSE | H15: FALSE | I15: TRUE | J15: FALSE | K15: FALSE | L15: FALSE | M15: FALSE | N15: FALSE | O15: FALSE | P15: FALSE
... A36: 1/9/2024 4:30:00 PM | B36: RLF-XBPH | C36: 10 | E36: FALSE | F36: FALSE | G36: FALSE | H36: FALSE | I36: TRUE | J36: FALSE | K36: FALSE | L36: FALSE | M36: FALSE | N36: FALSE | O36: FALSE | P36: FALSE

Sheet 4
A1: "BÁO CÁO KẾT QUẢ HÓA NGHIỆM HÀNG NGÀY 表面處理生產製程管控記錄表"
A2: NGAY | B2: Ma__Hang_muc | C2: Nong_Do_03 | E2: 1 | F2: bs | G2: 2 | H2: bs | I2: 3 | J2: bs | K2: 4 | L2: bs | M2: 5 | N2: bs | O2: 6 | P2: bs | Q2: 3
A3: Date | B3: Code | C3: 濃度 g/03
A4: 1/9/2024 6:00:00 PM | B4: RLF-KD | C4: 46 | E4: FALSE | F4: FALSE | G4: FALSE | H4: FALSE | I4: TRUE | J4: FALSE | K4: FALSE | L4: FALSE | M4: FALSE | N4: FALSE | O4: FALSE | P4: FALSE
A5: 1/9/2024 6:00:00 PM | B5: RLF-HCL1 | C5: 10.22 | E5: FALSE | F5: FALSE | G5: FALSE | H5: FALSE | I5: TRUE | J5: FALSE | K5: FALSE | L5: FALSE | M5: FALSE | N5: FALSE | O5: FALSE | P5: FALSE
A6: 1/9/2024 6:00:00 PM | B6: RLF-PP1TA | C6: 51 | E6: FALSE | F6: FALSE | G6: FALSE | H6: FALSE | I6: TRUE | J6: FALSE | K6: FALSE | L6: FALSE | M6: FALSE | N6: FALSE | O6: FALSE | P6: FALSE
A7: 1/9/2024 6:00:00 PM | B7: RLF-PP1AX | C7: 10.2 | E7: FALSE | F7: FALSE | G7: FALSE | H7: FALSE | I7: TRUE | J7: FALSE | K7: FALSE | L7: FALSE | M7: FALSE | N7: FALSE | O7: FALSE | P7: FALSE
A8: 1/9/2024 6:00:00 PM | B8: RLF-PP1PL | C8: 0.72 | E8: FALSE | F8: FALSE | G8: FALSE | H8: FALSE | I8: TRUE | J8: FALSE | K8: FALSE | L8: FALSE | M8: FALSE | N8: FALSE | O8: FALSE | P8: FALSE
A9: 1/9/2024 6:00:00 PM | B9: RLF-XB | C9: 0.9 | E9: FALSE | F9: FALSE | G9: FALSE | H9: FALSE | I9: TRUE | J9: FALSE | K9: FALSE | L9: FALSE | M9: FALSE | N9: FALSE | O9: FALSE | P9: FALSE
A10: 1/9/2024 6:00:00 PM | B10: RLF-XBPH | C10: 10 | E10: FALSE | F10: FALSE | G10: FALSE | H10: FALSE | I10: TRUE | J10: FALSE | K10: FALSE | L10: FALSE | M10: FALSE | N10: FALSE | O10: FALSE | P10: FALSE
A11: 1/9/2024 6:00:00 PM | B11: XD-1 | C11: 5.6 | E11: FALSE | F11: FALSE | G11: FALSE | H11: FALSE | I11: TRUE | J11: FALSE | K11: FALSE | L11: FALSE | M11: FALSE | N11: FALSE | O11: FALSE | P11: FALSE

Sheet 5
A1: "BÁO CÁO KẾT QUẢ HÓA NGHIỆM HÀNG NGÀY 表面處理生產製程管控記錄表"
A2: NGAY | B2: Ma__Hang_muc | C2: Nong_Do_04 | E2: 1 | F2: bs | G2: 2 | H2: bs | I2: 3 | J2: bs | K2: 4 | L2: bs | M2: 5 | N2: bs | O2: 6 | P2: bs | Q2: 4
A3: Date | B3: Code | C3: 濃度 g/L_04
A4: 1/9/2024 9:45:00 PM | B4: 1F-XB1 | C4: 74.635 | E4: FALSE | F4: FALSE | G4: FALSE | H4: FALSE | I4: FALSE | J4: FALSE | K4: TRUE | L4: FALSE | M4: FALSE | N4: FALSE | O4: FALSE | P4: FALSE
A5: 1/9/2024 9:45:00 PM | B5: 1F-XB2 | C5: 71.39 | E5: FALSE | F5: FALSE | G5: FALSE | H5: FALSE | I5: FALSE | J5: FALSE | K5: TRUE | L5: FALSE | M5: FALSE | N5: FALSE | O5: FALSE | P5: FALSE
A6: 1/9/2024 9:45:00 PM | B6: 1F-DG1 | C6: 62.832 | E6: FALSE | F6: FALSE | G6: FALSE | H6: FALSE | I6: FALSE | J6: FALSE | K6: TRUE | L6: FALSE | M6: FALSE | N6: FALSE | O6: FALSE | P6: FALSE
A7: 1/9/2024 9:45:00 PM | B7: 1F-DG2 | C7: 61.908 | E7: FALSE | F7: FALSE | G7: FALSE | H7: FALSE | I7: FALSE | J7: FALSE | K7: TRUE | L7: FALSE | M7: FALSE | N7: FALSE | O7: FALSE | P7: FALSE
A8: 1/9/2024 9:45:00 PM | B8: 1F-NAOH | C8: 145.6 | E8: FALSE | F8: FALSE | G8: FALSE | H8: FALSE | I8: FALSE | J8: FALSE | K8: TRUE | L8: FALSE | M8: FALSE | N8: FALSE | O8: FALSE | P8: FALSE
A9: 1/9/2024 9:45:00 PM | B9: 1F-ZN | C9: 11.18 | E9: FALSE | F9: FALSE | G9: FALSE | H9: FALSE | I9: FALSE | J9: FALSE | K9: TRUE | L9: FALSE | M9: FALSE | N9: FALSE | O9: FALSE | P9: FALSE
A10: 1/9/2024 9:45:00 PM | B10: 1F-CR3I | C10: 6.91946 | E10: FALSE | F10: FALSE | G10: FALSE | H10: FALSE | I10: FALSE | J10: FALSE | K10: TRUE | L10: FALSE | M10: FALSE | N10: FALSE | O10: FALSE | P10: FALSE
A11: 1/9/2024 9:45:00 PM | B11: 1F-CR3IPH | C11: 2.2 | E11: FALSE | F11: FALSE | G11: FALSE | H11: FALSE | I11: FALSE | J11: FALSE | K11: TRUE | L11: FALSE | M11: FALSE | N11: FALSE | O11: FALSE | P11: FALSE
A12: 1/9/2024 9:45:00 PM | B12: 1F-HCL1 | C12: 0.45625 | E12: FALSE | F12: FALSE | G12: FALSE | H12: FALSE | I12: FALSE | J12: FALSE | K12: TRUE | L12: FALSE | M12: FALSE | N12: FALSE | O12: FALSE | P12: FALSE
A13: 1/9/2024 9:45:00 PM | B13: 1F-MEM | C13: 115 | E13: FALSE | F13: FALSE | G13: FALSE | H13: FALSE | I13: FALSE | J13: FALSE | K13: TRUE | L13: FALSE | M13: FALSE | N13: FALSE | O13: FALSE | P13: FALSE
A14: 1/9/2024 9:45:00 PM | B14: 1F-BONG | C14: 42 | E14: FALSE | F14: FALSE | G14: FALSE | H14: FALSE | I14: FALSE | J14: FALSE | K14: TRUE | L14: FALSE | M14: FALSE | N14: FALSE | O14: FALSE | P14: FALSE
A15: 1/9/2024 9:45:00 PM | B15: XT-XB1 | C15: 51.92 | E15: FALSE | F15: FALSE | G15: FALSE | H15: FALSE | I15: FALSE | J15: FALSE | K15: TRUE | L15: FALSE | M15: FALSE | N15: FALSE | O15: FALSE | P15: FALSE
... A35: 1/9/2024 9:45:00 PM | B35: RLF-XBPH | C35: 9.5 | E35: FALSE | F35: FALSE | G35: FALSE | H35: FALSE | I35: FALSE | J35: FALSE | K35: TRUE | L35: FALSE | M35: FALSE | N35: FALSE | O35: FALSE | P35: FALSE

Sheet 6
A1: "BÁO CÁO KẾT QUẢ HÓA NGHIỆM HÀNG NGÀY 表面處理生產製程管控記錄表"
A2: NGAY | B2: Ma__Hang_muc | C2: Nong_Do_05 | E2: 1 | F2: bs | G2: 2 | H2: bs | I2: 3 | J2: bs | K2: 4 | L2: bs | M2: 5 | N2: bs | O2: 6 | P2: bs | Q2: 5
A3: Date | B3: Code | C3: 濃度 g/L_05
A4: =MENU!Y21 -> 45300.99 | B4: 1E-XB1 | C4: =IFERROR(VLOOKUP($B4,_XM_XT_THUCTE,37,0),"") -> 0 | E4: =ISNUMBER(#REF!) -> FALSE | F4: =ISNUMBER(#REF!) -> FALSE | G4: =ISNUMBER(#REF!) -> FALSE | H4: =ISNUMBER(#REF!) -> FALSE | I4: =ISNUMBER(#REF!) -> FALSE | J4: =ISNUMBER(#REF!) -> FALSE | K4: =ISNUMBER(#REF!) -> FALSE | L4: =ISNUMBER(#REF!) -> FALSE | M4: =ISNUMBER(C4) -> TRUE | N4: =ISNUMBER(#REF!) -> FALSE | O4: =ISNUMBER(#REF!) -> FALSE | P4: =ISNUMBER(#REF!) -> FALSE | Q4: =IF(M4=TRUE,"",1)
A5: =IF(B5="","",$A$4) -> 45300.99 | B5: 1E-XB2 | C5: =IFERROR(VLOOKUP($B5,_XM_XT_THUCTE,37,0),"") -> 0 | E5: =ISNUMBER(#REF!) -> FALSE | F5: =ISNUMBER(#REF!) -> FALSE | G5: =ISNUMBER(#REF!) -> FALSE | H5: =ISNUMBER(#REF!) -> FALSE | I5: =ISNUMBER(#REF!) -> FALSE | J5: =ISNUMBER(#REF!) -> FALSE | K5: =ISNUMBER(#REF!) -> FALSE | L5: =ISNUMBER(#REF!) -> FALSE | M5: =ISNUMBER(C5) -> TRUE | N5: =ISNUMBER(#REF!) -> FALSE | O5: =ISNUMBER(#REF!) -> FALSE | P5: =ISNUMBER(#REF!) -> FALSE | Q5: =IF(M5=TRUE,"",1)
A6: =IF(B6="","",$A$4) -> 45300.99 | B6: 1E-DG1 | C6: =IFERROR(VLOOKUP($B6,_XM_XT_THUCTE,37,0),"") -> 0 | E6: =ISNUMBER(#REF!) -> FALSE | F6: =ISNUMBER(#REF!) -> FALSE | G6: =ISNUMBER(#REF!) -> FALSE | H6: =ISNUMBER(#REF!) -> FALSE | I6: =ISNUMBER(#REF!) -> FALSE | J6: =ISNUMBER(#REF!) -> FALSE | K6: =ISNUMBER(#REF!) -> FALSE | L6: =ISNUMBER(#REF!) -> FALSE | M6: =ISNUMBER(C6) -> TRUE | N6: =ISNUMBER(#REF!) -> FALSE | O6: =ISNUMBER(#REF!) -> FALSE | P6: =ISNUMBER(#REF!) -> FALSE | Q6: =IF(M6=TRUE,"",1)
A7: =IF(B7="","",$A$4) -> 45300.99 | B7: 1E-DG2 | C7: =IFERROR(VLOOKUP($B7,_XM_XT_THUCTE,37,0),"") -> 0 | E7: =ISNUMBER(#REF!) -> FALSE | F7: =ISNUMBER(#REF!) -> FALSE | G7: =ISNUMBER(#REF!) -> FALSE | H7: =ISNUMBER(#REF!) -> FALSE | I7: =ISNUMBER(#REF!) -> FALSE | J7: =ISNUMBER(#REF!) -> FALSE | K7: =ISNUMBER(#REF!) -> FALSE | L7: =ISNUMBER(#REF!) -> FALSE | M7: =ISNUMBER(C7) -> TRUE | N7: =ISNUMBER(#REF!) -> FALSE | O7: =ISNUMBER(#REF!) -> FALSE | P7: =ISNUMBER(#REF!) -> FALSE | Q7: =IF(M7=TRUE,"",1)
A8: =IF(B8="","",$A$4) -> 45300.99 | B8: 1E-NAOH | C8: =IFERROR(VLOOKUP($B8,_XM_XT_THUCTE,37,0),"") -> 0 | E8: =ISNUMBER(#REF!) -> FALSE | F8: =ISNUMBER(#REF!) -> FALSE | G8: =ISNUMBER(#REF!) -> FALSE | H8: =ISNUMBER(#REF!) -> FALSE | I8: =ISNUMBER(#REF!) -> FALSE | J8: =ISNUMBER(#REF!) -> FALSE | K8: =ISNUMBER(#REF!) -> FALSE | L8: =ISNUMBER(#REF!) -> FALSE | M8: =ISNUMBER(C8) -> TRUE | N8: =ISNUMBER(#REF!) -> FALSE | O8: =ISNUMBER(#REF!) -> FALSE | P8: =ISNUMBER(#REF!) -> FALSE | Q8: =IF(M8=TRUE,"",1)
A9: =IF(B9="","",$A$4) -> 45300.99 | B9: 1E-ZN | C9: =IFERROR(VLOOKUP($B9,_XM_XT_THUCTE,37,0),"") -> 0 | E9: =ISNUMBER(#REF!) -> FALSE | F9: =ISNUMBER(#REF!) -> FALSE | G9: =ISNUMBER(#REF!) -> FALSE | H9: =ISNUMBER(#REF!) -> FALSE | I9: =ISNUMBER(#REF!) -> FALSE | J9: =ISNUMBER(#REF!) -> FALSE | K9: =ISNUMBER(#REF!) -> FALSE | L9: =ISNUMBER(#REF!) -> FALSE | M9: =ISNUMBER(C9) -> TRUE | N9: =ISNUMBER(#REF!) -> FALSE | O9: =ISNUMBER(#REF!) -> FALSE | P9: =ISNUMBER(#REF!) -> FALSE | Q9: =IF(M9=TRUE,"",1)
A10: =IF(B10="","",$A$4) -> 45300.99 | B10: 1E-CR3I | C10: =IFERROR(VLOOKUP($B10,_XM_XT_THUCTE,37,0),"") -> 0 | E10: =ISNUMBER(#REF!) -> FALSE | F10: =ISNUMBER(#REF!) -> FALSE | G10: =ISNUMBER(#REF!) -> FALSE | H10: =ISNUMBER(#REF!) -> FALSE | I10: =ISNUMBER(#REF!) -> FALSE | J10: =ISNUMBER(#REF!) -> FALSE | K10: =ISNUMBER(#REF!) -> FALSE | L10: =ISNUMBER(#REF!) -> FALSE | M10: =ISNUMBER(C10) -> TRUE | N10: =ISNUMBER(#REF!) -> FALSE | O10: =ISNUMBER(#REF!) -> FALSE | P10: =ISNUMBER(#REF!) -> FALSE | Q10: =IF(M10=TRUE,"",1)
A11: =IF(B11="","",$A$4) -> 45300.99 | B11: 1E-CR3IPH | C11: =IFERROR(VLOOKUP($B11,_XM_XT_THUCTE,37,0),"") -> 0 | E11: =ISNUMBER(#REF!) -> FALSE | F11: =ISNUMBER(#REF!) -> FALSE | G11: =ISNUMBER(#REF!) -> FALSE | H11: =ISNUMBER(#REF!) -> FALSE | I11: =ISNUMBER(#REF!) -> FALSE | J11: =ISNUMBER(#REF!) -> FALSE | K11: =ISNUMBER(#REF!) -> FALSE | L11: =ISNUMBER(#REF!) -> FALSE | M11: =ISNUMBER(C11) -> TRUE | N11: =ISNUMBER(#REF!) -> FALSE | O11: =ISNUMBER(#REF!) -> FALSE | P11: =ISNUMBER(#REF!) -> FALSE | Q11: =IF(M11=TRUE,"",1)
A12: =IF(B12="","",$A$4) -> 45300.99 | B12: 1E-HCL1 | C12: =IFERROR(VLOOKUP($B12,_XM_XT_THUCTE,37,0),"") -> 0 | E12: =ISNUMBER(#REF!) -> FALSE | F12: =ISNUMBER(#REF!) -> FALSE | G12: =ISNUMBER(#REF!) -> FALSE | H12: =ISNUMBER(#REF!) -> FALSE | I12: =ISNUMBER(#REF!) -> FALSE | J12: =ISNUMBER(#REF!) -> FALSE | K12: =ISNUMBER(#REF!) -> FALSE | L12: =ISNUMBER(#REF!) -> FALSE | M12: =ISNUMBER(C12) -> TRUE | N12: =ISNUMBER(#REF!) -> FALSE | O12: =ISNUMBER(#REF!) -> FALSE | P12: =ISNUMBER(#REF!) -> FALSE | Q12: =IF(M12=TRUE,"",1)
A13: =IF(B13="","",$A$4) -> 45300.99 | B13: 1E-HCL2 | C13: =IFERROR(VLOOKUP($B13,_XM_XT_THUCTE,37,0),"") -> 0 | E13: =ISNUMBER(#REF!) -> FALSE | F13: =ISNUMBER(#REF!) -> FALSE | G13: =ISNUMBER(#REF!) -> FALSE | H13: =ISNUMBER(#REF!) -> FALSE | I13: =ISNUMBER(#REF!) -> FALSE | J13: =ISNUMBER(#REF!) -> FALSE | K13: =ISNUMBER(#REF!) -> FALSE | L13: =ISNUMBER(#REF!) -> FALSE | M13: =ISNUMBER(C13) -> TRUE | N13: =ISNUMBER(#REF!) -> FALSE | O13: =ISNUMBER(#REF!) -> FALSE | P13: =ISNUMBER(#REF!) -> FALSE | Q13: =IF(M13=TRUE,"",1)
A14: =IF(B14="","",$A$4) -> 45300.99 | B14: 1E-HCL3 | C14: =IFERROR(VLOOKUP($B14,_XM_XT_THUCTE,37,0),"") -> 0 | E14: =ISNUMBER(#REF!) -> FALSE | F14: =ISNUMBER(#REF!) -> FALSE | G14: =ISNUMBER(#REF!) -> FALSE | H14: =ISNUMBER(#REF!) -> FALSE | I14: =ISNUMBER(#REF!) -> FALSE | J14: =ISNUMBER(#REF!) -> FALSE | K14: =ISNUMBER(#REF!) -> FALSE | L14: =ISNUMBER(#REF!) -> FALSE | M14: =ISNUMBER(C14) -> TRUE | N14: =ISNUMBER(#REF!) -> FALSE | O14: =ISNUMBER(#REF!) -> FALSE | P14: =ISNUMBER(#REF!) -> FALSE | Q14: =IF(M14=TRUE,"",1)
A15: =IF(B15="","",$A$4) -> 45300.99 | B15: 1E-HNO3 | C15: =IFERROR(VLOOKUP($B15,_XM_XT_THUCTE,37,0),"") -> 0 | E15: =ISNUMBER(#REF!) -> FALSE | F15: =ISNUMBER(#REF!) -> FALSE | G15: =ISNUMBER(#REF!) -> FALSE | H15: =ISNUMBER(#REF!) -> FALSE | I15: =ISNUMBER(#REF!) -> FALSE | J15: =ISNUMBER(#REF!) -> FALSE | K15: =ISNUMBER(#REF!) -> FALSE | L15: =ISNUMBER(#REF!) -> FALSE | M15: =ISNUMBER(C15) -> TRUE | N15: =ISNUMBER(#REF!) -> FALSE | O15: =ISNUMBER(#REF!) -> FALSE | P15: =ISNUMBER(#REF!) -> FALSE | Q15: =IF(M15=TRUE,"",1)
A16: =IF(B16="","",$A$4) -> 45300.99 | B16: 1E-MEM | C16: =IFERROR(VLOOKUP($B16,_XM_XT_THUCTE,37,0),"") -> 0 | E16: =ISNUMBER(#REF!) -> FALSE | F16: =ISNUMBER(#REF!) -> FALSE | G16: =ISNUMBER(#REF!) -> FALSE | H16: =ISNUMBER(#REF!) -> FALSE | I16: =ISNUMBER(#REF!) -> FALSE | J16: =ISNUMBER(#REF!) -> FALSE | K16: =ISNUMBER(#REF!) -> FALSE | L16: =ISNUMBER(#REF!) -> FALSE | M16: =ISNUMBER(C16) -> TRUE | N16: =ISNUMBER(#REF!) -> FALSE | O16: =ISNUMBER(#REF!) -> FALSE | P16: =ISNUMBER(#REF!) -> FALSE | Q16: =IF(M16=TRUE,"",1)
... A45: =IF(B45="","",$A$4) -> 45300.99 | B45: XT-MEM | C45: =IFERROR(VLOOKUP($B45,_XM_XT_THUCTE,37,0),"") -> 0 | E45: =ISNUMBER(#REF!) -> FALSE | F45: =ISNUMBER(#REF!) -> FALSE | G45: =ISNUMBER(#REF!) -> FALSE | H45: =ISNUMBER(#REF!) -> FALSE | I45: =ISNUMBER(#REF!) -> FALSE | J45: =ISNUMBER(#REF!) -> FALSE | K45: =ISNUMBER(#REF!) -> FALSE | L45: =ISNUMBER(#REF!) -> FALSE | M45: =ISNUMBER(C45) -> TRUE | N45: =ISNUMBER(#REF!) -> FALSE | O45: =ISNUMBER(#REF!) -> FALSE | P45: =ISNUMBER(#REF!) -> FALSE | Q45: =IF(M45=TRUE,"",1)

Sheet 7
A1: "BÁO CÁO KẾT QUẢ HÓA NGHIỆM HÀNG NGÀY 表面處理生產製程管控記錄表"
A2: NGAY | B2: Ma__Hang_muc | C2: Nong_Do_06 | E2: 1 | F2: bs | G2: 2 | H2: bs | I2: 3 | J2: bs | K2: 4 | L2: bs | M2: 5 | N2: bs | O2: 6 | P2: bs | Q2: 6
A3: Date | B3: Code | C3: 濃度 g/L_06
A4: 1/9/2024 4:00:00 AM | B4: 1F-XB1 | C4: 72.688 | E4: FALSE | F4: FALSE | G4: FALSE | H4: FALSE | I4: FALSE | J4: FALSE | K4: FALSE | L4: FALSE | M4: FALSE | N4: FALSE | O4: TRUE | P4: FALSE
A5: 1/9/2024 4:00:00 AM | B5: 1F-XB2 | C5: 71.39 | E5: FALSE | F5: FALSE | G5: FALSE | H5: FALSE | I5: FALSE | J5: FALSE | K5: FALSE | L5: FALSE | M5: FALSE | N5: FALSE | O5: TRUE | P5: FALSE
A6: 1/9/2024 4:00:00 AM | B6: 1F-DG1 | C6: 60.522 | E6: FALSE | F6: FALSE | G6: FALSE | H6: FALSE | I6: FALSE | J6: FALSE | K6: FALSE | L6: FALSE | M6: FALSE | N6: FALSE | O6: TRUE | P6: FALSE
A7: 1/9/2024 4:00:00 AM | B7: 1F-DG2 | C7: 58.674 | E7: FALSE | F7: FALSE | G7: FALSE | H7: FALSE | I7: FALSE | J7: FALSE | K7: FALSE | L7: FALSE | M7: FALSE | N7: FALSE | O7: TRUE | P7: FALSE
A8: 1/9/2024 4:00:00 AM | B8: 1F-NAOH | C8: 146.4 | E8: FALSE | F8: FALSE | G8: FALSE | H8: FALSE | I8: FALSE | J8: FALSE | K8: FALSE | L8: FALSE | M8: FALSE | N8: FALSE | O8: TRUE | P8: FALSE
A9: 1/9/2024 4:00:00 AM | B9: 1F-ZN | C9: 10.92 | E9: FALSE | F9: FALSE | G9: FALSE | H9: FALSE | I9: FALSE | J9: FALSE | K9: FALSE | L9: FALSE | M9: FALSE | N9: FALSE | O9: TRUE | P9: FALSE
A10: 1/9/2024 4:00:00 AM | B10: 1F-CR3I | C10: 7.51264 | E10: FALSE | F10: FALSE | G10: FALSE | H10: FALSE | I10: FALSE | J10: FALSE | K10: FALSE | L10: FALSE | M10: FALSE | N10: FALSE | O10: TRUE | P10: FALSE
A11: 1/9/2024 4:00:00 AM | B11: 1F-CR3IPH | C11: 2.2 | E11: FALSE | F11: FALSE | G11: FALSE | H11: FALSE | I11: FALSE | J11: FALSE | K11: FALSE | L11: FALSE | M11: FALSE | N11: FALSE | O11: TRUE | P11: FALSE
A12: 1/9/2024 4:00:00 AM | B12: 1F-HCL1 | C12: 0.4334375 | E12: FALSE | F12: FALSE | G12: FALSE | H12: FALSE | I12: FALSE | J12: FALSE | K12: FALSE | L12: FALSE | M12: FALSE | N12: FALSE | O12: TRUE | P12: FALSE
A13: 1/9/2024 4:00:00 AM | B13: 1F-MEM | C13: 115 | E13: FALSE | F13: FALSE | G13: FALSE | H13: FALSE | I13: FALSE | J13: FALSE | K13: FALSE | L13: FALSE | M13: FALSE | N13: FALSE | O13: TRUE | P13: FALSE
A14: 1/9/2024 4:00:00 AM | B14: 1F-BONG | C14: 40 | E14: FALSE | F14: FALSE | G14: FALSE | H14: FALSE | I14: FALSE | J14: FALSE | K14: FALSE | L14: FALSE | M14: FALSE | N14: FALSE | O14: TRUE | P14: FALSE
A15: 1/9/2024 4:00:00 AM | B15: XT-XB1 | C15: 51.92 | E15: FALSE | F15: FALSE | G15: FALSE | H15: FALSE | I15: FALSE | J15: FALSE | K15: FALSE | L15: FALSE | M15: FALSE | N15: FALSE | O15: TRUE | P15: FALSE
... A35: 1/9/2024 4:00:00 AM | B35: RLF-XBPH | C35: 10 | E35: FALSE | F35: FALSE | G35: FALSE | H35: FALSE | I35: FALSE | J35: FALSE | K35: FALSE | L35: FALSE | M35: FALSE | N35: FALSE | O35: TRUE | P35: FALSE

Sheet 8
A1: "BÁO CÁO KẾT QUẢ HÓA NGHIỆM HÀNG NGÀY 表面處理生產製程管控記錄表"
A2: NGAY | B2: Ma__Hang_muc | C2: Nong_Do_06 | E2: 1 | F2: bs | G2: 2 | H2: bs | I2: 3 | J2: bs | K2: 4 | L2: bs | M2: 5 | N2: bs | O2: 6 | P2: bs | Q2: 6
A3: Date | B3: Code | C3: 濃度 g/L_06
A4: 1/9/2024 6:00:00 AM | B4: RLF-KD | C4: 37 | E4: FALSE | F4: FALSE | G4: FALSE | H4: FALSE | I4: FALSE | J4: FALSE | K4: FALSE | L4: FALSE | M4: FALSE | N4: FALSE | O4: TRUE | P4: FALSE
A5: 1/9/2024 6:00:00 AM | B5: RLF-HCL1 | C5: 10.585 | E5: FALSE | F5: FALSE | G5: FALSE | H5: FALSE | I5: FALSE | J5: FALSE | K5: FALSE | L5: FALSE | M5: FALSE | N5: FALSE | O5: TRUE | P5: FALSE
A6: 1/9/2024 6:00:00 AM | B6: RLF-PP1TA | C6: 45 | E6: FALSE | F6: FALSE | G6: FALSE | H6: FALSE | I6: FALSE | J6: FALSE | K6: FALSE | L6: FALSE | M6: FALSE | N6: FALSE | O6: TRUE | P6: FALSE
A7: 1/9/2024 6:00:00 AM | B7: RLF-PP1AX | C7: 8.490566 | E7: FALSE | F7: FALSE | G7: FALSE | H7: FALSE | I7: FALSE | J7: FALSE | K7: FALSE | L7: FALSE | M7: FALSE | N7: FALSE | O7: TRUE | P7: FALSE
A8: 1/9/2024 6:00:00 AM | B8: RLF-PP1PL | C8: 0.64 | E8: FALSE | F8: FALSE | G8: FALSE | H8: FALSE | I8: FALSE | J8: FALSE | K8: FALSE | L8: FALSE | M8: FALSE | N8: FALSE | O8: TRUE | P8: FALSE
A9: 1/9/2024 6:00:00 AM | B9: RLF-XB | C9: 0.9 | E9: FALSE | F9: FALSE | G9: FALSE | H9: FALSE | I9: FALSE | J9: FALSE | K9: FALSE | L9: FALSE | M9: FALSE | N9: FALSE | O9: TRUE | P9: FALSE
A10: 1/9/2024 6:00:00 AM | B10: RLF-XBPH | C10: 9 | E10: FALSE | F10: FALSE | G10: FALSE | H10: FALSE | I10: FALSE | J10: FALSE | K10: FALSE | L10: FALSE | M10: FALSE | N10: FALSE | O10: TRUE | P10: FALSE

Sheet MENU
B3: XI MẠ, XI TREO | J3: RỬA LIỆU, MÀNG LOA, XI ĐEN | R3: KHÁC | V3: IMPORT | AA3: khoảng thời gian Import | AE3: L.Yen | AF3: Trang
AE4: Trang | AF4: L.Yen
B6: XM.HN | F6: XM.GUI MAIL | J6: ED-XI DEN | N6: R.GUI MAIL | R6: IT.NONG DO | V6: 1 | Y6: =AD9+TIME(9,45,0) -> 45300.406 | AA6: 9:15-9:45 | AD6: CA 1 | AE6: Trang
AD7: CA 2 | AE7: L.Yen
B9: XM.FILE GOC | F9: 1. XL-1E TT(CA1) | J9: R.HN | N9: RL-LINE | R9: IT.NHIET DO | V9: 2 | Y9: =AD9+TIME(11,45,0) -> 45300.49 | AA9: 11:15-11:45 | AC9: Thứ 3, | AD9: 2024/01/09 | AF9: đánh Thứ, 'năm/tháng/ngày vào ô bên
B12: 1. XL-1E kh | F12: 1. XL-1E TT(CA2) | J12: R.FILE GOC | N12: 1.xi den TT | R12: GHI CHU | V12: 3 | Y12: =AD9+TIME(16,30,0) -> 45300.688 | AA12: 16:00-16:30 | AD12: ACID Đ.VAO
B15: 2. XL-1F kh | F15: 2. XL-1F TT(CA1) | J15: 1.xi den | N15: 2.RL E tt | R15: PP HÓA NGHIỆM FILE WORD | V15: 4 | Y15: =AD9+TIME(18,0,0) -> 45300.75 | AA15: 17:30-18:00 | AD15: THỜI GIAN GỬI BC LÊN LINE
B18: 3.XT-C kh.mau JASCO | F18: 2. XL-1F TT(CA2) | J18: 2.RL E | N18: 3.RL G tt | R18: QC- E | V18: 5 | Y18: =AD9+TIME(21,45,0) -> 45300.906 | AA18: 21:15-21:45 | AD18: CA 1: | AE18: ĐỢT 1 | AF18: ĐỢT 2 | AG18: ĐỢT 3
AD19: RL | AE19: 0.38541667 | AF19: 0.60416667 | AG19: 0.72916667
AD20: ML | AE20: 0.39583333
B21: 3.XT-C kh.mau HALO | F21: 3.XT-C TT(CA1) | J21: 3.RL G | N21: 4.RL F tt | R21: QC-1F | V21: 6 | Y21: =AD9+TIME(23,45,0) -> 45300.99 | AA21: 23:15-23:45 | AD21: XL | AE21: 0.39583333 | AF21: 0.47569444 | AG21: 0.66666667
AD22: XT | AE22: 0.40277778 | AF22: 0.47569444 | AG22: 0.66666667
AD23: XĐ | AE23: 0.41666667 | AF23: 0.61458333 | AG23: 0.75
B24: 4.Zn Ni.kh | F24: 3.XT-C TT(CA2) | J24: 4.RL F | N24: 5.ML tt | R24: QC- XT | V24: 7 | Y24: =AD9+TIME(4,0,0) -> 45300.167 | AA24: 3:30-4:00 | AD24: HUCELL | AE24: 0.4375 | AG24: 0.6875
AD26: CA 2: | AE26: ĐỢT 1 | AF26: ĐỢT 2 | AG26: ĐỢT 3
B27: XM.chart | F27: 4.ZN-NI tt(CA1) | J27: 5.ML | N27: RL.chart1 | R27: QC-RL | V27: 8 | Y27: =AD9+TIME(6,0,0) -> 45300.25 | AA27: 5:30-6:00 | AD27: RL | AE27: 0.88541667 | AF27: 0.10416667 | AG27: 0.22916667
AD28: ML | AE28: 0.9375
AD29: XL | AE29: 0.91666667 | AG29: 0.1875
F30: 4.ZN-NI tt(CA2) | J30: RL.chart | N30: RL.chart1 | R30: QC-XĐ | AA30: tg import | AD30: XT | AE30: 0.91666667 | AG30: 0.1875
AD31: HUCELL | AE31: 0.95833333 | AG31: 0.20833333
F33: BS-XT | R33: QC-ML
F36: XM.chart 1 | R36: QC-NI
R39: PT TAP CHAT
R41: thời gian pha mới bồn màu
U43: 1E | Z43: 1F | AE43: XT
R44: I | U44: Pha mới: 2024/01/02 | Z44: Pha mới: 2024/01/07 | AE44: Pha mới: 2023/12/08
R45: K | U45: Pha mới: 2024/01/02 | Z45: Pha mới: 2023/12/24 | AE45: Pha mới: 2023/12/02
R46: MÀU NI | U46: \ | Z46: \ | AE46: Cr2O3 三價鉻Ni- PH Pha mới: 2023/02/07

Sheet XM.HN
A1: =MENU!AD9 -> 2024/01/09
A2: XL-001E | B2: 07:15 | C2: 11:15 | D2: 15:15 | E2: 19:15 | F2: 23:15 | G2: 03:15 | H2: TIEU CHUAN | J2: 07:15 | K2: 11:15 | L2: 15:15 | M2: 19:15 | N2: 23:15 | O2: 03:15 | P2: NCC | R2: Quy đổi nồng độ acid HCl 32% đậm đặc từ %V/V sang nồng độ %
A3: Xà bông (1)脫脂 | H3: ='XM.GUI MAIL'!$E$6 -> 20~40 | I3: ='XM.GUI MAIL'!$F$6 -> (30±5) | J3: ='XM.GUI MAIL'!I6 -> 0 | K3: ='XM.GUI MAIL'!P6 -> 0 | L3: ='XM.GUI MAIL'!W6 -> 0 | M3: ='XM.GUI MAIL'!AD6 -> 0 | N3: ='XM.GUI MAIL'!AK6 -> 0 | O3: ='XM.GUI MAIL'!AR6 -> 0 | P3: JASCO
H4: 按NaOH添加數據添加 | J4: ='XM.GUI MAIL'!I7 -> 0 | K4: ='XM.GUI MAIL'!P7 -> 0 | L4: ='XM.GUI MAIL'!W7 -> 0 | M4: ='XM.GUI MAIL'!AD7 -> 0 | N4: ='XM.GUI MAIL'!AK7 -> 0 | O4: ='XM.GUI MAIL'!AR7 -> 0
H5: 按NaOH添加數據添加 | J5: ='XM.GUI MAIL'!I8 -> 0 | K5: ='XM.GUI MAIL'!P8 -> 0 | L5: ='XM.GUI MAIL'!W8 -> 0 | M5: ='XM.GUI MAIL'!AD8 -> 0 | N5: ='XM.GUI MAIL'!AK8 -> 0 | O5: ='XM.GUI MAIL'!AR8 -> 0
A6: Xà bông (2)脫脂 | H6: ='XM.GUI MAIL'!$E$9 -> 20~40 | I6: ='XM.GUI MAIL'!$F$9 -> (30±5) | J6: ='XM.GUI MAIL'!I9 -> 0 | K6: ='XM.GUI MAIL'!P9 -> 0 | L6: ='XM.GUI MAIL'!W9 -> 0 | M6: ='XM.GUI MAIL'!AD9 -> 0 | N6: ='XM.GUI MAIL'!AK9 -> 0 | O6: ='XM.GUI MAIL'!AR9 -> 0 | P6: JASCO | R6: 15%V/V | T6: 100%V/V
H7: 按NaOH添加數據添加 | J7: ='XM.GUI MAIL'!I10 -> 0 | K7: ='XM.GUI MAIL'!P10 -> 0 | L7: ='XM.GUI MAIL'!W10 -> 0 | M7: ='XM.GUI MAIL'!AD10 -> 0 | N7: ='XM.GUI MAIL'!AK10 -> 0 | O7: ='XM.GUI MAIL'!AR10 -> 0
H8: 按NaOH添加數據添加 | J8: ='XM.GUI MAIL'!I11 -> 0 | K8: ='XM.GUI MAIL'!P11 -> 0 | L8: ='XM.GUI MAIL'!W11 -> 0 | M8: ='XM.GUI MAIL'!AD11 -> 0 | N8: ='XM.GUI MAIL'!AK11 -> 0 | O8: ='XM.GUI MAIL'!AR11 -> 0
A9: điện giải(1)+電解 | H9: ='XM.GUI MAIL'!$E$12 -> 60~80 | I9: ='XM.GUI MAIL'!$F$12 -> (70±10) | J9: ='XM.GUI MAIL'!I12 -> 0 | K9: ='XM.GUI MAIL'!P12 -> 0 | L9: ='XM.GUI MAIL'!W12 -> 0 | M9: ='XM.GUI MAIL'!AD12 -> 0 | N9: ='XM.GUI MAIL'!AK12 -> 0 | O9: ='XM.GUI MAIL'!AR12 -> 0 | P9: JASCO | R9: 0.048 | T9: 0.32
H10: 按NaOH添加數據添加 | J10: ='XM.GUI MAIL'!I13 -> 0 | K10: ='XM.GUI MAIL'!P13 -> 0 | L10: ='XM.GUI MAIL'!W13 -> 0 | M10: ='XM.GUI MAIL'!AD13 -> 0 | N10: ='XM.GUI MAIL'!AK13 -> 0 | O10: ='XM.GUI MAIL'!AR13 -> 0
A11: điện giải (2)+電解 | H11: ='XM.GUI MAIL'!$E$14 -> 60~80 | I11: ='XM.GUI MAIL'!$F$14 -> (70±10) | J11: ='XM.GUI MAIL'!I14 -> 0 | K11: ='XM.GUI MAIL'!P14 -> 0 | L11: ='XM.GUI MAIL'!W14 -> 0 | M11: ='XM.GUI MAIL'!AD14 -> 0 | N11: ='XM.GUI MAIL'!AK14 -> 0 | O11: ='XM.GUI MAIL'!AR14 -> 0 | P11: JASCO
H12: 按NaOH添加數據添加 | J12: ='XM.GUI MAIL'!I15 -> 0 | K12: ='XM.GUI MAIL'!P15 -> 0 | L12: ='XM.GUI MAIL'!W15 -> 0 | M12: ='XM.GUI MAIL'!AD15 -> 0 | N12: ='XM.GUI MAIL'!AK15 -> 0 | O12: ='XM.GUI MAIL'!AR15 -> 0
A13: NaOH氫氧化鈉 | H13: ='XM.GUI MAIL'!$E$16 -> 130 - 150 | I13: ='XM.GUI MAIL'!$F$16 -> (140±7) | J13: ='XM.GUI MAIL'!I16 -> 0 | K13: ='XM.GUI MAIL'!P16 -> 0 | L13: ='XM.GUI MAIL'!W16 -> 0 | M13: ='XM.GUI MAIL'!AD16 -> 0 | N13: ='XM.GUI MAIL'!AK16 -> 0 | O13: ='XM.GUI MAIL'!AR16 -> 0 | P13: JASCO | R13: 30%V/V | T13: 100%V/V
A14: Zn鋅 | H14: ='XM.GUI MAIL'!$E$17 -> 8~12 | I14: ='XM.GUI MAIL'!$F$17 -> (10±2) | J14: ='XM.GUI MAIL'!I17 -> 0 | K14: ='XM.GUI MAIL'!P17 -> 0 | L14: ='XM.GUI MAIL'!W17 -> 0 | M14: ='XM.GUI MAIL'!AD17 -> 0 | N14: ='XM.GUI MAIL'!AK17 -> 0 | O14: ='XM.GUI MAIL'!AR17 -> 0 | P14: JASCO | R14: 0.096 | T14: 0.32
A15: Cr3+鈍化劑 (I) | H15: ='XM.GUI MAIL'!$E$18 -> 12~18 | I15: ='XM.GUI MAIL'!$F$18 -> (14±2) | J15: ='XM.GUI MAIL'!I18 -> 0 | K15: ='XM.GUI MAIL'!P18 -> 0 | L15: ='XM.GUI MAIL'!W18 -> 0 | M15: ='XM.GUI MAIL'!AD18 -> 0 | N15: ='XM.GUI MAIL'!AK18 -> 0 | O15: ='XM.GUI MAIL'!AR18 -> 0 | P15: JASCO
H16: ='XM.GUI MAIL'!$E$19 -> 1.6~2.2 | I16: ='XM.GUI MAIL'!$F$19 -> (2±0.2 ) | J16: ='XM.GUI MAIL'!I19 -> 0 | K16: ='XM.GUI MAIL'!P19 -> 0 | L16: ='XM.GUI MAIL'!W19 -> 0 | M16: ='XM.GUI MAIL'!AD19 -> 0 | N16: ='XM.GUI MAIL'!AK19 -> 0 | O16: ='XM.GUI MAIL'!AR19 -> 0
A17: HCl Đặc 濃酸洗 | H17: ='XM.GUI MAIL'!$E$20 -> 40~50 | I17: ='XM.GUI MAIL'!$F$20 -> (45±5) | J17: ='XM.GUI MAIL'!I20 -> 0 | K17: ='XM.GUI MAIL'!P20 -> 0 | L17: ='XM.GUI MAIL'!W20 -> 0 | M17: ='XM.GUI MAIL'!AD20 -> 0 | N17: ='XM.GUI MAIL'!AK20 -> 0 | O17: ='XM.GUI MAIL'!AR20 -> 0 | R17: 60%V/V | T17: 100%V/V
A18: HCl Loãng弱酸洗 | H18: ='XM.GUI MAIL'!$E$21 -> (22±5) =17~27 | I18: ='XM.GUI MAIL'!$F$21 -> (22±5) | J18: ='XM.GUI MAIL'!I21 -> 0 | K18: ='XM.GUI MAIL'!P21 -> 0 | L18: ='XM.GUI MAIL'!W21 -> 0 | M18: ='XM.GUI MAIL'!AD21 -> 0 | N18: ='XM.GUI MAIL'!AK21 -> 0 | O18: ='XM.GUI MAIL'!AR21 -> 0 | R18: 0.192 | T18: 0.32
A19: HCl hoat hoa | H19: ='XM.GUI MAIL'!$E$22 -> 5~15 | I19: ='XM.GUI MAIL'!$F$22 -> (30±4) | J19: ='XM.GUI MAIL'!I22 -> 0 | K19: ='XM.GUI MAIL'!P22 -> 0 | L19: ='XM.GUI MAIL'!W22 -> 0 | M19: ='XM.GUI MAIL'!AD22 -> 0 | N19: ='XM.GUI MAIL'!AK22 -> 0 | O19: ='XM.GUI MAIL'!AR22 -> 0
A20: HNO3 硝酸中和 | H20: ='XM.GUI MAIL'!$E$23 -> 0.5~1.5 | I20: ='XM.GUI MAIL'!$F$23 -> (1±0.4) | J20: ='XM.GUI MAIL'!I23 -> 0 | K20: ='XM.GUI MAIL'!P23 -> 0 | L20: ='XM.GUI MAIL'!W23 -> 0 | M20: ='XM.GUI MAIL'!AD23 -> 0 | N20: ='XM.GUI MAIL'!AK23 -> 0 | O20: ='XM.GUI MAIL'!AR23 -> 0
A21: Cr3+鈍化劑 (K) | H21: ='XM.GUI MAIL'!$E$24 -> 5~10 | I21: ='XM.GUI MAIL'!$F$24 -> (7.5±1) | J21: ='XM.GUI MAIL'!I24 | K21: ='XM.GUI MAIL'!P24 | L21: ='XM.GUI MAIL'!W24 | M21: ='XM.GUI MAIL'!AD24 | N21: ='XM.GUI MAIL'!AK24 | O21: ='XM.GUI MAIL'!AR24 | P21: JASCO
A22: Cr3+鈍化劑 (K) PH | H22: ='XM.GUI MAIL'!$E$25 -> 1.8~2.2 | I22: ='XM.GUI MAIL'!$F$25 -> (2±0.1) | J22: ='XM.GUI MAIL'!I25 -> 0 | K22: ='XM.GUI MAIL'!P25 -> 0 | L22: ='XM.GUI MAIL'!W25 -> 0 | M22: ='XM.GUI MAIL'!AD25 -> 0 | N22: ='XM.GUI MAIL'!AK25 -> 0 | O22: ='XM.GUI MAIL'!AR25 -> 0 | P22: JASCO
A23: Cr3+鈍化劑 (I) PH | H23: 1.6~2.1 | I23: (1.8±0.1) | J23: =B23 -> 0 | K23: =C23 -> 0 | L23: =D23 -> 0 | M23: =E23 -> 0 | N23: =F23 -> 0 | O23: =G23 -> 0 | P23: JASCO
A25: XL-001F | B25: 07:15 | C25: 11:15 | D25: 15:15 | E25: 19:15 | F25: 23:15 | G25: 03:15 | H25: TIEU CHUAN | J25: 07:15 | K25: 11:15 | L25: 15:15 | M25: 19:15 | N25: 23:15 | O25: 03:15 | P25: NCC
A26: Xà bông (1)脫脂 | B26: 10.8 | C26: 10.9 | D26: 11.4 | E26: 11.5 | G26: 11.2 | H26: ='XM.GUI MAIL'!$E$43 -> 60~80 | I26: ='XM.GUI MAIL'!$F$43 -> (70±5) | J26: ='XM.GUI MAIL'!I43 -> 70.092 | K26: ='XM.GUI MAIL'!P43 -> 70.741 | L26: ='XM.GUI MAIL'!W43 -> 73.986 | M26: ='XM.GUI MAIL'!AD43 -> 74.635 | N26: ='XM.GUI MAIL'!AK43 -> 0 | O26: ='XM.GUI MAIL'!AR43 -> 72.688 | P26: HALO
H27: CT-21A: 25kg/CT-21B: 5-10Lit | J27: ='XM.GUI MAIL'!I44 -> 0 | K27: ='XM.GUI MAIL'!P44 -> 0 | L27: ='XM.GUI MAIL'!W44 -> 0 | M27: ='XM.GUI MAIL'!AD44 -> 0 | N27: ='XM.GUI MAIL'!AK44 -> 0 | O27: ='XM.GUI MAIL'!AR44 -> 0
A28: Xà bông (2)脫脂 | B28: 11.45 | C28: 11.4 | D28: 11.1 | E28: 11 | G28: 11 | H28: ='XM.GUI MAIL'!$E$45 -> 60~80 | I28: ='XM.GUI MAIL'!$F$45 -> (70±5) | J28: ='XM.GUI MAIL'!I45 -> 74.3105 | K28: ='XM.GUI MAIL'!P45 -> 73.986 | L28: ='XM.GUI MAIL'!W45 -> 72.039 | M28: ='XM.GUI MAIL'!AD45 -> 71.39 | N28: ='XM.GUI MAIL'!AK45 -> 0 | O28: ='XM.GUI MAIL'!AR45 -> 71.39 | P28: HALO | R28: Quy đổi nồng độ acid HCl 32% sang nồng độ g/l
H29: CT-21A: 25kg/CT-21B: 5-10Lit | J29: ='XM.GUI MAIL'!I46 -> 0 | K29: ='XM.GUI MAIL'!P46 -> 0 | L29: ='XM.GUI MAIL'!W46 -> 0 | M29: ='XM.GUI MAIL'!AD46 -> 0 | N29: ='XM.GUI MAIL'!AK46 -> 0 | O29: ='XM.GUI MAIL'!AR46 -> 0
A30: điện giải(1)+電解 | B30: 12.25 | C30: 12.2 | D30: 13.25 | E30: 13.6 | G30: 13.1 | H30: ='XM.GUI MAIL'!$E$47 -> 50~70 | I30: ='XM.GUI MAIL'!$F$47 -> (60±10) | J30: ='XM.GUI MAIL'!I47 -> 56.595 | K30: ='XM.GUI MAIL'!P47 -> 56.364 | L30: ='XM.GUI MAIL'!W47 -> 61.215 | M30: ='XM.GUI MAIL'!AD47 -> 62.832 | N30: ='XM.GUI MAIL'!AK47 -> 0 | O30: ='XM.GUI MAIL'!AR47 -> 60.522 | P30: HALO
H31: EC-508A: 25kg/EC-508B:4-10Lit | J31: ='XM.GUI MAIL'!I48 -> 0 | K31: ='XM.GUI MAIL'!P48 -> 0 | L31: ='XM.GUI MAIL'!W48 -> 0 | M31: ='XM.GUI MAIL'!AD48 -> 0 | N31: ='XM.GUI MAIL'!AK48 -> 0 | O31: ='XM.GUI MAIL'!AR48 -> 0
A32: điện giải (2)+電解 | B32: 12.3 | C32: 12.6 | D32: 13.9 | E32: 13.4 | G32: 12.7 | H32: ='XM.GUI MAIL'!$E$49 -> 50~70 | I32: ='XM.GUI MAIL'!$F$49 -> (60±10) | J32: ='XM.GUI MAIL'!I49 -> 56.826 | K32: ='XM.GUI MAIL'!P49 -> 58.212 | L32: ='XM.GUI MAIL'!W49 -> 64.218 | M32: ='XM.GUI MAIL'!AD49 -> 61.908 | N32: ='XM.GUI MAIL'!AK49 -> 0 | O32: ='XM.GUI MAIL'!AR49 -> 58.674 | P32: HALO
H33: EC-508A: 25kg/EC-508B:4-10Lit | J33: ='XM.GUI MAIL'!I50 -> 0 | K33: ='XM.GUI MAIL'!P50 -> 0 | L33: ='XM.GUI MAIL'!W50 -> 0 | M33: ='XM.GUI MAIL'!AD50 -> 0 | N33: ='XM.GUI MAIL'!AK50 -> 0 | O33: ='XM.GUI MAIL'!AR50 -> 0
A34: NaOH氫氧化鈉 | B34: 18.05 | C34: 18.2 | D34: 18.2 | E34: 18.2 | G34: 18.3 | H34: ='XM.GUI MAIL'!$E$51 -> 130 - 150 | I34: ='XM.GUI MAIL'!$F$51 -> (140±7) | J34: ='XM.GUI MAIL'!I51 -> 144.4 | K34: ='XM.GUI MAIL'!P51 -> 145.6 | L34: ='XM.GUI MAIL'!W51 -> 145.6 | M34: ='XM.GUI MAIL'!AD51 -> 145.6 | N34: ='XM.GUI MAIL'!AK51 -> 0 | O34: ='XM.GUI MAIL'!AR51 -> 146.4 | P34: HALO | R34: %*1.162= (g/l)
A35: Zn鋅 | B35: 8.9 | C35: 8.6 | D35: 8.6 | E35: 8.6 | G35: 8.4 | H35: ='XM.GUI MAIL'!$E$52 -> 8~12 | I35: ='XM.GUI MAIL'!$F$52 -> (10±2) | J35: ='XM.GUI MAIL'!I52 -> 11.57 | K35: ='XM.GUI MAIL'!P52 -> 11.18 | L35: ='XM.GUI MAIL'!W52 -> 11.18 | M35: ='XM.GUI MAIL'!AD52 -> 11.18 | N35: ='XM.GUI MAIL'!AK52 -> 0 | O35: ='XM.GUI MAIL'!AR52 -> 10.92 | P35: HALO
A36: Cr3+鈍化劑 (I) halo | B36: 18.9 | C36: 19 | D36: 18.2 | E36: 18.8 | G36: 20.2 | H36: ='XM.GUI MAIL'!$E$53 -> 6~10 | I36: ='XM.GUI MAIL'!$F$53 -> (7±1) | J36: ='XM.GUI MAIL'!I53 -> 6.96183 | K36: ='XM.GUI MAIL'!P53 -> 7.0042 | L36: ='XM.GUI MAIL'!W53 -> 6.66524 | M36: ='XM.GUI MAIL'!AD53 -> 6.91946 | N36: ='XM.GUI MAIL'!AK53 -> -1.0461 | O36: ='XM.GUI MAIL'!AR53 -> 7.51264 | P36: HALO | R36: vd:
H37: ='XM.GUI MAIL'!$E$54 -> 2~2.5 | I37: ='XM.GUI MAIL'!$F$54 -> (2.3±0.1 ) | J37: ='XM.GUI MAIL'!I54 -> 2.5 | K37: ='XM.GUI MAIL'!P54 -> 2.3 | L37: ='XM.GUI MAIL'!W54 -> 2.3 | M37: ='XM.GUI MAIL'!AD54 -> 2.2 | N37: ='XM.GUI MAIL'!AK54 -> 0 | O37: ='XM.GUI MAIL'!AR54 -> 2.2
A38: HCl Đặc 濃酸洗 | B38: 3.8 | C38: 4 | D38: 4.15 | E38: 4 | G38: 3.8 | H38: ='XM.GUI MAIL'!$E$55 -> 40~50 | I38: ='XM.GUI MAIL'!$F$55 -> (45±5) | J38: ='XM.GUI MAIL'!I55 -> 0.4334375 | K38: ='XM.GUI MAIL'!P55 -> 0.45625 | L38: ='XM.GUI MAIL'!W55 -> 0.47335938 | M38: ='XM.GUI MAIL'!AD55 -> 0.45625 | N38: ='XM.GUI MAIL'!AK55 -> 0 | O38: ='XM.GUI MAIL'!AR55 -> 0.4334375 | R38: =5*1.162 -> 5.81 | S38: (g/l)
A39: HCl Loãng弱酸洗 | H39: ='XM.GUI MAIL'!$E$56 -> (22±5) =17~27 | I39: ='XM.GUI MAIL'!$F$56 -> (22±5) | J39: ='XM.GUI MAIL'!I56 -> 0 | K39: ='XM.GUI MAIL'!P56 -> 0 | L39: ='XM.GUI MAIL'!W56 -> 0 | M39: ='XM.GUI MAIL'!AD56 -> 0 | N39: ='XM.GUI MAIL'!AK56 -> 0 | O39: ='XM.GUI MAIL'!AR56 -> 0 | R39: =R38*1000 -> 5810 | S39: (g/ml)
A40: HCl hoat hoa | H40: ='XM.GUI MAIL'!$E$57 -> 5~15 | I40: ='XM.GUI MAIL'!$F$57 -> (10±3) | J40: ='XM.GUI MAIL'!I57 -> 0 | K40: ='XM.GUI MAIL'!P57 -> 0 | L40: ='XM.GUI MAIL'!W57 -> 0 | M40: ='XM.GUI MAIL'!AD57 -> 0 | N40: ='XM.GUI MAIL'!AK57 -> 0 | O40: ='XM.GUI MAIL'!AR57 -> 0
A41: HNO3 硝酸中和 | B41: 9.4 | C41: 8.4 | D41: 8.2 | E41: 9.8 | G41: 7.5 | H41: ='XM.GUI MAIL'!$E$58 -> 0.5~1.5 | I41: ='XM.GUI MAIL'!$F$58 -> (1±0.4) | J41: ='XM.GUI MAIL'!I58 -> 0.011844 | K41: ='XM.GUI MAIL'!P58 -> 0.010584 | L41: ='XM.GUI MAIL'!W58 -> 0.010332 | M41: ='XM.GUI MAIL'!AD58 -> 0.012348 | N41: ='XM.GUI MAIL'!AK58 -> 0 | O41: ='XM.GUI MAIL'!AR58 -> 0.00945
A42: Cr3+鈍化劑 (K) | B42: 5.9 | H42: ='XM.GUI MAIL'!$E$59 -> 5~8 | I42: ='XM.GUI MAIL'!$F$59 -> (6±0.5) | J42: ='XM.GUI MAIL'!I59 -> 6.12 | K42: ='XM.GUI MAIL'!P59 -> KO SX | L42: ='XM.GUI MAIL'!W59 -> KO SX | M42: ='XM.GUI MAIL'!AD59 -> KO SX | N42: ='XM.GUI MAIL'!AK59 | O42: ='XM.GUI MAIL'!AR59 -> KO SX | P42: HALO
A43: Cr3+鈍化劑 (K) PH | B43: 2.2 | H43: ='XM.GUI MAIL'!$E$60 -> 1.8~2.4 | I43: ='XM.GUI MAIL'!$F$60 -> (2.1±0.1 ) | J43: ='XM.GUI MAIL'!I60 -> 2.2 | K43: ='XM.GUI MAIL'!P60 -> KO SX | L43: ='XM.GUI MAIL'!W60 -> KO SX | M43: ='XM.GUI MAIL'!AD60 -> KO SX | N43: ='XM.GUI MAIL'!AK60 -> 0 | O43: ='XM.GUI MAIL'!AR60 -> KO SX | P43: HALO
A44: Cr3+鈍化劑 (I) PH (HALO) | B44: 2.5 | C44: 2.3 | D44: 2.3 | E44: 2.2 | G44: 2.2 | H44: ='XM.FILE GOC'!E54 -> 2~2.5 | I44: ='XM.FILE GOC'!F54 -> (2.3±0.1 ) | J44: =B44 -> 2.5 | K44: =C44 -> 2.3 | L44: =D44 -> 2.3 | M44: =E44 -> 2.2 | N44: =F44 -> 0 | O44: =G44 -> 2.2 | P44: HALO
A46: XT-000C | B46: 07:15 | C46: 11:15 | D46: 15:15 | E46: 19:15 | F46: 23:15 | G46: 03:15 | H46: TIEU CHUAN | J46: 07:15 | K46: 11:15 | L46: 15:15 | M46: 19:15 | N46: 23:15 | O46: 03:15 | P46: NCC
A47: Xà bông (1)脫脂 | B47: 8.1 | C47: 8 | D47: 7.95 | E47: 8 | G47: 8 | H47: ='XM.GUI MAIL'!$E$78 -> 40~60 | I47: ='XM.GUI MAIL'!$F$78 -> (50±5) | J47: ='XM.GUI MAIL'!I78 -> 52.569 | K47: ='XM.GUI MAIL'!P78 -> 51.92 | L47: ='XM.GUI MAIL'!W78 -> 51.5955 | M47: ='XM.GUI MAIL'!AD78 -> 51.92 | N47: ='XM.GUI MAIL'!AK78 -> 0 | O47: ='XM.GUI MAIL'!AR78 -> 51.92 | P47: HALO
H48: CT-21A: 25kg/CT-21B: 7-10L | J48: ='XM.GUI MAIL'!I79 -> 0 | K48: ='XM.GUI MAIL'!P79 -> 0 | L48: ='XM.GUI MAIL'!W79 -> 0 | M48: ='XM.GUI MAIL'!AD79 -> 0 | N48: ='XM.GUI MAIL'!AK79 -> 0 | O48: ='XM.GUI MAIL'!AR79 -> 0
A49: Xà bông (2)脫脂 | B49: 7.75 | C49: 7.75 | D49: 7.75 | E49: 7.8 | G49: 7.9 | H49: ='XM.GUI MAIL'!$E$80 -> 40~60 | I49: ='XM.GUI MAIL'!$F$80 -> (50±5) | J49: ='XM.GUI MAIL'!I80 -> 50.2975 | K49: ='XM.GUI MAIL'!P80 -> 50.2975 | L49: ='XM.GUI MAIL'!W80 -> 50.2975 | M49: ='XM.GUI MAIL'!AD80 -> 50.622 | N49: ='XM.GUI MAIL'!AK80 -> 0 | O49: ='XM.GUI MAIL'!AR80 -> 51.271 | P49: HALO
H50: CT-21A: 25kg/CT-21B: 7-10L | J50: ='XM.GUI MAIL'!I81 -> 0 | K50: ='XM.GUI MAIL'!P81 -> 0 | L50: ='XM.GUI MAIL'!W81 -> 0 | M50: ='XM.GUI MAIL'!AD81 -> 0 | N50: ='XM.GUI MAIL'!AK81 -> 0 | O50: ='XM.GUI MAIL'!AR81 -> 0
A51: điện giải(1)+電解 | B51: 13.75 | C51: 13.7 | D51: 13.4 | E51: 13.4 | G51: 13.3 | H51: ='XM.GUI MAIL'!$E$82 -> 50~70 | I51: ='XM.GUI MAIL'!$F$82 -> (60±5) | J51: ='XM.GUI MAIL'!I82 -> 63.525 | K51: ='XM.GUI MAIL'!P82 -> 63.294 | L51: ='XM.GUI MAIL'!W82 -> 61.908 | M51: ='XM.GUI MAIL'!AD82 -> 61.908 | N51: ='XM.GUI MAIL'!AK82 -> 0 | O51: ='XM.GUI MAIL'!AR82 -> 61.446 | P51: HALO
H52: EC-508A: 25kg/EC-508B:6-10L | J52: ='XM.GUI MAIL'!I83 -> 0 | K52: ='XM.GUI MAIL'!P83 -> 0 | L52: ='XM.GUI MAIL'!W83 -> 0 | M52: ='XM.GUI MAIL'!AD83 -> 0 | N52: ='XM.GUI MAIL'!AK83 -> 0 | O52: ='XM.GUI MAIL'!AR83 -> 0
A53: điện giải (2)+電解 | B53: 13.35 | C53: 13.65 | D53: 13.1 | E53: 13 | G53: 13 | H53: ='XM.GUI MAIL'!$E$84 -> 50~70 | I53: ='XM.GUI MAIL'!$F$84 -> (60±5) | J53: ='XM.GUI MAIL'!I84 -> 61.677 | K53: ='XM.GUI MAIL'!P84 -> 63.063 | L53: ='XM.GUI MAIL'!W84 -> 60.522 | M53: ='XM.GUI MAIL'!AD84 -> 60.06 | N53: ='XM.GUI MAIL'!AK84 -> 0 | O53: ='XM.GUI MAIL'!AR84 -> 60.06 | P53: HALO
H54: EC-508A: 25kg/EC-508B:6-10L | J54: ='XM.GUI MAIL'!I85 -> 0 | K54: ='XM.GUI MAIL'!P85 -> 0 | L54: ='XM.GUI MAIL'!W85 -> 0 | M54: ='XM.GUI MAIL'!AD85 -> 0 | N54: ='XM.GUI MAIL'!AK85 -> 0 | O54: ='XM.GUI MAIL'!AR85 -> 0
A55: NaOH | B55: 17.95 | C55: 18.1 | D55: 17.9 | E55: 17.8 | G55: 17.8 | H55: ='XM.GUI MAIL'!$E$86 -> 135~ 145 | I55: ='XM.GUI MAIL'!$F$86 -> (140±5) | J55: ='XM.GUI MAIL'!I86 -> 143.6 | K55: ='XM.GUI MAIL'!P86 -> 144.8 | L55: ='XM.GUI MAIL'!W86 -> 143.2 | M55: ='XM.GUI MAIL'!AD86 -> 142.4 | N55: ='XM.GUI MAIL'!AK86 -> 0 | O55: ='XM.GUI MAIL'!AR86 -> 142.4 | P55: HALO
A56: Zn | B56: 6.6 | C56: 6.4 | D56: 6.45 | E56: 6.5 | G56: 6.5 | H56: ='XM.GUI MAIL'!$E$87 -> 7~10 | I56: ='XM.GUI MAIL'!$F$87 -> (8.5±1) | J56: ='XM.GUI MAIL'!I87 -> 8.58 | K56: ='XM.GUI MAIL'!P87 -> 8.32 | L56: ='XM.GUI MAIL'!W87 -> 8.385 | M56: ='XM.GUI MAIL'!AD87 -> 8.45 | N56: ='XM.GUI MAIL'!AK87 -> 0 | O56: ='XM.GUI MAIL'!AR87 -> 8.45 | P56: HALO
A57: Cr3+鈍化劑 (I) HALO | B57: 17.7 | C57: 17.65 | D57: 17 | E57: 18.3 | G57: 17.9 | H57: ='XM.GUI MAIL'!$E$88 -> 5~8 | I57: ='XM.GUI MAIL'!$F$88 -> (6±1) | J57: ='XM.GUI MAIL'!I88 -> 6.45339 | K57: ='XM.GUI MAIL'!P88 -> 6.432205 | L57: ='XM.GUI MAIL'!W88 -> 6.1568 | M57: ='XM.GUI MAIL'!AD88 -> 6.70761 | N57: ='XM.GUI MAIL'!AK88 -> -1.0461 | O57: ='XM.GUI MAIL'!AR88 -> 6.53813 | P57: HALO
H58: ='XM.GUI MAIL'!$E$89 -> 2.0~2.4 | I58: ='XM.GUI MAIL'!$F$89 -> (2.2±0.1) | J58: ='XM.GUI MAIL'!I89 -> 2.3 | K58: ='XM.GUI MAIL'!P89 -> 2.24 | L58: ='XM.GUI MAIL'!W89 -> 2.3 | M58: ='XM.GUI MAIL'!AD89 -> 2.2 | N58: ='XM.GUI MAIL'!AK89 -> 0 | O58: ='XM.GUI MAIL'!AR89 -> 2.2
A59: HCl Đặc 13 | B59: 2.18 | C59: 2.14 | D59: 2.1 | E59: 2.18 | G59: 2.14 | H59: ='XM.GUI MAIL'!$E$90 -> 40~50 | I59: ='XM.GUI MAIL'!$F$90 -> (45±5) | J59: ='XM.GUI MAIL'!I90 -> 0.4973125 | K59: ='XM.GUI MAIL'!P90 -> 0.4881875 | L59: ='XM.GUI MAIL'!W90 -> 0.4790625 | M59: ='XM.GUI MAIL'!AD90 -> 0.4973125 | N59: ='XM.GUI MAIL'!AK90 -> 0 | O59: ='XM.GUI MAIL'!AR90 -> 0.4881875
A60: HCl Đặc 14 | B60: 2.02 | C60: 1.98 | D60: 2 | E60: 2.04 | G60: 1.96 | H60: ='XM.GUI MAIL'!$E$90 -> 40~50 | I60: ='XM.GUI MAIL'!$F$90 -> (45±5) | J60: ='XM.GUI MAIL'!I91 -> 0.4608125 | K60: ='XM.GUI MAIL'!P91 -> 0.4516875 | L60: ='XM.GUI MAIL'!W91 -> 0.45625 | M60: ='XM.GUI MAIL'!AD91 -> 0.465375 | N60: ='XM.GUI MAIL'!AK91 -> 0 | O60: ='XM.GUI MAIL'!AR91 -> 0.447125
A61: HCl Đặc 15,16,17 | B61: 1.98 | C61: 1.92 | D61: 1.9 | E61: 1.98 | G61: 1.94 | H61: ='XM.GUI MAIL'!$E$92 -> 40~50 | I61: ='XM.GUI MAIL'!$F$92 -> (45±5) | J61: ='XM.GUI MAIL'!I92 -> 0.4516875 | K61: ='XM.GUI MAIL'!P92 -> 0.438 | L61: ='XM.GUI MAIL'!W92 -> 0.4334375 | M61: ='XM.GUI MAIL'!AD92 -> 0.4516875 | N61: ='XM.GUI MAIL'!AK92 -> 0 | O61: ='XM.GUI MAIL'!AR92 -> 0.4425625
A62: HCl Loãng (%) | B62: 0.58 | C62: 0.56 | D62: 0.58 | E62: 0.58 | G62: 0.58 | H62: ='XM.GUI MAIL'!$E$93 -> 10~20 | I62: ='XM.GUI MAIL'!$F$93 -> (15±5) | J62: ='XM.GUI MAIL'!I93 -> 0.1323125 | K62: ='XM.GUI MAIL'!P93 -> 0.12775 | L62: ='XM.GUI MAIL'!W93 -> 0.1323125 | M62: ='XM.GUI MAIL'!AD93 -> 0.1323125 | N62: ='XM.GUI MAIL'!AK93 -> 0 | O62: ='XM.GUI MAIL'!AR93 -> 0.1323125
A63: HNO3 (%) | B63: 6 | C63: 6 | D63: 5.9 | E63: 5.7 | G63: 5.5 | H63: ='XM.GUI MAIL'!$E$94 -> (1±0.4)=0.6~1.4 | I63: ='XM.GUI MAIL'!$F$94 -> (1±0.4) | J63: ='XM.GUI MAIL'!I94 -> 0.00756 | K63: ='XM.GUI MAIL'!P94 -> 0.00756 | L63: ='XM.GUI MAIL'!W94 -> 0.007434 | M63: ='XM.GUI MAIL'!AD94 -> 0.007182 | N63: ='XM.GUI MAIL'!AK94 -> 0 | O63: ='XM.GUI MAIL'!AR94 -> 0.00693
A64: Cr3+鈍化劑 (K) | B64: 5.45 | C64: 5.4 | D64: 5.4 | E64: 5.7 | G64: 5.6 | H64: ='XM.GUI MAIL'!$E$95 -> 5~8 | I64: ='XM.GUI MAIL'!$F$95 -> (6±0.5) | J64: ='XM.GUI MAIL'!I95 -> 5.76 | K64: ='XM.GUI MAIL'!P95 -> 5.72 | L64: ='XM.GUI MAIL'!W95 -> 5.72 | M64: ='XM.GUI MAIL'!AD95 -> 5.96 | N64: ='XM.GUI MAIL'!AK95 | O64: ='XM.GUI MAIL'!AR95 -> 5.88 | P64: HALO
A65: Cr3+鈍化劑 (K) PH | B65: 2.1 | C65: 2 | D65: 2.08 | E65: 2 | G65: 2.03 | H65: ='XM.GUI MAIL'!$E$96 -> 1.8~2.4 | I65: ='XM.GUI MAIL'!$F$96 -> (2.1±0.1) | J65: ='XM.GUI MAIL'!I96 -> 2.1 | K65: ='XM.GUI MAIL'!P96 -> 2 | L65: ='XM.GUI MAIL'!W96 -> 2.08 | M65: ='XM.GUI MAIL'!AD96 -> 2 | N65: ='XM.GUI MAIL'!AK96 -> 0 | O65: ='XM.GUI MAIL'!AR96 -> 2.03 | P65: HALO
A66: Cr3+鈍化劑 (I) PH (HALO) | B66: 2.3 | C66: 2.24 | D66: 2.3 | E66: 2.2 | G66: 2.2 | H66: ='XM.FILE GOC'!E89 -> 2.0~2.4 | I66: ='XM.FILE GOC'!F89 -> (2.2±0.1) | J66: =B66 -> 2.3 | K66: =C66 -> 2.24 | L66: =D66 -> 2.3 | M66: =E66 -> 2.2 | N66: =F66 -> 0 | O66: =G66 -> 2.2 | P66: HALO
A67: Cr3+鈍化劑 (I) ( JASCO) | P67: JASCO
A68: Cr3+鈍化劑 (I) PH (JASCO) | H68: ='XM.FILE GOC'!E98 -> 1.8~2.4 | I68: ='XM.FILE GOC'!F98 -> (2.0 ±0.2 ) | P68: JASCO
A70: Niken (bồn Zn-Niken) | B70: 07:15 | C70: 11:15 | D70: 15:15 | E70: 19:15 | F70: 23:15 | G70: 03:15 | H70: TIEU CHUAN | J70: 07:15 | K70: 11:15 | L70: 15:15 | M70: 19:15 | N70: 23:15 | O70: 03:15 | P70: NCC
A71: Zn (bồn Zn-Niken) | B71: 4.3 | C71: 4.15 | D71: 4.2 | E71: 4.5 | G71: 4.5 | H71: ='XM.GUI MAIL'!$E$99 -> 5~6 | I71: ='XM.GUI MAIL'!$F$99 -> (5.5± 0.5) | J71: ='XM.GUI MAIL'!I125 -> 5.59 | K71: ='XM.GUI MAIL'!P125 -> 5.395 | L71: ='XM.GUI MAIL'!W125 -> 5.46 | M71: ='XM.GUI MAIL'!AD125 -> 5.85 | N71: ='XM.GUI MAIL'!AK125 -> 0 | O71: ='XM.GUI MAIL'!AR125 -> 5.85 | P71: HALO
A72: NaOH (bồn Zn-Niken) | B72: 16.75 | C72: 17 | D72: 16.95 | E72: 16.7 | G72: 16.6 | H72: ='XM.GUI MAIL'!$E$100 -> 130~140 | I72: ='XM.GUI MAIL'!$F$100 -> (135 ± 5) | J72: ='XM.GUI MAIL'!I126 -> 134 | K72: ='XM.GUI MAIL'!P126 -> 136 | L72: ='XM.GUI MAIL'!W126 -> 135.6 | M72: ='XM.GUI MAIL'!AD126 -> 133.6 | N72: ='XM.GUI MAIL'!AK126 -> 0 | O72: ='XM.GUI MAIL'!AR126 -> 132.8 | P72: HALO
A73: MÀU NIKEN-PH | B73: 4.1 | C73: 4.1 | D73: 4.1 | E73: 4.15 | G73: 4.11 | H73: ='XM.FILE GOC'!E101 -> 3.0-4.5 | I73: ='XM.FILE GOC'!F101 -> (4.3±0.2) | J73: ='XM.GUI MAIL'!I127 -> 4.1 | K73: ='XM.GUI MAIL'!P127 -> 4.1 | L73: ='XM.GUI MAIL'!W127 -> 4.1 | M73: ='XM.GUI MAIL'!AD127 -> 4.15 | N73: ='XM.GUI MAIL'!AK127 -> 0 | O73: ='XM.GUI MAIL'!AR127 -> 4.11 | P73: JASCO
A75: Na2CO3 | B75: 07:15
A76: 1E | E76: =B76*10.6 -> 0
A77: 1F | E77: =B77*10.8 -> 0
A78: XT | E78: =B78*10.8 -> 0
A80: =MENU!AD9 -> 2024/01/09
A81: Type sample | B81: Test Item | C81: Standards | D81: Unit | E81: Result
A82: XL-1E | B82: Na2CO3 | C82: ＜70g/L | D82: g/l | E82: =E76 -> 0 | F82: JASCO
A83: XL-1F | B83: Na2CO3 | C83: ＜70g/L | D83: g/l | E83: =E77 -> 0 | F83: HALO
A84: XT-0C | B84: Na2CO3 | C84: ＜70g/L | D84: g/l | E84: =E78 -> 0 | F84: HALO

Sheet XM.FILE GOC
C1: BÁO CÁO KẾT QUẢ HÓA NGHIỆM HÀNG NGÀY 报告每日化学测试结果
A2: =MENU!$AC$9 -> Thứ 3, | C2: =MENU!$AD$9 -> 2024/01/09
A3: 生產線別：無氰鹼滾電E線 (XL-001E) | F3: =MENU!$AC$9 -> Thứ 3, | I3: =MENU!$AD$9 -> 2024/01/09 | AX3: =A2 -> Thứ 3,
G4: tiêu chuẩn khống chế để bổ sung | I4: 7:15 | P4: 11:15 | W4: 15:15 | AD4: 19:15 | AK4: 23:15 | AR4: 03:15 | AX4: =C2 -> 2024/01/09 | AY4: =AX4-1 -> 45299 | BE4: =AY4 -> 45299
A5: MÃ | B5: MÃ MÁY | C5: Hạng mục kiểm tra nồng độ 化驗檢查項目 | D5: Đơn vị 單位 | E5: Phạm vi kiểm soát 範圍值 | F5: Giới hạn kiểm soát 管控值 | I5: 濃度 | J5: 補充 BS | K5: 補充 BS | P5: 濃度 | Q5: 補充 BS | R5: 補充 BS | W5: 濃度 | X5: 補充 BS | Y5: 補充 BS | AD5: 濃度 | AE5: 補充 BS | AF5: 補充 BS | AK5: 濃度 | AL5: 補充 BS | AM5: 補充 BS | AR5: 濃度 | AS5: 補充 BS | AT5: 補充 BS | AX5: XI ĐEN | AY5: XM | BE5: XI ĐEN
A6: 1E-XB1 | B6: XL-001E | C6: Xà bông (1)脫脂 | D6: g/L | E6: ='XM.GUI MAIL'!E6 -> 20~40 | F6: ='XM.GUI MAIL'!F6 -> (30±5) | G6: ='XM.GUI MAIL'!G6 -> 30 | H6: =XM.HN!B3 -> 0 | I6: =H6*4 -> 0 | J6: =($G$6-I6)*2693/1000 -> 80.79 | K6: + | L6: =IF(J6<0,0,J6) -> 80.79 | N6: kg | O6: =XM.HN!C3 -> 0 | P6: =O6*4 -> 0 | Q6: =($G$6-P6)*2693/1000 -> 80.79 | R6: + | S6: =IF(Q6<0,0,Q6) -> 80.79 | U6: kg | V6: =XM.HN!D3 -> 0 | W6: =V6*4 -> 0 | X6: =($G$6-W6)*2693/1000 -> 80.79 | Y6: + | Z6: =IF(X6<0,0,X6) -> 80.79 | AB6: kg | AC6: =XM.HN!E3 -> 0 | AD6: =AC6*4 -> 0 | AE6: =($G$6-AD6)*2693/1000 -> 80.79 | AF6: + | AG6: =IF(AE6<0,0,AE6) -> 80.79 | AI6: kg | AJ6: =XM.HN!F3 -> 0 | AK6: =AJ6*4 -> 0 | AL6: =($G$6-AK6)*2693/1000 -> 80.79 | AM6: + | AN6: =IF(AL6<0,0,AL6) -> 80.79 | AP6: kg | AQ6: =XM.HN!G3 -> 0 | AR6: =AQ6*4 -> 0 | AS6: =($G$6-AR6)*2693/1000 -> 80.79 | AT6: + | AU6: =IF(AS6<0,0,AS6) -> 80.79 | AW6: kg | AX6: ='R.FILE GOC'!W57 -> 15 | AY6: 0 | AZ6: 80.79 | BA6: + | BB6: 80.79 | BD6: kg | BE6: 15.2
C7: CleanA 840ml/NaOH 25kg | E7: 按NaOH添加數據添加 | K7: + | L7: =L6/25*840/1000 -> 2.714544 | M7: =IF('1. XL-1E TT'!AB7="","",'1. XL-1E TT'!AB7) | N7: L | R7: + | S7: =S6/25*840/1000 -> 2.714544 | T7: =IF('1. XL-1E TT'!AF7="","",'1. XL-1E TT'!AF7) | U7: L | Y7: + | Z7: =Z6/25*840/1000 -> 2.714544 | AA7: =IF('1. XL-1E TT'!AJ7="","",'1. XL-1E TT'!AJ7) | AB7: L | AF7: + | AG7: =AG6/25*840/1000 -> 2.714544 | AH7: =IF('1. XL-1E TT(CA2)'!AB7="","",'1. XL-1E TT(CA2)'!AB7) | AI7: L | AM7: + | AN7: =AN6/25*840/1000 -> 2.714544 | AO7: =IF('1. XL-1E TT(CA2)'!AF7="","",'1. XL-1E TT(CA2)'!AF7) | AP7: L | AT7: + | AU7: =AU6/25*840/1000 -> 2.714544 | AV7: =IF('1. XL-1E TT(CA2)'!AJ7="","",'1. XL-1E TT(CA2)'!AJ7) | AW7: L | AX7: ='R.FILE GOC'!W58 -> 15 | BA7: + | BB7: 2.714544 | BD7: L | BE7: 15.3
C8: CleanB 8400ml/NaOH 25kg | E8: 按NaOH添加數據添加 | K8: + | L8: =L7*10 -> 27.14544 | M8: =IF('1. XL-1E TT'!AB8="","",'1. XL-1E TT'!AB8) | N8: L | R8: + | S8: =S7*10 -> 27.14544 | T8: =IF('1. XL-1E TT'!AF8="","",'1. XL-1E TT'!AF8) | U8: L | Y8: + | Z8: =Z7*10 -> 27.14544 | AA8: =IF('1. XL-1E TT'!AJ8="","",'1. XL-1E TT'!AJ8) | AB8: L | AF8: + | AG8: =AG7*10 -> 27.14544 | AH8: =IF('1. XL-1E TT(CA2)'!AB8="","",'1. XL-1E TT(CA2)'!AB8) | AI8: L | AM8: + | AN8: =AN7*10 -> 27.14544 | AO8: =IF('1. XL-1E TT(CA2)'!AF8="","",'1. XL-1E TT(CA2)'!AF8) | AP8: L | AT8: + | AU8: =AU7*10 -> 27.14544 | AV8: =IF('1. XL-1E TT(CA2)'!AJ8="","",'1. XL-1E TT(CA2)'!AJ8) | AW8: L | AX8: ='R.FILE GOC'!W59 -> 15 | BA8: + | BB8: 27.14544 | BD8: L | BE8: 15
A9: 1E-XB2 | B9: XL-001E | C9: Xà bông (2)脫脂 | D9: g/L | E9: ='XM.GUI MAIL'!E9 -> 20~40 | F9: ='XM.GUI MAIL'!F9 -> (30±5) | G9: ='XM.GUI MAIL'!G9 -> 30 | H9: =XM.HN!B6 -> 0 | I9: =H9*4 -> 0 | J9: =($G$9-I9)*3305/1000 -> 99.15 | K9: + | L9: =IF(J9<0,0,J9) -> 99.15 | N9: kg | O9: =XM.HN!C6 -> 0 | P9: =O9*4 -> 0 | Q9: =($G$9-P9)*3305/1000 -> 99.15 | R9: + | S9: =IF(Q9<0,0,Q9) -> 99.15 | U9: kg | V9: =XM.HN!D6 -> 0 | W9: =V9*4 -> 0 | X9: =($G$9-W9)*3305/1000 -> 99.15 | Y9: + | Z9: =IF(X9<0,0,X9) -> 99.15 | AB9: kg | AC9: =XM.HN!E6 -> 0 | AD9: =AC9*4 -> 0 | AE9: =($G$9-AD9)*3305/1000 -> 99.15 | AF9: + | AG9: =IF(AE9<0,0,AE9) -> 99.15 | AI9: kg | AJ9: =XM.HN!F6 -> 0 | AK9: =AJ9*4 -> 0 | AL9: =($G$9-AK9)*3305/1000 -> 99.15 | AM9: + | AN9: =IF(AL9<0,0,AL9) -> 99.15 | AP9: kg | AQ9: =XM.HN!G6 -> 0 | AR9: =AQ9*4 -> 0 | AS9: =($G$9-AR9)*3305/1000 -> 99.15 | AT9: + | AU9: =IF(AS9<0,0,AS9) -> 99.15 | AW9: kg | AX9: ='R.FILE GOC'!W60 -> 9.9 | AY9: 0 | AZ9: 99.15 | BA9: + | BB9: 99.15 | BD9: kg | BE9: 10.1
C10: CleanA 840ml/NaOH 25kg | E10: 按NaOH添加數據添加 | K10: + | L10: =L9/25*840/1000 -> 3.33144 | M10: =IF('1. XL-1E TT'!AB10="","",'1. XL-1E TT'!AB10) | N10: L | R10: + | S10: =S9/25*840/1000 -> 3.33144 | T10: =IF('1. XL-1E TT'!AF10="","",'1. XL-1E TT'!AF10) | U10: L | Y10: + | Z10: =Z9/25*840/1000 -> 3.33144 | AA10: =IF('1. XL-1E TT'!AJ10="","",'1. XL-1E TT'!AJ10) | AB10: L | AF10: + | AG10: =AG9/25*840/1000 -> 3.33144 | AH10: =IF('1. XL-1E TT(CA2)'!AB10="","",'1. XL-1E TT(CA2)'!AB10) | AI10: L | AM10: + | AN10: =AN9/25*840/1000 -> 3.33144 | AO10: =IF('1. XL-1E TT(CA2)'!AF10="","",'1. XL-1E TT(CA2)'!AF10) | AP10: L | AT10: + | AU10: =AU9/25*840/1000 -> 3.33144 | AV10: =IF('1. XL-1E TT(CA2)'!AJ10="","",'1. XL-1E TT(CA2)'!AJ10) | AW10: L | AX10: ='R.FILE GOC'!W61 -> 0.96 | BA10: + | BB10: 3.33144 | BD10: L | BE10: 1.34
C11: CleanB 8400ml/NaOH 25kg | E11: 按NaOH添加數據添加 | K11: + | L11: =L10*10 -> 33.3144 | M11: =IF('1. XL-1E TT'!AB11="","",'1. XL-1E TT'!AB11) | N11: L | R11: + | S11: =S10*10 -> 33.3144 | T11: =IF('1. XL-1E TT'!AF11="","",'1. XL-1E TT'!AF11) | U11: L | Y11: + | Z11: =Z10*10 -> 33.3144 | AA11: =IF('1. XL-1E TT'!AJ11="","",'1. XL-1E TT'!AJ11) | AB11: L | AF11: + | AG11: =AG10*10 -> 33.3144 | AH11: =IF('1. XL-1E TT(CA2)'!AB11="","",'1. XL-1E TT(CA2)'!AB11) | AI11: L | AM11: + | AN11: =AN10*10 -> 33.3144 | AO11: =IF('1. XL-1E TT(CA2)'!AF11="","",'1. XL-1E TT(CA2)'!AF11) | AP11: L | AT11: + | AU11: =AU10*10 -> 33.3144 | AV11: =IF('1. XL-1E TT(CA2)'!AJ11="","",'1. XL-1E TT(CA2)'!AJ11) | AW11: L | AX11: ='R.FILE GOC'!W62 -> 22.5 | BA11: + | BB11: 33.3144 | BD11: L | BE11: 23.1
A12: 1E-DG1 | B12: XL-001E | C12: điện giải(1)+電解 | D12: g/L | E12: ='XM.GUI MAIL'!E12 -> 60~80 | F12: ='XM.GUI MAIL'!F12 -> (70±10) | G12: ='XM.GUI MAIL'!G12 -> 70 | H12: =XM.HN!B9 -> 0 | I12: =H12*4 -> 0 | J12: =($G$12-I12)*1156/1000 -> 80.92 | K12: + | L12: =IF(J12<0,0,J12) -> 80.92 | N12: kg | O12: =XM.HN!C9 -> 0 | P12: =O12*4 -> 0 | Q12: =($G$12-P12)*1156/1000 -> 80.92 | R12: + | S12: =IF(Q12<0,0,Q12) -> 80.92 | U12: kg | V12: =XM.HN!D9 -> 0 | W12: =V12*4 -> 0 | X12: =($G$12-W12)*1156/1000 -> 80.92 | Y12: + | Z12: =IF(X12<0,0,X12) -> 80.92 | AB12: kg | AC12: =XM.HN!E9 -> 0 | AD12: =AC12*4 -> 0 | AE12: =($G$12-AD12)*1156/1000 -> 80.92 | AF12: + | AG12: =IF(AE12<0,0,AE12) -> 80.92 | AI12: kg | AJ12: =XM.HN!F9 -> 0 | AK12: =AJ12*4 -> 0 | AL12: =($G$12-AK12)*1156/1000 -> 80.92 | AM12: + | AN12: =IF(AL12<0,0,AL12) -> 80.92 | AP12: kg | AQ12: =XM.HN!G9 -> 0 | AR12: =AQ12*4 -> 0 | AS12: =($G$12-AR12)*1156/1000 -> 80.92 | AT12: + | AU12: =IF(AS12<0,0,AS12) -> 80.92 | AW12: kg | AX12: ='R.FILE GOC'!W63 -> 9 | AY12: 0 | AZ12: 80.92 | BA12: + | BB12: 80.92 | BD12: kg | BE12: 8.6
C13: CleanB 7.5L/NaOH 25kg | E13: 按NaOH添加數據添加 | K13: + | L13: =L12/25*7.5 -> 24.276 | M13: =IF('1. XL-1E TT'!AB13="","",'1. XL-1E TT'!AB13) | N13: L | R13: + | S13: =S12/25*7.5 -> 24.276 | T13: =IF('1. XL-1E TT'!AF13="","",'1. XL-1E TT'!AF13) | U13: L | Y13: + | Z13: =Z12/25*7.5 -> 24.276 | AA13: =IF('1. XL-1E TT'!AJ13="","",'1. XL-1E TT'!AJ13) | AB13: L | AF13: + | AG13: =AG12/25*7.5 -> 24.276 | AH13: =IF('1. XL-1E TT(CA2)'!AB13="","",'1. XL-1E TT(CA2)'!AB13) | AI13: L | AM13: + | AN13: =AN12/25*7.5 -> 24.276 | AO13: =IF('1. XL-1E TT(CA2)'!AF13="","",'1. XL-1E TT(CA2)'!AF13) | AP13: L | AT13: + | AU13: =AU12/25*7.5 -> 24.276 | AV13: =IF('1. XL-1E TT(CA2)'!AJ13="","",'1. XL-1E TT(CA2)'!AJ13) | AW13: L | AX13: ='R.FILE GOC'!W64 -> 7.8 | BA13: + | BB13: 24.276 | BD13: L | BE13: 7.7
A14: 1E-DG2 | B14: XL-001E | C14: điện giải (2)+電解 | D14: g/L | E14: ='XM.GUI MAIL'!E14 -> 60~80 | F14: ='XM.GUI MAIL'!F14 -> (70±10) | G14: ='XM.GUI MAIL'!G14 -> 70 | H14: =XM.HN!B11 -> 0 | I14: =H14*4 -> 0 | J14: =($G$14-I14)*1459/1000 -> 102.13 | K14: + | L14: =IF(J14<0,0,J14) -> 102.13 | N14: kg | O14: =XM.HN!C11 -> 0 | P14: =O14*4 -> 0 | Q14: =($G$14-P14)*1459/1000 -> 102.13 | R14: + | S14: =IF(Q14<0,0,Q14) -> 102.13 | U14: kg | V14: =XM.HN!D11 -> 0 | W14: =V14*4 -> 0 | X14: =($G$14-W14)*1459/1000 -> 102.13 | Y14: + | Z14: =IF(X14<0,0,X14) -> 102.13 | AB14: kg | AC14: =XM.HN!E11 -> 0 | AD14: =AC14*4 -> 0 | AE14: =($G$14-AD14)*1459/1000 -> 102.13 | AF14: + | AG14: =IF(AE14<0,0,AE14) -> 102.13 | AI14: kg | AJ14: =XM.HN!F11 -> 0 | AK14: =AJ14*4 -> 0 | AL14: =($G$14-AK14)*1459/1000 -> 102.13 | AM14: + | AN14: =IF(AL14<0,0,AL14) -> 102.13 | AP14: kg | AQ14: =XM.HN!G11 -> 0 | AR14: =AQ14*4 -> 0 | AS14: =($G$14-AR14)*1459/1000 -> 102.13 | AT14: + | AU14: =IF(AS14<0,0,AS14) -> 102.13 | AW14: kg | AX14: ='R.FILE GOC'!W65 -> 5.5 | AY14: 0 | AZ14: 102.13 | BA14: + | BB14: 102.13 | BD14: kg | BE14: 5.7
C15: CleanB 7.5L/NaOH 25kg | E15: 按NaOH添加數據添加 | K15: + | L15: =L14/25*7.5 -> 30.639 | M15: =IF('1. XL-1E TT'!AB15="","",'1. XL-1E TT'!AB15) | N15: L | R15: + | S15: =S14/25*7.5 -> 30.639 | T15: =IF('1. XL-1E TT'!AF15="","",'1. XL-1E TT'!AF15) | U15: L | Y15: + | Z15: =Z14/25*7.5 -> 30.639 | AA15: =IF('1. XL-1E TT'!AJ15="","",'1. XL-1E TT'!AJ15) | AB15: L | AF15: + | AG15: =AG14/25*7.5 -> 30.639 | AH15: =IF('1. XL-1E TT(CA2)'!AB15="","",'1. XL-1E TT(CA2)'!AB15) | AI15: L | AM15: + | AN15: =AN14/25*7.5 -> 30.639 | AO15: =IF('1. XL-1E TT(CA2)'!AF15="","",'1. XL-1E TT(CA2)'!AF15) | AP15: L | AT15: + | AU15: =AU14/25*7.5 -> 30.639 | AV15: =IF('1. XL-1E TT(CA2)'!AJ15="","",'1. XL-1E TT(CA2)'!AJ15) | AW15: L | AX15: ='R.FILE GOC'!W66 -> 0 | BA15: + | BB15: 30.639 | BD15: L | BE15: 0
A16: 1E-NAOH | B16: XL-001E | C16: Nồng độ NaOH 氫氧化鈉 | D16: g/L | E16: ='XM.GUI MAIL'!E16 -> 130 - 150 | F16: ='XM.GUI MAIL'!F16 -> (140±7) | G16: ='XM.GUI MAIL'!G16 -> 140 | H16: =XM.HN!B13 -> 0 | I16: =H16*8 -> 0 | J16: =($G$16-I16)*19951/1000 -> 2793.14 | K16: + | L16: =IF(J16<0,0,J16) -> 2793.14 | N16: kg | O16: =XM.HN!C13 -> 0 | P16: =O16*8 -> 0 | Q16: =($G$16-P16)*19951/1000 -> 2793.14 | R16: + | S16: =IF(Q16<0,0,Q16) -> 2793.14 | U16: kg | V16: =XM.HN!D13 -> 0 | W16: =V16*8 -> 0 | X16: =($G$16-W16)*19951/1000 -> 2793.14 | Y16: + | Z16: =IF(X16<0,0,X16) -> 2793.14 | AB16: kg | AC16: =XM.HN!E13 -> 0 | AD16: =AC16*8 -> 0 | AE16: =($G$16-AD16)*19951/1000 -> 2793.14 | AF16: + | AG16: =IF(AE16<0,0,AE16) -> 2793.14 | AI16: kg | AJ16: =XM.HN!F13 -> 0 | AK16: =AJ16*8 -> 0 | AL16: =($G$16-AK16)*19951/1000 -> 2793.14 | AM16: + | AN16: =IF(AL16<0,0,AL16) -> 2793.14 | AP16: kg | AQ16: =XM.HN!G13 -> 0 | AR16: =AQ16*8 -> 0 | AS16: =($G$16-AR16)*19951/1000 -> 2793.14 | AT16: + | AU16: =IF(AS16<0,0,AS16) -> 2793.14 | AW16: kg | AX16: ='R.FILE GOC'!W67 -> 15.1 | AY16: 0 | AZ16: 2793.14 | BA16: + | BB16: 2793.14 | BD16: kg | BE16: 15.2
A17: 1E-ZN | B17: XL-001E | C17: Nồng độ Zn 鋅 (1 pcs Zn=25kg) | D17: g/L | E17: ='XM.GUI MAIL'!E17 -> 8~12 | F17: ='XM.GUI MAIL'!F17 -> (10±2) | G17: ='XM.GUI MAIL'!G17 -> 10 | H17: =XM.HN!B14 -> 0 | I17: =H17*1.3 -> 0 | J17: =($G$17-I17)*19951/1000 -> 199.51 | K17: + | L17: =IF(J17<0,0,J17) -> 199.51 | N17: kg | O17: =XM.HN!C14 -> 0 | P17: =O17*1.3 -> 0 | Q17: =($G$17-P17)*19951/1000 -> 199.51 | R17: + | S17: =IF(Q17<0,0,Q17) -> 199.51 | U17: kg | V17: =XM.HN!D14 -> 0 | W17: =V17*1.3 -> 0 | X17: =($G$17-W17)*19951/1000 -> 199.51 | Y17: + | Z17: =IF(X17<0,0,X17) -> 199.51 | AB17: kg | AC17: =XM.HN!E14 -> 0 | AD17: =AC17*1.3 -> 0 | AE17: =($G$17-AD17)*19951/1000 -> 199.51 | AF17: + | AG17: =IF(AE17<0,0,AE17) -> 199.51 | AI17: kg | AJ17: =XM.HN!F14 -> 0 | AK17: =AJ17*1.3 -> 0 | AL17: =($G$17-AK17)*19951/1000 -> 199.51 | AM17: + | AN17: =IF(AL17<0,0,AL17) -> 199.51 | AP17: kg | AQ17: =XM.HN!G14 -> 0 | AR17: =AQ17*1.3 -> 0 | AS17: =($G$17-AR17)*19951/1000 -> 199.51 | AT17: + | AU17: =IF(AS17<0,0,AS17) -> 199.51 | AW17: kg | AX17: ='R.FILE GOC'!W68 -> 11.6 | AY17: 0 | AZ17: 199.51 | BA17: + | BB17: 199.51 | BD17: kg | BE17: 11.7
A18: 1E-CR3I | B18: XL-001E | C18: Nồng độ Cr2O3 三價鉻 | D18: % | E18: ='XM.GUI MAIL'!E18 -> 12~18 | F18: ='XM.GUI MAIL'!F18 -> (14±2) | G18: ='XM.GUI MAIL'!G18 -> 14 | H18: =XM.HN!B15 -> 0 | I18: =H18*100/6.95/10 -> 0 | J18: =($G$18-I18)*575/100 -> 80.5 | K18: + | L18: =IF(J18<0,0,J18) -> 80.5 | N18: L | O18: =XM.HN!C15 -> 0 | P18: =O18*100/6.95/10 -> 0 | Q18: =($G$18-P18)*575/100 -> 80.5 | R18: + | S18: =IF(Q18<0,0,Q18) -> 80.5 | U18: L | V18: =XM.HN!D15 -> 0 | W18: =V18*100/6.95/10 -> 0 | X18: =($G$18-W18)*575/100 -> 80.5 | Y18: + | Z18: =IF(X18<0,0,X18) -> 80.5 | AB18: L | AC18: =XM.HN!E15 -> 0 | AD18: =AC18*100/6.95/10 -> 0 | AE18: =($G$18-AD18)*575/100 -> 80.5 | AF18: + | AG18: =IF(AE18<0,0,AE18) -> 80.5 | AI18: L | AJ18: =XM.HN!F15 -> 0 | AK18: =AJ18*100/6.95/10 -> 0 | AL18: =($G$18-AK18)*575/100 -> 80.5 | AM18: + | AN18: =IF(AL18<0,0,AL18) -> 80.5 | AP18: L | AQ18: =XM.HN!G15 -> 0 | AR18: =AQ18*100/6.95/10 -> 0 | AS18: =($G$18-AR18)*575/100 -> 80.5 | AT18: + | AU18: =IF(AS18<0,0,AS18) -> 80.5 | AW18: L | AX18: ='R.FILE GOC'!W69 | AY18: 0 | AZ18: 80.5 | BA18: + | BB18: 80.5 | BD18: L
A19: 1E-CR3IPH | B19: XL-001E | D19: pH | E19: ='XM.GUI MAIL'!E19 -> 1.6~2.2 | F19: ='XM.GUI MAIL'!F19 -> (2±0.2 ) | G19: ='XM.GUI MAIL'!G19 -> 0 | I19: =XM.HN!B23 -> 0 | P19: =XM.HN!C23 -> 0 | W19: =XM.HN!D23 -> 0 | AD19: =XM.HN!E23 -> 0 | AK19: =XM.HN!F23 -> 0 | AR19: =XM.HN!G23 -> 0 | AX19: ='R.FILE GOC'!W70 | AY19: 0
A20: 1E-HCL1 | B20: XL-001E | C20: Nồng độ acid đặc 鹽酸 濃度 | D20: %V/V | E20: ='XM.GUI MAIL'!E20 -> 40~50 | F20: ='XM.GUI MAIL'!F20 -> (45±5) | G20: ='XM.GUI MAIL'!G20 -> 0.45 | H20: =XM.HN!B17 -> 0 | I20: =(1*H20*36.5)/(1*10)/32%/100 -> 0 | J20: =($G$20-I20)*2122 -> 954.9 | K20: + | L20: =IF(J20<0,0,J20) -> 954.9 | N20: L | O20: =XM.HN!C17 -> 0 | P20: =(1*O20*36.5)/(1*10)/32%/100 -> 0 | Q20: =($G$20-P20)*2122 -> 954.9 | R20: + | S20: =IF(Q20<0,0,Q20) -> 954.9 | U20: L | V20: =XM.HN!D17 -> 0 | W20: =(1*V20*36.5)/(1*10)/32%/100 -> 0 | X20: =($G$20-W20)*2122 -> 954.9 | Y20: + | Z20: =IF(X20<0,0,X20) -> 954.9 | AB20: L | AC20: =XM.HN!E17 -> 0 | AD20: =(1*AC20*36.5)/(1*10)/32%/100 -> 0 | AE20: =($G$20-AD20)*2122 -> 954.9 | AF20: + | AG20: =IF(AE20<0,0,AE20) -> 954.9 | AI20: L | AJ20: =XM.HN!F17 -> 0 | AK20: =(1*AJ20*36.5)/(1*10)/32%/100 -> 0 | AL20: =($G$20-AK20)*2122 -> 954.9 | AM20: + | AN20: =IF(AL20<0,0,AL20) -> 954.9 | AP20: L | AQ20: =XM.HN!G17 -> 0 | AR20: =(1*AQ20*36.5)/(1*10)/32%/100 -> 0 | AS20: =($G$20-AR20)*2122 -> 954.9 | AT20: + | AU20: =IF(AS20<0,0,AS20) -> 954.9 | AW20: L | AX20: ='R.FILE GOC'!W71 -> 2.2 | AY20: 0 | AZ20: 954.9 | BA20: + | BB20: 954.9 | BD20: L | BE20: 2.3
A21: 1E-HCL2 | B21: XL-001E | C21: Nồng độ acid loãng 稀酸 濃度 | D21: %V/V | E21: ='XM.GUI MAIL'!E21 -> (22±5) =17~27 | F21: ='XM.GUI MAIL'!F21 -> (22±5) | G21: ='XM.GUI MAIL'!G21 -> 0.22 | H21: =XM.HN!B18 -> 0 | I21: =(1*H21*36.5)/(1*10)/32%/100 -> 0 | J21: =($G$21-I21)*612 -> 134.64 | K21: + | L21: =IF(J21<0,0,J21) -> 134.64 | N21: L | O21: =XM.HN!C18 -> 0 | P21: =(1*O21*36.5)/(1*10)/32%/100 -> 0 | Q21: =($G$21-P21)*612 -> 134.64 | R21: + | S21: =IF(Q21<0,0,Q21) -> 134.64 | U21: L | V21: =XM.HN!D18 -> 0 | W21: =(1*V21*36.5)/(1*10)/32%/100 -> 0 | X21: =($G$21-W21)*612 -> 134.64 | Y21: + | Z21: =IF(X21<0,0,X21) -> 134.64 | AB21: L | AC21: =XM.HN!E18 -> 0 | AD21: =(1*AC21*36.5)/(1*10)/32%/100 -> 0 | AE21: =($G$21-AD21)*612 -> 134.64 | AF21: + | AG21: =IF(AE21<0,0,AE21) -> 134.64 | AI21: L | AJ21: =XM.HN!F18 -> 0 | AK21: =(1*AJ21*36.5)/(1*10)/32%/100 -> 0 | AL21: =($G$21-AK21)*612 -> 134.64 | AM21: + | AN21: =IF(AL21<0,0,AL21) -> 134.64 | AP21: L | AQ21: =XM.HN!G18 -> 0 | AR21: =(1*AQ21*36.5)/(1*10)/32%/100 -> 0 | AS21: =($G$21-AR21)*612 -> 134.64 | AT21: + | AU21: =IF(AS21<0,0,AS21) -> 134.64 | AW21: L | AX21: ='R.FILE GOC'!W72 -> 1.9 | AY21: 0 | AZ21: 134.64 | BA21: + | BB21: 134.64 | BD21: L | BE21: 1.8
A22: 1E-HCL3 | B22: XL-001E | C22: Nồng độ HCl hoạt hóa 稀酸活化 濃度 | D22: %V/V | E22: ='XM.GUI MAIL'!E22 -> 5~15 | F22: ='XM.GUI MAIL'!F22 -> (30±4) | G22: ='XM.GUI MAIL'!G22 -> 0.1 | H22: =XM.HN!B19 -> 0 | I22: =(1*H22*36.5)/(5*10)/32%/100 -> 0 | J22: =($G$22-I22)*575 -> 57.5 | K22: + | L22: =IF(J22<0,0,J22) -> 57.5 | N22: L | O22: =XM.HN!C19 -> 0 | P22: =(1*O22*36.5)/(5*10)/32%/100 -> 0 | Q22: =($G$22-P22)*575 -> 57.5 | R22: + | S22: =IF(Q22<0,0,Q22) -> 57.5 | U22: L | V22: =XM.HN!D19 -> 0 | W22: =(1*V22*36.5)/(5*10)/32%/100 -> 0 | X22: =($G$22-W22)*575 -> 57.5 | Y22: + | Z22: =IF(X22<0,0,X22) -> 57.5 | AB22: L | AC22: =XM.HN!E19 -> 0 | AD22: =(1*AC22*36.5)/(5*10)/32%/100 -> 0 | AE22: =($G$22-AD22)*575 -> 57.5 | AF22: + | AG22: =IF(AE22<0,0,AE22) -> 57.5 | AI22: L | AJ22: =XM.HN!F19 -> 0 | AK22: =(1*AJ22*36.5)/(5*10)/32%/100 -> 0 | AL22: =($G$22-AK22)*575 -> 57.5 | AM22: + | AN22: =IF(AL22<0,0,AL22) -> 57.5 | AP22: L | AQ22: =XM.HN!G19 -> 0 | AR22: =(1*AQ22*36.5)/(5*10)/32%/100 -> 0 | AS22: =($G$22-AR22)*575 -> 57.5 | AT22: + | AU22: =IF(AS22<0,0,AS22) -> 57.5 | AW22: L | AY22: 0 | AZ22: 57.5 | BA22: + | BB22: 57.5 | BD22: L
A23: 1E-HNO3 | B23: XL-001E | C23: Nồng độ HNO3 硝酸濃度 | D23: % | E23: ='XM.GUI MAIL'!E23 -> 0.5~1.5 | F23: ='XM.GUI MAIL'!F23 -> (1±0.4) | G23: ='XM.GUI MAIL'!G23 -> 0.01 | H23: =XM.HN!B20 -> 0 | I23: =(H23*0.126)/100 -> 0 | J23: =($G$23-I23)*530/65%/1.51 -> 5.3998981 | K23: + | L23: =IF(J23<0,0,J23) -> 5.3998981 | N23: L | O23: =XM.HN!C20 -> 0 | P23: =(O23*0.126)/100 -> 0 | Q23: =($G$23-P23)*530/65%/1.51 -> 5.3998981 | R23: + | S23: =IF(Q23<0,0,Q23) -> 5.3998981 | U23: L | V23: =XM.HN!D20 -> 0 | W23: =(V23*0.126)/100 -> 0 | X23: =($G$23-W23)*530/65%/1.51 -> 5.3998981 | Y23: + | Z23: =IF(X23<0,0,X23) -> 5.3998981 | AB23: L | AC23: =XM.HN!E20 -> 0 | AD23: =(AC23*0.126)/100 -> 0 | AE23: =($G$23-AD23)*530/65%/1.51 -> 5.3998981 | AF23: + | AG23: =IF(AE23<0,0,AE23) -> 5.3998981 | AI23: L | AJ23: =XM.HN!F20 -> 0 | AK23: =(AJ23*0.126)/100 -> 0 | AL23: =($G$23-AK23)*530/65%/1.51 -> 5.3998981 | AM23: + | AN23: =IF(AL23<0,0,AL23) -> 5.3998981 | AP23: L | AQ23: =XM.HN!G20 -> 0 | AR23: =(AQ23*0.126)/100 -> 0 | AS23: =($G$23-AR23)*530/65%/1.51 -> 5.3998981 | AT23: + | AU23: =IF(AS23<0,0,AS23) -> 5.3998981 | AW23: L | AY23: 0 | AZ23: 5.3998981 | BA23: + | BB23: 5.3998981 | BD23: L
A24: 1E-CR3K | B24: XL-001E | C24: Nồng độ Cr2O3 （K) 三價鉻 | D24: % | E24: ='XM.GUI MAIL'!E24 -> 5~10 | F24: ='XM.GUI MAIL'!F24 -> (7.5±1) | G24: ='XM.GUI MAIL'!G24 -> 7.5 | H24: =XM.HN!B21 -> 0 | I24: =H24*(0.1*100)/(5*3.12) -> 0 | J24: =($G$24-I24)*575/95 -> 45.394737 | K24: + | L24: =IF(J24<0,0,J24) -> 45.394737 | N24: L | O24: =XM.HN!C21 -> 0 | P24: =O24*(0.1*100)/(5*3.12) -> 0 | Q24: =($G$24-P24)*575/95 -> 45.394737 | R24: + | S24: =IF(Q24<0,0,Q24) -> 45.394737 | U24: L | V24: =XM.HN!D21 -> 0 | W24: =V24*(0.1*100)/(5*3.12) -> 0 | X24: =($G$24-W24)*575/95 -> 45.394737 | Y24: + | Z24: =IF(X24<0,0,X24) -> 45.394737 | AB24: L | AC24: =XM.HN!E21 -> 0 | AD24: =AC24*(0.1*100)/(5*3.12) -> 0 | AE24: =($G$24-AD24)*575/95 -> 45.394737 | AF24: + | AG24: =IF(AE24<0,0,AE24) -> 45.394737 | AI24: L | AJ24: =XM.HN!F21 -> 0 | AK24: =AJ24*(0.1*100)/(5*3.12) -> 0 | AL24: =($G$24-AK24)*575/95 -> 45.394737 | AM24: + | AN24: =IF(AL24<0,0,AL24) -> 45.394737 | AP24: L | AQ24: =XM.HN!G21 -> 0 | AR24: =AQ24*(0.1*100)/(5*3.12) -> 0 | AS24: =($G$24-AR24)*575/95 -> 45.394737 | AT24: + | AU24: =IF(AS24<0,0,AS24) -> 45.394737 | AW24: L | AY24: 0 | AZ24: 45.394737 | BA24: + | BB24: 45.394737 | BD24: L
A25: 1E-CR3KPH | B25: XL-001E | C25: pH | D25: pH | E25: ='XM.GUI MAIL'!E25 -> 1.8~2.2 | F25: ='XM.GUI MAIL'!F25 -> (2±0.1) | I25: =XM.HN!B22 -> 0 | P25: =XM.HN!C22 -> 0 | W25: =XM.HN!D22 -> 0 | AD25: =XM.HN!E22 -> 0 | AK25: =XM.HN!F22 -> 0 | AR25: =XM.HN!G22 -> 0 | AY25: 0
A26: Hạng mục kiểm tra nhiệt độ 檢查溫度
A27: MÃ | B27: MÃ MÁY | C27: Hạng mục kiểm tra nhiệt độ 溫度檢查項目 | D27: nhiệt độ 溫度 | E27: Phạm vi kiểm soát 範圍值 | F27: Giới hạn kiểm soát 管控值 | I27: Nhiệt kế 温度計 | L27: Nhiệt tự động 自動温控 | P27: Nhiệt kế 温度計 | S27: Nhiệt tự động 自動温控 | W27: Nhiệt kế 温度計 | Z27: Nhiệt tự động 自動温控 | AD27: Nhiệt kế 温度計 | AG27: Nhiệt tự động 自動温控 | AK27: Nhiệt kế 温度計 | AN27: Nhiệt tự động 自動温控 | AR27: Nhiệt kế 温度計 | AU27: Nhiệt tự động 自動温控 | AY27: Nhiệt kế 温度計 | BB27: Nhiệt tự động 自動温控
A28: 1E-TEMXB1 | B28: XL-001E | C28: Nhiệt độ xà bông nóng (1) 熱脫脂溫度(1) | D28: 0C | E28: ='XM.GUI MAIL'!E28 -> 50~70 | F28: ='XM.GUI MAIL'!F28 -> (60±5)
A29: 1E-TEMXB2 | B29: XL-001E | C29: Nhiệt độ xà bông nóng (2) 熱脫脂溫度(2) | D29: 0C | E29: ='XM.GUI MAIL'!E29 -> 50~70 | F29: ='XM.GUI MAIL'!F29 -> (60±5)
A30: 1E-TEMDG1 | B30: XL-001E | C30: Nhiệt độ điện giải (1) 電解1 溫度 | D30: 0C | E30: ='XM.GUI MAIL'!E30 -> 40~60 | F30: ='XM.GUI MAIL'!F30 -> (50±5)
A31: 1E-TEMDG2 | B31: XL-001E | C31: Nhiệt độ điện giải (2) 電解 2 溫度 | D31: 0C | E31: ='XM.GUI MAIL'!E31 -> 40~60 | F31: ='XM.GUI MAIL'!F31 -> (50±5)
A32: 1E-TEMBX | B32: XL-001E | C32: Nhiệt độ bồn xi 鍍鋅槽溫度 | D32: 0C | E32: ='XM.GUI MAIL'!E32 -> 20~35 | F32: ='XM.GUI MAIL'!F32 -> (30±4)
A33: 1E-TEMCR3I | B33: XL-001E | C33: Nhiệt độ bồn màu Cr2O3 (I) 三價鉻 溫度 | D33: 0C | E33: ='XM.GUI MAIL'!E33 -> 30~40 | F33: ='XM.GUI MAIL'!F33 -> (34±3)
A34: 1E-TEMH2O | B34: XL-001E | C34: Nhiệt độ bồn nước nóng 熱水溫度 | D34: 0C | E34: ='XM.GUI MAIL'!E34 -> 50~70 | F34: ='XM.GUI MAIL'!F34 -> (60±10)
A35: 1E-TEMSAY | B35: XL-001E | C35: Sấy khô 烘乾 | D35: 0C | E35: ='XM.GUI MAIL'!E35 -> 80~100 | F35: ='XM.GUI MAIL'!F35 -> (90±5) | I35: \ | P35: \ | W35: \ | AD35: \ | AK35: \ | AR35: \ | AY35: \
A36: Hạng mục kiểm tra bơm thuốc tự động 藥液自動添加
A37: 1E-MEM | B37: XL-001E | C37: chất mềm (merlin starer) 開缸劑 | D37: ml/KAH | E37: ='XM.GUI MAIL'!E37 -> 300-360 | F37: ='XM.GUI MAIL'!F37 -> 300-360
A38: 1E-BONG | B38: XL-001E | C38: chaát boùng (merlin brightener) 光亮劑 | D38: ml/KAH | E38: ='XM.GUI MAIL'!E38 -> 30-50 | F38: ='XM.GUI MAIL'!F38 -> 30-50
A40: 生產線別：無氰鹼滾電F線 (XL-001F) | F40: =MENU!$AC$9 -> Thứ 3, | I40: =MENU!$AD$9 -> 2024/01/09 | AK40: 生產線別：無氰鹼滾電F線 (XL-001F)
G41: tiêu chuẩn khống chế để bổ sung | I41: 7:15 | P41: 11:15 | W41: 15:15 | AD41: 19:15 | AK41: 23:15 | AR41: 03:15 | AY41: 03:15
A42: MÃ | B42: MÃ MÁY | C42: Hạng mục kiểm tra nồng độ 化驗檢查項目 | D42: Đơn vị 單位 | E42: Phạm vi kiểm soát 範圍值 | F42: Giới hạn kiểm soát 管控值 | I42: 濃度 | J42: 補充 BS | K42: 補充 BS | P42: 濃度 | Q42: 補充 BS | R42: 補充 BS | W42: 濃度 | X42: 補充 BS | Y42: 補充 BS | AD42: 濃度 | AE42: 補充 BS | AF42: 補充 BS | AK42: 濃度 | AL42: 補充 BS | AM42: 補充 BS | AR42: 濃度 | AS42: 補充 BS | AT42: 補充 BS | AY42: 濃度 | AZ42: 補充 BS | BA42: 補充 BS
A43: 1F-XB1 | B43: XL-001F | C43: Xà bông (1)脫脂 CT-21A | D43: g/L | E43: ='XM.GUI MAIL'!E43 -> 60~80 | F43: ='XM.GUI MAIL'!F43 -> (70±5) | G43: ='XM.GUI MAIL'!G43 -> 70 | H43: =XM.HN!B26 -> 10.8 | I43: =H43*6.49 -> 70.092 | J43: =($G$43-I43)*2693/1000 -> -0.247756 | K43: + | L43: =IF(J43<0,0,J43) -> 0 | N43: kg | O43: =XM.HN!C26 -> 10.9 | P43: 69.2 | Q43: =($G$43-P43)*2693/1000 -> 2.1544 | R43: + | S43: =IF(Q43<0,0,Q43) -> 2.1544 | U43: kg | V43: =XM.HN!D26 -> 11.4 | W43: 73.2 | X43: =($G$43-W43)*2693/1000 -> -8.6176 | Y43: + | Z43: =IF(X43<0,0,X43) -> 0 | AB43: kg | AC43: =XM.HN!E26 -> 11.5 | AD43: 72.6 | AE43: =($G$43-AD43)*2693/1000 -> -7.0018 | AF43: + | AG43: =IF(AE43<0,0,AE43) -> 0 | AI43: kg | AJ43: =XM.HN!F26 -> 0 | AK43: 72 | AL43: =($G$43-AK43)*2693/1000 -> -5.386 | AM43: + | AN43: =IF(AL43<0,0,AL43) -> 0 | AP43: kg | AQ43: =XM.HN!G26 -> 11.2 | AR43: 71.3 | AS43: =($G$43-AR43)*2693/1000 -> -3.5009 | AT43: + | AU43: =IF(AS43<0,0,AS43) -> 0 | AW43: kg | AY43: 72 | AZ43: -5.386 | BA43: + | BB43: 0 | BD43: kg
C44: CT-21B | E44: CT-21A: 25kg/CT-21B: 5-10Lit | K44: + | L44: =L43/25*7.5 -> 0 | N44: L | R44: + | S44: =S43/25*7.5 -> 0.64632 | U44: L | Y44: + | Z44: =Z43/25*7.5 -> 0 | AB44: L | AF44: + | AG44: =AG43/25*7.5 -> 0 | AI44: L | AM44: + | AN44: =AN43/25*7.5 -> 0 | AT44: + | AU44: =AU43/25*7.5 -> 0 | AW44: L | BA44: + | BB44: 0 | BD44: L
A45: 1F-XB2 | B45: XL-001F | C45: Xà bông (2)脫脂 CT-21A | D45: g/L | E45: ='XM.GUI MAIL'!E45 -> 60~80 | F45: ='XM.GUI MAIL'!F45 -> (70±5) | G45: ='XM.GUI MAIL'!G45 -> 70 | H45: =XM.HN!B28 -> 11.45 | I45: 69.5 | J45: =($G$45-I45)*3305/1000 -> 1.6525 | K45: + | L45: =IF(J45<0,0,J45) -> 1.6525 | N45: kg | O45: =XM.HN!C28 -> 11.4 | P45: 73.2 | Q45: =($G$45-P45)*3305/1000 -> -10.576 | R45: + | S45: =IF(Q45<0,0,Q45) -> 0 | U45: kg | V45: =XM.HN!D28 -> 11.1 | W45: =V45*6.49 -> 72.039 | X45: =($G$45-W45)*3305/1000 -> -6.738895 | Y45: + | Z45: =IF(X45<0,0,X45) -> 0 | AB45: kg | AC45: =XM.HN!E28 -> 11 | AD45: =AC45*6.49 -> 71.39 | AE45: =($G$45-AD45)*3305/1000 -> -4.59395 | AF45: + | AG45: =IF(AE45<0,0,AE45) -> 0 | AI45: kg | AJ45: =XM.HN!F28 -> 0 | AK45: 71 | AL45: =($G$45-AK45)*3305/1000 -> -3.305 | AM45: + | AN45: =IF(AL45<0,0,AL45) -> 0 | AP45: kg | AQ45: =XM.HN!G28 -> 11 | AR45: 70.6 | AS45: =($G$45-AR45)*3305/1000 -> -1.983 | AT45: + | AU45: =IF(AS45<0,0,AS45) -> 0 | AW45: kg | AY45: 70 | AZ45: 0 | BA45: + | BB45: 0 | BD45: kg
C46: CT-21B | E46: CT-21A: 25kg/CT-21B: 5-10Lit | K46: + | L46: =L45/25*7.5 -> 0.49575 | N46: L | R46: + | S46: =S45/25*7.5 -> 0 | U46: L | Y46: + | Z46: =Z45/25*7.5 -> 0 | AB46: L | AF46: + | AG46: =AG45/25*7.5 -> 0 | AI46: L | AM46: + | AN46: =AN45/25*7.5 -> 0 | AT46: + | AU46: =AU45/25*7.5 -> 0 | AW46: L | BA46: + | BB46: 0 | BD46: L
A47: 1F-DG1 | B47: XL-001F | C47: điện giải(1)+電解 EC-508A | D47: g/L | E47: ='XM.GUI MAIL'!E47 -> 50~70 | F47: ='XM.GUI MAIL'!F47 -> (60±10) | G47: ='XM.GUI MAIL'!G47 -> 60 | H47: =XM.HN!B30 -> 12.25 | I47: =H47*4.62 -> 56.595 | J47: =($G$47-I47)*1156/1000 -> 3.93618 | K47: + | L47: =IF(J47<0,0,J47) -> 3.93618 | N47: kg | O47: =XM.HN!C30 -> 12.2 | P47: 62.8 | Q47: =($G$47-P47)*1156/1000 -> -3.2368 | R47: + | S47: =IF(Q47<0,0,Q47) -> 0 | U47: kg | V47: =XM.HN!D30 -> 13.25 | W47: =V47*4.62 -> 61.215 | X47: =($G$47-W47)*1156/1000 -> -1.40454 | Y47: + | Z47: =IF(X47<0,0,X47) -> 0 | AB47: kg | AC47: =XM.HN!E30 -> 13.6 | AD47: 61 | AE47: =($G$47-AD47)*1156/1000 -> -1.156 | AF47: + | AG47: =IF(AE47<0,0,AE47) -> 0 | AI47: kg | AJ47: =XM.HN!F30 -> 0 | AK47: 60.6 | AL47: =($G$47-AK47)*1156/1000 -> -0.6936 | AM47: + | AN47: =IF(AL47<0,0,AL47) -> 0 | AP47: kg | AQ47: =XM.HN!G30 -> 13.1 | AR47: 60 | AS47: =($G$47-AR47)*1156/1000 -> 0 | AT47: + | AU47: =IF(AS47<0,0,AS47) -> 0 | AW47: kg | AY47: 61.3 | AZ47: -1.5028 | BA47: + | BB47: 0 | BD47: kg
C48: EC-508B | E48: EC-508A: 25kg/EC-508B:4-10Lit | K48: + | L48: =L47/25*7 -> 1.1021304 | N48: L | R48: + | S48: =S47/25*7 -> 0 | U48: L | Y48: + | Z48: =Z47/25*7 -> 0 | AB48: L | AF48: + | AG48: =AG47/25*7 -> 0 | AI48: L | AM48: + | AN48: =AN47/25*7 -> 0 | AT48: + | AU48: =AU47/25*7 -> 0 | AW48: L | BA48: + | BB48: 0 | BD48: L
A49: 1F-DG2 | B49: XL-001F | C49: điện giải (2)+電解 EC-508A | D49: g/L | E49: ='XM.GUI MAIL'!E49 -> 50~70 | F49: ='XM.GUI MAIL'!F49 -> (60±10) | G49: ='XM.GUI MAIL'!G49 -> 60 | H49: =XM.HN!B32 -> 12.3 | I49: =H49*4.62 -> 56.826 | J49: =($G$49-I49)*1459/1000 -> 4.630866 | K49: + | L49: =IF(J49<0,0,J49) -> 4.630866 | N49: kg | O49: =XM.HN!C32 -> 12.6 | P49: =O49*4.62 -> 58.212 | Q49: =($G$49-P49)*1459/1000 -> 2.608692 | R49: + | S49: =IF(Q49<0,0,Q49) -> 2.608692 | U49: kg | V49: =XM.HN!D32 -> 13.9 | W49: =V49*4.62 -> 64.218 | X49: =($G$49-W49)*1459/1000 -> -6.154062 | Y49: + | Z49: =IF(X49<0,0,X49) -> 0 | AB49: kg | AC49: =XM.HN!E32 -> 13.4 | AD49: =AC49*4.62 -> 61.908 | AE49: =($G$49-AD49)*1459/1000 -> -2.783772 | AF49: + | AG49: =IF(AE49<0,0,AE49) -> 0 | AI49: kg | AJ49: =XM.HN!F32 -> 0 | AK49: 61.2 | AL49: =($G$49-AK49)*1459/1000 -> -1.7508 | AM49: + | AN49: =IF(AL49<0,0,AL49) -> 0 | AP49: kg | AQ49: =XM.HN!G32 -> 12.7 | AR49: 60.6 | AS49: =($G$49-AR49)*1459/1000 -> -0.8754 | AT49: + | AU49: =IF(AS49<0,0,AS49) -> 0 | AW49: kg | AY49: 62.3 | AZ49: -3.3557 | BA49: + | BB49: 0 | BD49: kg
C50: EC-508B | E50: EC-508A: 25kg/EC-508B:4-10Lit | K50: + | L50: =L49/25*7 -> 1.2966425 | N50: L | R50: + | S50: =S49/25*7 -> 0.73043376 | U50: L | Y50: + | Z50: =Z49/25*7 -> 0 | AB50: L | AF50: + | AG50: =AG49/25*7 -> 0 | AI50: L | AM50: + | AN50: =AN49/25*7 -> 0 | AT50: + | AU50: =AU49/25*7 -> 0 | AW50: L | BA50: + | BB50: 0 | BD50: L
A51: 1F-NAOH | B51: XL-001F | C51: Nồng độ NaOH 氫氧化鈉 | D51: g/L | E51: ='XM.GUI MAIL'!E51 -> 130 - 150 | F51: ='XM.GUI MAIL'!F51 -> (140±7) | G51: ='XM.GUI MAIL'!G51 -> 140 | H51: =XM.HN!B34 -> 18.05 | I51: =H51*8 -> 144.4 | J51: =($G$51-I51)*19951/1000 -> -87.7844 | K51: + | L51: =IF(J51<0,0,J51) -> 0 | N51: kg | O51: =XM.HN!C34 -> 18.2 | P51: =O51*8 -> 145.6 | Q51: =($G$51-P51)*19951/1000 -> -111.7256 | R51: + | S51: =IF(Q51<0,0,Q51) -> 0 | U51: kg | V51: =XM.HN!D34 -> 18.2 | W51: =V51*8 -> 145.6 | X51: =($G$51-W51)*19951/1000 -> -111.7256 | Y51: + | Z51: =IF(X51<0,0,X51) -> 0 | AB51: kg | AC51: =XM.HN!E34 -> 18.2 | AD51: =AC51*8 -> 145.6 | AE51: =($G$51-AD51)*19951/1000 -> -111.7256 | AF51: + | AG51: =IF(AE51<0,0,AE51) -> 0 | AI51: kg | AJ51: =XM.HN!F34 -> 0 | AK51: 144.2 | AL51: =($G$51-AK51)*19951/1000 -> -83.7942 | AM51: + | AN51: =IF(AL51<0,0,AL51) -> 0 | AP51: kg | AQ51: =XM.HN!G34 -> 18.3 | AR51: 143.2 | AS51: =($G$51-AR51)*19951/1000 -> -63.8432 | AT51: + | AU51: =IF(AS51<0,0,AS51) -> 0 | AW51: kg | AY51: 140.8 | AZ51: -15.9608 | BA51: + | BB51: 0 | BD51: kg
A52: 1F-ZN | B52: XL-001F | C52: Nồng độ Zn 鋅 (1 pcs Zn=25kg) | D52: g/L | E52: ='XM.GUI MAIL'!E52 -> 8~12 | F52: ='XM.GUI MAIL'!F52 -> (10±2) | G52: ='XM.GUI MAIL'!G52 -> 10 | H52: =XM.HN!B35 -> 8.9 | I52: =H52*1.3 -> 11.57 | J52: =($G$52-I52)*19951/1000 -> -31.32307 | K52: + | L52: =IF(J52<0,0,J52) -> 0 | N52: kg | O52: =XM.HN!C35 -> 8.6 | P52: =O52*1.3 -> 11.18 | Q52: =($G$52-P52)*19951/1000 -> -23.54218 | R52: + | S52: =IF(Q52<0,0,Q52) -> 0 | U52: kg | V52: =XM.HN!D35 -> 8.6 | W52: =V52*1.3 -> 11.18 | X52: =($G$52-W52)*19951/1000 -> -23.54218 | Y52: + | Z52: =IF(X52<0,0,X52) -> 0 | AB52: kg | AC52: =XM.HN!E35 -> 8.6 | AD52: =AC52*1.3 -> 11.18 | AE52: =($G$52-AD52)*19951/1000 -> -23.54218 | AF52: + | AG52: =IF(AE52<0,0,AE52) -> 0 | AI52: kg | AJ52: =XM.HN!F35 -> 0 | AK52: 11.1 | AL52: =($G$52-AK52)*19951/1000 -> -21.9461 | AM52: + | AN52: =IF(AL52<0,0,AL52) -> 0 | AP52: kg | AQ52: =XM.HN!G35 -> 8.4 | AR52: 11 | AS52: =($G$52-AR52)*19951/1000 -> -19.951 | AT52: + | AU52: =IF(AS52<0,0,AS52) -> 0 | AW52: kg | AY52: 10.8 | AZ52: -15.9608 | BA52: + | BB52: 0 | BD52: kg
A53: 1F-CR3I | B53: XL-001F | C53: Nồng độ Cr2O3 三價鉻 | D53: % | E53: ='XM.GUI MAIL'!E53 -> 6~10 | F53: ='XM.GUI MAIL'!F53 -> (7±1) | G53: ='XM.GUI MAIL'!G53 -> 7 | H53: =XM.HN!B36 -> 18.9 | I53: =(H53*0.4237)-1.0461 -> 6.96183 | J53: =($G$53-I53)*575/100 -> 0.2194775 | K53: + | L53: =IF(J53<0,0,J53) -> 0.2194775 | N53: L | O53: =XM.HN!C36 -> 19 | P53: =(O53*0.4237)-1.0461 -> 7.0042 | Q53: =($G$53-P53)*575/100 -> -0.02415 | R53: + | S53: =IF(Q53<0,0,Q53) -> 0 | U53: L | V53: =XM.HN!D36 -> 18.2 | W53: =(V53*0.4237)-1.0461 -> 6.66524 | X53: =($G$53-W53)*575/100 -> 1.92487 | Y53: + | Z53: =IF(X53<0,0,X53) -> 1.92487 | AB53: L | AC53: =XM.HN!E36 -> 18.8 | AD53: =(AC53*0.4237)-1.0461 -> 6.91946 | AE53: =($G$53-AD53)*575/100 -> 0.463105 | AF53: + | AG53: =IF(AE53<0,0,AE53) -> 0.463105 | AI53: L | AJ53: =XM.HN!F36 -> 0 | AK53: 7.2 | AL53: =($G$53-AK53)*575/100 -> -1.15 | AM53: + | AN53: =IF(AL53<0,0,AL53) -> 0 | AP53: L | AQ53: =XM.HN!G36 -> 20.2 | AR53: 7.1 | AS53: =($G$53-AR53)*575/100 -> -0.575 | AT53: + | AU53: =IF(AS53<0,0,AS53) -> 0 | AW53: L | AY53: 7.76686 | AZ53: -4.409445 | BA53: + | BB53: 0 | BD53: L
A54: 1F-CR3IPH | B54: XL-001F | C54: PH | D54: pH | E54: ='XM.GUI MAIL'!E54 -> 2~2.5 | F54: ='XM.GUI MAIL'!F54 -> (2.3±0.1 ) | G54: ='XM.GUI MAIL'!G54 -> 0 | I54: 2.35 | P54: =XM.HN!C44 -> 2.3 | W54: =XM.HN!D44 -> 2.3 | AD54: =XM.HN!E44 -> 2.2 | AK54: 2.23 | AR54: =XM.HN!G44 -> 2.2 | AY54: 2.4
A55: 1F-HCL1 | B55: XL-001F | C55: Nồng độ acid đặc 鹽酸 濃度 | D55: %V/V | E55: ='XM.GUI MAIL'!E55 -> 40~50 | F55: ='XM.GUI MAIL'!F55 -> (45±5) | G55: ='XM.GUI MAIL'!G55 -> 0.45 | H55: =XM.HN!B38 -> 3.8 | I55: =(1*H55*36.5)/(1*10)/32%/100 -> 0.4334375 | J55: =($G$55-I55)*2122 -> 35.145625 | K55: + | L55: =IF(J55<0,0,J55) -> 35.145625 | N55: L | O55: =XM.HN!C38 -> 4 | P55: =(1*O55*36.5)/(1*10)/32%/100 -> 0.45625 | Q55: =($G$55-P55)*2122 -> -13.2625 | R55: + | S55: =IF(Q55<0,0,Q55) -> 0 | U55: L | V55: =XM.HN!D38 -> 4.15 | W55: =(1*V55*36.5)/(1*10)/32%/100 -> 0.47335938 | X55: =($G$55-W55)*2122 -> -49.568594 | Y55: + | Z55: =IF(X55<0,0,X55) -> 0 | AB55: L | AC55: =XM.HN!E38 -> 4 | AD55: =(1*AC55*36.5)/(1*10)/32%/100 -> 0.45625 | AE55: =($G$55-AD55)*2122 -> -13.2625 | AF55: + | AG55: =IF(AE55<0,0,AE55) -> 0 | AI55: L | AJ55: =XM.HN!F38 -> 0 | AK55: 0.452 | AL55: =($G$55-AK55)*2122 -> -4.244 | AM55: + | AN55: =IF(AL55<0,0,AL55) -> 0 | AP55: L | AQ55: =XM.HN!G38 -> 3.8 | AR55: =(1*AQ55*36.5)/(1*10)/32%/100 -> 0.4334375 | AS55: =($G$55-AR55)*2122 -> 35.145625 | AT55: + | AU55: =IF(AS55<0,0,AS55) -> 35.145625 | AW55: L | AY55: 0.453 | AZ55: -6.366 | BA55: + | BB55: 0 | BD55: L
A56: 1F-HCL2 | B56: XL-001F | C56: Nồng độ acid loãng 稀酸 濃度 | D56: %V/V | E56: ='XM.GUI MAIL'!E56 -> (22±5) =17~27 | F56: ='XM.GUI MAIL'!F56 -> (22±5) | G56: ='XM.GUI MAIL'!G56 -> 0.22 | H56: =XM.HN!B39 -> 0 | I56: =(1*H56*36.5)/(1*10)/32%/100 -> 0 | J56: =($G$56-I56)*612 -> 134.64 | K56: + | L56: =IF(J56<0,0,J56) -> 134.64 | N56: L | O56: =XM.HN!C39 -> 0 | P56: =(1*O56*36.5)/(1*10)/32%/100 -> 0 | Q56: =($G$56-P56)*612 -> 134.64 | R56: + | S56: =IF(Q56<0,0,Q56) -> 134.64 | U56: L | V56: =XM.HN!D39 -> 0 | W56: =(1*V56*36.5)/(1*10)/32%/100 -> 0 | X56: =($G$56-W56)*612 -> 134.64 | Y56: + | Z56: =IF(X56<0,0,X56) -> 134.64 | AB56: L | AC56: =XM.HN!E39 -> 0 | AD56: =(1*AC56*36.5)/(1*10)/32%/100 -> 0 | AE56: =($G$56-AD56)*612 -> 134.64 | AF56: + | AG56: =IF(AE56<0,0,AE56) -> 134.64 | AI56: L | AJ56: =XM.HN!F39 -> 0 | AK56: =(1*AJ56*36.5)/(1*10)/32%/100 -> 0 | AL56: =($G$56-AK56)*612 -> 134.64 | AM56: + | AN56: =IF(AL56<0,0,AL56) -> 134.64 | AP56: L | AQ56: =XM.HN!G39 -> 0 | AR56: =(1*AQ56*36.5)/(1*10)/32%/100 -> 0 | AS56: =($G$56-AR56)*612 -> 134.64 | AT56: + | AU56: =IF(AS56<0,0,AS56) -> 134.64 | AW56: L | AY56: 0 | AZ56: 134.64 | BA56: + | BB56: 134.64 | BD56: L
A57: 1F-HCL3 | B57: XL-001F | C57: Nồng độ HCl hoạt hóa 稀酸活化 濃度 | D57: %V/V | E57: ='XM.GUI MAIL'!E57 -> 5~15 | F57: ='XM.GUI MAIL'!F57 -> (10±3) | G57: ='XM.GUI MAIL'!G57 -> 0.1 | H57: =XM.HN!B40 -> 0 | I57: =(1*H57*36.5)/(5*10)/32%/100 -> 0 | J57: =($G$57-I57)*575 -> 57.5 | K57: + | L57: =IF(J57<0,0,J57) -> 57.5 | N57: L | O57: =XM.HN!C40 -> 0 | P57: =(1*O57*36.5)/(5*10)/32%/100 -> 0 | Q57: =($G$57-P57)*575 -> 57.5 | R57: + | S57: =IF(Q57<0,0,Q57) -> 57.5 | U57: L | V57: =XM.HN!D40 -> 0 | W57: =(1*V57*36.5)/(5*10)/32%/100 -> 0 | X57: =($G$57-W57)*575 -> 57.5 | Y57: + | Z57: =IF(X57<0,0,X57) -> 57.5 | AB57: L | AC57: =XM.HN!E40 -> 0 | AD57: =(1*AC57*36.5)/(5*10)/32%/100 -> 0 | AE57: =($G$57-AD57)*575 -> 57.5 | AF57: + | AG57: =IF(AE57<0,0,AE57) -> 57.5 | AI57: L | AJ57: =XM.HN!F40 -> 0 | AK57: =(1*AJ57*36.5)/(5*10)/32%/100 -> 0 | AL57: =($G$57-AK57)*575 -> 57.5 | AM57: + | AN57: =IF(AL57<0,0,AL57) -> 57.5 | AP57: L | AQ57: =XM.HN!G40 -> 0 | AR57: =(1*AQ57*36.5)/(5*10)/32%/100 -> 0 | AS57: =($G$57-AR57)*575 -> 57.5 | AT57: + | AU57: =IF(AS57<0,0,AS57) -> 57.5 | AW57: L | AY57: 0 | AZ57: 57.5 | BA57: + | BB57: 57.5 | BD57: L
A58: 1F-HNO3 | B58: XL-001F | C58: Nồng độ HNO3 硝酸濃度 | D58: % | E58: ='XM.GUI MAIL'!E58 -> 0.5~1.5 | F58: ='XM.GUI MAIL'!F58 -> (1±0.4) | G58: ='XM.GUI MAIL'!G58 -> 0.01 | H58: =XM.HN!B41 -> 9.4 | I58: =(H58*0.126)/100 -> 0.011844 | J58: =($G$23-I58)*530/65%/1.51 -> -0.99574121 | K58: + | L58: =IF(J58<0,0,J58) -> 0 | N58: L | O58: =XM.HN!C41 -> 8.4 | P58: =(O58*0.126)/100 -> 0.010584 | Q58: =($G$23-P58)*530/65%/1.51 -> -0.31535405 | R58: + | S58: =IF(Q58<0,0,Q58) -> 0 | U58: L | V58: =XM.HN!D41 -> 8.2 | W58: =(V58*0.126)/100 -> 0.010332 | X58: =($G$23-W58)*530/65%/1.51 -> -0.17927662 | Y58: + | Z58: =IF(X58<0,0,X58) -> 0 | AB58: L | AC58: =XM.HN!E41 -> 9.8 | AD58: =(AC58*0.126)/100 -> 0.012348 | AE58: =($G$23-AD58)*530/65%/1.51 -> -1.2678961 | AF58: + | AG58: =IF(AE58<0,0,AE58) -> 0 | AI58: L | AJ58: =XM.HN!F41 -> 0 | AK58: 0.012 | AL58: =($G$23-AK58)*530/65%/1.51 -> -1.0799796 | AM58: + | AN58: =IF(AL58<0,0,AL58) -> 0 | AP58: L | AQ58: =XM.HN!G41 -> 7.5 | AR58: =(AQ58*0.126)/100 -> 0.00945 | AS58: =($G$23-AR58)*530/65%/1.51 -> 0.2969944 | AT58: + | AU58: =IF(AS58<0,0,AS58) -> 0.2969944 | AW58: L | AY58: 0.01008 | AZ58: -0.043199185 | BA58: + | BB58: 0 | BD58: L
A59: 1F-CR3K | B59: XL-001F | C59: Nồng độ Cr2O3 （K) 三價鉻 FINIDIP 124 | D59: % | E59: ='XM.GUI MAIL'!E59 -> 5~8 | F59: ='XM.GUI MAIL'!F59 -> (6±0.5) | G59: ='XM.GUI MAIL'!G59 -> 6 | H59: =XM.HN!B42 -> 5.9 | I59: =H59*0.8+1.4 -> 6.12 | J59: =($G$59-I59)*575/95 -> -0.72631579 | K59: + | L59: =IF(J59<0,0,J59) -> 0 | N59: L | O59: =XM.HN!C42 -> 0 | P59: KO SX | Q59: =($G$59-P59)*575/95 -> #VALUE! | R59: + | U59: L | V59: =XM.HN!D42 -> 0 | W59: KO SX | X59: =($G$59-W59)*575/95 -> #VALUE! | Y59: + | AB59: L | AC59: =XM.HN!E42 -> 0 | AD59: KO SX | AE59: =($G$59-AD59)*575/95 -> #VALUE! | AF59: + | AI59: L | AJ59: =XM.HN!F42 -> 0 | AK59: KO SX | AL59: =($G$59-AK59)*575/95 -> #VALUE! | AM59: + | AP59: L | AQ59: =XM.HN!G42 -> 0 | AR59: KO SX | AS59: =($G$59-AR59)*575/95 -> #VALUE! | AT59: + | AW59: L | AY59: KO SX | AZ59: #VALUE! | BA59: + | BD59: L
A60: 1F-CR3KPH | B60: XL-001F | C60: PH | D60: pH | E60: ='XM.GUI MAIL'!E60 -> 1.8~2.4 | F60: ='XM.GUI MAIL'!F60 -> (2.1±0.1 ) | I60: =XM.HN!B43 -> 2.2 | P60: KO SX | Q60: =($G$59-P60)*575/95 -> #VALUE! | R60: + | W60: KO SX | X60: =($G$59-W60)*575/95 -> #VALUE! | Y60: + | AD60: KO SX | AE60: =($G$59-AD60)*575/95 -> #VALUE! | AF60: + | AK60: KO SX | AL60: =($G$59-AK60)*575/95 -> #VALUE! | AM60: + | AR60: KO SX | AS60: =($G$59-AR60)*575/95 -> #VALUE! | AT60: + | AY60: KO SX
A61: Hạng mục kiểm tra nhiệt độ 檢查溫度
A62: MÃ | B62: MÃ MÁY | C62: Hạng mục kiểm tra nhiệt độ 溫度檢查項目 | D62: nhiệt độ 溫度 | E62: Phạm vi kiểm soát 範圍值 | F62: Giới hạn kiểm soát 管控值 | I62: Nhiệt kế 温度計 | L62: Nhiệt tự động 自動温控 | P62: Nhiệt kế 温度計 | S62: Nhiệt tự động 自動温控 | W62: Nhiệt kế 温度計 | Z62: Nhiệt tự động 自動温控 | AD62: Nhiệt kế 温度計 | AG62: Nhiệt tự động 自動温控 | AK62: Nhiệt kế 温度計 | AN62: Nhiệt tự động 自動温控 | AR62: Nhiệt kế 温度計 | AU62: Nhiệt tự động 自動温控 | AY62: Nhiệt kế 温度計 | BB62: Nhiệt tự động 自動温控
A63: 1F-TEMXB1 | B63: XL-001F | C63: Nhiệt độ xà bông nóng (1) 熱脫脂溫度(1) | D63: 0C | E63: ='XM.GUI MAIL'!E63 -> 50~70 | F63: ='XM.GUI MAIL'!F63 -> (60±5) | I63: 58 | L63: 56 | P63: 58 | S63: 58 | W63: 54 | Z63: 53 | AD63: 54 | AG63: 52 | AR63: 54 | AU63: 52 | AY63: 59 | BB63: 58
A64: 1F-TEMXB2 | B64: XL-001F | C64: Nhiệt độ xà bông nóng (2) 熱脫脂溫度(2) | D64: 0C | E64: ='XM.GUI MAIL'!E64 -> 50~70 | F64: ='XM.GUI MAIL'!F64 -> (60±5) | I64: 59 | L64: 60 | P64: 60 | S64: 60 | W64: 59 | Z64: 60 | AD64: 62 | AG64: 61 | AR64: 62 | AU64: 61 | AY64: 61 | BB64: 60
A65: 1F-TEMDG1 | B65: XL-001F | C65: Nhiệt độ điện giải (1) 電解1 溫度 | D65: 0C | E65: ='XM.GUI MAIL'!E65 -> 40~60 | F65: ='XM.GUI MAIL'!F65 -> (50±5) | I65: 53 | L65: 52 | P65: 52 | S65: 52 | W65: 54 | Z65: 52 | AD65: 53 | AG65: 52 | AR65: 53 | AU65: 52 | AY65: 52 | BB65: 51
A66: 1F-TEMDG2 | B66: XL-001F | C66: Nhiệt độ điện giải (2) 電解 2 溫度 | D66: 0C | E66: ='XM.GUI MAIL'!E66 -> 40~60 | F66: ='XM.GUI MAIL'!F66 -> (50±5) | I66: 51 | L66: 49 | P66: 50 | S66: 50 | W66: 54 | Z66: 52 | AD66: 51 | AG66: 50 | AR66: 49 | AU66: 48 | AY66: 50 | BB66: 49
A67: 1F-TEMBX | B67: XL-001F | C67: Nhiệt độ bồn xi 鍍鋅槽溫度 | D67: 0C | E67: ='XM.GUI MAIL'!E67 -> 22~35 | F67: ='XM.GUI MAIL'!F67 -> (30±4) | I67: 32 | L67: 31 | P67: 32 | S67: 31 | W67: 29 | Z67: 29 | AD67: 32 | AG67: 31 | AR67: 31 | AU67: 30 | AY67: 34 | BB67: 33
A68: 1F-TEMCR3I | B68: XL-001F | C68: Nhiệt độ bồn màu Cr2O3 三價鉻 溫度 | D68: 0C | E68: ='XM.GUI MAIL'!E68 -> 30-38 | F68: ='XM.GUI MAIL'!F68 -> (34±2) | I68: 33 | L68: 32 | P68: 33 | S68: 33 | W68: 34 | Z68: 33 | AD68: 34 | AG68: 33 | AR68: 34 | AU68: 33 | AY68: 34 | BB68: 33
A69: 1F-TEMH2O | B69: XL-001F | C69: Nhiệt độ bồn nước nóng 熱水溫度 | D69: 0C | E69: ='XM.GUI MAIL'!E69 -> 50~70 | F69: ='XM.GUI MAIL'!F69 -> (60±10) | I69: 52 | L69: 51 | P69: 55 | S69: 54 | W69: 57 | Z69: 58 | AD69: 55 | AG69: 54 | AR69: 52 | AU69: 51 | AY69: 52 | BB69: 51
A70: 1F-TEMSAY | B70: XL-001F | C70: Sấy khô 烘乾 | D70: 0C | E70: ='XM.GUI MAIL'!E70 -> 80~100 | F70: ='XM.GUI MAIL'!F70 -> (90±5) | I70: \ | L70: 84 | P70: \ | S70: 89 | W70: \ | Z70: 93 | AD70: \ | AG70: 90 | AK70: \ | AR70: \ | AU70: 90 | AY70: \ | BB70: 91
A71: Hạng mục kiểm tra bơm thuốc tự động 藥液自動添加
A72: 1F-MEM | B72: XL-001F | C72: 開缸劑 250 Base | D72: ml/1000AH | E72: ='XM.GUI MAIL'!E72 -> 100-200 | F72: ='XM.GUI MAIL'!F72 -> 100-200 | I72: 120 | P72: 122 | W72: 115 | AD72: 115 | AR72: 115 | AY72: 120
A73: 1F-BONG | B73: XL-001F | C73: 光亮劑 250 Brightener | D73: ml/1000AH | E73: ='XM.GUI MAIL'!E73 -> 20-50 | F73: ='XM.GUI MAIL'!F73 -> 20-50 | I73: 38 | P73: 40 | W73: 40 | AD73: 42 | AR73: 40 | AY73: 42
A75: 生產線別：無氰鹼吊電C線 (XT-000C) | F75: =MENU!$AC$9 -> Thứ 3, | I75: =MENU!$AD$9 -> 2024/01/09 | AK75: 生產線別：無氰鹼吊電C線 (XT-000C)
G76: tiêu chuẩn khống chế để bổ sung | I76: 7:15 | P76: 11:15 | W76: 15:15 | AD76: 19:15 | AK76: 23:15 | AR76: 03:15 | AY76: 03:15
A77: MÃ | B77: MÃ MÁY | C77: Hạng mục kiểm tra nồng độ 化驗檢查項目 | D77: Đơn vị 單位 | E77: Phạm vi kiểm soát 範圍值 | F77: Giới hạn kiểm soát 管控值 | I77: 濃度 | J77: 補充 BS | K77: 補充 BS | P77: 濃度 | Q77: 補充 BS | R77: 補充 BS | W77: 濃度 | X77: 補充 BS | Y77: 補充 BS | AD77: 濃度 | AE77: 補充 BS | AF77: 補充 BS | AK77: 濃度 | AL77: 補充 BS | AM77: 補充 BS | AR77: 濃度 | AS77: 補充 BS | AT77: 補充 BS | AY77: 濃度 | AZ77: 補充 BS | BA77: 補充 BS
A78: XT-XB1 | B78: XT-000C | C78: Xà bông 脫脂 (2,3,4) CT-21A | D78: g/L | E78: ='XM.GUI MAIL'!E78 -> 40~60 | F78: ='XM.GUI MAIL'!F78 -> (50±5) | G78: ='XM.GUI MAIL'!G78 -> 50 | H78: =XM.HN!B47 -> 8.1 | I78: 49.5 | J78: =($G$78-I78)*15517/1000 -> 7.7585 | K78: + | L78: =IF(J78<0,0,J78) -> 7.7585 | N78: kg | O78: =XM.HN!C47 -> 8 | P78: =O78*6.49 -> 51.92 | Q78: =($G$78-P78)*15517/1000 -> -29.79264 | R78: + | S78: =IF(Q78<0,0,Q78) -> 0 | U78: kg | V78: =XM.HN!D47 -> 7.95 | W78: =V78*6.49 -> 51.5955 | X78: =($G$78-W78)*15517/1000 -> -24.757374 | Y78: + | Z78: =IF(X78<0,0,X78) -> 0 | AB78: kg | AC78: =XM.HN!E47 -> 8 | AD78: 51 | AE78: =($G$78-AD78)*15517/1000 -> -15.517 | AF78: + | AG78: =IF(AE78<0,0,AE78) -> 0 | AI78: kg | AJ78: =XM.HN!F47 -> 0 | AK78: 50.5 | AL78: =($G$78-AK78)*15517/1000 -> -7.7585 | AM78: + | AN78: =IF(AL78<0,0,AL78) -> 0 | AP78: kg | AQ78: =XM.HN!G47 -> 8 | AR78: 50 | AS78: =($G$78-AR78)*15517/1000 -> 0 | AT78: + | AU78: =IF(AS78<0,0,AS78) -> 0 | AW78: kg | AY78: 50.6 | AZ78: -9.3102 | BA78: + | BB78: 0 | BD78: kg
C79: CT-21B | E79: CT-21A: 25kg/CT-21B: 7-10L | K79: + | L79: =L78/25*8.5 -> 2.63789 | N79: L | R79: + | S79: =S78/25*8.5 -> 0 | U79: L | Y79: + | Z79: =Z78/25*8.5 -> 0 | AB79: L | AF79: + | AG79: =AG78/25*8.5 -> 0 | AI79: L | AM79: + | AN79: =AN78/25*8.5 -> 0 | AP79: L | AT79: + | AU79: =AU78/25*8.5 -> 0 | AW79: L | BA79: + | BB79: 0 | BD79: L
A80: XT-XB2 | B80: XT-000C | C80: Xà bông 脫脂 (5,6) CT-21A | D80: g/L | E80: ='XM.GUI MAIL'!E80 -> 40~60 | F80: ='XM.GUI MAIL'!F80 -> (50±5) | G80: ='XM.GUI MAIL'!G80 -> 50 | H80: =XM.HN!B49 -> 7.75 | I80: =H80*6.49 -> 50.2975 | J80: =($G$80-I80)*11475/1000 -> -3.4138125 | K80: + | L80: =IF(J80<0,0,J80) -> 0 | N80: kg | O80: =XM.HN!C49 -> 7.75 | P80: =O80*6.49 -> 50.2975 | Q80: =($G$80-P80)*11475/1000 -> -3.4138125 | R80: + | S80: =IF(Q80<0,0,Q80) -> 0 | U80: kg | V80: =XM.HN!D49 -> 7.75 | W80: =V80*6.49 -> 50.2975 | X80: =($G$80-W80)*11475/1000 -> -3.4138125 | Y80: + | Z80: =IF(X80<0,0,X80) -> 0 | AB80: kg | AC80: =XM.HN!E49 -> 7.8 | AD80: 50 | AE80: =($G$80-AD80)*11475/1000 -> 0 | AF80: + | AG80: =IF(AE80<0,0,AE80) -> 0 | AI80: kg | AJ80: =XM.HN!F49 -> 0 | AK80: 49.6 | AL80: =($G$80-AK80)*11475/1000 -> 4.59 | AM80: + | AN80: =IF(AL80<0,0,AL80) -> 4.59 | AP80: kg | AQ80: =XM.HN!G49 -> 7.9 | AR80: =AQ80*6.49 -> 51.271 | AS80: =($G$80-AR80)*11475/1000 -> -14.584725 | AT80: + | AU80: =IF(AS80<0,0,AS80) -> 0 | AW80: kg | AY80: 50 | AZ80: 0 | BA80: + | BB80: 0 | BD80: kg
C81: CT-21B | E81: CT-21A: 25kg/CT-21B: 7-10L | K81: + | L81: =L80/25*8.5 -> 0 | N81: L | R81: + | S81: =S80/25*8.5 -> 0 | U81: L | Y81: + | Z81: =Z80/25*8.5 -> 0 | AB81: L | AF81: + | AG81: =AG80/25*8.5 -> 0 | AI81: L | AM81: + | AN81: =AN80/25*8.5 -> 1.5606 | AP81: L | AT81: + | AU81: =AU80/25*8.5 -> 0 | AW81: L | BA81: + | BB81: 0 | BD81: L
A82: XT-DG1 | B82: XT-000C | C82: Điện giải 電解 (8) EC-508A | D82: g/L | E82: ='XM.GUI MAIL'!E82 -> 50~70 | F82: ='XM.GUI MAIL'!F82 -> (60±5) | G82: ='XM.GUI MAIL'!G82 -> 60 | H82: =XM.HN!B51 -> 13.75 | I82: =H82*4.62 -> 63.525 | J82: =($G$82-I82)*8200/1000 -> -28.905 | K82: + | L82: =IF(J82<0,0,J82) -> 0 | N82: kg | O82: =XM.HN!C51 -> 13.7 | P82: =O82*4.62 -> 63.294 | Q82: =($G$82-P82)*8200/1000 -> -27.0108 | R82: + | S82: =IF(Q82<0,0,Q82) -> 0 | U82: kg | V82: =XM.HN!D51 -> 13.4 | W82: =V82*4.62 -> 61.908 | X82: =($G$82-W82)*8200/1000 -> -15.6456 | Y82: + | Z82: =IF(X82<0,0,X82) -> 0 | AB82: kg | AC82: =XM.HN!E51 -> 13.4 | AD82: 61.2 | AE82: =($G$82-AD82)*8200/1000 -> -9.84 | AF82: + | AG82: =IF(AE82<0,0,AE82) -> 0 | AI82: kg | AJ82: =XM.HN!F51 -> 0 | AK82: 60.5 | AL82: =($G$82-AK82)*8200/1000 -> -4.1 | AM82: + | AN82: =IF(AL82<0,0,AL82) -> 0 | AP82: kg | AQ82: =XM.HN!G51 -> 13.3 | AR82: 60 | AS82: =($G$82-AR82)*8200/1000 -> 0 | AT82: + | AU82: =IF(AS82<0,0,AS82) -> 0 | AW82: kg | AY82: 59.136 | AZ82: 7.0848 | BA82: + | BB82: 7.0848 | BD82: kg
C83: EC-508B | E83: EC-508A: 25kg/EC-508B:6-10L | K83: + | N83: L | R83: + | U83: L | Y83: + | AB83: L | AF83: + | AI83: L | AM83: + | AP83: L | AT83: + | AW83: L | BA83: + | BD83: L
A84: XT-DG2 | B84: XT-000C | C84: Điện giải 電解 (20,21) EC-508A | D84: g/L | E84: ='XM.GUI MAIL'!E84 -> 50~70 | F84: ='XM.GUI MAIL'!F84 -> (60±5) | G84: ='XM.GUI MAIL'!G84 -> 60 | H84: =XM.HN!B53 -> 13.35 | I84: 59.7 | J84: =($G$84-I84)*8668/1000 -> 2.6004 | K84: + | L84: =IF(J84<0,0,J84) -> 2.6004 | N84: kg | O84: =XM.HN!C53 -> 13.65 | P84: =O84*4.62 -> 63.063 | Q84: =($G$84-P84)*8668/1000 -> -26.550084 | R84: + | S84: =IF(Q84<0,0,Q84) -> 0 | U84: kg | V84: =XM.HN!D53 -> 13.1 | W84: =V84*4.62 -> 60.522 | X84: =($G$84-W84)*8668/1000 -> -4.524696 | Y84: + | Z84: =IF(X84<0,0,X84) -> 0 | AB84: kg | AC84: =XM.HN!E53 -> 13 | AD84: =AC84*4.62 -> 60.06 | AE84: =($G$84-AD84)*8668/1000 -> -0.52008 | AF84: + | AG84: =IF(AE84<0,0,AE84) -> 0 | AI84: kg | AJ84: =XM.HN!F53 -> 0 | AK84: 60 | AL84: =($G$84-AK84)*8668/1000 -> 0 | AM84: + | AN84: =IF(AL84<0,0,AL84) -> 0 | AP84: kg | AQ84: =XM.HN!G53 -> 13 | AR84: 60 | AS84: =($G$84-AR84)*8668/1000 -> 0 | AT84: + | AU84: =IF(AS84<0,0,AS84) -> 0 | AW84: kg | AY84: 60 | AZ84: 0 | BA84: + | BB84: 0 | BD84: kg
C85: EC-508B | E85: EC-508A: 25kg/EC-508B:6-10L | K85: + | N85: L | R85: + | U85: L | Y85: + | AB85: L | AF85: + | AI85: L | AM85: + | AP85: L | AT85: + | AW85: L | BA85: + | BD85: L
A86: XT-NAOH | B86: XT-000C | C86: NaOH (26-37) 氫氧化鈉 | D86: g/L | E86: ='XM.GUI MAIL'!E86 -> 135~ 145 | F86: ='XM.GUI MAIL'!F86 -> (140±5) | G86: ='XM.GUI MAIL'!G86 -> 140 | H86: =XM.HN!B55 -> 17.95 | I86: =H86*8 -> 143.6 | J86: =($G$86-I86)*53066/1000 -> -191.0376 | K86: + | L86: =IF(J86<0,0,J86) -> 0 | N86: kg | O86: =XM.HN!C55 -> 18.1 | P86: =O86*8 -> 144.8 | Q86: =($G$86-P86)*53066/1000 -> -254.7168 | R86: + | S86: =IF(Q86<0,0,Q86) -> 0 | U86: kg | V86: =XM.HN!D55 -> 17.9 | W86: =V86*8 -> 143.2 | X86: =($G$86-W86)*53066/1000 -> -169.8112 | Y86: + | Z86: =IF(X86<0,0,X86) -> 0 | AB86: kg | AC86: =XM.HN!E55 -> 17.8 | AD86: =AC86*8 -> 142.4 | AE86: =($G$86-AD86)*53066/1000 -> -127.3584 | AF86: + | AG86: =IF(AE86<0,0,AE86) -> 0 | AI86: kg | AJ86: =XM.HN!F55 -> 0 | AK86: 142 | AL86: =($G$86-AK86)*53066/1000 -> -106.132 | AM86: + | AN86: =IF(AL86<0,0,AL86) -> 0 | AP86: kg | AQ86: =XM.HN!G55 -> 17.8 | AR86: 141.8 | AS86: =($G$86-AR86)*53066/1000 -> -95.5188 | AT86: + | AU86: =IF(AS86<0,0,AS86) -> 0 | AW86: kg | AY86: 139.2 | AZ86: 42.4528 | BA86: + | BB86: 42.4528 | BD86: kg
A87: XT-ZN | B87: XT-000C | C87: Zn 鋅 (26-37) (1 pcs Zn=25kg) | D87: g/L | E87: ='XM.GUI MAIL'!E87 -> 7~10 | F87: ='XM.GUI MAIL'!F87 -> (8.5±1) | G87: ='XM.GUI MAIL'!G87 -> 8.5 | H87: =XM.HN!B56 -> 6.6 | I87: =H87*1.3 -> 8.58 | J87: =($G$87-I87)*53066/1000 -> -4.24528 | K87: + | L87: =IF(J87<0,0,J87) -> 0 | N87: kg | O87: =XM.HN!C56 -> 6.4 | P87: =O87*1.3 -> 8.32 | Q87: =($G$87-P87)*53066/1000 -> 9.55188 | R87: + | S87: =IF(Q87<0,0,Q87) -> 9.55188 | U87: kg | V87: =XM.HN!D56 -> 6.45 | W87: =V87*1.3 -> 8.385 | X87: =($G$87-W87)*53066/1000 -> 6.10259 | Y87: + | Z87: =IF(X87<0,0,X87) -> 6.10259 | AB87: kg | AC87: =XM.HN!E56 -> 6.5 | AD87: =AC87*1.3 -> 8.45 | AE87: =($G$87-AD87)*53066/1000 -> 2.6533 | AF87: + | AG87: =IF(AE87<0,0,AE87) -> 2.6533 | AI87: kg | AJ87: =XM.HN!F56 -> 0 | AK87: 8.6 | AL87: =($G$87-AK87)*53066/1000 -> -5.3066 | AM87: + | AN87: =IF(AL87<0,0,AL87) -> 0 | AP87: kg | AQ87: =XM.HN!G56 -> 6.5 | AR87: =AQ87*1.3 -> 8.45 | AS87: =($G$87-AR87)*53066/1000 -> 2.6533 | AT87: + | AU87: =IF(AS87<0,0,AS87) -> 2.6533 | AW87: kg | AY87: 8.7 | AZ87: -10.6132 | BA87: + | BB87: 0 | BD87: kg
A88: XT-CR3I | B88: XT-000C | C88: Nồng độ Cr2O3 三價鉻(46) LANTHANE 318 (HALO) | D88: % | E88: ='XM.GUI MAIL'!E88 -> 5~8 | F88: ='XM.GUI MAIL'!F88 -> (6±1) | G88: ='XM.GUI MAIL'!G88 -> 6 | H88: =XM.HN!B57 -> 17.7 | I88: =(H88*0.4237)-1.0461 -> 6.45339 | J88: =($G$88-I88)*3360/100 -> -15.233904 | K88: + | L88: =IF(J88<0,0,J88) -> 0 | N88: L | O88: =XM.HN!C57 -> 17.65 | P88: =(O88*0.4237)-1.0461 -> 6.432205 | Q88: =($G$88-P88)*3360/100 -> -14.522088 | R88: + | S88: =IF(Q88<0,0,Q88) -> 0 | U88: L | V88: =XM.HN!D57 -> 17 | W88: =(V88*0.4237)-1.0461 -> 6.1568 | X88: =($G$88-W88)*3360/100 -> -5.26848 | Y88: + | Z88: =IF(X88<0,0,X88) -> 0 | AB88: L | AC88: =XM.HN!E57 -> 18.3 | AD88: 6.1 | AE88: =($G$88-AD88)*3360/100 -> -3.36 | AF88: + | AG88: =IF(AE88<0,0,AE88) -> 0 | AI88: L | AJ88: =XM.HN!F57 -> 0 | AK88: 6 | AL88: =($G$88-AK88)*3360/100 -> 0 | AM88: + | AN88: =IF(AL88<0,0,AL88) -> 0 | AP88: L | AQ88: =XM.HN!G57 -> 17.9 | AR88: 5.9 | AS88: =($G$88-AR88)*3360/100 -> 3.36 | AT88: + | AU88: =IF(AS88<0,0,AS88) -> 3.36 | AW88: L | AY88: 6.1 | AZ88: -3.36 | BA88: + | BB88: 0 | BD88: L
A89: XT-CR3IPH | B89: XT-000C | C89: =MENU!AE44 -> Pha mới: 2023/12/08 | D89: pH | E89: ='XM.GUI MAIL'!E89 -> 2.0~2.4 | F89: ='XM.GUI MAIL'!F89 -> (2.2±0.1) | G89: ='XM.GUI MAIL'!G89 -> 0 | I89: 2.26 | P89: =XM.HN!C66 -> 2.24 | W89: 2.25 | AD89: 2.23 | AK89: 2.25 | AR89: =XM.HN!G66 -> 2.2 | AY89: 2.16
A90: XT-HCL1 | B90: XT-000C | C90: Nồng độ acid đặc (13) 鹽酸 濃度 | D90: %V/V | E90: ='XM.GUI MAIL'!E90 -> 40~50 | F90: ='XM.GUI MAIL'!F90 -> (45±5) | G90: ='XM.GUI MAIL'!G90 -> 0.45 | H90: =XM.HN!B59 -> 2.18 | I90: 0.465 | J90: =($G$90-I90)*3361 -> -50.415 | K90: + | L90: =IF(J90<0,0,J90) -> 0 | N90: L | O90: =XM.HN!C59 -> 2.14 | P90: 0.464 | Q90: =($G$90-P90)*3361 -> -47.054 | R90: + | S90: =IF(Q90<0,0,Q90) -> 0 | U90: L | V90: =XM.HN!D59 -> 2.1 | W90: 0.46 | X90: =($G$90-W90)*3361 -> -33.61 | Y90: + | Z90: =IF(X90<0,0,X90) -> 0 | AB90: L | AC90: =XM.HN!E59 -> 2.18 | AD90: 0.456 | AE90: =($G$90-AD90)*3361 -> -20.166 | AF90: + | AG90: =IF(AE90<0,0,AE90) -> 0 | AI90: L | AJ90: =XM.HN!F59 -> 0 | AK90: 0.452 | AL90: =($G$90-AK90)*3361 -> -6.722 | AM90: + | AN90: =IF(AL90<0,0,AL90) -> 0 | AP90: L | AQ90: =XM.HN!G59 -> 2.14 | AR90: 0.45 | AS90: =($G$90-AR90)*3361 -> 0 | AT90: + | AU90: =IF(AS90<0,0,AS90) -> 0 | AW90: L | AY90: 0.47 | AZ90: -67.22 | BA90: + | BB90: 0 | BD90: L
C91: Nồng độ acid đặc (14) 鹽酸 濃度 | D91: %V/V | E91: ='XM.GUI MAIL'!E92 -> 40~50 | F91: ='XM.GUI MAIL'!F92 -> (45±5) | G91: ='XM.GUI MAIL'!G92 -> 0.45 | H91: =XM.HN!B60 -> 2.02 | I91: =(1*H91*36.5)/(0.5*10)/32%/100 -> 0.4608125 | J91: =($G$90-I91)*3361 -> -36.340812 | K91: + | L91: =IF(J91<0,0,J91) -> 0 | N91: L | O91: =XM.HN!C60 -> 1.98 | P91: =(1*O91*36.5)/(0.5*10)/32%/100 -> 0.4516875 | Q91: =($G$90-P91)*3361 -> -5.6716875 | R91: + | S91: =IF(Q91<0,0,Q91) -> 0 | U91: L | V91: =XM.HN!D60 -> 2 | W91: =(1*V91*36.5)/(0.5*10)/32%/100 -> 0.45625 | X91: =($G$90-W91)*3361 -> -21.00625 | Y91: + | Z91: =IF(X91<0,0,X91) -> 0 | AB91: L | AC91: =XM.HN!E60 -> 2.04 | AD91: 0.452 | AE91: =($G$90-AD91)*3361 -> -6.722 | AF91: + | AG91: =IF(AE91<0,0,AE91) -> 0 | AI91: L | AJ91: =XM.HN!F60 -> 0 | AK91: 0.45 | AL91: =($G$90-AK91)*3361 -> 0 | AM91: + | AN91: =IF(AL91<0,0,AL91) -> 0 | AP91: L | AQ91: =XM.HN!G60 -> 1.96 | AR91: 0.446 | AS91: =($G$90-AR91)*3361 -> 13.444 | AT91: + | AU91: =IF(AS91<0,0,AS91) -> 13.444 | AW91: L | AY91: 0.45 | AZ91: 0 | BA91: + | BB91: 0 | BD91: L
A92: XT-HCL2 | B92: XT-000C | C92: Nồng độ acid đặc (15,16,17) 鹽酸 濃度 | D92: %V/V | E92: ='XM.GUI MAIL'!E92 -> 40~50 | F92: ='XM.GUI MAIL'!F92 -> (45±5) | G92: ='XM.GUI MAIL'!G92 -> 0.45 | H92: =XM.HN!B61 -> 1.98 | I92: =(1*H92*36.5)/(0.5*10)/32%/100 -> 0.4516875 | J92: =($G$90-I92)*10509/2.6 -> -6.8207452 | K92: + | L92: =IF(J92<0,0,J92) -> 0 | N92: L | O92: =XM.HN!C61 -> 1.92 | P92: =(1*O92*36.5)/(0.5*10)/32%/100 -> 0.438 | Q92: =($G$90-P92)*10509/2.6 -> 48.503077 | R92: + | S92: =IF(Q92<0,0,Q92) -> 48.503077 | U92: L | V92: =XM.HN!D61 -> 1.9 | W92: 0.458 | X92: =($G$90-W92)*10509/2.6 -> -32.335385 | Y92: + | Z92: =IF(X92<0,0,X92) -> 0 | AB92: L | AC92: =XM.HN!E61 -> 1.98 | AD92: =(1*AC92*36.5)/(0.5*10)/32%/100 -> 0.4516875 | AE92: =($G$90-AD92)*10509/2.6 -> -6.8207452 | AF92: + | AG92: =IF(AE92<0,0,AE92) -> 0 | AI92: L | AJ92: =XM.HN!F61 -> 0 | AK92: 0.45 | AL92: =($G$90-AK92)*10509/2.6 -> 0 | AM92: + | AN92: =IF(AL92<0,0,AL92) -> 0 | AP92: L | AQ92: =XM.HN!G61 -> 1.94 | AR92: =(1*AQ92*36.5)/(0.5*10)/32%/100 -> 0.4425625 | AS92: =($G$90-AR92)*10509/2.6 -> 30.061803 | AT92: + | AU92: =IF(AS92<0,0,AS92) -> 30.061803 | AW92: L | AY92: 0.456 | AZ92: -24.251538 | BA92: + | BB92: 0 | BD92: L
A93: XT-HCL3 | B93: XT-000C | C93: Nồng độ acid loãng (12) 稀酸 濃度 | D93: %V/V | E93: ='XM.GUI MAIL'!E93 -> 10~20 | F93: ='XM.GUI MAIL'!F93 -> (15±5) | G93: ='XM.GUI MAIL'!G93 -> 0.15 | H93: =XM.HN!B62 -> 0.58 | I93: =(1*H93*36.5)/(0.5*10)/32%/100 -> 0.1323125 | J93: =($G$93-I93)*3234/2.9 -> 19.724612 | K93: + | L93: =IF(J93<0,0,J93) -> 19.724612 | N93: L | O93: =XM.HN!C62 -> 0.56 | P93: 0.159 | Q93: =($G$93-P93)*3234/2.9 -> -10.036552 | R93: + | S93: =IF(Q93<0,0,Q93) -> 0 | U93: L | V93: =XM.HN!D62 -> 0.58 | W93: 0.154 | X93: =($G$93-W93)*3234/2.9 -> -4.4606897 | Y93: + | Z93: =IF(X93<0,0,X93) -> 0 | AB93: L | AC93: =XM.HN!E62 -> 0.58 | AD93: 0.152 | AE93: =($G$93-AD93)*3234/2.9 -> -2.2303448 | AF93: + | AG93: =IF(AE93<0,0,AE93) -> 0 | AI93: L | AJ93: =XM.HN!F62 -> 0 | AK93: 0.15 | AL93: =($G$93-AK93)*3234/2.9 -> 0 | AM93: + | AN93: =IF(AL93<0,0,AL93) -> 0 | AP93: L | AQ93: =XM.HN!G62 -> 0.58 | AR93: 0.146 | AS93: =($G$93-AR93)*3234/2.9 -> 4.4606897 | AT93: + | AU93: =IF(AS93<0,0,AS93) -> 4.4606897 | AW93: L | AY93: 0.148 | AZ93: 2.2303448 | BA93: + | BB93: 2.2303448 | BD93: L
A94: XT-HNO3 | B94: XT-000C | C94: Nồng độ HNO3 (42) 硝酸濃度 | D94: %V/V | E94: ='XM.GUI MAIL'!E94 -> (1±0.4)=0.6~1.4 | F94: ='XM.GUI MAIL'!F94 -> (1±0.4) | G94: ='XM.GUI MAIL'!G94 -> 0.01 | H94: =XM.HN!B63 -> 6 | I94: 0.0105 | J94: =($G$94-I94)*2808/65%/1.51 -> -1.4304636 | K94: + | L94: =IF(J94<0,0,J94) -> 0 | N94: L | O94: =XM.HN!C63 -> 6 | P94: 0.0102 | Q94: =($G$94-P94)*2808/65%/1.51 -> -0.57218543 | R94: + | S94: =IF(Q94<0,0,Q94) -> 0 | U94: L | V94: =XM.HN!D63 -> 5.9 | W94: 0.01 | X94: =($G$94-W94)*2808/65%/1.51 -> 0 | Y94: + | Z94: =IF(X94<0,0,X94) -> 0 | AB94: L | AC94: =XM.HN!E63 -> 5.7 | AD94: =(AC94*0.126)/100 -> 0.007182 | AE94: =($G$94-AD94)*2808/65%/1.51 -> 8.0620927 | AF94: + | AG94: =IF(AE94<0,0,AE94) -> 8.0620927 | AI94: L | AJ94: =XM.HN!F63 -> 0 | AK94: 0.01 | AL94: =($G$94-AK94)*2808/65%/1.51 -> 0 | AM94: + | AN94: =IF(AL94<0,0,AL94) -> 0 | AP94: L | AQ94: =XM.HN!G63 -> 5.5 | AR94: 0.009 | AS94: =($G$94-AR94)*2808/65%/1.51 -> 2.8609272 | AT94: + | AU94: =IF(AS94<0,0,AS94) -> 2.8609272 | AW94: L | AY94: 0.007182 | AZ94: 8.0620927 | BA94: + | BB94: 8.0620927 | BD94: L
A95: XT-CR3K | B95: XT-000C | C95: Cr2O3 （K) (49) 三價鉻 FINIDIP 124 | D95: % | E95: ='XM.GUI MAIL'!E95 -> 5~8 | F95: ='XM.GUI MAIL'!F95 -> (6±0.5) | G95: ='XM.GUI MAIL'!G95 -> 6 | H95: =XM.HN!B64 -> 5.45 | I95: 6 | J95: =($G$95-I95)*4042/95*0.88 -> 0 | K95: + | L95: =IF(J95<0,0,J95) -> 0 | N95: L | O95: =XM.HN!C64 -> 5.4 | P95: 6.05 | Q95: =($G$95-P95)*4042/95*0.88 -> -1.8720842 | R95: + | S95: =IF(Q95<0,0,Q95) -> 0 | U95: L | V95: =XM.HN!D64 -> 5.4 | W95: 5.9 | X95: =($G$95-W95)*4042/95*0.88 -> 3.7441684 | Y95: + | Z95: =IF(X95<0,0,X95) -> 3.7441684 | AB95: L | AC95: =XM.HN!E64 -> 5.7 | AD95: 6.3 | AE95: =($G$95-AD95)*4042/95*0.88 -> -11.232505 | AF95: + | AG95: =IF(AE95<0,0,AE95) -> 0 | AI95: L | AJ95: =XM.HN!F64 -> 0 | AK95: 6.2 | AL95: =($G$95-AK95)*4042/95*0.88 -> -7.4883368 | AM95: + | AN95: =IF(AL95<0,0,AL95) -> 0 | AP95: L | AQ95: =XM.HN!G64 -> 5.6 | AR95: 6 | AS95: =($G$95-AR95)*4042/95*0.88 -> 0 | AT95: + | AU95: =IF(AS95<0,0,AS95) -> 0 | AW95: L | AY95: 6.1 | AZ95: -3.7441684 | BA95: + | BB95: 0 | BD95: L
A96: XT-CR3KPH | B96: XT-000C | C96: PH | D96: pH | E96: ='XM.GUI MAIL'!E96 -> 1.8~2.4 | F96: ='XM.GUI MAIL'!F96 -> (2.1±0.1) | G96: ='XM.GUI MAIL'!G96 -> 0 | I96: =XM.HN!B65 -> 2.1 | P96: 2.06 | W96: =XM.HN!D65 -> 2.08 | AD96: =XM.HN!E65 -> 2 | AK96: 2.03 | AR96: =XM.HN!G65 -> 2.03 | AY96: 2.03
C97: Nồng độ Cr2O3 三價鉻( JASCO 45) | D97: % | E97: ='XM.GUI MAIL'!E97 -> 8~16 % | F97: ='XM.GUI MAIL'!F97 -> (12±2%) | G97: ='XM.GUI MAIL'!G97 -> 12 | H97: =XM.HN!B67 -> 0 | I97: 12.1 | J97: =($G$97-I97)*3360/100 -> -3.36 | K97: + | L97: =IF(J97<0,0,J97) -> 0 | N97: L | O97: =XM.HN!C67 -> 0 | P97: 11.9 | Q97: =($G$97-P97)*3360/100 -> 3.36 | R97: + | S97: =IF(Q97<0,0,Q97) -> 3.36 | U97: L | V97: =XM.HN!D67 -> 0 | W97: 12.3 | X97: =($G$97-W97)*3360/100 -> -10.08 | Y97: + | Z97: =IF(X97<0,0,X97) -> 0 | AB97: L | AC97: =XM.HN!E67 -> 0 | AD97: 12.2 | AE97: =($G$97-AD97)*3360/100 -> -6.72 | AF97: + | AG97: =IF(AE97<0,0,AE97) -> 0 | AI97: L | AJ97: =XM.HN!F67 -> 0 | AK97: 12.1 | AL97: =($G$97-AK97)*3360/100 -> -3.36 | AM97: + | AN97: =IF(AL97<0,0,AL97) -> 0 | AP97: L | AQ97: =XM.HN!G67 -> 0 | AR97: 12 | AS97: =($G$97-AR97)*3360/100 -> 0 | AT97: + | AU97: =IF(AS97<0,0,AS97) -> 0 | AW97: L | AY97: 11.9 | AZ97: 3.36 | BA97: + | BB97: 3.36 | BD97: L
C98: PH | D98: pH | E98: ='XM.GUI MAIL'!E98 -> 1.8~2.4 | F98: ='XM.GUI MAIL'!F98 -> (2.0 ±0.2 ) | G98: ='XM.GUI MAIL'!G98 -> 0 | I98: 2.12 | P98: 2.1 | W98: 2.05 | AD98: 2.04 | AK98: 2.02 | AR98: 2.02 | AY98: 2.06
A99: XTNI-ZN | B99: XT-000C | C99: Zn-Niken Plating- Zn | D99: g/L | E99: ='XM.GUI MAIL'!E99 -> 5~6 | F99: ='XM.GUI MAIL'!F99 -> (5.5± 0.5) | G99: ='XM.GUI MAIL'!G99 -> 5.5 | H99: =XM.HN!B71 -> 4.3 | I99: =H99*1.3 -> 5.59 | J99: =($G$99-I99)*8000/1000 -> -0.72 | K99: + | L99: =IF(J99<0,0,J99) -> 0 | N99: kg | O99: =XM.HN!C71 -> 4.15 | P99: =O99*1.3 -> 5.395 | Q99: =($G$99-P99)*8000/1000 -> 0.84 | R99: + | S99: =IF(Q99<0,0,Q99) -> 0.84 | U99: kg | V99: =XM.HN!D71 -> 4.2 | W99: =V99*1.3 -> 5.46 | X99: =($G$99-W99)*8000/1000 -> 0.32 | Y99: + | Z99: =IF(X99<0,0,X99) -> 0.32 | AB99: kg | AC99: =XM.HN!E71 -> 4.5 | AD99: =AC99*1.3 -> 5.85 | AE99: =($G$99-AD99)*8000/1000 -> -2.8 | AF99: + | AG99: =IF(AE99<0,0,AE99) -> 0 | AJ99: =XM.HN!F71 -> 0 | AK99: 5.7 | AL99: =($G$99-AK99)*8000/1000 -> -1.6 | AM99: + | AN99: =IF(AL99<0,0,AL99) -> 0 | AP99: kg | AQ99: =XM.HN!G71 -> 4.5 | AR99: 5.6 | AS99: =($G$99-AR99)*8000/1000 -> -0.8 | AT99: + | AU99: =IF(AS99<0,0,AS99) -> 0 | AW99: kg | AY99: 5.3 | AZ99: 1.6 | BA99: + | BB99: 1.6 | BD99: kg
A100: XTNI-NAOH | B100: XT-000C | C100: Zn-Niken Plating- NaOH | D100: g/L | E100: ='XM.GUI MAIL'!E100 -> 130~140 | F100: ='XM.GUI MAIL'!F100 -> (135 ± 5) | G100: ='XM.GUI MAIL'!G100 -> 135 | H100: =XM.HN!B72 -> 16.75 | I100: =H100*8 -> 134 | J100: =($G$100-I100)*8000/1000 -> 8 | K100: + | L100: =IF(J100<0,0,J100) -> 8 | N100: kg | O100: =XM.HN!C72 -> 17 | P100: =O100*8 -> 136 | Q100: =($G$100-P100)*8000/1000 -> -8 | R100: + | S100: =IF(Q100<0,0,Q100) -> 0 | U100: kg | V100: =XM.HN!D72 -> 16.95 | W100: =V100*8 -> 135.6 | X100: =($G$100-W100)*8000/1000 -> -4.8 | Y100: + | Z100: =IF(X100<0,0,X100) -> 0 | AB100: kg | AC100: =XM.HN!E72 -> 16.7 | AD100: =AC100*8 -> 133.6 | AE100: =($G$100-AD100)*8000/1000 -> 11.2 | AF100: + | AG100: =IF(AE100<0,0,AE100) -> 11.2 | AJ100: =XM.HN!F72 -> 0 | AK100: 134 | AL100: =($G$100-AK100)*8000/1000 -> 8 | AM100: + | AN100: =IF(AL100<0,0,AL100) -> 8 | AP100: kg | AQ100: =XM.HN!G72 -> 16.6 | AR100: 135 | AS100: =($G$100-AR100)*8000/1000 -> 0 | AT100: + | AU100: =IF(AS100<0,0,AS100) -> 0 | AW100: kg | AY100: 133 | AZ100: 16 | BA100: + | BB100: 16 | BD100: kg
A101: XTNI-CR3PH | B101: XT-000C | C101: Cr2O3 三價鉻Ni- PH | D101: PH | E101: ='XM.GUI MAIL'!E101 -> 3.0-4.5 | F101: ='XM.GUI MAIL'!F101 -> (4.3±0.2) | G101: ='XM.GUI MAIL'!G101 -> 0 | I101: =XM.HN!B73 -> 4.1 | P101: =XM.HN!C73 -> 4.1 | W101: =XM.HN!D73 -> 4.1 | AD101: =XM.HN!E73 -> 4.15 | AK101: 4.2 | AR101: =XM.HN!G73 -> 4.11 | AY101: 4.1
A102: Hạng mục kiểm tra nhiệt độ 檢查溫度
...

Sheet 1. XL-1E kh
A1: 錩新科技股份有限公司 CX TECHNOLOGY CORPORATION
A2: BÁO CÁO KẾT QUẢ HÓA NGHIỆM HÀNG NGÀY XL-001E 表面處理生產製程管控記錄表 | AD2: Lập biểu 作成 | AF2: Xác nhận 確認
B3: XL-001E | H3: =MENU!$AC$9 -> Thứ 3, | I3: =MENU!$AD$9 -> 2024/01/09 | AD3: =MENU!AE6 -> Trang | AF3: Yen
A4: NO | B4: Hạng mục kiểm tra nồng dộ 化驗檢查項目 | F4: Đơn vị 單位 | G4: Phạm vi kiểm soát 範圍值 | H4: Giới hạn kiểm soát 管控值 | I4: 0.30208333 | M4: KQ bổ sung sau 1H | Q4: 0.46875 | U4: KQ bổ sung sau 1H | Y4: 0.63541667 | AC4: KQ bổ sung sau 1H | AG4: Mã số văn kiện 文件編號
I5: 濃度 | J5: 補充 BS | M5: 濃度 | N5: 補充 BS | Q5: 濃度 | R5: 補充 BS | U5: 濃度 | V5: 補充 BS | Y5: 濃度 | Z5: 補充 BS | AC5: 濃度 | AD5: 補充 BS | AG5: Q3-CXVN -PC01-
A6: 1 | B6: Xà bông (1) 脫脂 | D6: NaOH | F6: g/L | G6: ='XM.FILE GOC'!$E$6 -> 20~40 | H6: ='XM.FILE GOC'!$F$6 -> (30±5) | I6: ='XM.FILE GOC'!I6 -> 0 | J6: + | K6: ='XM.FILE GOC'!L6 -> 80.79 | L6: kg | N6: + | O6: =('XM.FILE GOC'!$G$6-M6)*2693/1000 -> 80.79 | P6: kg | Q6: ='XM.FILE GOC'!P6 -> 0 | R6: + | S6: ='XM.FILE GOC'!S6 -> 80.79 | T6: kg | V6: + | W6: =('XM.FILE GOC'!$G$6-U6)*2693/1000 -> 80.79 | X6: kg | Y6: ='XM.FILE GOC'!W6 -> 0 | Z6: + | AA6: ='XM.FILE GOC'!Z6 -> 80.79 | AB6: kg | AD6: + | AE6: =('XM.FILE GOC'!$G$6-AC6)*2693/1000 -> 80.79 | AF6: kg | AG6: IS06
D7: CleanA 840ml/NaOH 25kg | F7: ml/L | G7: 按NaOH添加數據添加 | J7: + | K7: =K6/25*840/1000 -> 2.714544 | L7: L | N7: + | O7: =O6/25*840/1000 -> 2.714544 | P7: L | R7: + | S7: =S6/25*840/1000 -> 2.714544 | T7: L | V7: + | W7: =W6/25*840/1000 -> 2.714544 | X7: L | Z7: + | AA7: =AA6/25*840/1000 -> 2.714544 | AB7: L | AD7: + | AE7: =AE6/25*840/1000 -> 2.714544 | AF7: L
D8: CleanB 8400ml/NaOH 25kg | F8: ml/L | G8: 按NaOH添加數據添加 | J8: + | K8: =K7*10 -> 27.14544 | L8: L | N8: + | O8: =O7*10 -> 27.14544 | P8: L | R8: + | S8: =S7*10 -> 27.14544 | T8: L | V8: + | W8: =W7*10 -> 27.14544 | X8: L | Z8: + | AA8: =AA7*10 -> 27.14544 | AB8: L | AD8: + | AE8: =AE7*10 -> 27.14544 | AF8: L
A9: 2 | B9: Xà bông (2) 脫脂 | D9: NaOH | F9: g/L | G9: ='XM.FILE GOC'!$E$9 -> 20~40 | H9: ='XM.FILE GOC'!$F$9 -> (30±5) | I9: ='XM.FILE GOC'!I9 -> 0 | J9: + | K9: ='XM.FILE GOC'!L9 -> 99.15 | L9: kg | N9: + | O9: =('XM.FILE GOC'!$G$9-M9)*3305/1000 -> 99.15 | P9: kg | Q9: ='XM.FILE GOC'!P9 -> 0 | R9: + | S9: ='XM.FILE GOC'!S9 -> 99.15 | T9: kg | V9: + | W9: =('XM.FILE GOC'!$G$9-U9)*3305/1000 -> 99.15 | X9: kg | Y9: ='XM.FILE GOC'!W9 -> 0 | Z9: + | AA9: ='XM.FILE GOC'!Z9 -> 99.15 | AB9: kg | AD9: + | AE9: =('XM.FILE GOC'!$G$9-AC9)*3305/1000 -> 99.15 | AF9: kg | AG9: IS06
D10: CleanA 840ml/NaOH 25kg | F10: ml/L | G10: 按NaOH添加數據添加 | J10: + | K10: =K9/25*840/1000 -> 3.33144 | L10: L | N10: + | O10: =O9/25*840/1000 -> 3.33144 | P10: L | R10: + | S10: =S9/25*840/1000 -> 3.33144 | T10: L | V10: + | W10: =W9/25*840/1000 -> 3.33144 | X10: L | Z10: + | AA10: =AA9/25*840/1000 -> 3.33144 | AB10: L | AD10: + | AE10: =AE9/25*840/1000 -> 3.33144 | AF10: L
D11: CleanB 8400ml/NaOH 25kg | F11: ml/L | G11: 按NaOH添加數據添加 | J11: + | K11: =K10*10 -> 33.3144 | L11: L | N11: + | O11: =O10*10 -> 33.3144 | P11: L | R11: + | S11: =S10*10 -> 33.3144 | T11: L | V11: + | W11: =W10*10 -> 33.3144 | X11: L | Z11: + | AA11: =AA10*10 -> 33.3144 | AB11: L | AD11: + | AE11: =AE10*10 -> 33.3144 | AF11: L
A12: 3 | B12: Điện giải(1) 電解 | D12: NaOH | F12: g/L | G12: ='XM.FILE GOC'!$E$12 -> 60~80 | H12: ='XM.FILE GOC'!$F$12 -> (70±10) | I12: ='XM.FILE GOC'!I12 -> 0 | J12: + | K12: ='XM.FILE GOC'!L12 -> 80.92 | L12: kg | N12: + | O12: =('XM.FILE GOC'!$G$12-M12)*1156/1000 -> 80.92 | P12: kg | Q12: ='XM.FILE GOC'!P12 -> 0 | R12: + | S12: ='XM.FILE GOC'!S12 -> 80.92 | T12: kg | V12: + | W12: =('XM.FILE GOC'!$G$12-U12)*1156/1000 -> 80.92 | X12: kg | Y12: ='XM.FILE GOC'!W12 -> 0 | Z12: + | AA12: ='XM.FILE GOC'!Z12 -> 80.92 | AB12: kg | AD12: + | AE12: =('XM.FILE GOC'!$G$12-AC12)*1156/1000 -> 80.92 | AF12: kg | AG12: IS06
D13: CleanB 7.5L/NaOH 25kg | F13: ml/L | G13: 按NaOH添加數據添加 | J13: + | K13: =K12/25*7.5 -> 24.276 | L13: L | N13: + | O13: =O12/25*7.5 -> 24.276 | P13: L | R13: + | S13: =S12/25*7.5 -> 24.276 | T13: L | V13: + | W13: =W12/25*7.5 -> 24.276 | X13: L | Z13: + | AA13: =AA12/25*7.5 -> 24.276 | AB13: L | AD13: + | AE13: =AE12/25*7.5 -> 24.276 | AF13: L
A14: 4 | B14: Điện giải (2) 電解 | D14: NaOH | F14: g/L | G14: ='XM.FILE GOC'!$E$14 -> 60~80 | H14: ='XM.FILE GOC'!$F$14 -> (70±10) | I14: ='XM.FILE GOC'!I14 -> 0 | J14: + | K14: ='XM.FILE GOC'!L14 -> 102.13 | L14: kg | N14: + | O14: =('XM.FILE GOC'!$G$14-M14)*1459/1000 -> 102.13 | P14: kg | Q14: ='XM.FILE GOC'!P14 -> 0 | R14: + | S14: ='XM.FILE GOC'!S14 -> 102.13 | T14: kg | V14: + | W14: =('XM.FILE GOC'!$G$14-U14)*1459/1000 -> 102.13 | X14: kg | Y14: ='XM.FILE GOC'!W14 -> 0 | Z14: + | AA14: ='XM.FILE GOC'!Z14 -> 102.13 | AB14: kg | AD14: + | AE14: =('XM.FILE GOC'!$G$14-AC14)*1459/1000 -> 102.13 | AF14: kg | AG14: IS06
D15: CleanB 7.5L/NaOH 25kg | F15: ml/L | G15: 按NaOH添加數據添加 | J15: + | K15: =K14/25*7.5 -> 30.639 | L15: L | N15: + | O15: =O14/25*7.5 -> 30.639 | P15: L | R15: + | S15: =S14/25*7.5 -> 30.639 | T15: L | V15: + | W15: =W14/25*7.5 -> 30.639 | X15: L | Z15: + | AA15: =AA14/25*7.5 -> 30.639 | AB15: L | AD15: + | AE15: =AE14/25*7.5 -> 30.639 | AF15: L
A16: 5 | B16: Nồng độ NaOH 氫氧化鈉 | F16: g/L | G16: ='XM.FILE GOC'!$E$16 -> 130 - 150 | H16: ='XM.FILE GOC'!$F$16 -> (140±7) | I16: ='XM.FILE GOC'!I16 -> 0 | J16: + | K16: ='XM.FILE GOC'!L16 -> 2793.14 | L16: kg | N16: + | O16: =('XM.FILE GOC'!$G$16-M16)*19951/1000 -> 2793.14 | P16: kg | Q16: ='XM.FILE GOC'!P16 -> 0 | R16: + | S16: ='XM.FILE GOC'!S16 -> 2793.14 | T16: kg | V16: + | W16: =('XM.FILE GOC'!$G$16-U16)*19951/1000 -> 2793.14 | X16: kg | Y16: ='XM.FILE GOC'!W16 -> 0 | Z16: + | AA16: ='XM.FILE GOC'!Z16 -> 2793.14 | AB16: kg | AD16: + | AE16: =('XM.FILE GOC'!$G$16-AC16)*19951/1000 -> 2793.14 | AF16: kg | AG16: IS08
B17: Nồng độ Zn 鋅 (1 pcs Zn=25kg) | F17: g/L | G17: ='XM.FILE GOC'!$E$17 -> 8~12 | H17: ='XM.FILE GOC'!$F$17 -> (10±2) | I17: ='XM.FILE GOC'!I17 -> 0 | J17: + | K17: ='XM.FILE GOC'!L17 -> 199.51 | L17: kg | N17: + | O17: =('XM.FILE GOC'!$G$17-M17)*19951/1000 -> 199.51 | P17: pcs | Q17: ='XM.FILE GOC'!P17 -> 0 | R17: + | S17: ='XM.FILE GOC'!S17 -> 199.51 | T17: kg | V17: + | W17: =('XM.FILE GOC'!$G$17-U17)*19951/1000 -> 199.51 | X17: pcs | Y17: ='XM.FILE GOC'!W17 -> 0 | Z17: + | AA17: ='XM.FILE GOC'!Z17 -> 199.51 | AB17: kg | AD17: + | AE17: =('XM.FILE GOC'!$G$17-AC17)*19951/1000 -> 199.51 | AF17: pcs | AG17: IS07
A18: 6 | B18: Nồng độ Cr2O3 三價鉻 | F18: % | G18: ='XM.FILE GOC'!$E$18 -> 12~18 | H18: ='XM.FILE GOC'!$F$18 -> (14±2) | I18: ='XM.FILE GOC'!I18 -> 0 | J18: + | K18: ='XM.FILE GOC'!L18 -> 80.5 | L18: L | N18: + | O18: =('XM.FILE GOC'!$G$18-M18)*575/99 -> 81.313131 | P18: L | Q18: ='XM.FILE GOC'!P18 -> 0 | R18: + | S18: ='XM.FILE GOC'!S18 -> 80.5 | T18: L | V18: + | W18: =('XM.FILE GOC'!$G$18-U18)*575/99 -> 81.313131 | X18: L | Y18: ='XM.FILE GOC'!W18 -> 0 | Z18: + | AA18: ='XM.FILE GOC'!Z18 -> 80.5 | AB18: L | AD18: + | AE18: =('XM.FILE GOC'!$G$18-AC18)*575/99 -> 81.313131 | AF18: L | AG18: IS05
F19: pH | G19: ='XM.FILE GOC'!$E$19 -> 1.6~2.2 | H19: ='XM.FILE GOC'!$F$19 -> (2±0.2 ) | I19: ='XM.FILE GOC'!I19 -> 0 | K19: ='XM.FILE GOC'!L19 -> 0 | Q19: ='XM.FILE GOC'!P19 -> 0 | S19: ='XM.FILE GOC'!S19 -> 0 | Y19: ='XM.FILE GOC'!W19 -> 0 | AA19: ='XM.FILE GOC'!Z19 -> 0
A20: 7 | B20: Nồng độ acid đặc 鹽酸 濃度 | F20: %V/V | G20: ='XM.FILE GOC'!$E$20 -> 40~50 | H20: ='XM.FILE GOC'!$F$20 -> (45±5) | I20: ='XM.FILE GOC'!I20 -> 0 | J20: + | K20: ='XM.FILE GOC'!L20 -> 954.9 | L20: L | N20: + | O20: =('XM.FILE GOC'!$G$20-M20)*2122 -> 954.9 | P20: L | Q20: ='XM.FILE GOC'!P20 -> 0 | R20: + | S20: ='XM.FILE GOC'!S20 -> 954.9 | T20: L | V20: + | W20: =('XM.FILE GOC'!$G$20-U20)*2122 -> 954.9 | X20: L | Y20: ='XM.FILE GOC'!W20 -> 0 | Z20: + | AA20: ='XM.FILE GOC'!Z20 -> 954.9 | AB20: L | AD20: + | AE20: =('XM.FILE GOC'!$G$20-AC20)*2122 -> 954.9 | AF20: L | AG20: IS04
A21: 8 | B21: Nồng độ acid loãng 稀酸 濃度 | F21: %V/V | G21: ='XM.FILE GOC'!$E$21 -> (22±5) =17~27 | H21: ='XM.FILE GOC'!$F$21 -> (22±5) | I21: ='XM.FILE GOC'!I21 -> 0 | J21: + | K21: ='XM.FILE GOC'!L21 -> 134.64 | L21: L | N21: + | O21: =('XM.FILE GOC'!$G$21-M21)*612 -> 134.64 | P21: L | Q21: ='XM.FILE GOC'!P21 -> 0 | R21: + | S21: ='XM.FILE GOC'!S21 -> 134.64 | T21: L | V21: + | W21: =('XM.FILE GOC'!$G$21-U21)*612 -> 134.64 | X21: L | Y21: ='XM.FILE GOC'!W21 -> 0 | Z21: + | AA21: ='XM.FILE GOC'!Z21 -> 134.64 | AB21: L | AD21: + | AE21: =('XM.FILE GOC'!$G$21-AC21)*612 -> 134.64 | AF21: L | AG21: IS04
A22: 9 | B22: Nồng độ HCL hoạt hóa 稀酸活化 濃度 | F22: %V/V | G22: ='XM.FILE GOC'!$E$22 -> 5~15 | H22: ='XM.FILE GOC'!$F$22 -> (30±4) | I22: ='XM.FILE GOC'!I22 -> 0 | J22: + | K22: ='XM.FILE GOC'!L22 -> 57.5 | L22: L | N22: + | O22: =('XM.FILE GOC'!$G$22-M22)*575 -> 57.5 | P22: L | Q22: ='XM.FILE GOC'!P22 -> 0 | R22: + | S22: ='XM.FILE GOC'!S22 -> 57.5 | T22: L | V22: + | W22: =('XM.FILE GOC'!$G$22-U22)*575 -> 57.5 | X22: L | Y22: ='XM.FILE GOC'!W22 -> 0 | Z22: + | AA22: ='XM.FILE GOC'!Z22 -> 57.5 | AB22: L | AD22: + | AE22: =('XM.FILE GOC'!$G$22-AC22)*575 -> 57.5 | AF22: L | AG22: IS15
A23: 10 | B23: Nồng độ HNO3 硝酸濃度 | F23: % | G23: ='XM.FILE GOC'!$E$23 -> 0.5~1.5 | H23: ='XM.FILE GOC'!$F$23 -> (1±0.4) | I23: ='XM.FILE GOC'!I23 -> 0 | J23: + | K23: ='XM.FILE GOC'!L23 -> 5.3998981 | L23: L | N23: + | O23: =('XM.FILE GOC'!$G$23-M23)*530/65% -> 8.1538462 | P23: L | Q23: ='XM.FILE GOC'!P23 -> 0 | R23: + | S23: ='XM.FILE GOC'!S23 -> 5.3998981 | T23: L | V23: + | W23: =('XM.FILE GOC'!$G$23-U23)*530/65% -> 8.1538462 | X23: L | Y23: ='XM.FILE GOC'!W23 -> 0 | Z23: + | AA23: ='XM.FILE GOC'!Z23 -> 5.3998981 | AB23: L | AD23: + | AE23: =('XM.FILE GOC'!$G$23-AC23)*530/65% -> 8.1538462 | AF23: L | AG23: IS15
B24: Nồng độ Cr2O3 （K) 三價鉻 | F24: % | G24: ='XM.GUI MAIL'!$E$24 -> 5~10 | H24: ='XM.GUI MAIL'!$F$24 -> (7.5±1) | I24: ='XM.FILE GOC'!I24 -> 0 | J24: + | K24: ='XM.FILE GOC'!L24 -> 45.394737 | L24: L | N24: + | O24: =('XM.FILE GOC'!$G$24-M24)*575/95*1.13 -> 51.296053 | P24: L | Q24: ='XM.FILE GOC'!P24 -> 0 | R24: + | S24: ='XM.FILE GOC'!S24 -> 45.394737 | T24: L | V24: + | W24: =('XM.FILE GOC'!$G$24-U24)*575/95*1.13 -> 51.296053 | X24: L | Y24: ='XM.FILE GOC'!W24 -> 0 | Z24: + | AA24: ='XM.FILE GOC'!Z24 -> 45.394737 | AB24: L | AD24: + | AE24: =('XM.FILE GOC'!$G$24-AC24)*575/95*1.13 -> 51.296053 | AF24: L | AG24: IS16
F25: pH | G25: ='XM.GUI MAIL'!$E$25 -> 1.8~2.2 | H25: ='XM.GUI MAIL'!$F$25 -> (2±0.1) | I25: ='XM.FILE GOC'!I25 -> 0 | Q25: ='XM.FILE GOC'!P25 -> 0 | Y25: ='XM.FILE GOC'!W25 -> 0 | AG25: IS17
A26: Hạng mục kiểm tra nhiệt độ 檢查溫度
A27: NO | B27: Hạng mục kiểm tra nhiệt độ 溫度檢查項目 | F27: nhiệt độ 溫度 | G27: Phạm vi kiểm soát 範圍值 | H27: Giới hạn kiểm soát 管控值 | I27: Nhiệt kế 温度計 | K27: Nhiệt tự động 自動温控 | Q27: Nhiệt kế 温度計 | S27: Nhiệt tự động 自動温控 | Y27: Nhiệt kế 温度計 | AA27: Nhiệt tự động 自動温控
A28: 1 | B28: Nhiệt độ xà bông nóng (1) 熱脫脂溫度(1) | F28: 0C | G28: ='XM.FILE GOC'!$E$28 -> 50~70 | H28: ='XM.FILE GOC'!$F$28 -> (60±5) | I28: ='XM.FILE GOC'!I28 -> 0 | K28: ='XM.FILE GOC'!L28 -> 0 | Q28: ='XM.FILE GOC'!P28 -> 0 | S28: ='XM.FILE GOC'!S28 -> 0 | Y28: ='XM.FILE GOC'!W28 -> 0 | AA28: ='XM.FILE GOC'!Z28 -> 0
A29: 2 | B29: Nhiệt độ xà bông nóng (2) 熱脫脂溫度(2) | C29: Nhiệt độ xà bông nóng (2) 熱脫脂溫度(2) | D29: Nhiệt độ xà bông nóng (2) 熱脫脂溫度(2) | E29: Nhiệt độ xà bông nóng (2) 熱脫脂溫度(2) | F29: 0C | G29: ='XM.FILE GOC'!$E$29 -> 50~70 | H29: ='XM.FILE GOC'!$F$29 -> (60±5) | I29: ='XM.FILE GOC'!I29 -> 0 | K29: ='XM.FILE GOC'!L29 -> 0 | Q29: ='XM.FILE GOC'!P29 -> 0 | S29: ='XM.FILE GOC'!S29 -> 0 | Y29: ='XM.FILE GOC'!W29 -> 0 | AA29: ='XM.FILE GOC'!Z29 -> 0
A30: 3 | B30: Nhiệt độ điện giải (1) 電解1 溫度 | C30: Nhiệt độ điện giải (1) 電解1 溫度 | D30: Nhiệt độ điện giải (1) 電解1 溫度 | E30: Nhiệt độ điện giải (1) 電解1 溫度 | F30: 0C | G30: ='XM.FILE GOC'!$E$30 -> 40~60 | H30: ='XM.FILE GOC'!$F$30 -> (50±5) | I30: ='XM.FILE GOC'!I30 -> 0 | K30: ='XM.FILE GOC'!L30 -> 0 | Q30: ='XM.FILE GOC'!P30 -> 0 | S30: ='XM.FILE GOC'!S30 -> 0 | Y30: ='XM.FILE GOC'!W30 -> 0 | AA30: ='XM.FILE GOC'!Z30 -> 0
A31: 4 | B31: Nhiệt độ điện giải (2) 電解 2 溫度 | C31: Nhiệt độ điện giải (2) 電解 2 溫度 | D31: Nhiệt độ điện giải (2) 電解 2 溫度 | E31: Nhiệt độ điện giải (2) 電解 2 溫度 | F31: 0C | G31: ='XM.FILE GOC'!$E$31 -> 40~60 | H31: ='XM.FILE GOC'!$F$31 -> (50±5) | I31: ='XM.FILE GOC'!I31 -> 0 | K31: ='XM.FILE GOC'!L31 -> 0 | Q31: ='XM.FILE GOC'!P31 -> 0 | S31: ='XM.FILE GOC'!S31 -> 0 | Y31: ='XM.FILE GOC'!W31 -> 0 | AA31: ='XM.FILE GOC'!Z31 -> 0
A32: 5 | B32: Nhiệt độ bồn xi 鍍鋅槽溫度 | C32: Nhiệt độ bồn xi 鍍鋅槽溫度 | D32: Nhiệt độ bồn xi 鍍鋅槽溫度 | E32: Nhiệt độ bồn xi 鍍鋅槽溫度 | F32: 0C | G32: ='XM.FILE GOC'!$E$32 -> 20~35 | H32: ='XM.FILE GOC'!$F$32 -> (30±4) | I32: ='XM.FILE GOC'!I32 -> 0 | K32: ='XM.FILE GOC'!L32 -> 0 | Q32: ='XM.FILE GOC'!P32 -> 0 | S32: ='XM.FILE GOC'!S32 -> 0 | Y32: ='XM.FILE GOC'!W32 -> 0 | AA32: ='XM.FILE GOC'!Z32 -> 0
A33: 6 | B33: Nhiệt độ bồn màu Cr2O3 三價鉻 溫度 | C33: Nhiệt độ bồn màu Cr2O3 三價鉻 溫度 | D33: Nhiệt độ bồn màu Cr2O3 三價鉻 溫度 | E33: Nhiệt độ bồn màu Cr2O3 三價鉻 溫度 | F33: 0C | G33: ='XM.FILE GOC'!$E$33 -> 30~40 | H33: ='XM.FILE GOC'!$F$33 -> (34±3) | I33: ='XM.FILE GOC'!I33 -> 0 | K33: ='XM.FILE GOC'!L33 -> 0 | Q33: ='XM.FILE GOC'!P33 -> 0 | S33: ='XM.FILE GOC'!S33 -> 0 | Y33: ='XM.FILE GOC'!W33 -> 0 | AA33: ='XM.FILE GOC'!Z33 -> 0
A34: 7 | B34: Nhiệt độ bồn nước nóng 熱水溫度 | C34: Nhiệt độ bồn nước nóng 熱水溫度 | D34: Nhiệt độ bồn nước nóng 熱水溫度 | E34: Nhiệt độ bồn nước nóng 熱水溫度 | F34: 0C | G34: ='XM.FILE GOC'!$E$34 -> 50~70 | H34: ='XM.FILE GOC'!$F$34 -> (60±10) | I34: ='XM.FILE GOC'!I34 -> 0 | K34: ='XM.FILE GOC'!L34 -> 0 | Q34: ='XM.FILE GOC'!P34 -> 0 | S34: ='XM.FILE GOC'!S34 -> 0 | Y34: ='XM.FILE GOC'!W34 -> 0 | AA34: ='XM.FILE GOC'!Z34 -> 0
A35: 8 | B35: Sấy khô 烘乾 | C35: Sấy khô 烘乾 | D35: Sấy khô 烘乾 | E35: Sấy khô 烘乾 | F35: 0C | G35: ='XM.FILE GOC'!$E$35 -> 80~100 | H35: ='XM.FILE GOC'!$F$35 -> (90±5) | I35: ='XM.FILE GOC'!I35 -> \ | K35: ='XM.FILE GOC'!L35 -> 0 | Q35: ='XM.FILE GOC'!P35 -> \ | S35: ='XM.FILE GOC'!S35 -> 0 | Y35: ='XM.FILE GOC'!W35 -> \ | AA35: ='XM.FILE GOC'!Z35 -> 0
A36: Hạng mục kiểm tra bơm thuốc tự động 藥液自動添加
A37: NO | B37: Hạng mục bơm thuốc 自動添加檢查項目 | F37: Đơn vị 單位 | G37: Phạm vi kiểm soát 範圍值 | H37: Giới hạn kiểm soát 管控值 | I37: Lượng bơm 添加量 | Q37: Lượng bơm 添加量 | Y37: Lượng bơm 添加量
A38: 1 | B38: chất mềm (merlin starer) 開缸劑 | F38: ml/KAH | G38: ='XM.FILE GOC'!$E$37 -> 300-360 | H38: ='XM.FILE GOC'!$F$37 -> 300-360 | I38: ='XM.FILE GOC'!I37 -> 0 | Q38: ='XM.FILE GOC'!P37 -> 0 | Y38: ='XM.FILE GOC'!W37 -> 0
A39: 2 | B39: chất bóng (merlin brightener) 光亮劑 | F39: ml/KAH | G39: ='XM.FILE GOC'!$E$38 -> 30-50 | H39: ='XM.FILE GOC'!$F$38 -> 30-50 | I39: ='XM.FILE GOC'!I38 -> 0 | Q39: ='XM.FILE GOC'!P38 -> 0 | Y39: ='XM.FILE GOC'!W38 -> 0
A41: 錩新科技股份有限公司 CX TECHNOLOGY CORPORATION
A42: BÁO CÁO KẾT QUẢ HÓA NGHIỆM HÀNG NGÀY XL-001E 表面處理生產製程管控記錄表 | AD42: Lập biểu 作成 | AF42: Xác nhận 確認
B43: XL-001E | H43: =MENU!$AC$9 -> Thứ 3, | I43: =MENU!$AD$9 -> 2024/01/09 | AD43: =MENU!AE7 -> L.Yen | AF43: Yen
A44: NO | B44: Hạng mục kiểm tra nồng dộ 化驗檢查項目 | F44: Đơn vị 單位 | G44: Phạm vi kiểm soát 範圍值 | H44: Giới hạn kiểm soát 管控值 | I44: 0.80208333 | M44: KQ bổ sung sau 1H | Q44: 0.96875 | U44: KQ bổ sung sau 1H | Y44: 0.13541667 | AC44: KQ bổ sung sau 1H | AG44: Mã số văn kiện 文件編號
I45: 濃度 | J45: 補充 BS | M45: 濃度 | N45: 補充 BS | Q45: 濃度 | R45: 補充 BS | U45: 濃度 | V45: 補充 BS | Y45: 濃度 | Z45: 補充 BS | AC45: 濃度 | AD45: 補充 BS | AG45: Q3-CXVN -PC01-
A46: 1 | B46: Xà bông (1) 脫脂 | D46: NaOH | F46: g/L | G46: ='XM.FILE GOC'!$E$6 -> 20~40 | H46: ='XM.FILE GOC'!$F$6 -> (30±5) | I46: ='XM.FILE GOC'!AD6 -> 0 | J46: + | K46: ='XM.FILE GOC'!AG6 -> 80.79 | L46: kg | N46: + | O46: =('XM.FILE GOC'!$G$6-M46)*2693/1000 -> 80.79 | P46: kg | Q46: ='XM.FILE GOC'!AK6 -> 0 | R46: + | S46: ='XM.FILE GOC'!AN6 -> 80.79 | T46: kg | V46: + | W46: =('XM.FILE GOC'!$G$6-U46)*2693/1000 -> 80.79 | X46: kg | Y46: ='XM.FILE GOC'!AR6 -> 0 | Z46: + | AA46: ='XM.FILE GOC'!AU6 -> 80.79 | AB46: kg | AD46: + | AE46: =('XM.FILE GOC'!$G$6-AC46)*2693/1000 -> 80.79 | AF46: kg | AG46: IS06
D47: CleanA 840ml/NaOH 25kg | F47: ml/L | G47: 按NaOH添加數據添加 | J47: + | K47: =K46/25*840/1000 -> 2.714544 | L47: L | N47: + | O47: =O46/25*840/1000 -> 2.714544 | P47: L | R47: + | S47: =S46/25*840/1000 -> 2.714544 | T47: L | V47: + | W47: =W46/25*840/1000 -> 2.714544 | X47: L | Z47: + | AA47: =AA46/25*840/1000 -> 2.714544 | AB47: L | AD47: + | AE47: =AE46/25*840/1000 -> 2.714544 | AF47: L
D48: CleanB 8400ml/NaOH 25kg | F48: ml/L | G48: 按NaOH添加數據添加 | J48: + | K48: =K47*10 -> 27.14544 | L48: L | N48: + | O48: =O47*10 -> 27.14544 | P48: L | R48: + | S48: =S47*10 -> 27.14544 | T48: L | V48: + | W48: =W47*10 -> 27.14544 | X48: L | Z48: + | AA48: =AA47*10 -> 27.14544 | AB48: L | AD48: + | AE48: =AE47*10 -> 27.14544 | AF48: L
A49: 2 | B49: Xà bông (2) 脫脂 | D49: NaOH | F49: g/L | G49: ='XM.FILE GOC'!$E$9 -> 20~40 | H49: ='XM.FILE GOC'!$F$9 -> (30±5) | I49: ='XM.FILE GOC'!AD9 -> 0 | J49: + | K49: ='XM.FILE GOC'!AG9 -> 99.15 | L49: kg | N49: + | O49: =('XM.FILE GOC'!$G$9-M49)*3305/1000 -> 99.15 | P49: kg | Q49: ='XM.FILE GOC'!AK9 -> 0 | R49: + | S49: ='XM.FILE GOC'!AN9 -> 99.15 | T49: kg | V49: + | W49: =('XM.FILE GOC'!$G$9-U49)*3305/1000 -> 99.15 | X49: kg | Y49: ='XM.FILE GOC'!AR9 -> 0 | Z49: + | AA49: ='XM.FILE GOC'!AU9 -> 99.15 | AB49: kg | AD49: + | AE49: =('XM.FILE GOC'!$G$9-AC49)*3305/1000 -> 99.15 | AF49: kg | AG49: IS06
D50: CleanA 840ml/NaOH 25kg | F50: ml/L | G50: 按NaOH添加數據添加 | J50: + | K50: =K49/25*840/1000 -> 3.33144 | L50: L | N50: + | O50: =O49/25*840/1000 -> 3.33144 | P50: L | R50: + | S50: =S49/25*840/1000 -> 3.33144 | T50: L | V50: + | W50: =W49/25*840/1000 -> 3.33144 | X50: L | Z50: + | AA50: =AA49/25*840/1000 -> 3.33144 | AB50: L | AD50: + | AE50: =AE49/25*840/1000 -> 3.33144 | AF50: L
D51: CleanB 8400ml/NaOH 25kg | F51: ml/L | G51: 按NaOH添加數據添加 | J51: + | K51: =K50*10 -> 33.3144 | L51: L | N51: + | O51: =O50*10 -> 33.3144 | P51: L | R51: + | S51: =S50*10 -> 33.3144 | T51: L | V51: + | W51: =W50*10 -> 33.3144 | X51: L | Z51: + | AA51: =AA50*10 -> 33.3144 | AB51: L | AD51: + | AE51: =AE50*10 -> 33.3144 | AF51: L
A52: 3 | B52: Điện giải(1) 電解 | D52: NaOH | F52: g/L | G52: ='XM.FILE GOC'!$E$12 -> 60~80 | H52: ='XM.FILE GOC'!$F$12 -> (70±10) | I52: ='XM.FILE GOC'!AD12 -> 0 | J52: + | K52: ='XM.FILE GOC'!AG12 -> 80.92 | L52: kg | N52: + | O52: =('XM.FILE GOC'!$G$12-M52)*1156/1000 -> 80.92 | P52: kg | Q52: ='XM.FILE GOC'!AK12 -> 0 | R52: + | S52: ='XM.FILE GOC'!AN12 -> 80.92 | T52: kg | V52: + | W52: =('XM.FILE GOC'!$G$12-U52)*1156/1000 -> 80.92 | X52: kg | Y52: ='XM.FILE GOC'!AR12 -> 0 | Z52: + | AA52: ='XM.FILE GOC'!AU12 -> 80.92 | AB52: kg | AD52: + | AE52: =('XM.FILE GOC'!$G$12-AC52)*1156/1000 -> 80.92 | AF52: kg | AG52: IS06
D53: CleanB 7.5L/NaOH 25kg | F53: ml/L | G53: 按NaOH添加數據添加 | J53: + | K53: =K52/25*7.5 -> 24.276 | L53: L | N53: + | O53: =O52/25*7.5 -> 24.276 | P53: L | R53: + | S53: =S52/25*7.5 -> 24.276 | T53: L | V53: + | W53: =W52/25*7.5 -> 24.276 | X53: L | Z53: + | AA53: =AA52/25*7.5 -> 24.276 | AB53: L | AD53: + | AE53: =AE52/25*7.5 -> 24.276 | AF53: L
A54: 4 | B54: Điện giải (2) 電解 | D54: NaOH | F54: g/L | G54: ='XM.FILE GOC'!$E$14 -> 60~80 | H54: ='XM.FILE GOC'!$F$14 -> (70±10) | I54: ='XM.FILE GOC'!AD14 -> 0 | J54: + | K54: ='XM.FILE GOC'!AG14 -> 102.13 | L54: kg | N54: + | O54: =('XM.FILE GOC'!$G$14-M54)*1459/1000 -> 102.13 | P54: kg | Q54: ='XM.FILE GOC'!AK14 -> 0 | R54: + | S54: ='XM.FILE GOC'!AN14 -> 102.13 | T54: kg | V54: + | W54: =('XM.FILE GOC'!$G$14-U54)*1459/1000 -> 102.13 | X54: kg | Y54: ='XM.FILE GOC'!AR14 -> 0 | Z54: + | AA54: ='XM.FILE GOC'!AU14 -> 102.13 | AB54: kg | AD54: + | AE54: =('XM.FILE GOC'!$G$14-AC54)*1459/1000 -> 102.13 | AF54: kg | AG54: IS06
D55: CleanB 7.5L/NaOH 25kg | F55: ml/L | G55: 按NaOH添加數據添加 | J55: + | K55: =K54/25*7.5 -> 30.639 | L55: L | N55: + | O55: =O54/25*7.5 -> 30.639 | P55: L | R55: + | S55: =S54/25*7.5 -> 30.639 | T55: L | V55: + | W55: =W54/25*7.5 -> 30.639 | X55: L | Z55: + | AA55: =AA54/25*7.5 -> 30.639 | AB55: L | AD55: + | AE55: =AE54/25*7.5 -> 30.639 | AF55: L
A56: 5 | B56: Nồng độ NaOH 氫氧化鈉 | F56: g/L | G56: ='XM.FILE GOC'!$E$16 -> 130 - 150 | H56: ='XM.FILE GOC'!$F$16 -> (140±7) | I56: ='XM.FILE GOC'!AD16 -> 0 | J56: + | K56: ='XM.FILE GOC'!AG16 -> 2793.14 | L56: kg | N56: + | O56: =('XM.FILE GOC'!$G$16-M56)*19951/1000 -> 2793.14 | P56: kg | Q56: ='XM.FILE GOC'!AK16 -> 0 | R56: + | S56: ='XM.FILE GOC'!AN16 -> 2793.14 | T56: kg | U56: 140 | V56: + | W56: =('XM.FILE GOC'!$G$16-U56)*19951/1000 -> 0 | X56: kg | Y56: ='XM.FILE GOC'!AR16 -> 0 | Z56: + | AA56: ='XM.FILE GOC'!AU16 -> 2793.14 | AB56: kg | AD56: + | AE56: =('XM.FILE GOC'!$G$16-AC56)*19951/1000 -> 2793.14 | AF56: kg | AG56: IS08
B57: Nồng độ Zn 鋅 (1 pcs Zn=25kg) | F57: g/L | G57: ='XM.FILE GOC'!$E$17 -> 8~12 | H57: ='XM.FILE GOC'!$F$17 -> (10±2) | I57: ='XM.FILE GOC'!AD17 -> 0 | J57: + | K57: ='XM.FILE GOC'!AG17 -> 199.51 | L57: kg | N57: + | O57: =('XM.FILE GOC'!$G$17-M57)*19951/1000 -> 199.51 | P57: kg | Q57: ='XM.FILE GOC'!AK17 -> 0 | R57: + | S57: ='XM.FILE GOC'!AN17 -> 199.51 | T57: kg | V57: + | W57: =('XM.FILE GOC'!$G$17-U57)*19951/1000 -> 199.51 | X57: kg | Y57: ='XM.FILE GOC'!AR17 -> 0 | Z57: + | AA57: ='XM.FILE GOC'!AU17 -> 199.51 | AB57: kg | AD57: + | AE57: =('XM.FILE GOC'!$G$17-AC57)*19951/1000 -> 199.51 | AF57: kg | AG57: IS07
A58: 6 | B58: Nồng độ Cr2O3 三價鉻 | F58: % | G58: ='XM.FILE GOC'!$E$18 -> 12~18 | H58: ='XM.FILE GOC'!$F$18 -> (14±2) | I58: ='XM.FILE GOC'!AD18 -> 0 | J58: + | K58: ='XM.FILE GOC'!AG18 -> 80.5 | L58: L | N58: + | O58: =('XM.FILE GOC'!$G$18-M58)*575/99 -> 81.313131 | P58: L | Q58: ='XM.FILE GOC'!AK18 -> 0 | R58: + | S58: ='XM.FILE GOC'!AN18 -> 80.5 | T58: L | V58: + | W58: =('XM.FILE GOC'!$G$18-U58)*575/99 -> 81.313131 | X58: L | Y58: ='XM.FILE GOC'!AR18 -> 0 | Z58: + | AA58: ='XM.FILE GOC'!AU18 -> 80.5 | AB58: L | AD58: + | AE58: =('XM.FILE GOC'!$G$18-AC58)*575/99 -> 81.313131 | AF58: L | AG58: IS05
F59: pH | G59: ='XM.FILE GOC'!$E$19 -> 1.6~2.2 | H59: ='XM.FILE GOC'!$F$19 -> (2±0.2 ) | I59: ='XM.FILE GOC'!AD19 -> 0 | K59: ='XM.FILE GOC'!AG19 -> 0 | Q59: ='XM.FILE GOC'!AK19 -> 0 | S59: ='XM.FILE GOC'!AN19 -> 0 | Y59: ='XM.FILE GOC'!AR19 -> 0 | AA59: ='XM.FILE GOC'!AU19 -> 0
A60: 7 | B60: Nồng độ acid đặc 鹽酸 濃度 | F60: %V/V | G60: ='XM.FILE GOC'!$E$20 -> 40~50 | H60: ='XM.FILE GOC'!$F$20 -> (45±5) | I60: ='XM.FILE GOC'!AD20 -> 0 | J60: + | K60: ='XM.FILE GOC'!AG20 -> 954.9 | L60: L | N60: + | O60: =('XM.FILE GOC'!$G$20-M60)*2122 -> 954.9 | P60: L | Q60: ='XM.FILE GOC'!AK20 -> 0 | R60: + | S60: ='XM.FILE GOC'!AN20 -> 954.9 | T60: L | V60: + | W60: =('XM.FILE GOC'!$G$20-U60)*2122 -> 954.9 | X60: L | Y60: ='XM.FILE GOC'!AR20 -> 0 | Z60: + | AA60: ='XM.FILE GOC'!AU20 -> 954.9 | AB60: L | AD60: + | AE60: =('XM.FILE GOC'!$G$20-AC60)*2122 -> 954.9 | AF60: L | AG60: IS04
A61: 8 | B61: Nồng độ acid loãng 稀酸 濃度 | F61: %V/V | G61: ='XM.FILE GOC'!$E$21 -> (22±5) =17~27 | H61: ='XM.FILE GOC'!$F$21 -> (22±5) | I61: ='XM.FILE GOC'!AD21 -> 0 | J61: + | K61: ='XM.FILE GOC'!AG21 -> 134.64 | L61: L | N61: + | O61: =('XM.FILE GOC'!$G$21-M61)*612 -> 134.64 | P61: L | Q61: ='XM.FILE GOC'!AK21 -> 0 | R61: + | S61: ='XM.FILE GOC'!AN21 -> 134.64 | T61: L | V61: + | W61: =('XM.FILE GOC'!$G$21-U61)*612 -> 134.64 | X61: L | Y61: ='XM.FILE GOC'!AR21 -> 0 | Z61: + | AA61: ='XM.FILE GOC'!AU21 -> 134.64 | AB61: L | AD61: + | AE61: =('XM.FILE GOC'!$G$21-AC61)*612 -> 134.64 | AF61: L | AG61: IS04
A62: 9 | B62: Nồng độ HCL hoạt hóa 稀酸活化 濃度 | F62: %V/V | G62: ='XM.FILE GOC'!$E$22 -> 5~15 | H62: ='XM.FILE GOC'!$F$22 -> (30±4) | I62: ='XM.FILE GOC'!AD22 -> 0 | J62: + | K62: ='XM.FILE GOC'!AG22 -> 57.5 | L62: L | N62: + | O62: =('XM.FILE GOC'!$G$22-M62)*575 -> 57.5 | P62: L | Q62: ='XM.FILE GOC'!AK22 -> 0 | R62: + | S62: ='XM.FILE GOC'!AN22 -> 57.5 | T62: L | V62: + | W62: =('XM.FILE GOC'!$G$22-U62)*575 -> 57.5 | X62: L | Y62: ='XM.FILE GOC'!AR22 -> 0 | Z62: + | AA62: ='XM.FILE GOC'!AU22 -> 57.5 | AB62: L | AD62: + | AE62: =('XM.FILE GOC'!$G$22-AC62)*575 -> 57.5 | AF62: L | AG62: IS15
A63: 10 | B63: Nồng độ HNO3 硝酸濃度 | F63: % | G63: ='XM.FILE GOC'!$E$23 -> 0.5~1.5 | H63: ='XM.FILE GOC'!$F$23 -> (1±0.4) | I63: ='XM.FILE GOC'!AD23 -> 0 | J63: + | K63: ='XM.FILE GOC'!AG23 -> 5.3998981 | L63: L | N63: + | O63: =('XM.FILE GOC'!$G$23-M63)*530/65% -> 8.1538462 | P63: L | Q63: ='XM.FILE GOC'!AK23 -> 0 | R63: + | S63: ='XM.FILE GOC'!AN23 -> 5.3998981 | T63: L | V63: + | W63: =('XM.FILE GOC'!$G$23-U63)*530/65% -> 8.1538462 | X63: L | Y63: ='XM.FILE GOC'!AR23 -> 0 | Z63: + | AA63: ='XM.FILE GOC'!AU23 -> 5.3998981 | AB63: L | AD63: + | AE63: =('XM.FILE GOC'!$G$23-AC63)*530/65% -> 8.1538462 | AF63: L | AG63: IS15
B64: Nồng độ Cr2O3 （K) 三價鉻 | F64: % | G64: ='XM.GUI MAIL'!$E$24 -> 5~10 | H64: ='XM.GUI MAIL'!$F$24 -> (7.5±1) | I64: ='XM.FILE GOC'!AD24 -> 0 | J64: + | K64: ='XM.FILE GOC'!AG24 -> 45.394737 | L64: L | N64: + | O64: =('XM.FILE GOC'!$G$24-M64)*575/95*1.13 -> 51.296053 | P64: L | Q64: ='XM.FILE GOC'!AK24 -> 0 | R64: + | S64: ='XM.FILE GOC'!AN24 -> 45.394737 | T64: L | V64: + | W64: =('XM.FILE GOC'!$G$24-U64)*575/95*1.13 -> 51.296053 | X64: L | Y64: ='XM.FILE GOC'!AR24 -> 0 | Z64: + | AA64: ='XM.FILE GOC'!AU24 -> 45.394737 | AB64: L | AD64: + | AE64: =('XM.FILE GOC'!$G$24-AC64)*575/95*1.13 -> 51.296053 | AF64: L
F65: pH | G65: ='XM.GUI MAIL'!$E$25 -> 1.8~2.2 | H65: ='XM.GUI MAIL'!$F$25 -> (2±0.1) | I65: ='XM.FILE GOC'!AD25 -> 0 | Q65: ='XM.FILE GOC'!AK25 -> 0 | Y65: ='XM.FILE GOC'!AR25 -> 0
A66: Hạng mục kiểm tra nhiệt độ 檢查溫度
A67: NO | B67: Hạng mục kiểm tra nhiệt độ 溫度檢查項目 | F67: nhiệt độ 溫度 | G67: Phạm vi kiểm soát 範圍值 | H67: Giới hạn kiểm soát 管控值 | I67: Nhiệt kế 温度計 | K67: Nhiệt tự động 自動温控 | Q67: Nhiệt kế 温度計 | S67: Nhiệt tự động 自動温控 | Y67: Nhiệt kế 温度計 | AA67: Nhiệt tự động 自動温控
A68: 1 | B68: Nhiệt độ xà bông nóng (1) 熱脫脂溫度(1) | F68: 0C | G68: ='XM.FILE GOC'!$E$28 -> 50~70 | H68: ='XM.FILE GOC'!$F$28 -> (60±5) | I68: ='XM.FILE GOC'!AD28 -> 0 | K68: ='XM.FILE GOC'!AG28 -> 0 | Q68: ='XM.FILE GOC'!AK28 -> 0 | S68: ='XM.FILE GOC'!AN28 -> 0 | Y68: ='XM.FILE GOC'!AR28 -> 0 | AA68: ='XM.FILE GOC'!AU28 -> 0
A69: 2 | B69: Nhiệt độ xà bông nóng (2) 熱脫脂溫度(2) | C69: Nhiệt độ xà bông nóng (2) 熱脫脂溫度(2) | D69: Nhiệt độ xà bông nóng (2) 熱脫脂溫度(2) | E69: Nhiệt độ xà bông nóng (2) 熱脫脂溫度(2) | F69: 0C | G69: ='XM.FILE GOC'!$E$29 -> 50~70 | H69: ='XM.FILE GOC'!$F$29 -> (60±5) | I69: ='XM.FILE GOC'!AD29 -> 0 | K69: ='XM.FILE GOC'!AG29 -> 0 | Q69: ='XM.FILE GOC'!AK29 -> 0 | S69: ='XM.FILE GOC'!AN29 -> 0 | Y69: ='XM.FILE GOC'!AR29 -> 0 | AA69: ='XM.FILE GOC'!AU29 -> 0
A70: 3 | B70: Nhiệt độ điện giải (1) 電解1 溫度 | C70: Nhiệt độ điện giải (1) 電解1 溫度 | D70: Nhiệt độ điện giải (1) 電解1 溫度 | E70: Nhiệt độ điện giải (1) 電解1 溫度 | F70: 0C | G70: ='XM.FILE GOC'!$E$30 -> 40~60 | H70: ='XM.FILE GOC'!$F$30 -> (50±5) | I70: ='XM.FILE GOC'!AD30 -> 0 | K70: ='XM.FILE GOC'!AG30 -> 0 | Q70: ='XM.FILE GOC'!AK30 -> 0 | S70: ='XM.FILE GOC'!AN30 -> 0 | Y70: ='XM.FILE GOC'!AR30 -> 0 | AA70: ='XM.FILE GOC'!AU30 -> 0
A71: 4 | B71: Nhiệt độ điện giải (2) 電解 2 溫度 | C71: Nhiệt độ điện giải (2) 電解 2 溫度 | D71: Nhiệt độ điện giải (2) 電解 2 溫度 | E71: Nhiệt độ điện giải (2) 電解 2 溫度 | F71: 0C | G71: ='XM.FILE GOC'!$E$31 -> 40~60 | H71: ='XM.FILE GOC'!$F$31 -> (50±5) | I71: ='XM.FILE GOC'!AD31 -> 0 | K71: ='XM.FILE GOC'!AG31 -> 0 | Q71: ='XM.FILE GOC'!AK31 -> 0 | S71: ='XM.FILE GOC'!AN31 -> 0 | Y71: ='XM.FILE GOC'!AR31 -> 0 | AA71: ='XM.FILE GOC'!AU31 -> 0
A72: 5 | B72: Nhiệt độ bồn xi 鍍鋅槽溫度 | C72: Nhiệt độ bồn xi 鍍鋅槽溫度 | D72: Nhiệt độ bồn xi 鍍鋅槽溫度 | E72: Nhiệt độ bồn xi 鍍鋅槽溫度 | F72: 0C | G72: ='XM.FILE GOC'!$E$32 -> 20~35 | H72: ='XM.FILE GOC'!$F$32 -> (30±4) | I72: ='XM.FILE GOC'!AD32 -> 0 | K72: ='XM.FILE GOC'!AG32 -> 0 | Q72: ='XM.FILE GOC'!AK32 -> 0 | S72: ='XM.FILE GOC'!AN32 -> 0 | Y72: ='XM.FILE GOC'!AR32 -> 0 | AA72: ='XM.FILE GOC'!AU32 -> 0
A73: 6 | B73: Nhiệt độ bồn màu Cr2O3 三價鉻 溫度 | C73: Nhiệt độ bồn màu Cr2O3 三價鉻 溫度 | D73: Nhiệt độ bồn màu Cr2O3 三價鉻 溫度 | E73: Nhiệt độ bồn màu Cr2O3 三價鉻 溫度 | F73: 0C | G73: ='XM.FILE GOC'!$E$33 -> 30~40 | H73: ='XM.FILE GOC'!$F$33 -> (34±3) | I73: ='XM.FILE GOC'!AD33 -> 0 | K73: ='XM.FILE GOC'!AG33 -> 0 | Q73: ='XM.FILE GOC'!AK33 -> 0 | S73: ='XM.FILE GOC'!AN33 -> 0 | Y73: ='XM.FILE GOC'!AR33 -> 0 | AA73: ='XM.FILE GOC'!AU33 -> 0
A74: 7 | B74: Nhiệt độ bồn nước nóng 熱水溫度 | C74: Nhiệt độ bồn nước nóng 熱水溫度 | D74: Nhiệt độ bồn nước nóng 熱水溫度 | E74: Nhiệt độ bồn nước nóng 熱水溫度 | F74: 0C | G74: ='XM.FILE GOC'!$E$34 -> 50~70 | H74: ='XM.FILE GOC'!$F$34 -> (60±10) | I74: ='XM.FILE GOC'!AD34 -> 0 | K74: ='XM.FILE GOC'!AG34 -> 0 | Q74: ='XM.FILE GOC'!AK34 -> 0 | S74: ='XM.FILE GOC'!AN34 -> 0 | Y74: ='XM.FILE GOC'!AR34 -> 0 | AA74: ='XM.FILE GOC'!AU34 -> 0
A75: 8 | B75: Sấy khô 烘乾 | C75: Sấy khô 烘乾 | D75: Sấy khô 烘乾 | E75: Sấy khô 烘乾 | F75: 0C | G75: ='XM.FILE GOC'!$E$35 -> 80~100 | H75: ='XM.FILE GOC'!$F$35 -> (90±5) | I75: ='XM.FILE GOC'!AD35 -> \ | K75: ='XM.FILE GOC'!AG35 -> 0 | Q75: ='XM.FILE GOC'!AK35 -> \ | S75: ='XM.FILE GOC'!AN35 -> 0 | Y75: ='XM.FILE GOC'!AR35 -> \ | AA75: ='XM.FILE GOC'!AU35 -> 0
A76: Hạng mục kiểm tra bơm thuốc tự động 藥液自動添加
A77: NO | B77: Hạng mục bơm thuốc 自動添加檢查項目 | F77: Đơn vị 單位 | G77: Phạm vi kiểm soát 範圍值 | H77: Giới hạn kiểm soát 管控值 | I77: Lượng bơm 添加量 | Q77: Lượng bơm 添加量 | Y77: Lượng bơm 添加量
A78: 1 | B78: chất mềm (merlin starer) 開缸劑 | F78: ml/KAH | G78: ='XM.FILE GOC'!$E$37 -> 300-360 | H78: ='XM.FILE GOC'!$F$37 -> 300-360 | I78: ='XM.FILE GOC'!AD37 -> 0 | Q78: ='XM.FILE GOC'!AK37 -> 0 | Y78: ='XM.FILE GOC'!AR37 -> 0
A79: 2 | B79: chất bóng (merlin brightener) 光亮劑 | F79: ml/KAH | G79: ='XM.FILE GOC'!$E$38 -> 30-50 | H79: ='XM.FILE GOC'!$F$38 -> 30-50 | I79: ='XM.FILE GOC'!AD38 -> 0 | Q79: ='XM.FILE GOC'!AK38 -> 0 | Y79: ='XM.FILE GOC'!AR38 -> 0

Sheet 2. XL-1F kh
A1: 錩新科技股份有限公司 CX TECHNOLOGY CORPORATION
A2: BÁO CÁO KẾT QUẢ HÓA NGHIỆM HÀNG NGÀY XL-001F 表面處理生產製程管控記錄表 | AD2: Lập biểu 作成 | AF2: Xác nhận 確認
B3: XL-001F | H3: =MENU!$AC$9 -> Thứ 3, | I3: =MENU!$AD$9 -> 2024/01/09 | AD3: =MENU!AE6 -> Trang | AF3: Yen
A4: NO | B4: Hạng mục kiểm tra nồng dộ 化驗檢查項目 | F4: Đơn vị 單位 | G4: Phạm vi kiểm soát 範圍值 | H4: Giới hạn kiểm soát 管控值 | I4: 0.30208333 | M4: KQ bổ sung sau 1H | Q4: 0.46875 | U4: KQ bổ sung sau 1H | Y4: 0.63541667 | AC4: KQ bổ sung sau 1H | AG4: Mã số văn kiện 文件編號
I5: 濃度 | J5: 補充 BS | M5: 濃度 | N5: 補充 BS | Q5: 濃度 | R5: 補充 BS | U5: 濃度 | V5: 補充 BS | Y5: 濃度 | Z5: 補充 BS | AC5: 濃度 | AD5: 補充 BS
A6: 1 | B6: Xà bông (1) 脫脂 | D6: CT-21A | F6: g/L | G6: ='XM.FILE GOC'!$E$43 -> 60~80 | H6: ='XM.FILE GOC'!$F$43 -> (70±5) | I6: ='XM.FILE GOC'!I43 -> 70.092 | J6: + | K6: ='XM.FILE GOC'!L43 -> 0 | L6: kg | Q6: ='XM.FILE GOC'!P43 -> 69.2 | R6: + | S6: ='XM.FILE GOC'!S43 -> 2.1544 | T6: kg | U6: 72.1 | Y6: ='XM.FILE GOC'!W43 -> 73.2 | Z6: + | AA6: ='XM.FILE GOC'!Z43 -> 0 | AB6: kg | AG6: Q3-CXVN-PC01-IS06
D7: CT-21B | G7: CT-21A: 25kg/CT-21B: 5-10Lit | K7: =K6/25*7.5 -> 0 | L7: L | S7: =S6/25*7.5 -> 0.64632 | T7: L | AA7: =AA6/25*7.5 -> 0 | AB7: L
A8: 2 | B8: Xà bông (2) 脫脂 | D8: CT-21A | F8: g/L | G8: ='XM.FILE GOC'!$E$45 -> 60~80 | H8: ='XM.FILE GOC'!$F$45 -> (70±5) | I8: ='XM.FILE GOC'!I45 -> 69.5 | J8: + | K8: ='XM.FILE GOC'!L45 -> 1.6525 | L8: kg | M8: 72.5 | Q8: ='XM.FILE GOC'!P45 -> 73.2 | R8: + | S8: ='XM.FILE GOC'!S45 -> 0 | T8: kg | Y8: ='XM.FILE GOC'!W45 -> 72.039 | Z8: + | AA8: ='XM.FILE GOC'!Z45 -> 0 | AB8: kg | AG8: Q3-CXVN-PC01-IS06
D9: CT-21B | G9: CT-21A: 25kg/CT-21B: 5-10Lit | K9: =K8/25*7.5 -> 0.49575 | L9: L | S9: =S8/25*7.5 -> 0 | T9: L | AA9: =AA8/25*7.5 -> 0 | AB9: L
A10: 3 | B10: Điện giải(1) 電解 | D10: EC-508A | E10: EC-508A | F10: g/L | G10: ='XM.FILE GOC'!$E$47 -> 50~70 | H10: ='XM.FILE GOC'!$F$47 -> (60±10) | I10: ='XM.FILE GOC'!I47 -> 56.595 | J10: + | K10: ='XM.FILE GOC'!L47 -> 3.93618 | L10: kg | M10: 61.5 | Q10: ='XM.FILE GOC'!P47 -> 62.8 | R10: + | S10: ='XM.FILE GOC'!S47 -> 0 | T10: kg | Y10: ='XM.FILE GOC'!W47 -> 61.215 | Z10: + | AA10: ='XM.FILE GOC'!Z47 -> 0 | AB10: kg | AG10: Q3-CXVN-PC01-IS06
D11: EC-508B | E11: EC-508B | G11: EC-508A: 25kg/EC-508B:4-10Lit | K11: =K10/25*7 -> 1.1021304 | L11: L | S11: =S10/25*7 -> 0 | T11: L | AA11: =AA10/25*7 -> 0 | AB11: L
A12: 4 | B12: Điện giải (2) 電解 | D12: EC-508A | E12: EC-508A | F12: g/L | G12: ='XM.FILE GOC'!$E$49 -> 50~70 | H12: ='XM.FILE GOC'!$F$49 -> (60±10) | I12: ='XM.FILE GOC'!I49 -> 56.826 | J12: + | K12: ='XM.FILE GOC'!L49 -> 4.630866 | L12: kg | M12: 57.6 | N12: + | O12: =('XM.FILE GOC'!$G$49-M12)*1459/1000 -> 3.5016 | P12: kg | Q12: ='XM.FILE GOC'!P49 -> 58.212 | R12: + | S12: ='XM.FILE GOC'!S49 -> 2.608692 | T12: kg | U12: 62.5 | Y12: ='XM.FILE GOC'!W49 -> 64.218 | Z12: + | AA12: ='XM.FILE GOC'!Z49 -> 0 | AB12: kg | AG12: Q3-CXVN-PC01-IS06
D13: EC-508B | E13: EC-508B | G13: EC-508A: 25kg/EC-508B:4-10Lit | K13: =K12/25*7 -> 1.2966425 | L13: L | N13: + | O13: =O12/25*7 -> 0.980448 | P13: L | S13: =S12/25*7 -> 0.73043376 | T13: L | AA13: =AA12/25*7 -> 0 | AB13: L
A14: 5 | B14: Nồng độ NaOH 氫氧化鈉 | F14: g/L | G14: ='XM.FILE GOC'!$E$51 -> 130 - 150 | H14: ='XM.FILE GOC'!$F$51 -> (140±7) | I14: ='XM.FILE GOC'!I51 -> 144.4 | J14: + | K14: ='XM.FILE GOC'!L51 -> 0 | L14: kg | Q14: ='XM.FILE GOC'!P51 -> 145.6 | R14: + | S14: ='XM.FILE GOC'!S51 -> 0 | T14: kg | Y14: ='XM.FILE GOC'!W51 -> 145.6 | Z14: + | AA14: ='XM.FILE GOC'!Z51 -> 0 | AB14: kg | AG14: Q3-CXVN-PC01-IS08
A15: 6 | B15: Nồng độ Zn 鋅 (1 pcs Zn=25kg) | F15: g/L | G15: ='XM.FILE GOC'!$E$52 -> 8~12 | H15: ='XM.FILE GOC'!$F$52 -> (10±2) | I15: ='XM.FILE GOC'!I52 -> 11.57 | J15: + | K15: ='XM.FILE GOC'!L52 -> 0 | L15: kg | Q15: ='XM.FILE GOC'!P52 -> 11.18 | R15: + | S15: ='XM.FILE GOC'!S52 -> 0 | T15: kg | Y15: ='XM.FILE GOC'!W52 -> 11.18 | Z15: + | AA15: ='XM.FILE GOC'!Z52 -> 0 | AB15: kg | AG15: Q3-CXVN-PC01-IS07
A16: 7 | B16: Nồng độ Cr2O3 三價鉻 | F16: % | G16: ='XM.FILE GOC'!$E$53 -> 6~10 | H16: ='XM.FILE GOC'!$F$53 -> (7±1) | I16: ='XM.FILE GOC'!I53 -> 6.96183 | J16: + | K16: ='XM.FILE GOC'!L53 -> 0.2194775 | Q16: ='XM.FILE GOC'!P53 -> 7.0042 | R16: + | S16: ='XM.FILE GOC'!S53 -> 0 | T16: L | Y16: ='XM.FILE GOC'!W53 -> 6.66524 | Z16: + | AA16: ='XM.FILE GOC'!Z53 -> 1.92487 | AB16: L | AC16: 7.1
F17: pH | G17: ='XM.FILE GOC'!$E$54 -> 2~2.5 | H17: ='XM.FILE GOC'!$F$54 -> (2.3±0.1 ) | I17: ='XM.FILE GOC'!I54 -> 2.35 | K17: ='XM.FILE GOC'!L54 -> 0 | Q17: ='XM.FILE GOC'!P54 -> 2.3 | S17: ='XM.FILE GOC'!S54 -> 0 | Y17: ='XM.FILE GOC'!W54 -> 2.3 | AA17: ='XM.FILE GOC'!Z54 -> 0
A18: 8 | B18: Nồng độ acid đặc 鹽酸 濃度 | F18: %V/V | G18: ='XM.FILE GOC'!$E$55 -> 40~50 | H18: ='XM.FILE GOC'!$F$55 -> (45±5) | I18: ='XM.FILE GOC'!I55 -> 0.4334375 | J18: + | K18: ='XM.FILE GOC'!L55 -> 35.145625 | L18: L | M18: 0.45 | Q18: ='XM.FILE GOC'!P55 -> 0.45625 | R18: + | S18: ='XM.FILE GOC'!S55 -> 0 | T18: L | Y18: ='XM.FILE GOC'!W55 -> 0.47335938 | Z18: + | AA18: ='XM.FILE GOC'!Z55 -> 0 | AB18: L | AG18: Q3-CXVN-PC01-IS04
A19: 9 | B19: Nồng độ acid loãng 稀酸 濃度 | F19: %V/V | G19: ='XM.FILE GOC'!$E$56 -> (22±5) =17~27 | H19: ='XM.FILE GOC'!$F$56 -> (22±5) | I19: ='XM.FILE GOC'!I56 -> 0 | J19: + | K19: ='XM.FILE GOC'!L56 -> 134.64 | L19: L | Q19: ='XM.FILE GOC'!P56 -> 0 | R19: + | S19: ='XM.FILE GOC'!S56 -> 134.64 | T19: L | Y19: ='XM.FILE GOC'!W56 -> 0 | Z19: + | AA19: ='XM.FILE GOC'!Z56 -> 134.64 | AB19: L | AG19: Q3-CXVN-PC01-IS04
A20: 11 | B20: Nồng độ HCL hoạt hóa 稀酸活化 濃度 | F20: %V/V | G20: ='XM.FILE GOC'!$E$57 -> 5~15 | H20: ='XM.FILE GOC'!$F$57 -> (10±3) | I20: ='XM.FILE GOC'!I57 -> 0 | J20: + | K20: ='XM.FILE GOC'!L57 -> 57.5 | L20: L | Q20: ='XM.FILE GOC'!P57 -> 0 | R20: + | S20: ='XM.FILE GOC'!S57 -> 57.5 | T20: L | Y20: ='XM.FILE GOC'!W57 -> 0 | Z20: + | AA20: ='XM.FILE GOC'!Z57 -> 57.5 | AB20: L | AG20: Q3-CXVN-PC01-IS15
A21: 12 | B21: Nồng độ HNO3 硝酸濃度 | F21: % | G21: ='XM.FILE GOC'!$E$58 -> 0.5~1.5 | H21: ='XM.FILE GOC'!$F$58 -> (1±0.4) | I21: ='XM.FILE GOC'!I58 -> 0.011844 | J21: + | K21: ='XM.FILE GOC'!L58 -> 0 | L21: L | Q21: ='XM.FILE GOC'!P58 -> 0.010584 | R21: + | S21: ='XM.FILE GOC'!S58 -> 0 | T21: L | Y21: ='XM.FILE GOC'!W58 -> 0.010332 | Z21: + | AA21: ='XM.FILE GOC'!Z58 -> 0 | AB21: L | AG21: Q3-CXVN-PC01-IS15
B22: Nồng độ Cr2O3 （K) 三價鉻 FINIDIP 124 | F22: % | G22: ='XM.GUI MAIL'!$E$59 -> 5~8 | H22: ='XM.GUI MAIL'!$F$59 -> (6±0.5) | I22: ='XM.FILE GOC'!I59 -> 6.12 | J22: + | K22: ='XM.FILE GOC'!L59 -> 0 | L22: L | Q22: ='XM.FILE GOC'!P59 -> KO SX | R22: + | S22: ='XM.FILE GOC'!S59 -> 0 | T22: L | Y22: ='XM.FILE GOC'!W59 -> KO SX | Z22: + | AA22: ='XM.FILE GOC'!Z59 -> 0 | AB22: L
F23: pH | G23: ='XM.GUI MAIL'!$E$60 -> 1.8~2.4 | H23: ='XM.GUI MAIL'!$F$60 -> (2.1±0.1 ) | I23: ='XM.FILE GOC'!I60 -> 2.2 | J23: + | K23: ='XM.FILE GOC'!L60 -> 0 | L23: L | Q23: ='XM.FILE GOC'!P60 -> KO SX | R23: + | S23: ='XM.FILE GOC'!S60 -> 0 | T23: L | Y23: ='XM.FILE GOC'!W60 -> KO SX | Z23: + | AA23: ='XM.FILE GOC'!Z60 -> 0 | AB23: L
B24: Hạng mục kiểm tra nhiệt độ 檢查溫度
A25: NO | B25: Hạng mục kiểm tra nhiệt độ 溫度檢查項目 | F25: nhiệt độ 溫度 | G25: Phạm vi kiểm soát 範圍值 | H25: Giới hạn kiểm soát 管控值 | I25: Nhiệt kế 温度計 | K25: Nhiệt tự động 自動温控 | Q25: Nhiệt kế 温度計 | S25: Nhiệt tự động 自動温控 | Y25: Nhiệt kế 温度計 | AA25: Nhiệt tự động 自動温控
A26: 1 | B26: Nhiệt độ xà bông nóng (1) 熱脫脂溫度(1) | F26: 0C | G26: ='XM.FILE GOC'!$E$63 -> 50~70 | H26: ='XM.FILE GOC'!$F$63 -> (60±5) | I26: ='XM.GUI MAIL'!I63 -> 58 | K26: ='XM.FILE GOC'!L63 -> 56 | Q26: ='XM.GUI MAIL'!P63 -> 58 | S26: ='XM.FILE GOC'!S63 -> 58 | Y26: 57 | AA26: 58
A27: 2 | B27: Nhiệt độ xà bông nóng (2) 熱脫脂溫度(2) | C27: Nhiệt độ xà bông nóng (2) 熱脫脂溫度(2) | D27: Nhiệt độ xà bông nóng (2) 熱脫脂溫度(2) | E27: Nhiệt độ xà bông nóng (2) 熱脫脂溫度(2) | F27: 0C | G27: ='XM.FILE GOC'!$E$64 -> 50~70 | H27: ='XM.FILE GOC'!$F$64 -> (60±5) | I27: ='XM.GUI MAIL'!I64 -> 59 | K27: ='XM.FILE GOC'!L64 -> 60 | Q27: ='XM.GUI MAIL'!P64 -> 60 | S27: ='XM.FILE GOC'!S64 -> 60 | Y27: ='XM.GUI MAIL'!W64 -> 59 | AA27: ='XM.FILE GOC'!Z64 -> 60
A28: 3 | B28: Nhiệt độ điện giải (1) 電解1 溫度 | C28: Nhiệt độ điện giải (1) 電解1 溫度 | D28: Nhiệt độ điện giải (1) 電解1 溫度 | E28: Nhiệt độ điện giải (1) 電解1 溫度 | F28: 0C | G28: ='XM.FILE GOC'!$E$65 -> 40~60 | H28: ='XM.FILE GOC'!$F$65 -> (50±5) | I28: ='XM.GUI MAIL'!I65 -> 53 | K28: ='XM.FILE GOC'!L65 -> 52 | Q28: ='XM.GUI MAIL'!P65 -> 52 | S28: ='XM.FILE GOC'!S65 -> 52 | Y28: ='XM.GUI MAIL'!W65 -> 54 | AA28: ='XM.FILE GOC'!Z65 -> 52
A29: 4 | B29: Nhiệt độ điện giải (2) 電解 2 溫度 | C29: Nhiệt độ điện giải (2) 電解 2 溫度 | D29: Nhiệt độ điện giải (2) 電解 2 溫度 | E29: Nhiệt độ điện giải (2) 電解 2 溫度 | F29: 0C | G29: ='XM.FILE GOC'!$E$66 -> 40~60 | H29: ='XM.FILE GOC'!$F$66 -> (50±5) | I29: ='XM.GUI MAIL'!I66 -> 51 | K29: ='XM.FILE GOC'!L66 -> 49 | Q29: ='XM.GUI MAIL'!P66 -> 50 | S29: ='XM.FILE GOC'!S66 -> 50 | Y29: ='XM.GUI MAIL'!W66 -> 54 | AA29: ='XM.FILE GOC'!Z66 -> 52
A30: 5 | B30: Nhiệt độ bồn xi 鍍鋅槽溫度 | C30: Nhiệt độ bồn xi 鍍鋅槽溫度 | D30: Nhiệt độ bồn xi 鍍鋅槽溫度 | E30: Nhiệt độ bồn xi 鍍鋅槽溫度 | F30: 0C | G30: ='XM.FILE GOC'!$E$67 -> 22~35 | H30: ='XM.FILE GOC'!$F$67 -> (30±4) | I30: ='XM.GUI MAIL'!I67 -> 32 | K30: ='XM.FILE GOC'!L67 -> 31 | Q30: ='XM.GUI MAIL'!P67 -> 32 | S30: ='XM.FILE GOC'!S67 -> 31 | Y30: ='XM.GUI MAIL'!W67 -> 29 | AA30: ='XM.FILE GOC'!Z67 -> 29
A31: 6 | B31: Nhiệt độ bồn màu Cr2O3 三價鉻 溫度 | C31: Nhiệt độ bồn màu Cr2O3 三價鉻 溫度 | D31: Nhiệt độ bồn màu Cr2O3 三價鉻 溫度 | E31: Nhiệt độ bồn màu Cr2O3 三價鉻 溫度 | F31: 0C | G31: ='XM.FILE GOC'!$E$68 -> 30-38 | H31: ='XM.FILE GOC'!$F$68 -> (34±2) | I31: ='XM.GUI MAIL'!I68 -> 33 | K31: ='XM.FILE GOC'!L68 -> 32 | Q31: ='XM.GUI MAIL'!P68 -> 33 | S31: ='XM.FILE GOC'!S68 -> 33 | Y31: ='XM.GUI MAIL'!W68 -> 34 | AA31: ='XM.FILE GOC'!Z68 -> 33
A32: 7 | B32: Nhiệt độ bồn nước nóng 熱水溫度 | C32: Nhiệt độ bồn nước nóng 熱水溫度 | D32: Nhiệt độ bồn nước nóng 熱水溫度 | E32: Nhiệt độ bồn nước nóng 熱水溫度 | F32: 0C | G32: ='XM.FILE GOC'!$E$69 -> 50~70 | H32: ='XM.FILE GOC'!$F$69 -> (60±10) | I32: ='XM.GUI MAIL'!I69 -> 52 | K32: ='XM.FILE GOC'!L69 -> 51 | Q32: ='XM.GUI MAIL'!P69 -> 55 | S32: ='XM.FILE GOC'!S69 -> 54 | Y32: ='XM.GUI MAIL'!W69 -> 57 | AA32: ='XM.FILE GOC'!Z69 -> 58
A33: 8 | B33: Sấy khô 烘乾 | C33: Sấy khô 烘乾 | D33: Sấy khô 烘乾 | E33: Sấy khô 烘乾 | F33: 0C | G33: ='XM.FILE GOC'!$E$70 -> 80~100 | H33: ='XM.FILE GOC'!$F$70 -> (90±5) | I33: \ | K33: 92 | Q33: \ | S33: ='XM.FILE GOC'!S70 -> 89 | Y33: \ | AA33: ='XM.FILE GOC'!Z70 -> 93
B34: Hạng mục kiểm tra bơm thuốc tự động 藥液自動添加
A35: NO | B35: Hạng mục bơm thuốc 自動添加檢查項目 | F35: Đơn vị 單位 | G35: Phạm vi kiểm soát 範圍值 | H35: Giới hạn kiểm soát 管控值 | I35: Lượng bơm 添加量 | Q35: Lượng bơm 添加量 | Y35: Lượng bơm 添加量
A36: 1 | B36: chất mềm (250 base) 開缸劑 | F36: ml/KAH | G36: ='XM.FILE GOC'!$E$72 -> 100-200 | H36: ='XM.FILE GOC'!$F$72 -> 100-200 | I36: ='XM.GUI MAIL'!I72 -> 120 | Q36: ='XM.GUI MAIL'!P72 -> 122 | Y36: ='XM.GUI MAIL'!W72 -> 115
A37: 2 | B37: chaát boùng (250 brightener) 光亮劑 | F37: ml/KAH | G37: ='XM.FILE GOC'!$E$73 -> 20-50 | H37: ='XM.FILE GOC'!$F$73 -> 20-50 | I37: ='XM.GUI MAIL'!I73 -> 38 | Q37: ='XM.GUI MAIL'!P73 -> 40 | Y37: ='XM.GUI MAIL'!W73 -> 40
A39: 錩新科技股份有限公司 CX TECHNOLOGY CORPORATION
A40: BÁO CÁO KẾT QUẢ HÓA NGHIỆM HÀNG NGÀY XL-001F 表面處理生產製程管控記錄表 | AD40: Lập biểu 作成 | AF40: Xác nhận 確認
B41: XL-001F | H41: =MENU!$AC$9 -> Thứ 3, | I41: =MENU!$AD$9 -> 2024/01/09 | AD41: =MENU!AE7 -> L.Yen | AF41: Yen
A42: NO | B42: Hạng mục kiểm tra nồng dộ 化驗檢查項目 | F42: Đơn vị 單位 | G42: Phạm vi kiểm soát 範圍值 | H42: Giới hạn kiểm soát 管控值 | I42: 0.80208333 | M42: KQ bổ sung sau 1H | Q42: 0.96875 | U42: KQ bổ sung sau 1H | Y42: 0.13541667 | AC42: KQ bổ sung sau 1H | AG42: Mã số văn kiện 文件編號
I43: 濃度 | J43: 補充 BS | M43: 濃度 | N43: 補充 BS | Q43: 濃度 | R43: 補充 BS | U43: 濃度 | V43: 補充 BS | Y43: 濃度 | Z43: 補充 BS | AC43: 濃度 | AD43: 補充 BS
A44: 1 | B44: Xà bông (1) 脫脂 | D44: CT-21A | F44: g/L | G44: ='XM.FILE GOC'!$E$43 -> 60~80 | H44: ='XM.FILE GOC'!$F$43 -> (70±5) | I44: ='XM.FILE GOC'!AD43 -> 72.6 | J44: + | K44: ='XM.FILE GOC'!AG43 -> 0 | L44: kg | N44: + | P44: kg | Q44: ='XM.FILE GOC'!AK43 -> 72 | R44: + | S44: ='XM.FILE GOC'!AN43 -> 0 | T44: kg | V44: + | X44: kg | Y44: ='XM.FILE GOC'!AR43 -> 71.3 | Z44: + | AA44: ='XM.FILE GOC'!AU43 -> 0 | AB44: kg | AD44: + | AF44: kg | AG44: Q3-CXVN-PC01-IS06
D45: CT-21B | G45: CT-21A: 25kg/CT-21B: 5-10Lit | K45: =K44/25*7.5 -> 0 | L45: L | N45: + | P45: L | S45: =S44/25*7.5 -> 0 | T45: L | V45: + | X45: L | AA45: =AA44/25*7.5 -> 0 | AB45: L | AD45: + | AF45: L
A46: 2 | B46: Xà bông (2) 脫脂 | D46: CT-21A | F46: g/L | G46: ='XM.FILE GOC'!$E$45 -> 60~80 | H46: ='XM.FILE GOC'!$F$45 -> (70±5) | I46: ='XM.FILE GOC'!AD45 -> 71.39 | J46: + | K46: ='XM.FILE GOC'!AG45 -> 0 | L46: kg | N46: + | P46: kg | Q46: ='XM.FILE GOC'!AK45 -> 71 | R46: + | S46: ='XM.FILE GOC'!AN45 -> 0 | T46: kg | V46: + | X46: kg | Y46: ='XM.FILE GOC'!AR45 -> 70.6 | Z46: + | AA46: ='XM.FILE GOC'!AU45 -> 0 | AB46: kg | AD46: + | AF46: kg | AG46: Q3-CXVN-PC01-IS06
D47: CT-21B | G47: CT-21A: 25kg/CT-21B: 5-10Lit | K47: =K46/25*7.5 -> 0 | L47: L | N47: + | P47: L | S47: =S46/25*7.5 -> 0 | T47: L | V47: + | X47: L | AA47: =AA46/25*7.5 -> 0 | AB47: L | AD47: + | AF47: L
A48: 3 | B48: Điện giải(1) 電解 | D48: EC-508A | E48: EC-508A | F48: g/L | G48: ='XM.FILE GOC'!$E$47 -> 50~70 | H48: ='XM.FILE GOC'!$F$47 -> (60±10) | I48: ='XM.FILE GOC'!AD47 -> 61 | J48: + | K48: ='XM.FILE GOC'!AG47 -> 0 | L48: kg | N48: + | P48: kg | Q48: ='XM.FILE GOC'!AK47 -> 60.6 | R48: + | S48: ='XM.FILE GOC'!AN47 -> 0 | T48: kg | V48: + | X48: kg | Y48: ='XM.FILE GOC'!AR47 -> 60 | Z48: + | AA48: ='XM.FILE GOC'!AU47 -> 0 | AB48: kg | AD48: + | AF48: kg | AG48: Q3-CXVN-PC01-IS06
D49: EC-508B | E49: EC-508B | G49: EC-508A: 25kg/EC-508B:4-10Lit | K49: =K48/25*7 -> 0 | L49: L | N49: + | P49: L | S49: =S48/25*7 -> 0 | T49: L | V49: + | X49: L | AA49: =AA48/25*7 -> 0 | AB49: L | AD49: + | AF49: L
A50: 4 | B50: Điện giải (2) 電解 | D50: EC-508A | E50: EC-508A | F50: g/L | G50: ='XM.FILE GOC'!$E$49 -> 50~70 | H50: ='XM.FILE GOC'!$F$49 -> (60±10) | I50: ='XM.FILE GOC'!AD49 -> 61.908 | J50: + | K50: ='XM.FILE GOC'!AG49 -> 0 | L50: kg | N50: + | P50: kg | Q50: ='XM.FILE GOC'!AK49 -> 61.2 | R50: + | S50: ='XM.FILE GOC'!AN49 -> 0 | T50: kg | V50: + | X50: kg | Y50: ='XM.FILE GOC'!AR49 -> 60.6 | Z50: + | AA50: ='XM.FILE GOC'!AU49 -> 0 | AB50: kg | AD50: + | AF50: kg | AG50: Q3-CXVN-PC01-IS06
D51: EC-508B | E51: EC-508B | G51: EC-508A: 25kg/EC-508B:4-10Lit | K51: =K50/25*7 -> 0 | L51: L | N51: + | P51: L | S51: =S50/25*7 -> 0 | T51: L | V51: + | X51: L | AA51: =AA50/25*7 -> 0 | AB51: L | AD51: + | AF51: L
A52: 5 | B52: Nồng độ NaOH 氫氧化鈉 | F52: g/L | G52: ='XM.FILE GOC'!$E$51 -> 130 - 150 | H52: ='XM.FILE GOC'!$F$51 -> (140±7) | I52: ='XM.FILE GOC'!AD51 -> 145.6 | J52: + | K52: ='XM.FILE GOC'!AG51 -> 0 | L52: kg | N52: + | P52: kg | Q52: ='XM.FILE GOC'!AK51 -> 144.2 | R52: + | S52: ='XM.FILE GOC'!AN51 -> 0 | T52: kg | V52: + | X52: kg | Y52: ='XM.FILE GOC'!AR51 -> 143.2 | Z52: + | AA52: ='XM.FILE GOC'!AU51 -> 0 | AB52: kg | AD52: + | AF52: kg | AG52: Q3-CXVN-PC01-IS08
A53: 6 | B53: Nồng độ Zn 鋅 (1 pcs Zn=25kg) | F53: g/L | G53: ='XM.FILE GOC'!$E$52 -> 8~12 | H53: ='XM.FILE GOC'!$F$52 -> (10±2) | I53: ='XM.FILE GOC'!AD52 -> 11.18 | J53: + | K53: ='XM.FILE GOC'!AG52 -> 0 | L53: kg | N53: + | P53: kg | Q53: ='XM.FILE GOC'!AK52 -> 11.1 | R53: + | S53: ='XM.FILE GOC'!AN52 -> 0 | T53: kg | V53: + | X53: kg | Y53: ='XM.FILE GOC'!AR52 -> 11 | Z53: + | AA53: ='XM.FILE GOC'!AU52 -> 0 | AB53: kg | AD53: + | AF53: kg | AG53: Q3-CXVN-PC01-IS07
A54: 7 | B54: Nồng độ Cr2O3 三價鉻 | F54: % | G54: ='XM.FILE GOC'!$E$53 -> 6~10 | H54: ='XM.FILE GOC'!$F$53 -> (7±1) | I54: ='XM.FILE GOC'!AD53 -> 6.91946 | J54: + | K54: ='XM.FILE GOC'!AG53 -> 0.463105 | L54: L | N54: + | P54: L | Q54: ='XM.FILE GOC'!AK53 -> 7.2 | R54: + | S54: ='XM.FILE GOC'!AN53 -> 0 | T54: L | V54: + | X54: L | Y54: ='XM.FILE GOC'!AR53 -> 7.1 | Z54: + | AA54: ='XM.FILE GOC'!AU53 -> 0 | AB54: L | AD54: + | AF54: L
F55: pH | G55: ='XM.FILE GOC'!$E$54 -> 2~2.5 | H55: ='XM.FILE GOC'!$F$54 -> (2.3±0.1 ) | I55: ='XM.FILE GOC'!AD54 -> 2.2 | K55: ='XM.FILE GOC'!AG54 -> 0 | Q55: ='XM.FILE GOC'!AK54 -> 2.23 | S55: ='XM.FILE GOC'!AN54 -> 0 | Y55: ='XM.FILE GOC'!AR54 -> 2.2 | AA55: ='XM.FILE GOC'!AU54 -> 0
A56: 8 | B56: Nồng độ acid đặc 鹽酸 濃度 | F56: %V/V | G56: ='XM.FILE GOC'!$E$55 -> 40~50 | H56: ='XM.FILE GOC'!$F$55 -> (45±5) | I56: ='XM.FILE GOC'!AD55 -> 0.45625 | J56: + | K56: ='XM.FILE GOC'!AG55 -> 0 | L56: L | N56: + | P56: L | Q56: ='XM.FILE GOC'!AK55 -> 0.452 | R56: + | S56: ='XM.FILE GOC'!AN55 -> 0 | T56: L | V56: + | X56: L | Y56: ='XM.FILE GOC'!AR55 -> 0.4334375 | Z56: + | AA56: ='XM.FILE GOC'!AU55 -> 35.145625 | AB56: L | AC56: 0.456 | AD56: + | AF56: L | AG56: Q3-CXVN-PC01-IS04
A57: 9 | B57: Nồng độ acid loãng 稀酸 濃度 | F57: %V/V | G57: ='XM.FILE GOC'!$E$56 -> (22±5) =17~27 | H57: ='XM.FILE GOC'!$F$56 -> (22±5) | I57: ='XM.FILE GOC'!AD56 -> 0 | J57: + | K57: ='XM.FILE GOC'!AG56 -> 134.64 | L57: L | N57: + | P57: L | Q57: ='XM.FILE GOC'!AK56 -> 0 | R57: + | S57: ='XM.FILE GOC'!AN56 -> 134.64 | T57: L | V57: + | X57: L | Y57: ='XM.FILE GOC'!AR56 -> 0 | Z57: + | AA57: ='XM.FILE GOC'!AU56 -> 134.64 | AB57: L | AD57: + | AF57: L | AG57: Q3-CXVN-PC01-IS04
A58: 11 | B58: Nồng độ HCL hoạt hóa 稀酸活化 濃度 | F58: %V/V | G58: ='XM.FILE GOC'!$E$57 -> 5~15 | H58: ='XM.FILE GOC'!$F$57 -> (10±3) | I58: ='XM.FILE GOC'!AD57 -> 0 | J58: + | K58: ='XM.FILE GOC'!AG57 -> 57.5 | L58: L | N58: + | P58: L | Q58: ='XM.FILE GOC'!AK57 -> 0 | R58: + | S58: ='XM.FILE GOC'!AN57 -> 57.5 | T58: L | V58: + | X58: L | Y58: ='XM.FILE GOC'!AR57 -> 0 | Z58: + | AA58: ='XM.FILE GOC'!AU57 -> 57.5 | AB58: L | AD58: + | AF58: L | AG58: Q3-CXVN-PC01-IS15
A59: 10 | B59: Nồng độ HNO3 硝酸濃度 | F59: % | G59: ='XM.FILE GOC'!$E$58 -> 0.5~1.5 | H59: ='XM.FILE GOC'!$F$58 -> (1±0.4) | I59: ='XM.FILE GOC'!AD58 -> 0.012348 | J59: + | K59: ='XM.FILE GOC'!AG58 -> 0 | L59: L | N59: + | P59: L | Q59: ='XM.FILE GOC'!AK58 -> 0.012 | R59: + | S59: ='XM.FILE GOC'!AN58 -> 0 | T59: L | V59: + | X59: L | Y59: ='XM.FILE GOC'!AR58 -> 0.00945 | Z59: + | AA59: ='XM.FILE GOC'!AU58 -> 0.2969944 | AB59: L | AC59: 0.01 | AD59: + | AF59: L | AG59: Q3-CXVN-PC01-IS15
B60: Nồng độ Cr2O3 （K) 三價鉻 FINIDIP 124 | F60: % | G60: ='XM.GUI MAIL'!$E$59 -> 5~8 | H60: ='XM.GUI MAIL'!$F$59 -> (6±0.5) | I60: ='XM.FILE GOC'!AD59 -> KO SX | J60: + | K60: ='XM.FILE GOC'!L98 -> 0 | L60: L | N60: + | P60: L | Q60: ='XM.FILE GOC'!AK59 -> KO SX | R60: + | S60: ='XM.FILE GOC'!S98 -> 0 | T60: L | V60: + | X60: L | Y60: ='XM.FILE GOC'!AR59 -> KO SX | Z60: + | AA60: ='XM.FILE GOC'!Z98 -> 0 | AB60: L | AD60: + | AF60: L
F61: pH | G61: ='XM.GUI MAIL'!$E$60 -> 1.8~2.4 | H61: ='XM.GUI MAIL'!$F$60 -> (2.1±0.1 ) | I61: ='XM.FILE GOC'!AD60 -> KO SX | Q61: ='XM.FILE GOC'!AK60 -> KO SX | Y61: ='XM.FILE GOC'!AR60 -> KO SX
B62: Hạng mục kiểm tra nhiệt độ 檢查溫度
A63: NO | B63: Hạng mục kiểm tra nhiệt độ 溫度檢查項目 | F63: nhiệt độ 溫度 | G63: Phạm vi kiểm soát 範圍值 | H63: Giới hạn kiểm soát 管控值 | I63: Nhiệt kế 温度計 | K63: Nhiệt tự động 自動温控 | Q63: Nhiệt kế 温度計 | S63: Nhiệt tự động 自動温控 | Y63: Nhiệt kế 温度計 | AA63: Nhiệt tự động 自動温控
A64: 1 | B64: Nhiệt độ xà bông nóng (1) 熱脫脂溫度(1) | F64: 0C | G64: ='XM.FILE GOC'!$E$63 -> 50~70 | H64: ='XM.FILE GOC'!$F$63 -> (60±5) | I64: 55 | K64: 56 | Q64: 58 | S64: 57 | Y64: 55 | AA64: 56
A65: 2 | B65: Nhiệt độ xà bông nóng (2) 熱脫脂溫度(2) | C65: Nhiệt độ xà bông nóng (2) 熱脫脂溫度(2) | D65: Nhiệt độ xà bông nóng (2) 熱脫脂溫度(2) | E65: Nhiệt độ xà bông nóng (2) 熱脫脂溫度(2) | F65: 0C | G65: ='XM.FILE GOC'!$E$64 -> 50~70 | H65: ='XM.FILE GOC'!$F$64 -> (60±5) | I65: ='XM.GUI MAIL'!AD64 -> 62 | K65: ='XM.FILE GOC'!AG64 -> 61 | Q65: 61 | S65: 60 | Y65: ='XM.GUI MAIL'!AR64 -> 62 | AA65: ='XM.FILE GOC'!AU64 -> 61
A66: 3 | B66: Nhiệt độ điện giải (1) 電解1 溫度 | C66: Nhiệt độ điện giải (1) 電解1 溫度 | D66: Nhiệt độ điện giải (1) 電解1 溫度 | E66: Nhiệt độ điện giải (1) 電解1 溫度 | F66: 0C | G66: ='XM.FILE GOC'!$E$65 -> 40~60 | H66: ='XM.FILE GOC'!$F$65 -> (50±5) | I66: ='XM.GUI MAIL'!AD65 -> 53 | K66: ='XM.FILE GOC'!AG65 -> 52 | Q66: 54 | S66: 53 | Y66: ='XM.GUI MAIL'!AR65 -> 53 | AA66: ='XM.FILE GOC'!AU65 -> 52
A67: 4 | B67: Nhiệt độ điện giải (2) 電解 2 溫度 | C67: Nhiệt độ điện giải (2) 電解 2 溫度 | D67: Nhiệt độ điện giải (2) 電解 2 溫度 | E67: Nhiệt độ điện giải (2) 電解 2 溫度 | F67: 0C | G67: ='XM.FILE GOC'!$E$66 -> 40~60 | H67: ='XM.FILE GOC'!$F$66 -> (50±5) | I67: ='XM.GUI MAIL'!AD66 -> 51 | K67: ='XM.FILE GOC'!AG66 -> 50 | Q67: 51 | S67: 50 | Y67: ='XM.GUI MAIL'!AR66 -> 49 | AA67: ='XM.FILE GOC'!AU66 -> 48
A68: 5 | B68: Nhiệt độ bồn xi 鍍鋅槽溫度 | C68: Nhiệt độ bồn xi 鍍鋅槽溫度 | D68: Nhiệt độ bồn xi 鍍鋅槽溫度 | E68: Nhiệt độ bồn xi 鍍鋅槽溫度 | F68: 0C | G68: ='XM.FILE GOC'!$E$67 -> 22~35 | H68: ='XM.FILE GOC'!$F$67 -> (30±4) | I68: ='XM.GUI MAIL'!AD67 -> 32 | K68: ='XM.FILE GOC'!AG67 -> 31 | Q68: 31 | S68: 30 | Y68: ='XM.GUI MAIL'!AR67 -> 31 | AA68: ='XM.FILE GOC'!AU67 -> 30
A69: 6 | B69: Nhiệt độ bồn màu Cr2O3 三價鉻 溫度 | C69: Nhiệt độ bồn màu Cr2O3 三價鉻 溫度 | D69: Nhiệt độ bồn màu Cr2O3 三價鉻 溫度 | E69: Nhiệt độ bồn màu Cr2O3 三價鉻 溫度 | F69: 0C | G69: ='XM.FILE GOC'!$E$68 -> 30-38 | H69: ='XM.FILE GOC'!$F$68 -> (34±2) | I69: ='XM.GUI MAIL'!AD68 -> 34 | K69: ='XM.FILE GOC'!AG68 -> 33 | Q69: 34 | S69: 33 | Y69: ='XM.GUI MAIL'!AR68 -> 34 | AA69: ='XM.FILE GOC'!AU68 -> 33
A70: 7 | B70: Nhiệt độ bồn nước nóng 熱水溫度 | C70: Nhiệt độ bồn nước nóng 熱水溫度 | D70: Nhiệt độ bồn nước nóng 熱水溫度 | E70: Nhiệt độ bồn nước nóng 熱水溫度 | F70: 0C | G70: ='XM.FILE GOC'!$E$69 -> 50~70 | H70: ='XM.FILE GOC'!$F$69 -> (60±10) | I70: ='XM.GUI MAIL'!AD69 -> 55 | K70: ='XM.FILE GOC'!AG69 -> 54 | Q70: 56 | S70: 55 | Y70: ='XM.GUI MAIL'!AR69 -> 52 | AA70: ='XM.FILE GOC'!AU69 -> 51
A71: 8 | B71: Sấy khô 烘乾 | C71: Sấy khô 烘乾 | D71: Sấy khô 烘乾 | E71: Sấy khô 烘乾 | F71: 0C | G71: ='XM.FILE GOC'!$E$70 -> 80~100 | H71: ='XM.FILE GOC'!$F$70 -> (90±5) | I71: \ | K71: ='XM.FILE GOC'!AG70 -> 90 | Q71: \ | S71: 90 | Y71: \ | AA71: ='XM.FILE GOC'!AU70 -> 90
B72: Hạng mục kiểm tra bơm thuốc tự động 藥液自動添加
A73: NO | B73: Hạng mục bơm thuốc 自動添加檢查項目 | F73: Đơn vị 單位 | G73: Phạm vi kiểm soát 範圍值 | H73: Giới hạn kiểm soát 管控值 | I73: Lượng bơm 添加量 | Q73: Lượng bơm 添加量 | Y73: Lượng bơm 添加量
A74: 1 | B74: chất mềm (250 base) 開缸劑 | F74: ml/KAH | G74: ='XM.FILE GOC'!$E$72 -> 100-200 | H74: ='XM.FILE GOC'!$F$72 -> 100-200 | I74: ='XM.FILE GOC'!AD72 -> 115 | Q74: 110 | Y74: ='XM.GUI MAIL'!AR72 -> 115
A75: 2 | B75: chaát boùng (250 brightener) 光亮劑 | F75: ml/KAH | G75: ='XM.FILE GOC'!$E$73 -> 20-50 | H75: ='XM.FILE GOC'!$F$73 -> 20-50 | I75: ='XM.GUI MAIL'!AD73 -> 42 | Q75: 42 | Y75: ='XM.GUI MAIL'!AR73 -> 40

Sheet 3.XT-C kh.mau HALO
A1: 錩新科技股份有限公司 CX TECHNOLOGY CORPORATION
A2: BAÙO CAÙO KEÁT QUAÛ HOÙA NGHIEÄM HAÈNG NGAØY XT- 000C 吊電化驗結果報告 | AD2: Lập biểu 作成 | AF2: Xác nhận 確認
B3: XT-000C | H3: =MENU!$AC$9 -> Thứ 3, | I3: =MENU!$AD$9 -> 2024/01/09 | AD3: =MENU!AE6 -> Trang | AF3: Yen
A4: NO | B4: Hạng mục kiểm tra nồng dộ 化驗檢查項目 | F4: Đơn vị 單位 | G4: Phạm vi kiểm soát 範圍值 | H4: Giới hạn kiểm soát 管控值 | I4: 0.30208333 | M4: KQ bổ sung sau 1H | Q4: 0.46875 | U4: KQ bổ sung sau 1H | Y4: 0.63541667 | AC4: KQ bổ sung sau 1H | AG4: Mã số văn kiện 文件編號 Q3-CXVN-PC01-
I5: 濃度 | J5: 補充 BS | M5: 濃度 | N5: 補充 BS | Q5: 濃度 | R5: 補充 BS | U5: 濃度 | V5: 補充 BS | Y5: 濃度 | Z5: 補充 BS | AC5: 濃度 | AD5: 補充 BS
A6: 1 | B6: Xaø boâng 脫脂 (2,3,4) | D6: CT-21A | F6: g/L | G6: ='XM.FILE GOC'!$E$78 -> 40~60 | H6: ='XM.FILE GOC'!$F$78 -> (50±5) | I6: ='XM.FILE GOC'!I78 -> 49.5 | J6: + | K6: ='XM.FILE GOC'!L78 -> 7.7585 | L6: kg | M6: 50.8 | Q6: ='XM.FILE GOC'!P78 -> 51.92 | R6: + | S6: ='XM.FILE GOC'!S78 -> 0 | T6: kg | Y6: ='XM.FILE GOC'!W78 -> 51.5955 | Z6: + | AA6: ='XM.FILE GOC'!Z78 -> 0 | AB6: kg | AG6: IS06
D7: CT-21B | G7: CT-21A: 25kg/CT-21B: 7-10L | K7: =K6/25*8.5 -> 2.63789 | L7: L | S7: =S6/25*8.5 -> 0 | T7: L | AA7: =AA6/25*8.5 -> 0 | AB7: L
A8: 2 | B8: Xaø boâng 脫脂 (5,6) | D8: CT-21A | F8: g/L | G8: ='XM.FILE GOC'!$E$80 -> 40~60 | H8: ='XM.FILE GOC'!$F$80 -> (50±5) | I8: ='XM.FILE GOC'!I80 -> 50.2975 | J8: + | K8: ='XM.FILE GOC'!L80 -> 0 | L8: kg | Q8: ='XM.FILE GOC'!P80 -> 50.2975 | R8: + | S8: ='XM.FILE GOC'!S80 -> 0 | T8: kg | Y8: ='XM.FILE GOC'!W80 -> 50.2975 | Z8: + | AA8: ='XM.FILE GOC'!Z80 -> 0 | AB8: kg | AG8: IS06
D9: CT-21B | G9: CT-21A: 25kg/CT-21B: 7-10L | K9: =K8/25*8.5 -> 0 | L9: L | S9: =S8/25*8.5 -> 0 | T9: L | AA9: =AA8/25*8.5 -> 0 | AB9: L
A10: 3 | B10: Điện giải 電解 (8) | D10: EC-508A | E10: EC-508A | F10: g/L | G10: ='XM.FILE GOC'!$E$82 -> 50~70 | H10: ='XM.FILE GOC'!$F$82 -> (60±5) | I10: ='XM.FILE GOC'!I82 -> 63.525 | J10: + | K10: ='XM.FILE GOC'!L82 -> 0 | L10: kg | Q10: ='XM.FILE GOC'!P82 -> 63.294 | R10: + | S10: ='XM.FILE GOC'!S82 -> 0 | T10: kg | Y10: ='XM.FILE GOC'!W82 -> 61.908 | Z10: + | AA10: ='XM.FILE GOC'!Z82 -> 0 | AB10: kg | AG10: IS06
D11: EC-508B | E11: EC-508B | G11: EC-508A: 25kg/EC-508B:6-10L | K11: =K10/25*8 -> 0 | L11: L | S11: =S10/25*8 -> 0 | T11: L | AA11: =AA10/25*8 -> 0 | AB11: L
A12: 4 | B12: Điện giải 電解 (20,21) | D12: EC-508A | E12: EC-508A | F12: g/L | G12: ='XM.FILE GOC'!$E$84 -> 50~70 | H12: ='XM.FILE GOC'!$F$84 -> (60±5) | I12: ='XM.FILE GOC'!I84 -> 59.7 | J12: + | K12: ='XM.FILE GOC'!L84 -> 2.6004 | L12: kg | M12: 62.2 | Q12: ='XM.FILE GOC'!P84 -> 63.063 | R12: + | S12: ='XM.FILE GOC'!S84 -> 0 | T12: kg | Y12: ='XM.FILE GOC'!W84 -> 60.522 | Z12: + | AA12: ='XM.FILE GOC'!Z84 -> 0 | AB12: kg | AG12: IS06
D13: EC-508B | E13: EC-508B | G13: EC-508A: 25kg/EC-508B:6-10L | K13: =K12/25*8 -> 0.832128 | L13: L | S13: =S12/25*8 -> 0 | T13: L | AA13: =AA12/25*8 -> 0 | AB13: L
A14: 5 | B14: Boàn xi (26-37) 鋅電鍍槽 Zinc Plating | C14: Noàng ñoä NaOH 氫氧化鈉 | F14: g/L | G14: ='XM.FILE GOC'!$E$86 -> 135~ 145 | H14: ='XM.FILE GOC'!$F$86 -> (140±5) | I14: ='XM.FILE GOC'!I86 -> 143.6 | J14: + | K14: ='XM.FILE GOC'!L86 -> 0 | L14: kg | Q14: ='XM.FILE GOC'!P86 -> 144.8 | R14: + | S14: ='XM.FILE GOC'!S86 -> 0 | T14: kg | Y14: ='XM.FILE GOC'!W86 -> 143.2 | Z14: + | AA14: ='XM.FILE GOC'!Z86 -> 0 | AB14: kg | AG14: IS08
C15: Noàng ñoä Zn 鋅 (1 pcs Zn=25kg) | F15: g/L | G15: ='XM.FILE GOC'!$E$87 -> 7~10 | H15: ='XM.FILE GOC'!$F$87 -> (8.5±1) | I15: ='XM.FILE GOC'!I87 -> 8.58 | J15: + | K15: ='XM.FILE GOC'!L87 -> 0 | L15: kg | Q15: ='XM.FILE GOC'!P87 -> 8.32 | R15: + | S15: ='XM.FILE GOC'!S87 -> 9.55188 | T15: kg | U15: 8.4 | V15: + | W15: =('XM.FILE GOC'!$G$87-U15)*53066/1000 -> 5.3066 | X15: kg | Y15: ='XM.FILE GOC'!W87 -> 8.385 | Z15: + | AA15: ='XM.FILE GOC'!Z87 -> 6.10259 | AB15: kg | AC15: 8.552 | AG15: IS07
A16: 6 | B16: Noàng ñoä Cr2O3 (45,46) 三價鉻 | F16: % | G16: ='XM.FILE GOC'!$E$88 -> 5~8 | H16: ='XM.FILE GOC'!$F$88 -> (6±1) | I16: ='XM.FILE GOC'!I88 -> 6.45339 | J16: + | K16: ='XM.FILE GOC'!L88 -> 0 | L16: L | Q16: ='XM.FILE GOC'!P88 -> 6.432205 | R16: + | S16: ='XM.FILE GOC'!S88 -> 0 | T16: L | Y16: ='XM.FILE GOC'!W88 -> 6.1568 | Z16: + | AA16: ='XM.FILE GOC'!Z88 -> 0 | AB16: L | AG16: IS05 | AI16: MÀU HALO
F17: pH | G17: ='XM.FILE GOC'!$E$89 -> 2.0~2.4 | H17: ='XM.FILE GOC'!$F$89 -> (2.2±0.1) | I17: ='XM.FILE GOC'!I89 -> 2.26 | Q17: ='XM.FILE GOC'!P89 -> 2.24 | Y17: ='XM.FILE GOC'!W89 -> 2.25
A18: 7 | B18: Noàng ñoä axit ñaëc 1 (13,14) 鹽酸 濃度 | F18: %V/V | G18: ='XM.FILE GOC'!$E$90 -> 40~50 | H18: ='XM.FILE GOC'!$F$90 -> (45±5) | I18: ='XM.FILE GOC'!I90 -> 0.465 | J18: + | K18: ='XM.FILE GOC'!L90 -> 0 | L18: L | Q18: ='XM.FILE GOC'!P90 -> 0.464 | R18: + | S18: ='XM.FILE GOC'!S90 -> 0 | T18: L | Y18: ='XM.FILE GOC'!W90 -> 0.46 | Z18: + | AA18: ='XM.FILE GOC'!Z90 -> 0 | AB18: L | AG18: IS04
A19: 8 | B19: Noàng ñoä axit ñaëc 2 (15,16,17) 鹽酸 濃度 | F19: %V/V | G19: ='XM.FILE GOC'!$E$92 -> 40~50 | H19: ='XM.FILE GOC'!$F$92 -> (45±5) | I19: ='XM.FILE GOC'!I92 -> 0.4516875 | J19: + | K19: ='XM.FILE GOC'!L92 -> 0 | L19: L | Q19: ='XM.FILE GOC'!P92 -> 0.438 | R19: + | S19: ='XM.FILE GOC'!S92 -> 48.503077 | T19: L | U19: 0.452 | Y19: ='XM.FILE GOC'!W92 -> 0.458 | Z19: + | AA19: ='XM.FILE GOC'!Z92 -> 0 | AB19: L | AG19: IS04
A20: 9 | B20: Nồng độ acid loãng (12) 稀酸 濃度 | F20: %V/V | G20: ='XM.FILE GOC'!$E$93 -> 10~20 | H20: ='XM.FILE GOC'!$F$93 -> (15±5) | I20: ='XM.FILE GOC'!I93 -> 0.1323125 | J20: + | K20: ='XM.FILE GOC'!L93 -> 19.724612 | L20: L | M20: 0.452 | Q20: ='XM.FILE GOC'!P93 -> 0.159 | R20: + | S20: ='XM.FILE GOC'!S93 -> 0 | T20: L | Y20: ='XM.FILE GOC'!W93 -> 0.154 | Z20: + | AA20: ='XM.FILE GOC'!Z93 -> 0 | AB20: L | AG20: IS15
A21: 10 | B21: Nồng độ HNO3 (42) 硝酸濃度 | C21: Nồng độ HNO3 (42) 硝酸濃度 | D21: Nồng độ HNO3 (42) 硝酸濃度 | E21: Nồng độ HNO3 (42) 硝酸濃度 | F21: %V/V | G21: ='XM.FILE GOC'!$E$94 -> (1±0.4)=0.6~1.4 | H21: ='XM.FILE GOC'!$F$94 -> (1±0.4) | I21: ='XM.FILE GOC'!I94 -> 0.0105 | J21: + | K21: ='XM.FILE GOC'!L94 -> 0 | L21: L | Q21: ='XM.FILE GOC'!P94 -> 0.0102 | R21: + | S21: ='XM.FILE GOC'!S94 -> 0 | T21: L | Y21: ='XM.FILE GOC'!W94 -> 0.01 | Z21: + | AA21: ='XM.FILE GOC'!Z94 -> 0 | AB21: L | AG21: IS15
A22: 11 | B22: Nồng độ Cr2O3 （K) 三價鉻 | F22: % | G22: ='XM.GUI MAIL'!$E$95 -> 5~8 | H22: ='XM.GUI MAIL'!$F$95 -> (6±0.5) | I22: ='XM.FILE GOC'!I95 -> 6 | J22: + | K22: ='XM.FILE GOC'!L95 -> 0 | L22: L | Q22: ='XM.FILE GOC'!P95 -> 6.05 | R22: + | S22: ='XM.FILE GOC'!S95 -> 0 | T22: L | Y22: ='XM.FILE GOC'!W95 -> 5.9 | Z22: + | AA22: ='XM.FILE GOC'!Z95 -> 3.7441684 | AB22: L | AC22: 6
A23: 12 | F23: pH | G23: ='XM.GUI MAIL'!$E$96 -> 1.8~2.4 | H23: ='XM.GUI MAIL'!$F$96 -> (2.1±0.1) | I23: ='XM.FILE GOC'!I96 -> 2.1 | Q23: ='XM.FILE GOC'!P96 -> 2.06 | Y23: ='XM.FILE GOC'!W96 -> 2.08
B24: Haïng muïc kieåm tra nhieät ñoä 檢查溫度
A25: NO | B25: Haïng muïc kieåm tra nhieät ñoä 溫度檢查項目 | F25: nhieät ñoä 溫度 | G25: Phạm vi kiểm soát 範圍值 | H25: Giới hạn kiểm soát 管控值 | I25: Nhiệt kế 温度計 | K25: nhieät töï ñoäng 自動温控 | Q25: Nhiệt kế 温度計 | S25: nhieät töï ñoäng 自動温控 | Y25: Nhiệt kế 温度計 | AA25: nhieät töï ñoäng 自動温控
A26: 1 | B26: Nhieät ñoä boàn xaø boâng noùng 1 熱脫脂溫度 | F26: 0C | G26: ='XM.FILE GOC'!$E$104 -> 50~70 | H26: ='XM.FILE GOC'!$F$104 -> (60±5) | I26: ='XM.GUI MAIL'!I104 -> 60 | K26: ='XM.FILE GOC'!L104 -> 60 | Q26: ='XM.GUI MAIL'!P104 -> 60 | S26: ='XM.FILE GOC'!S104 -> 60 | Y26: ='XM.GUI MAIL'!W104 -> 60 | AA26: ='XM.FILE GOC'!Z104 -> 60
A27: 2 | B27: Nhieät ñoä boàn xaø boâng noùng 2 熱脫脂溫度 | F27: 0C | G27: ='XM.FILE GOC'!$E$105 -> 50~70 | H27: ='XM.FILE GOC'!$F$105 -> (60±5) | I27: ='XM.GUI MAIL'!I105 -> 61 | K27: ='XM.FILE GOC'!L105 -> 61 | Q27: ='XM.GUI MAIL'!P105 -> 60 | S27: ='XM.FILE GOC'!S105 -> 60 | Y27: ='XM.GUI MAIL'!W105 -> 61 | AA27: ='XM.FILE GOC'!Z105 -> 60
A28: 3 | B28: Nhieät ñoä boàn ñieän giaûi (-) 電解 溫度 | F28: 0C | G28: ='XM.FILE GOC'!$E$106 -> 50~70 | H28: ='XM.FILE GOC'!$F$106 -> (60±5) | I28: ='XM.GUI MAIL'!I106 -> 61 | K28: ='XM.FILE GOC'!L106 -> 60 | Q28: ='XM.GUI MAIL'!P106 -> 60 | S28: ='XM.FILE GOC'!S106 -> 60 | Y28: ='XM.GUI MAIL'!W106 -> 59 | AA28: ='XM.FILE GOC'!Z106 -> 58
A29: 4 | B29: Nhieät ñoä boàn ñieän giaûi (+) 電解 + 溫度 | F29: 0C | G29: ='XM.FILE GOC'!$E$107 -> 50~70 | H29: ='XM.FILE GOC'!$F$107 -> (60±5) | I29: ='XM.GUI MAIL'!I107 -> 62 | K29: ='XM.FILE GOC'!L107 -> 63 | Q29: ='XM.GUI MAIL'!P107 -> 63 | S29: ='XM.FILE GOC'!S107 -> 64 | Y29: ='XM.GUI MAIL'!W107 -> 63 | AA29: ='XM.FILE GOC'!Z107 -> 63
A30: 5 | B30: Nhieät ñoä boàn xi 鍍鋅槽溫度 | F30: 0C | G30: ='XM.FILE GOC'!$E$108 -> 22~28 | H30: ='XM.FILE GOC'!$F$108 -> (25±3) | I30: ='XM.GUI MAIL'!I108 -> 25 | K30: ='XM.FILE GOC'!L108 -> 25 | Q30: ='XM.GUI MAIL'!P108 -> 26 | S30: ='XM.FILE GOC'!S108 -> 25 | Y30: ='XM.GUI MAIL'!W108 -> 25 | AA30: ='XM.FILE GOC'!Z108 -> 24
A31: 6 | B31: Nhieät ñoä boàn maøu Cr2O3 三價鉻 溫度 | F31: 0C | G31: ='XM.FILE GOC'!$E$109 -> 30~40 | H31: ='XM.FILE GOC'!$F$109 -> (34±3) | I31: ='XM.GUI MAIL'!I109 -> 34 | K31: ='XM.FILE GOC'!L109 -> 33 | Q31: ='XM.GUI MAIL'!P109 -> 34 | S31: ='XM.FILE GOC'!S109 -> 33 | Y31: ='XM.GUI MAIL'!W109 -> 34 | AA31: ='XM.FILE GOC'!Z109 -> 33 | AI31: MÀU HALO
A32: 7 | B32: Nhieät ñoä boàn nöôùc noùng 熱水溫度 | F32: 0C | G32: ='XM.FILE GOC'!$E$110 -> 55~65 | H32: ='XM.FILE GOC'!$F$110 -> (60±5) | I32: 57 | K32: 58 | Q32: ='XM.GUI MAIL'!P110 -> 62 | S32: ='XM.FILE GOC'!S110 -> 61 | Y32: ='XM.GUI MAIL'!W110 -> 58 | AA32: ='XM.FILE GOC'!Z110 -> 57
A33: 8 | B33: saáy khoâ 烘乾 | F33: 0C | G33: ='XM.FILE GOC'!$E$111 -> 80~100 | H33: ='XM.FILE GOC'!$F$111 -> (90±5) | I33: \ | K33: ='XM.FILE GOC'!L111 -> 94 | Q33: \ | S33: ='XM.FILE GOC'!S111 -> 92 | Y33: \ | AA33: ='XM.FILE GOC'!Z111 -> 94
A34: 9 | B34: Nhiệt độ sóng siêu âm 超音波水洗槽 (23) | F34: 0C | G34: ='XM.FILE GOC'!$E$112 -> 40~60 | H34: ='XM.FILE GOC'!$F$112 -> (50±10) | I34: ='XM.FILE GOC'!I112 -> 52 | K34: ='XM.FILE GOC'!L112 -> 51 | Q34: ='XM.FILE GOC'!P112 -> 52 | S34: ='XM.FILE GOC'!S112 -> 51 | Y34: ='XM.FILE GOC'!W112 -> 52 | AA34: ='XM.FILE GOC'!Z112 -> 52
A35: 10 | B35: Nhiệt độ nước nóng siêm âm 超音波熱水洗槽(39) | F35: 0C | G35: ='XM.FILE GOC'!$E$113 -> 50~70 | H35: ='XM.FILE GOC'!$F$113 -> (60±10) | I35: ='XM.FILE GOC'!I113 -> 54 | K35: ='XM.FILE GOC'!L113 -> 53 | Q35: ='XM.FILE GOC'!P113 -> 57 | S35: ='XM.FILE GOC'!S113 -> 58 | Y35: ='XM.FILE GOC'!W113 -> 60 | AA35: ='XM.FILE GOC'!Z113 -> 61
B36: Nhieät ñoä boàn maøu Cr2O3 (K) 三價鉻 溫度 | F36: 0C | G36: ='XM.GUI MAIL'!$E$114 -> 20~30 | H36: ='XM.GUI MAIL'!$F$114 -> 20~30 | I36: ='XM.FILE GOC'!I114 -> 0 | K36: ='XM.FILE GOC'!L114 -> 0 | Q36: ='XM.FILE GOC'!P114 -> 0 | S36: ='XM.FILE GOC'!S114 -> 0 | Y36: ='XM.FILE GOC'!W114 -> 0 | AA36: ='XM.FILE GOC'!Z114 -> 0
B37: Haïng muïc kieåm tra bôm thuoác töï ñoäng 藥液自動添加
A38: NO | B38: Haïng muïc kieåm tra bôm thuoác 藥液自動添加檢查項目 | F38: Ñôn vò 單位 | G38: Phạm vi kiểm soát 範圍值 | H38: Giới hạn kiểm soát 管控值 | I38: löôïng bôm 加數量 | Q38: löôïng bôm 加數量 | Y38: löôïng bôm 加數量
A39: 1 | B39: chất bóng (250 brightener) 光亮劑 | F39: ml/KAH | G39: ='XM.FILE GOC'!$E$119 -> 30~50 (40) | H39: ='XM.FILE GOC'!$F$119 -> 30~50 (40) | I39: 48 | Q39: 45 | Y39: 47
A40: 2 | B40: chất mềm (250 base) 開缸劑 | F40: ml/KAH | G40: ='XM.FILE GOC'!$E$120 -> 160~220 (180) | H40: ='XM.FILE GOC'!$F$120 -> 160~220 (180) | I40: ='XM.GUI MAIL'!I120 -> 175 | Q40: ='XM.GUI MAIL'!P120 -> 178 | Y40: ='XM.GUI MAIL'!W120 -> 180
A42: 錩新科技股份有限公司 CX TECHNOLOGY CORPORATION
A43: BAÙO CAÙO KEÁT QUAÛ HOÙA NGHIEÄM HAÈNG NGAØY XT- 000C 吊電化驗結果報告 | AD43: Lập biểu 作成 | AF43: Xác nhận 確認
B44: XT-000C | H44: =MENU!$AC$9 -> Thứ 3, | I44: =MENU!$AD$9 -> 2024/01/09 | AD44: =MENU!AE7 -> L.Yen | AF44: Yen
A45: NO | B45: Hạng mục kiểm tra nồng dộ 化驗檢查項目 | F45: Đơn vị 單位 | G45: Phạm vi kiểm soát 範圍值 | H45: Giới hạn kiểm soát 管控值 | I45: 0.80208333 | M45: KQ bổ sung sau 1H | Q45: 0.96875 | U45: KQ bổ sung sau 1H | Y45: 0.13541667 | AC45: KQ bổ sung sau 1H | AG45: Mã số văn kiện 文件編號 Q3-CXVN-PC01-
I46: 濃度 | J46: 補充 BS | M46: 濃度 | N46: 補充 BS | Q46: 濃度 | R46: 補充 BS | U46: 濃度 | V46: 補充 BS | Y46: 濃度 | Z46: 補充 BS | AC46: 濃度 | AD46: 補充 BS
A47: 1 | B47: Xaø boâng 脫脂 (2,3,4) | D47: CT-21A | F47: g/L | G47: ='XM.FILE GOC'!$E$78 -> 40~60 | H47: ='XM.FILE GOC'!$F$78 -> (50±5) | I47: ='XM.FILE GOC'!AD78 -> 51 | J47: + | K47: ='XM.FILE GOC'!AG78 -> 0 | L47: kg | N47: + | P47: kg | Q47: ='XM.FILE GOC'!AK78 -> 50.5 | R47: + | S47: ='XM.FILE GOC'!AN78 -> 0 | T47: kg | V47: + | X47: kg | Y47: ='XM.FILE GOC'!AR78 -> 50 | Z47: + | AA47: ='XM.FILE GOC'!AU78 -> 0 | AB47: kg | AD47: + | AF47: kg | AG47: IS06
D48: CT-21B | G48: CT-21A: 25kg/CT-21B: 7-10L | K48: =K47/25*8.5 -> 0 | L48: L | N48: + | P48: L | S48: =S47/25*8.5 -> 0 | T48: L | V48: + | X48: L | AA48: =AA47/25*8.5 -> 0 | AB48: L | AD48: + | AF48: L
A49: 2 | B49: Xaø boâng 脫脂 (5,6) | D49: CT-21A | F49: g/L | G49: ='XM.FILE GOC'!$E$80 -> 40~60 | H49: ='XM.FILE GOC'!$F$80 -> (50±5) | I49: ='XM.FILE GOC'!AD80 -> 50 | J49: + | K49: ='XM.FILE GOC'!AG80 -> 0 | L49: kg | N49: + | P49: kg | Q49: ='XM.FILE GOC'!AK80 -> 49.6 | R49: + | S49: ='XM.FILE GOC'!AN80 -> 4.59 | T49: kg | U49: 51.2 | V49: + | X49: kg | Y49: ='XM.FILE GOC'!AR80 -> 51.271 | Z49: + | AA49: ='XM.FILE GOC'!AU80 -> 0 | AB49: kg | AD49: + | AF49: kg | AG49: IS06
D50: CT-21B | G50: CT-21A: 25kg/CT-21B: 7-10L | K50: =K49/25*8.5 -> 0 | L50: L | N50: + | P50: L | S50: =S49/25*8.5 -> 1.5606 | T50: L | V50: + | X50: L | AA50: =AA49/25*8.5 -> 0 | AB50: L | AD50: + | AF50: L
A51: 3 | B51: Điện giải 電解 (8) | D51: EC-508A | E51: EC-508A | F51: g/L | G51: ='XM.FILE GOC'!$E$82 -> 50~70 | H51: ='XM.FILE GOC'!$F$82 -> (60±5) | I51: ='XM.FILE GOC'!AD82 -> 61.2 | J51: + | K51: ='XM.FILE GOC'!AG82 -> 0 | L51: kg | N51: + | P51: kg | Q51: ='XM.FILE GOC'!AK82 -> 60.5 | R51: + | S51: ='XM.FILE GOC'!AN82 -> 0 | T51: kg | V51: + | X51: kg | Y51: ='XM.FILE GOC'!AR82 -> 60 | Z51: + | AA51: ='XM.FILE GOC'!AU82 -> 0 | AB51: kg | AD51: + | AF51: kg | AG51: IS06
D52: EC-508B | E52: EC-508B | G52: EC-508A: 25kg/EC-508B:6-10L | K52: =K51/25*8 -> 0 | L52: L | N52: + | P52: L | S52: =S51/25*8 -> 0 | T52: L | V52: + | X52: L | AA52: =AA51/25*8 -> 0 | AB52: L | AD52: + | AF52: L
A53: 4 | B53: Điện giải 電解 (20,21) | D53: EC-508A | E53: EC-508A | F53: g/L | G53: ='XM.FILE GOC'!$E$84 -> 50~70 | H53: ='XM.FILE GOC'!$F$84 -> (60±5) | I53: ='XM.FILE GOC'!AD84 -> 60.06 | J53: + | K53: ='XM.FILE GOC'!AG84 -> 0 | L53: kg | N53: + | P53: kg | Q53: ='XM.FILE GOC'!AK84 -> 60 | R53: + | S53: ='XM.FILE GOC'!AN84 -> 0 | T53: kg | V53: + | X53: kg | Y53: ='XM.FILE GOC'!AR84 -> 60 | Z53: + | AA53: ='XM.FILE GOC'!AU84 -> 0 | AB53: kg | AD53: + | AF53: kg | AG53: IS06
D54: EC-508B | E54: EC-508B | G54: EC-508A: 25kg/EC-508B:6-10L | K54: =K53/25*8 -> 0 | L54: L | N54: + | P54: L | S54: =S53/25*8 -> 0 | T54: L | V54: + | X54: L | AA54: =AA53/25*8 -> 0 | AB54: L | AD54: + | AF54: L
A55: 5 | B55: Boàn xi (26-37) 鋅電鍍槽 Zinc Plating | C55: Noàng ñoä NaOH 氫氧化鈉 | F55: g/L | G55: ='XM.FILE GOC'!$E$86 -> 135~ 145 | H55: ='XM.FILE GOC'!$F$86 -> (140±5) | I55: ='XM.FILE GOC'!AD86 -> 142.4 | J55: + | K55: ='XM.FILE GOC'!AG86 -> 0 | L55: kg | N55: + | P55: kg | Q55: ='XM.FILE GOC'!AK86 -> 142 | R55: + | S55: ='XM.FILE GOC'!AN86 -> 0 | T55: kg | V55: + | X55: kg | Y55: ='XM.FILE GOC'!AR86 -> 141.8 | Z55: + | AA55: ='XM.FILE GOC'!AU86 -> 0 | AB55: kg | AD55: + | AF55: kg | AG55: IS08
C56: Noàng ñoä Zn 鋅 (1 pcs Zn=25kg) | F56: g/L | G56: ='XM.FILE GOC'!$E$87 -> 7~10 | H56: ='XM.FILE GOC'!$F$87 -> (8.5±1) | I56: ='XM.FILE GOC'!AD87 -> 8.45 | J56: + | K56: ='XM.FILE GOC'!AG87 -> 2.6533 | L56: kg | M56: 8.6 | N56: + | P56: kg | Q56: ='XM.FILE GOC'!AK87 -> 8.6 | R56: + | S56: ='XM.FILE GOC'!AN87 -> 0 | T56: kg | V56: + | X56: kg | Y56: ='XM.FILE GOC'!AR87 -> 8.45 | Z56: + | AA56: ='XM.FILE GOC'!AU87 -> 2.6533 | AB56: kg | AC56: 8.6 | AD56: + | AF56: kg | AG56: IS07
A57: 6 | B57: Noàng ñoä Cr2O3 (45,46) 三價鉻 | F57: % | G57: ='XM.FILE GOC'!$E$88 -> 5~8 | H57: ='XM.FILE GOC'!$F$88 -> (6±1) | I57: ='XM.FILE GOC'!AD88 -> 6.1 | J57: + | K57: ='XM.FILE GOC'!AG88 -> 0 | L57: L | N57: + | P57: L | Q57: ='XM.FILE GOC'!AK88 -> 6 | R57: + | S57: ='XM.FILE GOC'!AN88 -> 0 | T57: L | V57: + | X57: L | Y57: ='XM.FILE GOC'!AR88 -> 5.9 | Z57: + | AA57: ='XM.FILE GOC'!AU88 -> 3.36 | AB57: L | AC57: 6.2 | AD57: + | AF57: L | AG57: IS05 | AI57: MÀU HALO
F58: pH | G58: ='XM.FILE GOC'!$E$89 -> 2.0~2.4 | H58: ='XM.FILE GOC'!$F$89 -> (2.2±0.1) | I58: ='XM.FILE GOC'!AD89 -> 2.23 | Q58: ='XM.FILE GOC'!AK89 -> 2.25 | Y58: ='XM.FILE GOC'!AR89 -> 2.2
A59: 7 | B59: Noàng ñoä axit ñaëc 1 (13,14) 鹽酸 濃度 | F59: %V/V | G59: ='XM.FILE GOC'!$E$90 -> 40~50 | H59: ='XM.FILE GOC'!$F$90 -> (45±5) | I59: ='XM.FILE GOC'!AD90 -> 0.456 | J59: + | K59: ='XM.FILE GOC'!AG90 -> 0 | L59: L | N59: + | P59: L | Q59: ='XM.FILE GOC'!AK90 -> 0.452 | R59: + | S59: ='XM.FILE GOC'!AN90 -> 0 | T59: L | V59: + | X59: L | Y59: ='XM.FILE GOC'!AR90 -> 0.45 | Z59: + | AA59: ='XM.FILE GOC'!AU90 -> 0 | AB59: L | AD59: + | AF59: L | AG59: IS04
A60: 8 | B60: Noàng ñoä axit ñaëc 2 (15,16,17) 鹽酸 濃度 | F60: %V/V | G60: ='XM.FILE GOC'!$E$92 -> 40~50 | H60: ='XM.FILE GOC'!$F$92 -> (45±5) | I60: ='XM.FILE GOC'!AD92 -> 0.4516875 | J60: + | K60: ='XM.FILE GOC'!AG92 -> 0 | L60: L | N60: + | P60: L | Q60: ='XM.FILE GOC'!AK92 -> 0.45 | R60: + | S60: ='XM.FILE GOC'!AN92 -> 0 | T60: L | V60: + | X60: L | Y60: ='XM.FILE GOC'!AR92 -> 0.4425625 | Z60: + | AA60: ='XM.FILE GOC'!AU92 -> 30.061803 | AB60: L | AC60: 0.456 | AD60: + | AF60: L | AG60: IS04
A61: 9 | B61: Nồng độ acid loãng (12) 稀酸 濃度 | F61: %V/V | G61: ='XM.FILE GOC'!$E$93 -> 10~20 | H61: ='XM.FILE GOC'!$F$93 -> (15±5) | I61: ='XM.FILE GOC'!AD93 -> 0.152 | J61: + | K61: ='XM.FILE GOC'!AG93 -> 0 | L61: L | N61: + | P61: L | Q61: ='XM.FILE GOC'!AK93 -> 0.15 | R61: + | S61: ='XM.FILE GOC'!AN93 -> 0 | T61: L | V61: + | X61: L | Y61: ='XM.FILE GOC'!AR93 -> 0.146 | Z61: + | AA61: ='XM.FILE GOC'!AU93 -> 4.4606897 | AB61: L | AC61: 0.153 | AD61: + | AF61: L | AG61: IS15
A62: 10 | B62: Nồng độ HNO3 (42) 硝酸濃度 | C62: Nồng độ HNO3 (42) 硝酸濃度 | D62: Nồng độ HNO3 (42) 硝酸濃度 | E62: Nồng độ HNO3 (42) 硝酸濃度 | F62: %V/V | G62: ='XM.FILE GOC'!$E$94 -> (1±0.4)=0.6~1.4 | H62: ='XM.FILE GOC'!$F$94 -> (1±0.4) | I62: ='XM.FILE GOC'!AD94 -> 0.007182 | J62: + | K62: ='XM.FILE GOC'!AG94 -> 8.0620927 | L62: L | M62: 0.01 | N62: + | P62: L | Q62: ='XM.FILE GOC'!AK94 -> 0.01 | R62: + | S62: ='XM.FILE GOC'!AN94 -> 0 | T62: L | V62: + | X62: L | Y62: ='XM.FILE GOC'!AR94 -> 0.009 | Z62: + | AA62: ='XM.FILE GOC'!AU94 -> 2.8609272 | AB62: L | AC62: 0.01 | AD62: + | AF62: L | AG62: IS15
A63: 11 | B63: Nồng độ Cr2O3 （K) 三價鉻 | F63: % | G63: ='XM.GUI MAIL'!$E$95 -> 5~8 | H63: ='XM.GUI MAIL'!$F$95 -> (6±0.5) | I63: ='XM.FILE GOC'!AD95 -> 6.3 | J63: + | K63: ='XM.FILE GOC'!AG95 -> 0 | L63: L | N63: + | P63: L | Q63: ='XM.FILE GOC'!AK95 -> 6.2 | R63: + | S63: ='XM.FILE GOC'!AN95 -> 0 | T63: L | V63: + | X63: L | Y63: ='XM.FILE GOC'!AR95 -> 6 | Z63: + | AA63: ='XM.FILE GOC'!AU95 -> 0 | AB63: L | AD63: + | AF63: L
A64: 12 | F64: pH | G64: ='XM.GUI MAIL'!$E$96 -> 1.8~2.4 | H64: ='XM.GUI MAIL'!$F$96 -> (2.1±0.1) | I64: ='XM.FILE GOC'!AD96 -> 2 | Q64: ='XM.FILE GOC'!AK96 -> 2.03 | Y64: ='XM.FILE GOC'!AR96 -> 2.03
B65: Haïng muïc kieåm tra nhieät ñoä 檢查溫度
A66: NO | B66: Haïng muïc kieåm tra nhieät ñoä 溫度檢查項目 | F66: nhieät ñoä 溫度 | G66: Phạm vi kiểm soát 範圍值 | H66: Giới hạn kiểm soát 管控值 | I66: Nhiệt kế 温度計 | K66: nhieät töï ñoäng 自動温控 | Q66: Nhiệt kế 温度計 | S66: nhieät töï ñoäng 自動温控 | Y66: Nhiệt kế 温度計 | AA66: nhieät töï ñoäng 自動温控
A67: 1 | B67: Nhieät ñoä boàn xaø boâng noùng 1 熱脫脂溫度 | F67: 0C | G67: ='XM.FILE GOC'!$E$104 -> 50~70 | H67: ='XM.FILE GOC'!$F$104 -> (60±5) | I67: ='XM.GUI MAIL'!AD104 -> 61 | K67: ='XM.FILE GOC'!AG104 -> 60 | Q67: 61 | S67: 60 | Y67: ='XM.GUI MAIL'!AR104 -> 61 | AA67: ='XM.FILE GOC'!AU104 -> 60
A68: 2 | B68: Nhieät ñoä boàn xaø boâng noùng 2 熱脫脂溫度 | F68: 0C | G68: ='XM.FILE GOC'!$E$105 -> 50~70 | H68: ='XM.FILE GOC'!$F$105 -> (60±5) | I68: ='XM.GUI MAIL'!AD105 -> 61 | K68: ='XM.FILE GOC'!AG105 -> 60 | Q68: 61 | S68: 60 | Y68: ='XM.GUI MAIL'!AR105 -> 61 | AA68: ='XM.FILE GOC'!AU105 -> 60
A69: 3 | B69: Nhieät ñoä boàn ñieän giaûi (-) 電解 溫度 | F69: 0C | G69: ='XM.FILE GOC'!$E$106 -> 50~70 | H69: ='XM.FILE GOC'!$F$106 -> (60±5) | I69: ='XM.GUI MAIL'!AD106 -> 60 | K69: ='XM.FILE GOC'!AG106 -> 59 | Q69: 61 | S69: 60 | Y69: ='XM.GUI MAIL'!AR106 -> 61 | AA69: ='XM.FILE GOC'!AU106 -> 60
A70: 4 | B70: Nhieät ñoä boàn ñieän giaûi (+) 電解 + 溫度 | F70: 0C | G70: ='XM.FILE GOC'!$E$107 -> 50~70 | H70: ='XM.FILE GOC'!$F$107 -> (60±5) | I70: ='XM.GUI MAIL'!AD107 -> 62 | K70: ='XM.FILE GOC'!AG107 -> 61 | Q70: 61 | S70: 60 | Y70: ='XM.GUI MAIL'!AR107 -> 61 | AA70: ='XM.FILE GOC'!AU107 -> 60
A71: 5 | B71: Nhieät ñoä boàn xi 鍍鋅槽溫度 | F71: 0C | G71: ='XM.FILE GOC'!$E$108 -> 22~28 | H71: ='XM.FILE GOC'!$F$108 -> (25±3) | I71: ='XM.GUI MAIL'!AD108 -> 26 | K71: ='XM.FILE GOC'!AG108 -> 25 | Q71: 26 | S71: 25 | Y71: ='XM.GUI MAIL'!AR108 -> 26 | AA71: ='XM.FILE GOC'!AU108 -> 25
A72: 6 | B72: Nhieät ñoä boàn maøu Cr2O3 三價鉻 溫度 | F72: 0C | G72: ='XM.FILE GOC'!$E$109 -> 30~40 | H72: ='XM.FILE GOC'!$F$109 -> (34±3) | I72: ='XM.GUI MAIL'!AD109 -> 34 | K72: ='XM.FILE GOC'!AG109 -> 33 | Q72: 34 | S72: 33 | Y72: ='XM.GUI MAIL'!AR109 -> 34 | AA72: ='XM.FILE GOC'!AU109 -> 33 | AI72: MÀU HALO
A73: 7 | B73: Nhieät ñoä boàn nöôùc noùng 熱水溫度 | F73: 0C | G73: ='XM.FILE GOC'!$E$110 -> 55~65 | H73: ='XM.FILE GOC'!$F$110 -> (60±5) | I73: ='XM.GUI MAIL'!AD110 -> 61 | K73: ='XM.FILE GOC'!AG110 -> 60 | Q73: 61 | S73: 60 | Y73: ='XM.GUI MAIL'!AR110 -> 59 | AA73: ='XM.FILE GOC'!AU110 -> 58
A74: 8 | B74: saáy khoâ 烘乾 | F74: 0C | G74: ='XM.FILE GOC'!$E$111 -> 80~100 | H74: ='XM.FILE GOC'!$F$111 -> (90±5) | I74: \ | K74: ='XM.FILE GOC'!AG111 -> 92 | Q74: \ | S74: 91 | Y74: \ | AA74: ='XM.FILE GOC'!AU111 -> 92
A75: 9 | B75: Nhiệt độ sóng siêu âm 超音波水洗槽 (23) | F75: 0C | G75: ='XM.FILE GOC'!$E$112 -> 40~60 | H75: ='XM.FILE GOC'!$F$112 -> (50±10) | I75: ='XM.FILE GOC'!AD112 -> 54 | K75: ='XM.FILE GOC'!AG112 -> 53 | Q75: 55 | S75: 54 | Y75: ='XM.FILE GOC'!AR112 -> 51 | AA75: ='XM.FILE GOC'!AU112 -> 50
A76: 10 | B76: Nhiệt độ nước nóng siêm âm 超音波熱水洗槽(39) | F76: 0C | G76: ='XM.FILE GOC'!$E$113 -> 50~70 | H76: ='XM.FILE GOC'!$F$113 -> (60±10) | I76: ='XM.FILE GOC'!AD113 -> 61 | K76: ='XM.FILE GOC'!AG113 -> 60 | Q76: 61 | S76: 61 | Y76: ='XM.FILE GOC'!AR113 -> 59 | AA76: ='XM.FILE GOC'!AU113 -> 58
A77: 11 | B77: Nhieät ñoä boàn maøu Cr2O3 (K) 三價鉻 溫度 | F77: 0C | G77: ='XM.GUI MAIL'!$E$114 -> 20~30 | H77: ='XM.GUI MAIL'!$F$114 -> 20~30 | I77: ='XM.FILE GOC'!AD114 -> 0 | K77: ='XM.FILE GOC'!AG114 -> 0 | Q77: ='XM.FILE GOC'!AK114 -> 0 | S77: ='XM.FILE GOC'!AN114 -> 0 | Y77: ='XM.FILE GOC'!AR114 -> 0 | AA77: ='XM.FILE GOC'!AU114 -> 0
B78: Haïng muïc kieåm tra bôm thuoác töï ñoäng 藥液自動添加
A79: NO | B79: Haïng muïc kieåm tra bôm thuoác 藥液自動添加檢查項目 | F79: Ñôn vò 單位 | G79: Phạm vi kiểm soát 範圍值 | H79: Giới hạn kiểm soát 管控值 | I79: löôïng bôm 加數量 | Q79: löôïng bôm 加數量 | Y79: löôïng bôm 加數量
A80: 1 | B80: chất bóng (250 brightener) 光亮劑 | F80: ml/KAH | G80: ='XM.FILE GOC'!$E$119 -> 30~50 (40) | H80: ='XM.FILE GOC'!$F$119 -> 30~50 (40) | I80: ='XM.GUI MAIL'!AD119 -> 48 | Q80: 49 | Y80: ='XM.GUI MAIL'!AR119 -> 50
A81: 2 | B81: chất mềm (250 base) 開缸劑 | F81: ml/KAH | G81: ='XM.FILE GOC'!$E$120 -> 160~220 (180) | H81: ='XM.FILE GOC'!$F$120 -> 160~220 (180) | I81: ='XM.GUI MAIL'!AD120 -> 175 | Q81: 175 | Y81: ='XM.GUI MAIL'!AR120 -> 175

Sheet 3.XT-C kh.mau JASCO 
A1: 錩新科技股份有限公司 CX TECHNOLOGY CORPORATION
A2: BAÙO CAÙO KEÁT QUAÛ HOÙA NGHIEÄM HAÈNG NGAØY XT- 000C 吊電化驗結果報告 | AD2: Lập biểu 作成 | AF2: Xác nhận 確認
B3: XT-000C | H3: =MENU!$AC$9 -> Thứ 3, | I3: =MENU!$AD$9 -> 2024/01/09 | AD3: =MENU!AE6 -> Trang | AF3: Yen
A4: NO | B4: Hạng mục kiểm tra nồng dộ 化驗檢查項目 | F4: Đơn vị 單位 | G4: Phạm vi kiểm soát 範圍值 | H4: Giới hạn kiểm soát 管控值 | I4: 0.30208333 | M4: KQ bổ sung sau 1H | Q4: 0.46875 | U4: KQ bổ sung sau 1H | Y4: 0.63541667 | AC4: KQ bổ sung sau 1H | AG4: Mã số văn kiện 文件編號 Q3-CXVN-PC01-
I5: 濃度 | J5: 補充 BS | M5: 濃度 | N5: 補充 BS | Q5: 濃度 | R5: 補充 BS | U5: 濃度 | V5: 補充 BS | Y5: 濃度 | Z5: 補充 BS | AC5: 濃度 | AD5: 補充 BS
A6: 1 | B6: Xaø boâng 脫脂 (2,3,4) | D6: CT-21A | F6: g/L | G6: ='XM.FILE GOC'!$E$78 -> 40~60 | H6: ='XM.FILE GOC'!$F$78 -> (50±5) | I6: ='XM.FILE GOC'!I78 -> 49.5 | J6: + | K6: ='XM.FILE GOC'!L78 -> 7.7585 | L6: kg | M6: ='3.XT-C kh.mau HALO'!M6 -> 50.8 | N6: + | O6: =IF(M6=0,"",('XM.FILE GOC'!$G$78-M6)*15517/1000) -> -12.4136 | P6: kg | Q6: ='XM.FILE GOC'!P78 -> 51.92 | R6: + | S6: ='XM.FILE GOC'!S78 -> 0 | T6: kg | U6: ='3.XT-C kh.mau HALO'!U6 -> 0 | V6: + | W6: =IF(U6=0,"",('XM.FILE GOC'!$G$78-U6)*15517/1000) | X6: kg | Y6: ='XM.FILE GOC'!W78 -> 51.5955 | Z6: + | AA6: ='XM.FILE GOC'!Z78 -> 0 | AB6: kg | AC6: ='3.XT-C kh.mau HALO'!AC6 -> 0 | AD6: + | AE6: =IF(AC6=0,"",('XM.FILE GOC'!$G$78-AC6)*15517/1000) | AF6: kg | AG6: IS06
D7: CT-21B | G7: CT-21A: 25kg/CT-21B: 7-10L | K7: =K6/25*8.5 -> 2.63789 | L7: L | M7: ='3.XT-C kh.mau HALO'!M7 -> 0 | N7: + | O7: =IF(M6=0,"",O6/25*8.5) -> -4.220624 | P7: L | S7: =S6/25*8.5 -> 0 | T7: L | U7: ='3.XT-C kh.mau HALO'!U7 -> 0 | V7: + | W7: =IF(U6=0,"",W6/25*8.5) | X7: L | AA7: =AA6/25*8.5 -> 0 | AB7: L | AC7: ='3.XT-C kh.mau HALO'!AC7 -> 0 | AD7: + | AE7: =IF(AC6=0,"",AE6/25*8.5) | AF7: L
A8: 2 | B8: Xaø boâng 脫脂 (5,6) | D8: CT-21A | F8: g/L | G8: ='XM.FILE GOC'!$E$80 -> 40~60 | H8: ='XM.FILE GOC'!$F$80 -> (50±5) | I8: ='XM.FILE GOC'!I80 -> 50.2975 | J8: + | K8: ='XM.FILE GOC'!L80 -> 0 | L8: kg | M8: ='3.XT-C kh.mau HALO'!M8 -> 0 | N8: + | O8: =IF(M8=0,"",('XM.FILE GOC'!$G$80-M8)*11475/1000) | P8: kg | Q8: ='XM.FILE GOC'!P80 -> 50.2975 | R8: + | S8: ='XM.FILE GOC'!S80 -> 0 | T8: kg | U8: ='3.XT-C kh.mau HALO'!U8 -> 0 | V8: + | W8: =IF(U8=0,"",('XM.FILE GOC'!$G$80-U8)*11475/1000) | X8: kg | Y8: ='XM.FILE GOC'!W80 -> 50.2975 | Z8: + | AA8: ='XM.FILE GOC'!Z80 -> 0 | AB8: kg | AC8: ='3.XT-C kh.mau HALO'!AC8 -> 0 | AD8: + | AE8: =IF(AC8=0,"",('XM.FILE GOC'!$G$80-AC8)*11475/1000) | AF8: kg | AG8: IS06
D9: CT-21B | G9: CT-21A: 25kg/CT-21B: 7-10L | K9: =K8/25*8.5 -> 0 | L9: L | M9: ='3.XT-C kh.mau HALO'!M9 -> 0 | N9: + | O9: =IF(M8=0,"",O8/25*8.5) | P9: L | S9: =S8/25*8.5 -> 0 | T9: L | U9: ='3.XT-C kh.mau HALO'!U9 -> 0 | V9: + | W9: =IF(U8=0,"",W8/25*8.5) | X9: L | AA9: =AA8/25*8.5 -> 0 | AB9: L | AC9: ='3.XT-C kh.mau HALO'!AC9 -> 0 | AD9: + | AE9: =IF(AC8=0,"",AE8/25*8.5) | AF9: L
A10: 3 | B10: Điện giải 電解 (8) | D10: EC-508A | E10: EC-508A | F10: g/L | G10: ='XM.FILE GOC'!$E$82 -> 50~70 | H10: ='XM.FILE GOC'!$F$82 -> (60±5) | I10: ='XM.FILE GOC'!I82 -> 63.525 | J10: + | K10: ='XM.FILE GOC'!L82 -> 0 | L10: kg | M10: ='3.XT-C kh.mau HALO'!M10 -> 0 | N10: + | O10: =IF(M10=0,"",('XM.FILE GOC'!$G$82-M10)*8200/1000) | P10: kg | Q10: ='XM.FILE GOC'!P82 -> 63.294 | R10: + | S10: ='XM.FILE GOC'!S82 -> 0 | T10: kg | U10: ='3.XT-C kh.mau HALO'!U10 -> 0 | V10: + | W10: =IF(U10=0,"",('XM.FILE GOC'!$G$82-U10)*8200/1000) | X10: kg | Y10: ='XM.FILE GOC'!W82 -> 61.908 | Z10: + | AA10: ='XM.FILE GOC'!Z82 -> 0 | AB10: kg | AC10: ='3.XT-C kh.mau HALO'!AC10 -> 0 | AD10: + | AE10: =IF(AC10=0,"",('XM.FILE GOC'!$G$82-AC10)*8200/1000) | AF10: kg | AG10: IS06
D11: EC-508B | E11: EC-508B | G11: EC-508A: 25kg/EC-508B:6-10L | K11: =K10/25*8 -> 0 | L11: L | M11: ='3.XT-C kh.mau HALO'!M11 -> 0 | N11: + | O11: =IF(M10=0,"",O10/25*8) | P11: L | S11: =S10/25*8 -> 0 | T11: L | U11: ='3.XT-C kh.mau HALO'!U11 -> 0 | V11: + | W11: =IF(U10=0,"",W10/25*8) | X11: L | AA11: =AA10/25*8 -> 0 | AB11: L | AC11: ='3.XT-C kh.mau HALO'!AC11 -> 0 | AD11: + | AE11: =IF(AC10=0,"",AE10/25*8) | AF11: L
A12: 4 | B12: Điện giải 電解 (20,21) | D12: EC-508A | E12: EC-508A | F12: g/L | G12: ='XM.FILE GOC'!$E$84 -> 50~70 | H12: ='XM.FILE GOC'!$F$84 -> (60±5) | I12: ='XM.FILE GOC'!I84 -> 59.7 | J12: + | K12: ='XM.FILE GOC'!L84 -> 2.6004 | L12: kg | M12: ='3.XT-C kh.mau HALO'!M12 -> 62.2 | N12: + | O12: =IF(M12=0,"",('XM.FILE GOC'!$G$84-M12)*8668/1000) -> -19.0696 | P12: kg | Q12: ='XM.FILE GOC'!P84 -> 63.063 | R12: + | S12: ='XM.FILE GOC'!S84 -> 0 | T12: kg | U12: ='3.XT-C kh.mau HALO'!U12 -> 0 | V12: + | W12: =IF(U12=0,"",('XM.FILE GOC'!$G$84-U12)*8668/1000) | X12: kg | Y12: ='XM.FILE GOC'!W84 -> 60.522 | Z12: + | AA12: ='XM.FILE GOC'!Z84 -> 0 | AB12: kg | AC12: ='3.XT-C kh.mau HALO'!AC12 -> 0 | AD12: + | AE12: =IF(AC12=0,"",('XM.FILE GOC'!$G$84-AC12)*8668/1000) | AF12: kg | AG12: IS06
D13: EC-508B | E13: EC-508B | G13: EC-508A: 25kg/EC-508B:6-10L | K13: =K12/25*8 -> 0.832128 | L13: L | M13: ='3.XT-C kh.mau HALO'!M13 -> 0 | N13: + | O13: =IF(M12=0,"",O12/25*8) -> -6.102272 | P13: L | S13: =S12/25*8 -> 0 | T13: L | U13: ='3.XT-C kh.mau HALO'!U13 -> 0 | V13: + | W13: =IF(U12=0,"",W12/25*8) | X13: L | AA13: =AA12/25*8 -> 0 | AB13: L | AC13: ='3.XT-C kh.mau HALO'!AC13 -> 0 | AD13: + | AE13: =IF(AC12=0,"",AE12/25*8) | AF13: L
