Workbook
Name _NEW2: [1]吊電B線入出料標準數據!$B$4:$P$4003
Name _XM_XT_THUCTE: 'XM.GUI MAIL'!$A$6:$AP$106
Name AB: #REF!
Name abcd: #REF!
Name abcd: #REF!
Name abcd: #REF!
Name abcd: #REF!
Name abcd: #REF!
Name abcd: #REF!
Name abcd: #REF!
Name abcd: #REF!
Name abcd: #REF!
Name abcd: #REF!
Name CCC: #REF!
Name CXXTA: #REF!
Name CXXTB: [1]吊電B線入出料標準數據!$B$3:$P$428
Name HUANGHAIDONGA: #REF!
Name HUANGHAIDONGB: [1]吊電B線入出料標準數據!$A$3:$P$428
Name PartNo: [2]All!$B$5:$Q$65536
Name RLMLXD: 'R.GUI MAIL'!$A$6:$AQ$114
Name sss: '[3]附表-01'!$A$2:$L$1662
Name WUJIWEI: #REF!
Name XTB123: [4]輸入!#REF!
Name xtl: [1]吊電B線入出料標準數據!$B$3:$P$4002

Sheet PT TAP CHAT
B1: MẪU GỬI NHÀ CUNG ỨNG
B2: =MENU!AC9 -> 2022/12/03
A3: NCC | B3: Type sample | C3: Test Item | D3: Standards | E3: Unit | F3: Result | G3: KQ NCC | H3: ±5%
A4: JASCO | B4: Akaline Zinc (XL-1E) | C4: Zn2+ | D4: ='XM.GUI MAIL'!E11 -> 7-12g/l (9g±1g/l) | E4: g/l | F4: ='XM.GUI MAIL'!H11 -> 10.01 | H4: =IF(G4="","",(F4-G4)/F4)
A5: JASCO | C5: NaOH | D5: ='XM.GUI MAIL'!E10 -> 130 - 150g/L (140±5g/L) | E5: g/l | F5: ='XM.GUI MAIL'!H10 -> 140 | H5: =IF(G5="","",(F5-G5)/F5)
A6: JASCO | C6: Na2CO3 | D6: ＜70g/L | E6: g/l | F6: =XM.HN!E60 -> 0 | H6: =IF(G6="","",(F6-G6)/F6)
A7: JASCO | C7: Fe | D7: <5 | E7: ppm | H7: =IF(G7="","",(F7-G7)/F7)
A8: JASCO | C8: Cu | D8: <5 | E8: ppm | H8: =IF(G8="","",(F8-G8)/F8)
A9: JASCO | C9: Cr | D9: <5 | E9: ppm | H9: =IF(G9="","",(F9-G9)/F9)
A10: JASCO | C10: Pb | D10: <5 | E10: ppm | H10: =IF(G10="","",(F10-G10)/F10)
A11: JASCO | B11: Màu (I) (TR173AH) (XL-1E) | C11: Cr2O3 (TR173AH) | D11: ='XM.GUI MAIL'!E12 -> 12~18 % (14±2%) | E11: % | F11: ='XM.GUI MAIL'!H12 -> 13.669065 | H11: =IF(G11="","",(F11-G11)/F11)
A12: JASCO | C12: pH | D12: ='XM.GUI MAIL'!E13 -> 1.6~2.2(1.8±0.1 ) | E12: / | F12: ='XM.GUI MAIL'!H13 -> 1.76 | H12: =IF(G12="","",(F12-G12)/F12)
A13: JASCO | C13: Fe | D13: <80 | E13: ppm | H13: =IF(G13="","",(F13-G13)/F13)
A14: JASCO | C14: Cu | D14: ＜5 | E14: ppm | H14: =IF(G14="","",(F14-G14)/F14)
A15: JASCO | C15: Zn | D15: ＜7000ppm | E15: ppm | H15: =IF(G15="","",(F15-G15)/F15)
A16: JASCO | B16: Màu K (5U109A) (XL-1E) | C16: Màu K (5U109A) | D16: ='XM.GUI MAIL'!E18 -> 5-10% (7.5±1%) | E16: % | F16: ='XM.GUI MAIL'!H18 -> 7.68 | H16: =IF(G16="","",(F16-G16)/F16)
A17: JASCO | C17: pH | D17: ='XM.GUI MAIL'!E19 -> 1.6~2.0(1.8±0.1) | E17: / | F17: ='XM.GUI MAIL'!H19 -> 2.25 | H17: =IF(G17="","",(F17-G17)/F17)
A18: JASCO | C18: Fe | D18: (2.1±0.1 ) | E18: ppm | H18: =(F18-G18)/F18 -> #DIV/0!
A19: JASCO | C19: Cu | D19: ＜5ppm | E19: ppm | H19: =(F19-G19)/F19 -> #DIV/0!
A20: JASCO | C20: Zn | D20: ＜7000ppm | E20: ppm | H20: =(F20-G20)/F20 -> #DIV/0!
B22: Type sample | C22: Test Item | D22: Standards | E22: Unit | F22: Result
A23: HALO | B23: Akaline Zinc (XL-1F) | C23: Zn2+ | D23: ='XM.GUI MAIL'!E42 -> 8-12g/l (10±1g/l) | E23: g/l | F23: ='XM.GUI MAIL'!H42 -> 8.19 | H23: =IF(G23="","",(F23-G23)/F23)
A24: HALO | C24: NaOH | D24: ='XM.GUI MAIL'!E41 -> 130 - 150g/L (140±10g/L) | E24: g/l | F24: ='XM.GUI MAIL'!H41 -> 140 | H24: =IF(G24="","",(F24-G24)/F24)
A25: HALO | C25: Na2CO3 | D25: ＜70g/L | E25: g/l | F25: =XM.HN!E61 -> 0 | H25: =IF(G25="","",(F25-G25)/F25)
A26: HALO | C26: Fe | D26: <5 | E26: ppm | H26: =IF(G26="","",(F26-G26)/F26)
A27: HALO | C27: Cu | D27: <5 | E27: ppm | H27: =IF(G27="","",(F27-G27)/F27)
A28: HALO | C28: Cr | D28: <5 | E28: ppm | H28: =IF(G28="","",(F28-G28)/F28)
A29: HALO | C29: Pb | D29: <5 | E29: ppm | H29: =IF(G29="","",(F29-G29)/F29)
A30: HALO | B30: Màu (I) (Lanthane 318) (XL-1F) | C30: Lanthane 318 | D30: ='XM.GUI MAIL'!E43 -> 6~10 % (8±0.5%) | E30: % | F30: ='XM.GUI MAIL'!H43 -> 5.81784 | H30: =IF(G30="","",(F30-G30)/F30)
A31: HALO | C31: pH | D31: ='XM.GUI MAIL'!E44 -> 2~2.5(2.3±0.1 ) | E31: / | F31: ='XM.GUI MAIL'!H44 -> 2.35 | H31: =IF(G31="","",(F31-G31)/F31)
A32: HALO | C32: Fe | D32: <80 | E32: ppm | H32: =IF(G32="","",(F32-G32)/F32)
A33: HALO | C33: Cu | D33: ＜5 | E33: ppm | H33: =IF(G33="","",(F33-G33)/F33)
A34: HALO | C34: Zn | D34: ＜7000ppm | E34: ppm | H34: =IF(G34="","",(F34-G34)/F34)
A35: HALO | B35: Màu (K) (Finidip 124) (XL-1F) | C35: Finidip 124 | D35: ='XM.GUI MAIL'!E49 -> 5~8% (6%±0.5) | E35: % | F35: ='XM.GUI MAIL'!H49 -> 5.9 | H35: =IF(G35="","",(F35-G35)/F35)
A36: HALO | C36: pH | D36: ='XM.GUI MAIL'!E50 -> 1.8~2.4 (2.1±0.1 ) | E36: / | F36: ='XM.GUI MAIL'!H50 -> 1.84 | H36: =IF(G36="","",(F36-G36)/F36)
A37: HALO | C37: Fe | D37: (2.1±0.1 ) | E37: ppm | H37: =(F37-G37)/F37 -> #DIV/0!
A38: HALO | C38: Cu | D38: ＜5ppm | E38: ppm | H38: =(F38-G38)/F38 -> #DIV/0!
A39: HALO | C39: Zn | D39: ＜7000ppm | E39: ppm | H39: =(F39-G39)/F39 -> #DIV/0!
B41: Type sample | C41: Test Item | D41: Standards | E41: Unit | F41: Result
A42: HALO | B42: Akaline Zinc (XT-0C) | C42: Zn2+ | D42: ='XM.GUI MAIL'!E73 -> 6~8g/L (7±0.5g/L) | E42: g/l | F42: ='XM.GUI MAIL'!H73 -> 0 | H42: =IF(G42="","",(F42-G42)/F42)
A43: HALO | C43: NaOH | D43: ='XM.GUI MAIL'!E72 -> 135~ 145g/L (140±5g/L) | E43: g/l | F43: ='XM.GUI MAIL'!H72 -> 0 | H43: =IF(G43="","",(F43-G43)/F43)
A44: HALO | C44: Na2CO3 | D44: ＜70g/L | E44: g/l | F44: =XM.HN!E62 -> 0 | H44: =IF(G44="","",(F44-G44)/F44)
A45: HALO | C45: Fe | D45: <5 | E45: ppm | H45: =IF(G45="","",(F45-G45)/F45)
A46: HALO | C46: Cu | D46: <5 | E46: ppm | H46: =IF(G46="","",(F46-G46)/F46)
A47: HALO | C47: Cr | D47: <5 | E47: ppm | H47: =IF(G47="","",(F47-G47)/F47)
A48: HALO | C48: Pb | D48: <5 | E48: ppm | H48: =IF(G48="","",(F48-G48)/F48)
A49: HALO | B49: Nickel Zinc (XT-0C) | C49: Zn2+ | D49: ='XM.GUI MAIL'!E84 -> 5~6g/L (5.5± 1g/L) | E49: g/l | F49: ='XM.GUI MAIL'!H84 | H49: =IF(G49="","",(F49-G49)/F49)
A50: HALO | C50: Ni2+ | D50: 1-1.8 | E50: g/l | H50: =IF(G50="","",(F50-G50)/F50)
A51: HALO | C51: NaOH | D51: ='XM.GUI MAIL'!E86 -> 120~130g/L (125 ± 5g/L) | E51: g/l | F51: ='XM.GUI MAIL'!H86 -> 0 | H51: =IF(G51="","",(F51-G51)/F51)
A52: HALO | C52: Na2CO3 | D52: ＜70g/L | E52: g/l | H52: =IF(G52="","",(F52-G52)/F52)
A53: HALO | C53: Fe | D53: ＜80mg/L | E53: ppm | H53: =IF(G53="","",(F53-G53)/F53)
A54: HALO | C54: Cu | D54: ＜5ppm | E54: ppm | H54: =IF(G54="","",(F54-G54)/F54)
A55: HALO | C55: Cr | E55: ppm | H55: =IF(G55="","",(F55-G55)/F55)
A56: HALO | C56: Pb | D56: ＜5ppm | E56: ppm | H56: =IF(G56="","",(F56-G56)/F56)
A57: HALO | B57: Màu (I) (Lanthane 318) (XT-0C) | C57: Lanthane 318 | D57: ='XM.GUI MAIL'!E74 -> 5~8 % (6±0.5%) | E57: % | F57: ='XM.GUI MAIL'!H74 -> -1.0461 | H57: =IF(G57="","",(F57-G57)/F57)
A58: HALO | C58: pH | D58: ='XM.GUI MAIL'!E75 -> 2.0~2.4(2.2±0.2 ) | E58: / | F58: ='XM.GUI MAIL'!H75 -> 0 | H58: =IF(G58="","",(F58-G58)/F58)
A59: HALO | C59: Fe | D59: <80 | E59: ppm | H59: =IF(G59="","",(F59-G59)/F59)
A60: HALO | C60: Cu | D60: ＜5 | E60: ppm | H60: =IF(G60="","",(F60-G60)/F60)
A61: HALO | C61: Zn | D61: ＜7000ppm | E61: ppm | H61: =IF(G61="","",(F61-G61)/F61)
A62: JASCO | B62: Màu (I) (TR173AH) (XT-0C) | C62: Cr2O3 (TR173AH) | D62: ='XM.GUI MAIL'!E82 -> 8~16 % (12±2%) | E62: % | F62: ='XM.GUI MAIL'!H82 | H62: =IF(G62="","",(F62-G62)/F62)
A63: JASCO | C63: pH | D63: ='XM.GUI MAIL'!E83 -> 1.8~2.4(2.0 ±0.2 ) | E63: / | F63: ='XM.GUI MAIL'!H83 -> 0 | H63: =IF(G63="","",(F63-G63)/F63)
A64: JASCO | C64: Fe | D64: <80 | E64: ppm | H64: =IF(G64="","",(F64-G64)/F64)
A65: JASCO | C65: Cu | D65: ＜5 | E65: ppm | H65: =IF(G65="","",(F65-G65)/F65)
A66: JASCO | C66: Zn | D66: ＜7000ppm | E66: ppm | H66: =IF(G66="","",(F66-G66)/F66)
A67: JASCO | B67: Màu K (5U109A) (XT-0C) | C67: Màu K (5U109A) | D67: ='XM.GUI MAIL'!E80 -> 3~9% (6±1%) | E67: % | F67: ='XM.GUI MAIL'!H80 | H67: =IF(G67="","",(F67-G67)/F67)
A68: JASCO | C68: pH | D68: ='XM.GUI MAIL'!E81 -> 1.8~2.4(2.0±0.1) | E68: / | F68: ='XM.GUI MAIL'!H81 -> 0 | H68: =IF(G68="","",(F68-G68)/F68)
A69: JASCO | C69: Fe | D69: (2.1±0.1 ) | E69: ppm
A70: JASCO | C70: Cu | D70: ＜5ppm | E70: ppm
A71: JASCO | C71: Zn | D71: ＜7000ppm | E71: ppm
A72: JASCO | B72: Màu Ni (XT-0C) | C72: Màu Ni (988C1) | D72: 50-100 | E72: ml/l
A73: JASCO | C73: Màu Ni (988S1) | D73: 15-35 | E73: ml/l

Sheet KT DAU
A1: BẢNG KIỂM TRA DẦU NHỚT TRONG BỒN NƯỚC SAU BỒN ACID
A2: Ngày: | B2: =MENU!AC9 -> 2022/12/03
A3: Chuyền | B3: Bồn nước | C3: phán định OK/NG
C4: 0.33333333 | D4: 0.66666667
A5: XL-001E | B5: aicd loãng--> nước
B6: acid hoạt hóa--> nước
B7: HNO3--> nước
A8: XL-001F | B8: aicd loãng--> nước
B9: acid hoạt hóa--> nước
B10: HNO3--> nước
A11: XT-001C | B11: aicd đặc--> nước
B12: HNO3--> nước
A14: ghi chú: | B14: stop: -

Sheet MENU
B3: XI MẠ, XI TREO | J3: RỬA LIỆU, MÀNG LOA, XI ĐEN | R3: KHÁC | V3: IMPORT | AA3: khoảng thời gian Import
B6: XM.HN | F6: XM.GUI MAIL | J6: ED-XI DEN | N6: R.GUI MAIL | R6: IT.NONG DO | V6: 1 | Y6: =AC9+TIME(8,45,0) -> 44898.365 | AA6: 8:15-8:45 | AC6: CA 1 | AD6: L.Yen
AC7: CA 2 | AD7: Trang
B9: XM.FILE GOC | F9: 1. XL-1E TT | J9: R.HN | N9: RL-LINE | R9: IT.NHIET DO | V9: 2 | Y9: =AC9+TIME(10,45,0) -> 44898.448 | AA9: 10:15-10:45 | AC9: 2022/12/03 | AE9: đánh năm/tháng/ngày vào ô bên
B12: 1. XL-1E kh | F12: 2. XL-1F TT | J12: R.FILE GOC | N12: 1.xi den TT | R12: GHI CHU | V12: 3 | Y12: =AC9+TIME(15,30,0) -> 44898.646 | AA12: 15:00-15:30
B15: 2. XL-1F kh | F15: 3.XT-C TT | J15: 1.xi den | N15: 2.RL E tt | R15: PP HÓA NGHIỆM FILE WORD | V15: 4 | Y15: =AC9+TIME(17,0,0) -> 44898.708 | AA15: 16:30-17:00 | AC15: ACID Đ.VAO
B18: 3.XT-C kh | F18: 4.Zn Ni TT | J18: 2.RL E | N18: 3.RL G tt | R18: QC- E | V18: 5 | Y18: =AC9+TIME(20,45,0) -> 44898.865 | AA18: 20:15-20:45
B21: 4.Zn Ni.kh | J21: 3.RL G | N21: 4.RL F tt | R21: QC-1F | V21: 6 | Y21: =AC9+TIME(22,45,0) -> 44898.948 | AA21: 22:15-22:45
B24: XM.BO SUNG kh | F24: XM.BO SUNG tt | J24: 4.RL F | N24: 5.ML tt | R24: QC- XT | V24: 7 | Y24: =AC9+TIME(3,0,0) -> 44898.125 | AA24: 2:30-3:00
J27: 5.ML | R27: QC-RL | V27: 8 | Y27: =AC9+TIME(5,0,0) -> 44898.208 | AA27: 4:30-5:00
B30: XM.chart | F30: XM.chart 1 | J30: RL.chart | N30: RL.chart1 | R30: QC-NI | AA30: tg import
R33: KT DAU
R36: PT TAP CHAT

Sheet 1
A1: "BÁO CÁO KẾT QUẢ HÓA NGHIỆM HÀNG NGÀY 表面處理生產製程管控記錄表"
A2: NGAY | B2: Ma__Hang_muc | C2: Nong_Do_01 | E2: 1 | F2: bs | G2: 2 | H2: bs | I2: 3 | J2: bs | K2: 4 | L2: bs | M2: 5 | N2: bs | O2: 6 | P2: bs | Q2: 1
A3: Date | B3: Code | C3: 濃度 g/L-01
A4: 2022/12/03 8:45:00 AM | B4: 1E-XB1 | C4: 30 | E4: TRUE | F4: FALSE | G4: FALSE | H4: FALSE | I4: FALSE | J4: FALSE | K4: FALSE | L4: FALSE | M4: FALSE | N4: FALSE | O4: FALSE | P4: FALSE
A5: 2022/12/03 8:45:00 AM | B5: 1E-XB2 | C5: 30.8 | E5: TRUE | F5: FALSE | G5: FALSE | H5: FALSE | I5: FALSE | J5: FALSE | K5: FALSE | L5: FALSE | M5: FALSE | N5: FALSE | O5: FALSE | P5: FALSE
A6: 2022/12/03 8:45:00 AM | B6: 1E-DG1 | C6: 65.6 | E6: TRUE | F6: FALSE | G6: FALSE | H6: FALSE | I6: FALSE | J6: FALSE | K6: FALSE | L6: FALSE | M6: FALSE | N6: FALSE | O6: FALSE | P6: FALSE
A7: 2022/12/03 8:45:00 AM | B7: 1E-DG2 | C7: 72.8 | E7: TRUE | F7: FALSE | G7: FALSE | H7: FALSE | I7: FALSE | J7: FALSE | K7: FALSE | L7: FALSE | M7: FALSE | N7: FALSE | O7: FALSE | P7: FALSE
A8: 2022/12/03 8:45:00 AM | B8: 1E-NAOH | C8: 140 | E8: TRUE | F8: FALSE | G8: FALSE | H8: FALSE | I8: FALSE | J8: FALSE | K8: FALSE | L8: FALSE | M8: FALSE | N8: FALSE | O8: FALSE | P8: FALSE
A9: 2022/12/03 8:45:00 AM | B9: 1E-ZN | C9: 10.01 | E9: TRUE | F9: FALSE | G9: FALSE | H9: FALSE | I9: FALSE | J9: FALSE | K9: FALSE | L9: FALSE | M9: FALSE | N9: FALSE | O9: FALSE | P9: FALSE
A10: 2022/12/03 8:45:00 AM | B10: 1E-CR3I | C10: 13.669065 | E10: TRUE | F10: FALSE | G10: FALSE | H10: FALSE | I10: FALSE | J10: FALSE | K10: FALSE | L10: FALSE | M10: FALSE | N10: FALSE | O10: FALSE | P10: FALSE
A11: 2022/12/03 8:45:00 AM | B11: 1E-CR3IPH | C11: 1.76 | E11: TRUE | F11: FALSE | G11: FALSE | H11: FALSE | I11: FALSE | J11: FALSE | K11: FALSE | L11: FALSE | M11: FALSE | N11: FALSE | O11: FALSE | P11: FALSE
A12: 2022/12/03 8:45:00 AM | B12: 1E-HCL1 | C12: 0.49046875 | E12: TRUE | F12: FALSE | G12: FALSE | H12: FALSE | I12: FALSE | J12: FALSE | K12: FALSE | L12: FALSE | M12: FALSE | N12: FALSE | O12: FALSE | P12: FALSE
A13: 2022/12/03 8:45:00 AM | B13: 1E-HCL2 | C13: 0.26234375 | E13: TRUE | F13: FALSE | G13: FALSE | H13: FALSE | I13: FALSE | J13: FALSE | K13: FALSE | L13: FALSE | M13: FALSE | N13: FALSE | O13: FALSE | P13: FALSE
A14: 2022/12/03 8:45:00 AM | B14: 1E-HCL3 | C14: 0.1140625 | E14: TRUE | F14: FALSE | G14: FALSE | H14: FALSE | I14: FALSE | J14: FALSE | K14: FALSE | L14: FALSE | M14: FALSE | N14: FALSE | O14: FALSE | P14: FALSE
A15: 2022/12/03 8:45:00 AM | B15: 1E-HNO3 | C15: 0.0113418 | E15: TRUE | F15: FALSE | G15: FALSE | H15: FALSE | I15: FALSE | J15: FALSE | K15: FALSE | L15: FALSE | M15: FALSE | N15: FALSE | O15: FALSE | P15: FALSE
... A58: 2022/12/03 8:45:00 AM | B58: DC-BLACK08 | C58: 5.62 | E58: TRUE | F58: FALSE | G58: FALSE | H58: FALSE | I58: FALSE | J58: FALSE | K58: FALSE | L58: FALSE | M58: FALSE | N58: FALSE | O58: FALSE | P58: FALSE

Sheet 2
A1: "BÁO CÁO KẾT QUẢ HÓA NGHIỆM HÀNG NGÀY 表面處理生產製程管控記錄表"
A2: NGAY | B2: Ma__Hang_muc | C2: Nong_Do_02 | E2: 1 | F2: bs | G2: 2 | H2: bs | I2: 3 | J2: bs | K2: 4 | L2: bs | M2: 5 | N2: bs | O2: 6 | P2: bs | Q2: 2
A3: Date | B3: Code | C3: 濃度 g/L-02
A4: 2022/12/03 10:45:00 AM | B4: 1E-XB1 | C4: 29.6 | E4: FALSE | F4: FALSE | G4: TRUE | H4: FALSE | I4: FALSE | J4: FALSE | K4: FALSE | L4: FALSE | M4: FALSE | N4: FALSE | O4: FALSE | P4: FALSE
A5: 2022/12/03 10:45:00 AM | B5: 1E-XB2 | C5: 30 | E5: FALSE | F5: FALSE | G5: TRUE | H5: FALSE | I5: FALSE | J5: FALSE | K5: FALSE | L5: FALSE | M5: FALSE | N5: FALSE | O5: FALSE | P5: FALSE
A6: 2022/12/03 10:45:00 AM | B6: 1E-DG1 | C6: 65.2 | E6: FALSE | F6: FALSE | G6: TRUE | H6: FALSE | I6: FALSE | J6: FALSE | K6: FALSE | L6: FALSE | M6: FALSE | N6: FALSE | O6: FALSE | P6: FALSE
A7: 2022/12/03 10:45:00 AM | B7: 1E-DG2 | C7: 71.2 | E7: FALSE | F7: FALSE | G7: TRUE | H7: FALSE | I7: FALSE | J7: FALSE | K7: FALSE | L7: FALSE | M7: FALSE | N7: FALSE | O7: FALSE | P7: FALSE
A8: 2022/12/03 10:45:00 AM | B8: 1E-NAOH | C8: 139.2 | E8: FALSE | F8: FALSE | G8: TRUE | H8: FALSE | I8: FALSE | J8: FALSE | K8: FALSE | L8: FALSE | M8: FALSE | N8: FALSE | O8: FALSE | P8: FALSE
A9: 2022/12/03 10:45:00 AM | B9: 1E-ZN | C9: 10.01 | E9: FALSE | F9: FALSE | G9: TRUE | H9: FALSE | I9: FALSE | J9: FALSE | K9: FALSE | L9: FALSE | M9: FALSE | N9: FALSE | O9: FALSE | P9: FALSE
A10: 2022/12/03 10:45:00 AM | B10: 1E-CR3I | C10: 14.388489 | E10: FALSE | F10: FALSE | G10: TRUE | H10: FALSE | I10: FALSE | J10: FALSE | K10: FALSE | L10: FALSE | M10: FALSE | N10: FALSE | O10: FALSE | P10: FALSE
A11: 2022/12/03 10:45:00 AM | B11: 1E-CR3IPH | C11: 1.75 | E11: FALSE | F11: FALSE | G11: TRUE | H11: FALSE | I11: FALSE | J11: FALSE | K11: FALSE | L11: FALSE | M11: FALSE | N11: FALSE | O11: FALSE | P11: FALSE
A12: 2022/12/03 10:45:00 AM | B12: 1E-HCL1 | C12: 0.45625 | E12: FALSE | F12: FALSE | G12: TRUE | H12: FALSE | I12: FALSE | J12: FALSE | K12: FALSE | L12: FALSE | M12: FALSE | N12: FALSE | O12: FALSE | P12: FALSE
A13: 2022/12/03 10:45:00 AM | B13: 1E-HCL2 | C13: 0.28515625 | E13: FALSE | F13: FALSE | G13: TRUE | H13: FALSE | I13: FALSE | J13: FALSE | K13: FALSE | L13: FALSE | M13: FALSE | N13: FALSE | O13: FALSE | P13: FALSE
A14: 2022/12/03 10:45:00 AM | B14: 1E-HCL3 | C14: 0.1049375 | E14: FALSE | F14: FALSE | G14: TRUE | H14: FALSE | I14: FALSE | J14: FALSE | K14: FALSE | L14: FALSE | M14: FALSE | N14: FALSE | O14: FALSE | P14: FALSE
A15: 2022/12/03 10:45:00 AM | B15: 1E-HNO3 | C15: 0.0100816 | E15: FALSE | F15: FALSE | G15: TRUE | H15: FALSE | I15: FALSE | J15: FALSE | K15: FALSE | L15: FALSE | M15: FALSE | N15: FALSE | O15: FALSE | P15: FALSE
... A31: 2022/12/03 10:45:00 AM | B31: 1F-BONG | C31: 42 | E31: FALSE | F31: FALSE | G31: TRUE | H31: FALSE | I31: FALSE | J31: FALSE | K31: FALSE | L31: FALSE | M31: FALSE | N31: FALSE | O31: FALSE | P31: FALSE

Sheet 3
A1: "BÁO CÁO KẾT QUẢ HÓA NGHIỆM HÀNG NGÀY 表面處理生產製程管控記錄表"
A2: NGAY | B2: Ma__Hang_muc | C2: Nong_Do_03 | E2: 1 | F2: bs | G2: 2 | H2: bs | I2: 3 | J2: bs | K2: 4 | L2: bs | M2: 5 | N2: bs | O2: 6 | P2: bs | Q2: 3
A3: Date | B3: Code | C3: 濃度 g/03
A4: 2022/12/03 3:30:00 PM | B4: 1E-XB1 | C4: 29.6 | E4: FALSE | F4: FALSE | G4: FALSE | H4: FALSE | I4: TRUE | J4: FALSE | K4: FALSE | L4: FALSE | M4: FALSE | N4: FALSE | O4: FALSE | P4: FALSE
A5: 2022/12/03 3:30:00 PM | B5: 1E-XB2 | C5: 30.8 | E5: FALSE | F5: FALSE | G5: FALSE | H5: FALSE | I5: TRUE | J5: FALSE | K5: FALSE | L5: FALSE | M5: FALSE | N5: FALSE | O5: FALSE | P5: FALSE
A6: 2022/12/03 3:30:00 PM | B6: 1E-DG1 | C6: 66.8 | E6: FALSE | F6: FALSE | G6: FALSE | H6: FALSE | I6: TRUE | J6: FALSE | K6: FALSE | L6: FALSE | M6: FALSE | N6: FALSE | O6: FALSE | P6: FALSE
A7: 2022/12/03 3:30:00 PM | B7: 1E-DG2 | C7: 71.6 | E7: FALSE | F7: FALSE | G7: FALSE | H7: FALSE | I7: TRUE | J7: FALSE | K7: FALSE | L7: FALSE | M7: FALSE | N7: FALSE | O7: FALSE | P7: FALSE
A8: 2022/12/03 3:30:00 PM | B8: 1E-NAOH | C8: 140.8 | E8: FALSE | F8: FALSE | G8: FALSE | H8: FALSE | I8: TRUE | J8: FALSE | K8: FALSE | L8: FALSE | M8: FALSE | N8: FALSE | O8: FALSE | P8: FALSE
A9: 2022/12/03 3:30:00 PM | B9: 1E-ZN | C9: 9.75 | E9: FALSE | F9: FALSE | G9: FALSE | H9: FALSE | I9: TRUE | J9: FALSE | K9: FALSE | L9: FALSE | M9: FALSE | N9: FALSE | O9: FALSE | P9: FALSE
A10: 2022/12/03 3:30:00 PM | B10: 1E-CR3I | C10: 15.251799 | E10: FALSE | F10: FALSE | G10: FALSE | H10: FALSE | I10: TRUE | J10: FALSE | K10: FALSE | L10: FALSE | M10: FALSE | N10: FALSE | O10: FALSE | P10: FALSE
A11: 2022/12/03 3:30:00 PM | B11: 1E-CR3IPH | C11: 1.89 | E11: FALSE | F11: FALSE | G11: FALSE | H11: FALSE | I11: TRUE | J11: FALSE | K11: FALSE | L11: FALSE | M11: FALSE | N11: FALSE | O11: FALSE | P11: FALSE
A12: 2022/12/03 3:30:00 PM | B12: 1E-HCL1 | C12: 0.46765625 | E12: FALSE | F12: FALSE | G12: FALSE | H12: FALSE | I12: TRUE | J12: FALSE | K12: FALSE | L12: FALSE | M12: FALSE | N12: FALSE | O12: FALSE | P12: FALSE
A13: 2022/12/03 3:30:00 PM | B13: 1E-HCL2 | C13: 0.2965625 | E13: FALSE | F13: FALSE | G13: FALSE | H13: FALSE | I13: TRUE | J13: FALSE | K13: FALSE | L13: FALSE | M13: FALSE | N13: FALSE | O13: FALSE | P13: FALSE
A14: 2022/12/03 3:30:00 PM | B14: 1E-HCL3 | C14: 0.09353125 | E14: FALSE | F14: FALSE | G14: FALSE | H14: FALSE | I14: TRUE | J14: FALSE | K14: FALSE | L14: FALSE | M14: FALSE | N14: FALSE | O14: FALSE | P14: FALSE
A15: 2022/12/03 3:30:00 PM | B15: 1E-HNO3 | C15: 0.0113418 | E15: FALSE | F15: FALSE | G15: FALSE | H15: FALSE | I15: TRUE | J15: FALSE | K15: FALSE | L15: FALSE | M15: FALSE | N15: FALSE | O15: FALSE | P15: FALSE
... A38: 2022/12/03 3:30:00 PM | B38: RLG-XBPH | C38: 9 | E38: FALSE | F38: FALSE | G38: FALSE | H38: FALSE | I38: TRUE | J38: FALSE | K38: FALSE | L38: FALSE | M38: FALSE | N38: FALSE | O38: FALSE | P38: FALSE

Sheet 4
A1: "BÁO CÁO KẾT QUẢ HÓA NGHIỆM HÀNG NGÀY 表面處理生產製程管控記錄表"
A2: NGAY | B2: Ma__Hang_muc | C2: Nong_Do_03 | E2: 1 | F2: bs | G2: 2 | H2: bs | I2: 3 | J2: bs | K2: 4 | L2: bs | M2: 5 | N2: bs | O2: 6 | P2: bs | Q2: 3
A3: Date | B3: Code | C3: 濃度 g/03
A4: =MENU!Y15 -> 44898.708 | B4: 1E-XB1 | E4: =ISNUMBER(#REF!) -> FALSE | F4: =ISNUMBER(#REF!) -> FALSE | G4: =ISNUMBER(#REF!) -> FALSE | H4: =ISNUMBER(#REF!) -> FALSE | I4: =ISNUMBER(C4) -> FALSE | J4: =ISNUMBER(#REF!) -> FALSE | K4: =ISNUMBER(#REF!) -> FALSE | L4: =ISNUMBER(#REF!) -> FALSE | M4: =ISNUMBER(#REF!) -> FALSE | N4: =ISNUMBER(#REF!) -> FALSE | O4: =ISNUMBER(#REF!) -> FALSE | P4: =ISNUMBER(#REF!) -> FALSE | Q4: =IF(I4=TRUE,"",1) -> 1
A5: =IF(B5="","",$A$4) -> 44898.708 | B5: RLE-HCL1 | C5: =IFERROR(VLOOKUP($B5,RLMLXD,20,0),"") -> 0 | E5: =ISNUMBER(#REF!) -> FALSE | F5: =ISNUMBER(#REF!) -> FALSE | G5: =ISNUMBER(#REF!) -> FALSE | H5: =ISNUMBER(#REF!) -> FALSE | I5: =ISNUMBER(C5) -> TRUE | J5: =ISNUMBER(#REF!) -> FALSE | K5: =ISNUMBER(#REF!) -> FALSE | L5: =ISNUMBER(#REF!) -> FALSE | M5: =ISNUMBER(#REF!) -> FALSE | N5: =ISNUMBER(#REF!) -> FALSE | O5: =ISNUMBER(#REF!) -> FALSE | P5: =ISNUMBER(#REF!) -> FALSE | Q5: =IF(I5=TRUE,"",1)
A6: =IF(B6="","",$A$4) -> 44898.708 | B6: RLE-HCL2 | C6: =IFERROR(VLOOKUP($B6,RLMLXD,20,0),"") -> 0 | E6: =ISNUMBER(#REF!) -> FALSE | F6: =ISNUMBER(#REF!) -> FALSE | G6: =ISNUMBER(#REF!) -> FALSE | H6: =ISNUMBER(#REF!) -> FALSE | I6: =ISNUMBER(C6) -> TRUE | J6: =ISNUMBER(#REF!) -> FALSE | K6: =ISNUMBER(#REF!) -> FALSE | L6: =ISNUMBER(#REF!) -> FALSE | M6: =ISNUMBER(#REF!) -> FALSE | N6: =ISNUMBER(#REF!) -> FALSE | O6: =ISNUMBER(#REF!) -> FALSE | P6: =ISNUMBER(#REF!) -> FALSE | Q6: =IF(I6=TRUE,"",1)
A7: =IF(B7="","",$A$4) -> 44898.708 | B7: RLE-PP1TA | C7: =IFERROR(VLOOKUP($B7,RLMLXD,20,0),"") -> 0 | E7: =ISNUMBER(#REF!) -> FALSE | F7: =ISNUMBER(#REF!) -> FALSE | G7: =ISNUMBER(#REF!) -> FALSE | H7: =ISNUMBER(#REF!) -> FALSE | I7: =ISNUMBER(C7) -> TRUE | J7: =ISNUMBER(#REF!) -> FALSE | K7: =ISNUMBER(#REF!) -> FALSE | L7: =ISNUMBER(#REF!) -> FALSE | M7: =ISNUMBER(#REF!) -> FALSE | N7: =ISNUMBER(#REF!) -> FALSE | O7: =ISNUMBER(#REF!) -> FALSE | P7: =ISNUMBER(#REF!) -> FALSE | Q7: =IF(I7=TRUE,"",1)
A8: =IF(B8="","",$A$4) -> 44898.708 | B8: RLE-PP1AX | C8: =IFERROR(VLOOKUP($B8,RLMLXD,20,0),"") -> 0 | E8: =ISNUMBER(#REF!) -> FALSE | F8: =ISNUMBER(#REF!) -> FALSE | G8: =ISNUMBER(#REF!) -> FALSE | H8: =ISNUMBER(#REF!) -> FALSE | I8: =ISNUMBER(C8) -> TRUE | J8: =ISNUMBER(#REF!) -> FALSE | K8: =ISNUMBER(#REF!) -> FALSE | L8: =ISNUMBER(#REF!) -> FALSE | M8: =ISNUMBER(#REF!) -> FALSE | N8: =ISNUMBER(#REF!) -> FALSE | O8: =ISNUMBER(#REF!) -> FALSE | P8: =ISNUMBER(#REF!) -> FALSE | Q8: =IF(I8=TRUE,"",1)
A9: =IF(B9="","",$A$4) -> 44898.708 | B9: RLE-PP1PL | C9: =IFERROR(VLOOKUP($B9,RLMLXD,20,0),"") -> 0 | E9: =ISNUMBER(#REF!) -> FALSE | F9: =ISNUMBER(#REF!) -> FALSE | G9: =ISNUMBER(#REF!) -> FALSE | H9: =ISNUMBER(#REF!) -> FALSE | I9: =ISNUMBER(C9) -> TRUE | J9: =ISNUMBER(#REF!) -> FALSE | K9: =ISNUMBER(#REF!) -> FALSE | L9: =ISNUMBER(#REF!) -> FALSE | M9: =ISNUMBER(#REF!) -> FALSE | N9: =ISNUMBER(#REF!) -> FALSE | O9: =ISNUMBER(#REF!) -> FALSE | P9: =ISNUMBER(#REF!) -> FALSE | Q9: =IF(I9=TRUE,"",1)
A10: =IF(B10="","",$A$4) -> 44898.708 | B10: RLE-PP2TA | C10: =IFERROR(VLOOKUP($B10,RLMLXD,20,0),"") -> 0 | E10: =ISNUMBER(#REF!) -> FALSE | F10: =ISNUMBER(#REF!) -> FALSE | G10: =ISNUMBER(#REF!) -> FALSE | H10: =ISNUMBER(#REF!) -> FALSE | I10: =ISNUMBER(C10) -> TRUE | J10: =ISNUMBER(#REF!) -> FALSE | K10: =ISNUMBER(#REF!) -> FALSE | L10: =ISNUMBER(#REF!) -> FALSE | M10: =ISNUMBER(#REF!) -> FALSE | N10: =ISNUMBER(#REF!) -> FALSE | O10: =ISNUMBER(#REF!) -> FALSE | P10: =ISNUMBER(#REF!) -> FALSE | Q10: =IF(I10=TRUE,"",1)
A11: =IF(B11="","",$A$4) -> 44898.708 | B11: RLE-PP2AX | C11: =IFERROR(VLOOKUP($B11,RLMLXD,20,0),"") -> 0 | E11: =ISNUMBER(#REF!) -> FALSE | F11: =ISNUMBER(#REF!) -> FALSE | G11: =ISNUMBER(#REF!) -> FALSE | H11: =ISNUMBER(#REF!) -> FALSE | I11: =ISNUMBER(C11) -> TRUE | J11: =ISNUMBER(#REF!) -> FALSE | K11: =ISNUMBER(#REF!) -> FALSE | L11: =ISNUMBER(#REF!) -> FALSE | M11: =ISNUMBER(#REF!) -> FALSE | N11: =ISNUMBER(#REF!) -> FALSE | O11: =ISNUMBER(#REF!) -> FALSE | P11: =ISNUMBER(#REF!) -> FALSE | Q11: =IF(I11=TRUE,"",1)
A12: =IF(B12="","",$A$4) -> 44898.708 | B12: RLE-PP2PL | C12: =IFERROR(VLOOKUP($B12,RLMLXD,20,0),"") -> 0 | E12: =ISNUMBER(#REF!) -> FALSE | F12: =ISNUMBER(#REF!) -> FALSE | G12: =ISNUMBER(#REF!) -> FALSE | H12: =ISNUMBER(#REF!) -> FALSE | I12: =ISNUMBER(C12) -> TRUE | J12: =ISNUMBER(#REF!) -> FALSE | K12: =ISNUMBER(#REF!) -> FALSE | L12: =ISNUMBER(#REF!) -> FALSE | M12: =ISNUMBER(#REF!) -> FALSE | N12: =ISNUMBER(#REF!) -> FALSE | O12: =ISNUMBER(#REF!) -> FALSE | P12: =ISNUMBER(#REF!) -> FALSE | Q12: =IF(I12=TRUE,"",1)
A13: =IF(B13="","",$A$4) -> 44898.708 | B13: RLE-XB | C13: =IFERROR(VLOOKUP($B13,RLMLXD,20,0),"") -> 0 | E13: =ISNUMBER(#REF!) -> FALSE | F13: =ISNUMBER(#REF!) -> FALSE | G13: =ISNUMBER(#REF!) -> FALSE | H13: =ISNUMBER(#REF!) -> FALSE | I13: =ISNUMBER(C13) -> TRUE | J13: =ISNUMBER(#REF!) -> FALSE | K13: =ISNUMBER(#REF!) -> FALSE | L13: =ISNUMBER(#REF!) -> FALSE | M13: =ISNUMBER(#REF!) -> FALSE | N13: =ISNUMBER(#REF!) -> FALSE | O13: =ISNUMBER(#REF!) -> FALSE | P13: =ISNUMBER(#REF!) -> FALSE | Q13: =IF(I13=TRUE,"",1)
A14: =IF(B14="","",$A$4) -> 44898.708 | B14: RLE-XBPH | C14: =IFERROR(VLOOKUP($B14,RLMLXD,20,0),"") -> 0 | E14: =ISNUMBER(#REF!) -> FALSE | F14: =ISNUMBER(#REF!) -> FALSE | G14: =ISNUMBER(#REF!) -> FALSE | H14: =ISNUMBER(#REF!) -> FALSE | I14: =ISNUMBER(C14) -> TRUE | J14: =ISNUMBER(#REF!) -> FALSE | K14: =ISNUMBER(#REF!) -> FALSE | L14: =ISNUMBER(#REF!) -> FALSE | M14: =ISNUMBER(#REF!) -> FALSE | N14: =ISNUMBER(#REF!) -> FALSE | O14: =ISNUMBER(#REF!) -> FALSE | P14: =ISNUMBER(#REF!) -> FALSE | Q14: =IF(I14=TRUE,"",1)
A15: =IF(B15="","",$A$4) -> 44898.708 | B15: RLG-KD | C15: =IFERROR(VLOOKUP($B15,RLMLXD,20,0),"") -> 0 | E15: =ISNUMBER(#REF!) -> FALSE | F15: =ISNUMBER(#REF!) -> FALSE | G15: =ISNUMBER(#REF!) -> FALSE | H15: =ISNUMBER(#REF!) -> FALSE | I15: =ISNUMBER(C15) -> TRUE | J15: =ISNUMBER(#REF!) -> FALSE | K15: =ISNUMBER(#REF!) -> FALSE | L15: =ISNUMBER(#REF!) -> FALSE | M15: =ISNUMBER(#REF!) -> FALSE | N15: =ISNUMBER(#REF!) -> FALSE | O15: =ISNUMBER(#REF!) -> FALSE | P15: =ISNUMBER(#REF!) -> FALSE | Q15: =IF(I15=TRUE,"",1)
A16: =IF(B16="","",$A$4) -> 44898.708 | B16: RLG-HCL1 | C16: =IFERROR(VLOOKUP($B16,RLMLXD,20,0),"") -> 0 | E16: =ISNUMBER(#REF!) -> FALSE | F16: =ISNUMBER(#REF!) -> FALSE | G16: =ISNUMBER(#REF!) -> FALSE | H16: =ISNUMBER(#REF!) -> FALSE | I16: =ISNUMBER(C16) -> TRUE | J16: =ISNUMBER(#REF!) -> FALSE | K16: =ISNUMBER(#REF!) -> FALSE | L16: =ISNUMBER(#REF!) -> FALSE | M16: =ISNUMBER(#REF!) -> FALSE | N16: =ISNUMBER(#REF!) -> FALSE | O16: =ISNUMBER(#REF!) -> FALSE | P16: =ISNUMBER(#REF!) -> FALSE | Q16: =IF(I16=TRUE,"",1)
... A33: =IF(B33="","",$A$4) -> 44898.708 | B33: XD-8 | C33: =IFERROR(VLOOKUP($B33,RLMLXD,20,0),"") -> 0.81368316 | E33: =ISNUMBER(#REF!) -> FALSE | F33: =ISNUMBER(#REF!) -> FALSE | G33: =ISNUMBER(#REF!) -> FALSE | H33: =ISNUMBER(#REF!) -> FALSE | I33: =ISNUMBER(C33) -> TRUE | J33: =ISNUMBER(#REF!) -> FALSE | K33: =ISNUMBER(#REF!) -> FALSE | L33: =ISNUMBER(#REF!) -> FALSE | M33: =ISNUMBER(#REF!) -> FALSE | N33: =ISNUMBER(#REF!) -> FALSE | O33: =ISNUMBER(#REF!) -> FALSE | P33: =ISNUMBER(#REF!) -> FALSE | Q33: =IF(I33=TRUE,"",1)

Sheet 5
A1: "BÁO CÁO KẾT QUẢ HÓA NGHIỆM HÀNG NGÀY 表面處理生產製程管控記錄表"
A2: NGAY | B2: Ma__Hang_muc | C2: Nong_Do_04 | E2: 1 | F2: bs | G2: 2 | H2: bs | I2: 3 | J2: bs | K2: 4 | L2: bs | M2: 5 | N2: bs | O2: 6 | P2: bs | Q2: 4
A3: Date | B3: Code | C3: 濃度 g/L_04
A4: =MENU!Y18 -> 44898.865 | B4: 1E-XB1 | C4: =IFERROR(VLOOKUP($B4,_XM_XT_THUCTE,26,0),"") -> 30 | E4: =ISNUMBER(#REF!) -> FALSE | F4: =ISNUMBER(#REF!) -> FALSE | G4: =ISNUMBER(#REF!) -> FALSE | H4: =ISNUMBER(#REF!) -> FALSE | I4: =ISNUMBER(#REF!) -> FALSE | J4: =ISNUMBER(#REF!) -> FALSE | K4: =ISNUMBER(C4) -> TRUE | L4: =ISNUMBER(#REF!) -> FALSE | M4: =ISNUMBER(#REF!) -> FALSE | N4: =ISNUMBER(#REF!) -> FALSE | O4: =ISNUMBER(#REF!) -> FALSE | P4: =ISNUMBER(#REF!) -> FALSE | Q4: =IF(K4=TRUE,"",1)
A5: =$A$4 -> 44898.865 | B5: 1E-XB2 | C5: =IFERROR(VLOOKUP($B5,_XM_XT_THUCTE,26,0),"") -> 31.6 | E5: =ISNUMBER(#REF!) -> FALSE | F5: =ISNUMBER(#REF!) -> FALSE | G5: =ISNUMBER(#REF!) -> FALSE | H5: =ISNUMBER(#REF!) -> FALSE | I5: =ISNUMBER(#REF!) -> FALSE | J5: =ISNUMBER(#REF!) -> FALSE | K5: =ISNUMBER(C5) -> TRUE | L5: =ISNUMBER(#REF!) -> FALSE | M5: =ISNUMBER(#REF!) -> FALSE | N5: =ISNUMBER(#REF!) -> FALSE | O5: =ISNUMBER(#REF!) -> FALSE | P5: =ISNUMBER(#REF!) -> FALSE | Q5: =IF(K5=TRUE,"",1)
A6: =$A$4 -> 44898.865 | B6: 1E-DG1 | C6: =IFERROR(VLOOKUP($B6,_XM_XT_THUCTE,26,0),"") -> 72.8 | E6: =ISNUMBER(#REF!) -> FALSE | F6: =ISNUMBER(#REF!) -> FALSE | G6: =ISNUMBER(#REF!) -> FALSE | H6: =ISNUMBER(#REF!) -> FALSE | I6: =ISNUMBER(#REF!) -> FALSE | J6: =ISNUMBER(#REF!) -> FALSE | K6: =ISNUMBER(C6) -> TRUE | L6: =ISNUMBER(#REF!) -> FALSE | M6: =ISNUMBER(#REF!) -> FALSE | N6: =ISNUMBER(#REF!) -> FALSE | O6: =ISNUMBER(#REF!) -> FALSE | P6: =ISNUMBER(#REF!) -> FALSE | Q6: =IF(K6=TRUE,"",1)
A7: =$A$4 -> 44898.865 | B7: 1E-DG2 | C7: =IFERROR(VLOOKUP($B7,_XM_XT_THUCTE,26,0),"") -> 70.4 | E7: =ISNUMBER(#REF!) -> FALSE | F7: =ISNUMBER(#REF!) -> FALSE | G7: =ISNUMBER(#REF!) -> FALSE | H7: =ISNUMBER(#REF!) -> FALSE | I7: =ISNUMBER(#REF!) -> FALSE | J7: =ISNUMBER(#REF!) -> FALSE | K7: =ISNUMBER(C7) -> TRUE | L7: =ISNUMBER(#REF!) -> FALSE | M7: =ISNUMBER(#REF!) -> FALSE | N7: =ISNUMBER(#REF!) -> FALSE | O7: =ISNUMBER(#REF!) -> FALSE | P7: =ISNUMBER(#REF!) -> FALSE | Q7: =IF(K7=TRUE,"",1)
A8: =$A$4 -> 44898.865 | B8: 1E-NAOH | C8: =IFERROR(VLOOKUP($B8,_XM_XT_THUCTE,26,0),"") -> 140.8 | E8: =ISNUMBER(#REF!) -> FALSE | F8: =ISNUMBER(#REF!) -> FALSE | G8: =ISNUMBER(#REF!) -> FALSE | H8: =ISNUMBER(#REF!) -> FALSE | I8: =ISNUMBER(#REF!) -> FALSE | J8: =ISNUMBER(#REF!) -> FALSE | K8: =ISNUMBER(C8) -> TRUE | L8: =ISNUMBER(#REF!) -> FALSE | M8: =ISNUMBER(#REF!) -> FALSE | N8: =ISNUMBER(#REF!) -> FALSE | O8: =ISNUMBER(#REF!) -> FALSE | P8: =ISNUMBER(#REF!) -> FALSE | Q8: =IF(K8=TRUE,"",1)
A9: =$A$4 -> 44898.865 | B9: 1E-ZN | C9: =IFERROR(VLOOKUP($B9,_XM_XT_THUCTE,26,0),"") -> 9.88 | E9: =ISNUMBER(#REF!) -> FALSE | F9: =ISNUMBER(#REF!) -> FALSE | G9: =ISNUMBER(#REF!) -> FALSE | H9: =ISNUMBER(#REF!) -> FALSE | I9: =ISNUMBER(#REF!) -> FALSE | J9: =ISNUMBER(#REF!) -> FALSE | K9: =ISNUMBER(C9) -> TRUE | L9: =ISNUMBER(#REF!) -> FALSE | M9: =ISNUMBER(#REF!) -> FALSE | N9: =ISNUMBER(#REF!) -> FALSE | O9: =ISNUMBER(#REF!) -> FALSE | P9: =ISNUMBER(#REF!) -> FALSE | Q9: =IF(K9=TRUE,"",1)
A10: =$A$4 -> 44898.865 | B10: 1E-CR3I | C10: =IFERROR(VLOOKUP($B10,_XM_XT_THUCTE,26,0),"") -> 11.654676 | E10: =ISNUMBER(#REF!) -> FALSE | F10: =ISNUMBER(#REF!) -> FALSE | G10: =ISNUMBER(#REF!) -> FALSE | H10: =ISNUMBER(#REF!) -> FALSE | I10: =ISNUMBER(#REF!) -> FALSE | J10: =ISNUMBER(#REF!) -> FALSE | K10: =ISNUMBER(C10) -> TRUE | L10: =ISNUMBER(#REF!) -> FALSE | M10: =ISNUMBER(#REF!) -> FALSE | N10: =ISNUMBER(#REF!) -> FALSE | O10: =ISNUMBER(#REF!) -> FALSE | P10: =ISNUMBER(#REF!) -> FALSE | Q10: =IF(K10=TRUE,"",1)
A11: =$A$4 -> 44898.865 | B11: 1E-CR3IPH | C11: =IFERROR(VLOOKUP($B11,_XM_XT_THUCTE,26,0),"") -> 1.78 | E11: =ISNUMBER(#REF!) -> FALSE | F11: =ISNUMBER(#REF!) -> FALSE | G11: =ISNUMBER(#REF!) -> FALSE | H11: =ISNUMBER(#REF!) -> FALSE | I11: =ISNUMBER(#REF!) -> FALSE | J11: =ISNUMBER(#REF!) -> FALSE | K11: =ISNUMBER(C11) -> TRUE | L11: =ISNUMBER(#REF!) -> FALSE | M11: =ISNUMBER(#REF!) -> FALSE | N11: =ISNUMBER(#REF!) -> FALSE | O11: =ISNUMBER(#REF!) -> FALSE | P11: =ISNUMBER(#REF!) -> FALSE | Q11: =IF(K11=TRUE,"",1)
A12: =$A$4 -> 44898.865 | B12: 1E-HCL1 | C12: =IFERROR(VLOOKUP($B12,_XM_XT_THUCTE,26,0),"") -> 0.45625 | E12: =ISNUMBER(#REF!) -> FALSE | F12: =ISNUMBER(#REF!) -> FALSE | G12: =ISNUMBER(#REF!) -> FALSE | H12: =ISNUMBER(#REF!) -> FALSE | I12: =ISNUMBER(#REF!) -> FALSE | J12: =ISNUMBER(#REF!) -> FALSE | K12: =ISNUMBER(C12) -> TRUE | L12: =ISNUMBER(#REF!) -> FALSE | M12: =ISNUMBER(#REF!) -> FALSE | N12: =ISNUMBER(#REF!) -> FALSE | O12: =ISNUMBER(#REF!) -> FALSE | P12: =ISNUMBER(#REF!) -> FALSE | Q12: =IF(K12=TRUE,"",1)
A13: =$A$4 -> 44898.865 | B13: 1E-HCL2 | C13: =IFERROR(VLOOKUP($B13,_XM_XT_THUCTE,26,0),"") -> 0.2509375 | E13: =ISNUMBER(#REF!) -> FALSE | F13: =ISNUMBER(#REF!) -> FALSE | G13: =ISNUMBER(#REF!) -> FALSE | H13: =ISNUMBER(#REF!) -> FALSE | I13: =ISNUMBER(#REF!) -> FALSE | J13: =ISNUMBER(#REF!) -> FALSE | K13: =ISNUMBER(C13) -> TRUE | L13: =ISNUMBER(#REF!) -> FALSE | M13: =ISNUMBER(#REF!) -> FALSE | N13: =ISNUMBER(#REF!) -> FALSE | O13: =ISNUMBER(#REF!) -> FALSE | P13: =ISNUMBER(#REF!) -> FALSE | Q13: =IF(K13=TRUE,"",1)
A14: =$A$4 -> 44898.865 | B14: 1E-HCL3 | C14: =IFERROR(VLOOKUP($B14,_XM_XT_THUCTE,26,0),"") -> 0.10265625 | E14: =ISNUMBER(#REF!) -> FALSE | F14: =ISNUMBER(#REF!) -> FALSE | G14: =ISNUMBER(#REF!) -> FALSE | H14: =ISNUMBER(#REF!) -> FALSE | I14: =ISNUMBER(#REF!) -> FALSE | J14: =ISNUMBER(#REF!) -> FALSE | K14: =ISNUMBER(C14) -> TRUE | L14: =ISNUMBER(#REF!) -> FALSE | M14: =ISNUMBER(#REF!) -> FALSE | N14: =ISNUMBER(#REF!) -> FALSE | O14: =ISNUMBER(#REF!) -> FALSE | P14: =ISNUMBER(#REF!) -> FALSE | Q14: =IF(K14=TRUE,"",1)
A15: =$A$4 -> 44898.865 | B15: 1E-HNO3 | C15: =IFERROR(VLOOKUP($B15,_XM_XT_THUCTE,26,0),"") -> 0.012602 | E15: =ISNUMBER(#REF!) -> FALSE | F15: =ISNUMBER(#REF!) -> FALSE | G15: =ISNUMBER(#REF!) -> FALSE | H15: =ISNUMBER(#REF!) -> FALSE | I15: =ISNUMBER(#REF!) -> FALSE | J15: =ISNUMBER(#REF!) -> FALSE | K15: =ISNUMBER(C15) -> TRUE | L15: =ISNUMBER(#REF!) -> FALSE | M15: =ISNUMBER(#REF!) -> FALSE | N15: =ISNUMBER(#REF!) -> FALSE | O15: =ISNUMBER(#REF!) -> FALSE | P15: =ISNUMBER(#REF!) -> FALSE | Q15: =IF(K15=TRUE,"",1)
A16: =$A$4 -> 44898.865 | B16: 1E-MEM | C16: =IFERROR(VLOOKUP($B16,_XM_XT_THUCTE,26,0),"") -> 335 | E16: =ISNUMBER(#REF!) -> FALSE | F16: =ISNUMBER(#REF!) -> FALSE | G16: =ISNUMBER(#REF!) -> FALSE | H16: =ISNUMBER(#REF!) -> FALSE | I16: =ISNUMBER(#REF!) -> FALSE | J16: =ISNUMBER(#REF!) -> FALSE | K16: =ISNUMBER(C16) -> TRUE | L16: =ISNUMBER(#REF!) -> FALSE | M16: =ISNUMBER(#REF!) -> FALSE | N16: =ISNUMBER(#REF!) -> FALSE | O16: =ISNUMBER(#REF!) -> FALSE | P16: =ISNUMBER(#REF!) -> FALSE | Q16: =IF(K16=TRUE,"",1)
... A45: =$A$4 -> 44898.865 | B45: XT-MEM | C45: =IFERROR(VLOOKUP($B45,_XM_XT_THUCTE,26,0),"") -> 0 | E45: =ISNUMBER(#REF!) -> FALSE | F45: =ISNUMBER(#REF!) -> FALSE | G45: =ISNUMBER(#REF!) -> FALSE | H45: =ISNUMBER(#REF!) -> FALSE | I45: =ISNUMBER(#REF!) -> FALSE | J45: =ISNUMBER(#REF!) -> FALSE | K45: =ISNUMBER(C45) -> TRUE | L45: =ISNUMBER(#REF!) -> FALSE | M45: =ISNUMBER(#REF!) -> FALSE | N45: =ISNUMBER(#REF!) -> FALSE | O45: =ISNUMBER(#REF!) -> FALSE | P45: =ISNUMBER(#REF!) -> FALSE | Q45: =IF(K45=TRUE,"",1)
A46: =$A$4 -> 44898.865 | B46: RLE-HCL1 | C46: =IFERROR(VLOOKUP($B46,RLMLXD,26,0),"") -> 0 | E46: =ISNUMBER(#REF!) -> FALSE | F46: =ISNUMBER(#REF!) -> FALSE | G46: =ISNUMBER(#REF!) -> FALSE | H46: =ISNUMBER(#REF!) -> FALSE | I46: =ISNUMBER(#REF!) -> FALSE | J46: =ISNUMBER(#REF!) -> FALSE | K46: =ISNUMBER(C46) -> TRUE | L46: =ISNUMBER(#REF!) -> FALSE | M46: =ISNUMBER(#REF!) -> FALSE | N46: =ISNUMBER(#REF!) -> FALSE | O46: =ISNUMBER(#REF!) -> FALSE | P46: =ISNUMBER(#REF!) -> FALSE | Q46: =IF(K46=TRUE,"",1)
A47: =$A$4 -> 44898.865 | B47: RLE-HCL2 | C47: =IFERROR(VLOOKUP($B47,RLMLXD,26,0),"") -> 0 | E47: =ISNUMBER(#REF!) -> FALSE | F47: =ISNUMBER(#REF!) -> FALSE | G47: =ISNUMBER(#REF!) -> FALSE | H47: =ISNUMBER(#REF!) -> FALSE | I47: =ISNUMBER(#REF!) -> FALSE | J47: =ISNUMBER(#REF!) -> FALSE | K47: =ISNUMBER(C47) -> TRUE | L47: =ISNUMBER(#REF!) -> FALSE | M47: =ISNUMBER(#REF!) -> FALSE | N47: =ISNUMBER(#REF!) -> FALSE | O47: =ISNUMBER(#REF!) -> FALSE | P47: =ISNUMBER(#REF!) -> FALSE | Q47: =IF(K47=TRUE,"",1)
A48: =$A$4 -> 44898.865 | B48: RLE-PP1TA | C48: =IFERROR(VLOOKUP($B48,RLMLXD,26,0),"") -> 0 | E48: =ISNUMBER(#REF!) -> FALSE | F48: =ISNUMBER(#REF!) -> FALSE | G48: =ISNUMBER(#REF!) -> FALSE | H48: =ISNUMBER(#REF!) -> FALSE | I48: =ISNUMBER(#REF!) -> FALSE | J48: =ISNUMBER(#REF!) -> FALSE | K48: =ISNUMBER(C48) -> TRUE | L48: =ISNUMBER(#REF!) -> FALSE | M48: =ISNUMBER(#REF!) -> FALSE | N48: =ISNUMBER(#REF!) -> FALSE | O48: =ISNUMBER(#REF!) -> FALSE | P48: =ISNUMBER(#REF!) -> FALSE | Q48: =IF(K48=TRUE,"",1)
A49: =$A$4 -> 44898.865 | B49: RLE-PP1AX | C49: =IFERROR(VLOOKUP($B49,RLMLXD,26,0),"") -> 0 | E49: =ISNUMBER(#REF!) -> FALSE | F49: =ISNUMBER(#REF!) -> FALSE | G49: =ISNUMBER(#REF!) -> FALSE | H49: =ISNUMBER(#REF!) -> FALSE | I49: =ISNUMBER(#REF!) -> FALSE | J49: =ISNUMBER(#REF!) -> FALSE | K49: =ISNUMBER(C49) -> TRUE | L49: =ISNUMBER(#REF!) -> FALSE | M49: =ISNUMBER(#REF!) -> FALSE | N49: =ISNUMBER(#REF!) -> FALSE | O49: =ISNUMBER(#REF!) -> FALSE | P49: =ISNUMBER(#REF!) -> FALSE | Q49: =IF(K49=TRUE,"",1)
A50: =$A$4 -> 44898.865 | B50: RLE-PP1PL | C50: =IFERROR(VLOOKUP($B50,RLMLXD,26,0),"") -> 0 | E50: =ISNUMBER(#REF!) -> FALSE | F50: =ISNUMBER(#REF!) -> FALSE | G50: =ISNUMBER(#REF!) -> FALSE | H50: =ISNUMBER(#REF!) -> FALSE | I50: =ISNUMBER(#REF!) -> FALSE | J50: =ISNUMBER(#REF!) -> FALSE | K50: =ISNUMBER(C50) -> TRUE | L50: =ISNUMBER(#REF!) -> FALSE | M50: =ISNUMBER(#REF!) -> FALSE | N50: =ISNUMBER(#REF!) -> FALSE | O50: =ISNUMBER(#REF!) -> FALSE | P50: =ISNUMBER(#REF!) -> FALSE | Q50: =IF(K50=TRUE,"",1)
A51: =$A$4 -> 44898.865 | B51: RLE-PP2TA | C51: =IFERROR(VLOOKUP($B51,RLMLXD,26,0),"") -> 0 | E51: =ISNUMBER(#REF!) -> FALSE | F51: =ISNUMBER(#REF!) -> FALSE | G51: =ISNUMBER(#REF!) -> FALSE | H51: =ISNUMBER(#REF!) -> FALSE | I51: =ISNUMBER(#REF!) -> FALSE | J51: =ISNUMBER(#REF!) -> FALSE | K51: =ISNUMBER(C51) -> TRUE | L51: =ISNUMBER(#REF!) -> FALSE | M51: =ISNUMBER(#REF!) -> FALSE | N51: =ISNUMBER(#REF!) -> FALSE | O51: =ISNUMBER(#REF!) -> FALSE | P51: =ISNUMBER(#REF!) -> FALSE | Q51: =IF(K51=TRUE,"",1)
A52: =$A$4 -> 44898.865 | B52: RLE-PP2AX | C52: =IFERROR(VLOOKUP($B52,RLMLXD,26,0),"") -> 0 | E52: =ISNUMBER(#REF!) -> FALSE | F52: =ISNUMBER(#REF!) -> FALSE | G52: =ISNUMBER(#REF!) -> FALSE | H52: =ISNUMBER(#REF!) -> FALSE | I52: =ISNUMBER(#REF!) -> FALSE | J52: =ISNUMBER(#REF!) -> FALSE | K52: =ISNUMBER(C52) -> TRUE | L52: =ISNUMBER(#REF!) -> FALSE | M52: =ISNUMBER(#REF!) -> FALSE | N52: =ISNUMBER(#REF!) -> FALSE | O52: =ISNUMBER(#REF!) -> FALSE | P52: =ISNUMBER(#REF!) -> FALSE | Q52: =IF(K52=TRUE,"",1)
A53: =$A$4 -> 44898.865 | B53: RLE-PP2PL | C53: =IFERROR(VLOOKUP($B53,RLMLXD,26,0),"") -> 0 | E53: =ISNUMBER(#REF!) -> FALSE | F53: =ISNUMBER(#REF!) -> FALSE | G53: =ISNUMBER(#REF!) -> FALSE | H53: =ISNUMBER(#REF!) -> FALSE | I53: =ISNUMBER(#REF!) -> FALSE | J53: =ISNUMBER(#REF!) -> FALSE | K53: =ISNUMBER(C53) -> TRUE | L53: =ISNUMBER(#REF!) -> FALSE | M53: =ISNUMBER(#REF!) -> FALSE | N53: =ISNUMBER(#REF!) -> FALSE | O53: =ISNUMBER(#REF!) -> FALSE | P53: =ISNUMBER(#REF!) -> FALSE | Q53: =IF(K53=TRUE,"",1)
A54: =$A$4 -> 44898.865 | B54: RLE-XB | C54: =IFERROR(VLOOKUP($B54,RLMLXD,26,0),"") -> 0 | E54: =ISNUMBER(#REF!) -> FALSE | F54: =ISNUMBER(#REF!) -> FALSE | G54: =ISNUMBER(#REF!) -> FALSE | H54: =ISNUMBER(#REF!) -> FALSE | I54: =ISNUMBER(#REF!) -> FALSE | J54: =ISNUMBER(#REF!) -> FALSE | K54: =ISNUMBER(C54) -> TRUE | L54: =ISNUMBER(#REF!) -> FALSE | M54: =ISNUMBER(#REF!) -> FALSE | N54: =ISNUMBER(#REF!) -> FALSE | O54: =ISNUMBER(#REF!) -> FALSE | P54: =ISNUMBER(#REF!) -> FALSE | Q54: =IF(K54=TRUE,"",1)
A55: =$A$4 -> 44898.865 | B55: RLE-XBPH | C55: =IFERROR(VLOOKUP($B55,RLMLXD,26,0),"") -> 0 | E55: =ISNUMBER(#REF!) -> FALSE | F55: =ISNUMBER(#REF!) -> FALSE | G55: =ISNUMBER(#REF!) -> FALSE | H55: =ISNUMBER(#REF!) -> FALSE | I55: =ISNUMBER(#REF!) -> FALSE | J55: =ISNUMBER(#REF!) -> FALSE | K55: =ISNUMBER(C55) -> TRUE | L55: =ISNUMBER(#REF!) -> FALSE | M55: =ISNUMBER(#REF!) -> FALSE | N55: =ISNUMBER(#REF!) -> FALSE | O55: =ISNUMBER(#REF!) -> FALSE | P55: =ISNUMBER(#REF!) -> FALSE | Q55: =IF(K55=TRUE,"",1)
A56: =$A$4 -> 44898.865 | B56: RLG-KD | C56: =IFERROR(VLOOKUP($B56,RLMLXD,26,0),"") -> 0 | E56: =ISNUMBER(#REF!) -> FALSE | F56: =ISNUMBER(#REF!) -> FALSE | G56: =ISNUMBER(#REF!) -> FALSE | H56: =ISNUMBER(#REF!) -> FALSE | I56: =ISNUMBER(#REF!) -> FALSE | J56: =ISNUMBER(#REF!) -> FALSE | K56: =ISNUMBER(C56) -> TRUE | L56: =ISNUMBER(#REF!) -> FALSE | M56: =ISNUMBER(#REF!) -> FALSE | N56: =ISNUMBER(#REF!) -> FALSE | O56: =ISNUMBER(#REF!) -> FALSE | P56: =ISNUMBER(#REF!) -> FALSE | Q56: =IF(K56=TRUE,"",1)
A57: =$A$4 -> 44898.865 | B57: RLG-HCL1 | C57: =IFERROR(VLOOKUP($B57,RLMLXD,26,0),"") -> 0 | E57: =ISNUMBER(#REF!) -> FALSE | F57: =ISNUMBER(#REF!) -> FALSE | G57: =ISNUMBER(#REF!) -> FALSE | H57: =ISNUMBER(#REF!) -> FALSE | I57: =ISNUMBER(#REF!) -> FALSE | J57: =ISNUMBER(#REF!) -> FALSE | K57: =ISNUMBER(C57) -> TRUE | L57: =ISNUMBER(#REF!) -> FALSE | M57: =ISNUMBER(#REF!) -> FALSE | N57: =ISNUMBER(#REF!) -> FALSE | O57: =ISNUMBER(#REF!) -> FALSE | P57: =ISNUMBER(#REF!) -> FALSE | Q57: =IF(K57=TRUE,"",1)
... A83: =$A$4 -> 44898.865 | B83: DC-BLACK08 | C83: =IFERROR(VLOOKUP($B83,RLMLXD,26,0),"") -> 0 | E83: =ISNUMBER(#REF!) -> FALSE | F83: =ISNUMBER(#REF!) -> FALSE | G83: =ISNUMBER(#REF!) -> FALSE | H83: =ISNUMBER(#REF!) -> FALSE | I83: =ISNUMBER(#REF!) -> FALSE | J83: =ISNUMBER(#REF!) -> FALSE | K83: =ISNUMBER(C83) -> TRUE | L83: =ISNUMBER(#REF!) -> FALSE | M83: =ISNUMBER(#REF!) -> FALSE | N83: =ISNUMBER(#REF!) -> FALSE | O83: =ISNUMBER(#REF!) -> FALSE | P83: =ISNUMBER(#REF!) -> FALSE | Q83: =IF(K83=TRUE,"",1)

Sheet 6
A1: "BÁO CÁO KẾT QUẢ HÓA NGHIỆM HÀNG NGÀY 表面處理生產製程管控記錄表"
A2: NGAY | B2: Ma__Hang_muc | C2: Nong_Do_05 | E2: 1 | F2: bs | G2: 2 | H2: bs | I2: 3 | J2: bs | K2: 4 | L2: bs | M2: 5 | N2: bs | O2: 6 | P2: bs | Q2: 5
A3: Date | B3: Code | C3: 濃度 g/L_05
A4: =MENU!Y21 -> 44898.948 | B4: 1E-XB1 | C4: =IFERROR(VLOOKUP($B4,_XM_XT_THUCTE,32,0),"") -> 0 | E4: =ISNUMBER(#REF!) -> FALSE | F4: =ISNUMBER(#REF!) -> FALSE | G4: =ISNUMBER(#REF!) -> FALSE | H4: =ISNUMBER(#REF!) -> FALSE | I4: =ISNUMBER(#REF!) -> FALSE | J4: =ISNUMBER(#REF!) -> FALSE | K4: =ISNUMBER(#REF!) -> FALSE | L4: =ISNUMBER(#REF!) -> FALSE | M4: =ISNUMBER(C4) -> TRUE | N4: =ISNUMBER(#REF!) -> FALSE | O4: =ISNUMBER(#REF!) -> FALSE | P4: =ISNUMBER(#REF!) -> FALSE | Q4: =IF(M4=TRUE,"",1)
A5: =IF(B5="","",$A$4) -> 44898.948 | B5: 1E-XB2 | C5: =IFERROR(VLOOKUP($B5,_XM_XT_THUCTE,32,0),"") -> 0 | E5: =ISNUMBER(#REF!) -> FALSE | F5: =ISNUMBER(#REF!) -> FALSE | G5: =ISNUMBER(#REF!) -> FALSE | H5: =ISNUMBER(#REF!) -> FALSE | I5: =ISNUMBER(#REF!) -> FALSE | J5: =ISNUMBER(#REF!) -> FALSE | K5: =ISNUMBER(#REF!) -> FALSE | L5: =ISNUMBER(#REF!) -> FALSE | M5: =ISNUMBER(C5) -> TRUE | N5: =ISNUMBER(#REF!) -> FALSE | O5: =ISNUMBER(#REF!) -> FALSE | P5: =ISNUMBER(#REF!) -> FALSE | Q5: =IF(M5=TRUE,"",1)
A6: =IF(B6="","",$A$4) -> 44898.948 | B6: 1E-DG1 | C6: =IFERROR(VLOOKUP($B6,_XM_XT_THUCTE,32,0),"") -> 0 | E6: =ISNUMBER(#REF!) -> FALSE | F6: =ISNUMBER(#REF!) -> FALSE | G6: =ISNUMBER(#REF!) -> FALSE | H6: =ISNUMBER(#REF!) -> FALSE | I6: =ISNUMBER(#REF!) -> FALSE | J6: =ISNUMBER(#REF!) -> FALSE | K6: =ISNUMBER(#REF!) -> FALSE | L6: =ISNUMBER(#REF!) -> FALSE | M6: =ISNUMBER(C6) -> TRUE | N6: =ISNUMBER(#REF!) -> FALSE | O6: =ISNUMBER(#REF!) -> FALSE | P6: =ISNUMBER(#REF!) -> FALSE | Q6: =IF(M6=TRUE,"",1)
A7: =IF(B7="","",$A$4) -> 44898.948 | B7: 1E-DG2 | C7: =IFERROR(VLOOKUP($B7,_XM_XT_THUCTE,32,0),"") -> 0 | E7: =ISNUMBER(#REF!) -> FALSE | F7: =ISNUMBER(#REF!) -> FALSE | G7: =ISNUMBER(#REF!) -> FALSE | H7: =ISNUMBER(#REF!) -> FALSE | I7: =ISNUMBER(#REF!) -> FALSE | J7: =ISNUMBER(#REF!) -> FALSE | K7: =ISNUMBER(#REF!) -> FALSE | L7: =ISNUMBER(#REF!) -> FALSE | M7: =ISNUMBER(C7) -> TRUE | N7: =ISNUMBER(#REF!) -> FALSE | O7: =ISNUMBER(#REF!) -> FALSE | P7: =ISNUMBER(#REF!) -> FALSE | Q7: =IF(M7=TRUE,"",1)
A8: =IF(B8="","",$A$4) -> 44898.948 | B8: 1E-NAOH | C8: =IFERROR(VLOOKUP($B8,_XM_XT_THUCTE,32,0),"") -> 0 | E8: =ISNUMBER(#REF!) -> FALSE | F8: =ISNUMBER(#REF!) -> FALSE | G8: =ISNUMBER(#REF!) -> FALSE | H8: =ISNUMBER(#REF!) -> FALSE | I8: =ISNUMBER(#REF!) -> FALSE | J8: =ISNUMBER(#REF!) -> FALSE | K8: =ISNUMBER(#REF!) -> FALSE | L8: =ISNUMBER(#REF!) -> FALSE | M8: =ISNUMBER(C8) -> TRUE | N8: =ISNUMBER(#REF!) -> FALSE | O8: =ISNUMBER(#REF!) -> FALSE | P8: =ISNUMBER(#REF!) -> FALSE | Q8: =IF(M8=TRUE,"",1)
A9: =IF(B9="","",$A$4) -> 44898.948 | B9: 1E-ZN | C9: =IFERROR(VLOOKUP($B9,_XM_XT_THUCTE,32,0),"") -> 0 | E9: =ISNUMBER(#REF!) -> FALSE | F9: =ISNUMBER(#REF!) -> FALSE | G9: =ISNUMBER(#REF!) -> FALSE | H9: =ISNUMBER(#REF!) -> FALSE | I9: =ISNUMBER(#REF!) -> FALSE | J9: =ISNUMBER(#REF!) -> FALSE | K9: =ISNUMBER(#REF!) -> FALSE | L9: =ISNUMBER(#REF!) -> FALSE | M9: =ISNUMBER(C9) -> TRUE | N9: =ISNUMBER(#REF!) -> FALSE | O9: =ISNUMBER(#REF!) -> FALSE | P9: =ISNUMBER(#REF!) -> FALSE | Q9: =IF(M9=TRUE,"",1)
A10: =IF(B10="","",$A$4) -> 44898.948 | B10: 1E-CR3I | C10: =IFERROR(VLOOKUP($B10,_XM_XT_THUCTE,32,0),"") -> 0 | E10: =ISNUMBER(#REF!) -> FALSE | F10: =ISNUMBER(#REF!) -> FALSE | G10: =ISNUMBER(#REF!) -> FALSE | H10: =ISNUMBER(#REF!) -> FALSE | I10: =ISNUMBER(#REF!) -> FALSE | J10: =ISNUMBER(#REF!) -> FALSE | K10: =ISNUMBER(#REF!) -> FALSE | L10: =ISNUMBER(#REF!) -> FALSE | M10: =ISNUMBER(C10) -> TRUE | N10: =ISNUMBER(#REF!) -> FALSE | O10: =ISNUMBER(#REF!) -> FALSE | P10: =ISNUMBER(#REF!) -> FALSE | Q10: =IF(M10=TRUE,"",1)
A11: =IF(B11="","",$A$4) -> 44898.948 | B11: 1E-CR3IPH | C11: =IFERROR(VLOOKUP($B11,_XM_XT_THUCTE,32,0),"") -> 0 | E11: =ISNUMBER(#REF!) -> FALSE | F11: =ISNUMBER(#REF!) -> FALSE | G11: =ISNUMBER(#REF!) -> FALSE | H11: =ISNUMBER(#REF!) -> FALSE | I11: =ISNUMBER(#REF!) -> FALSE | J11: =ISNUMBER(#REF!) -> FALSE | K11: =ISNUMBER(#REF!) -> FALSE | L11: =ISNUMBER(#REF!) -> FALSE | M11: =ISNUMBER(C11) -> TRUE | N11: =ISNUMBER(#REF!) -> FALSE | O11: =ISNUMBER(#REF!) -> FALSE | P11: =ISNUMBER(#REF!) -> FALSE | Q11: =IF(M11=TRUE,"",1)
A12: =IF(B12="","",$A$4) -> 44898.948 | B12: 1E-HCL1 | C12: =IFERROR(VLOOKUP($B12,_XM_XT_THUCTE,32,0),"") -> 0 | E12: =ISNUMBER(#REF!) -> FALSE | F12: =ISNUMBER(#REF!) -> FALSE | G12: =ISNUMBER(#REF!) -> FALSE | H12: =ISNUMBER(#REF!) -> FALSE | I12: =ISNUMBER(#REF!) -> FALSE | J12: =ISNUMBER(#REF!) -> FALSE | K12: =ISNUMBER(#REF!) -> FALSE | L12: =ISNUMBER(#REF!) -> FALSE | M12: =ISNUMBER(C12) -> TRUE | N12: =ISNUMBER(#REF!) -> FALSE | O12: =ISNUMBER(#REF!) -> FALSE | P12: =ISNUMBER(#REF!) -> FALSE | Q12: =IF(M12=TRUE,"",1)
A13: =IF(B13="","",$A$4) -> 44898.948 | B13: 1E-HCL2 | C13: =IFERROR(VLOOKUP($B13,_XM_XT_THUCTE,32,0),"") -> 0 | E13: =ISNUMBER(#REF!) -> FALSE | F13: =ISNUMBER(#REF!) -> FALSE | G13: =ISNUMBER(#REF!) -> FALSE | H13: =ISNUMBER(#REF!) -> FALSE | I13: =ISNUMBER(#REF!) -> FALSE | J13: =ISNUMBER(#REF!) -> FALSE | K13: =ISNUMBER(#REF!) -> FALSE | L13: =ISNUMBER(#REF!) -> FALSE | M13: =ISNUMBER(C13) -> TRUE | N13: =ISNUMBER(#REF!) -> FALSE | O13: =ISNUMBER(#REF!) -> FALSE | P13: =ISNUMBER(#REF!) -> FALSE | Q13: =IF(M13=TRUE,"",1)
A14: =IF(B14="","",$A$4) -> 44898.948 | B14: 1E-HCL3 | C14: =IFERROR(VLOOKUP($B14,_XM_XT_THUCTE,32,0),"") -> 0 | E14: =ISNUMBER(#REF!) -> FALSE | F14: =ISNUMBER(#REF!) -> FALSE | G14: =ISNUMBER(#REF!) -> FALSE | H14: =ISNUMBER(#REF!) -> FALSE | I14: =ISNUMBER(#REF!) -> FALSE | J14: =ISNUMBER(#REF!) -> FALSE | K14: =ISNUMBER(#REF!) -> FALSE | L14: =ISNUMBER(#REF!) -> FALSE | M14: =ISNUMBER(C14) -> TRUE | N14: =ISNUMBER(#REF!) -> FALSE | O14: =ISNUMBER(#REF!) -> FALSE | P14: =ISNUMBER(#REF!) -> FALSE | Q14: =IF(M14=TRUE,"",1)
A15: =IF(B15="","",$A$4) -> 44898.948 | B15: 1E-HNO3 | C15: =IFERROR(VLOOKUP($B15,_XM_XT_THUCTE,32,0),"") -> 0 | E15: =ISNUMBER(#REF!) -> FALSE | F15: =ISNUMBER(#REF!) -> FALSE | G15: =ISNUMBER(#REF!) -> FALSE | H15: =ISNUMBER(#REF!) -> FALSE | I15: =ISNUMBER(#REF!) -> FALSE | J15: =ISNUMBER(#REF!) -> FALSE | K15: =ISNUMBER(#REF!) -> FALSE | L15: =ISNUMBER(#REF!) -> FALSE | M15: =ISNUMBER(C15) -> TRUE | N15: =ISNUMBER(#REF!) -> FALSE | O15: =ISNUMBER(#REF!) -> FALSE | P15: =ISNUMBER(#REF!) -> FALSE | Q15: =IF(M15=TRUE,"",1)
A16: =IF(B16="","",$A$4) -> 44898.948 | B16: 1E-MEM | C16: =IFERROR(VLOOKUP($B16,_XM_XT_THUCTE,32,0),"") -> 0 | E16: =ISNUMBER(#REF!) -> FALSE | F16: =ISNUMBER(#REF!) -> FALSE | G16: =ISNUMBER(#REF!) -> FALSE | H16: =ISNUMBER(#REF!) -> FALSE | I16: =ISNUMBER(#REF!) -> FALSE | J16: =ISNUMBER(#REF!) -> FALSE | K16: =ISNUMBER(#REF!) -> FALSE | L16: =ISNUMBER(#REF!) -> FALSE | M16: =ISNUMBER(C16) -> TRUE | N16: =ISNUMBER(#REF!) -> FALSE | O16: =ISNUMBER(#REF!) -> FALSE | P16: =ISNUMBER(#REF!) -> FALSE | Q16: =IF(M16=TRUE,"",1)
... A45: =IF(B45="","",$A$4) -> 44898.948 | B45: XT-MEM | C45: =IFERROR(VLOOKUP($B45,_XM_XT_THUCTE,32,0),"") -> 0 | E45: =ISNUMBER(#REF!) -> FALSE | F45: =ISNUMBER(#REF!) -> FALSE | G45: =ISNUMBER(#REF!) -> FALSE | H45: =ISNUMBER(#REF!) -> FALSE | I45: =ISNUMBER(#REF!) -> FALSE | J45: =ISNUMBER(#REF!) -> FALSE | K45: =ISNUMBER(#REF!) -> FALSE | L45: =ISNUMBER(#REF!) -> FALSE | M45: =ISNUMBER(C45) -> TRUE | N45: =ISNUMBER(#REF!) -> FALSE | O45: =ISNUMBER(#REF!) -> FALSE | P45: =ISNUMBER(#REF!) -> FALSE | Q45: =IF(M45=TRUE,"",1)

Sheet 7
A1: "BÁO CÁO KẾT QUẢ HÓA NGHIỆM HÀNG NGÀY 表面處理生產製程管控記錄表"
A2: NGAY | B2: Ma__Hang_muc | C2: Nong_Do_06 | E2: 1 | F2: bs | G2: 2 | H2: bs | I2: 3 | J2: bs | K2: 4 | L2: bs | M2: 5 | N2: bs | O2: 6 | P2: bs | Q2: 6
A3: Date | B3: Code | C3: 濃度 g/L_06
A4: =MENU!Y24 -> 44898.125 | B4: 1E-XB1 | C4: =IFERROR(VLOOKUP($B4,_XM_XT_THUCTE,38,0),"") -> 29.2 | E4: =ISNUMBER(#REF!) -> FALSE | F4: =ISNUMBER(#REF!) -> FALSE | G4: =ISNUMBER(#REF!) -> FALSE | H4: =ISNUMBER(#REF!) -> FALSE | I4: =ISNUMBER(#REF!) -> FALSE | J4: =ISNUMBER(#REF!) -> FALSE | K4: =ISNUMBER(#REF!) -> FALSE | L4: =ISNUMBER(#REF!) -> FALSE | ... N4: =ISNUMBER(#REF!) -> FALSE | O4: =ISNUMBER(C4) -> TRUE | P4: =ISNUMBER(#REF!) -> FALSE | Q4: =IF(O4=TRUE,"",1)
A5: =IF(B5="","",$A$4) -> 44898.125 | B5: 1E-XB2 | C5: =IFERROR(VLOOKUP($B5,_XM_XT_THUCTE,38,0),"") -> 30.8 | E5: =ISNUMBER(#REF!) -> FALSE | F5: =ISNUMBER(#REF!) -> FALSE | G5: =ISNUMBER(#REF!) -> FALSE | H5: =ISNUMBER(#REF!) -> FALSE | I5: =ISNUMBER(#REF!) -> FALSE | J5: =ISNUMBER(#REF!) -> FALSE | K5: =ISNUMBER(#REF!) -> FALSE | L5: =ISNUMBER(#REF!) -> FALSE | ... N5: =ISNUMBER(#REF!) -> FALSE | O5: =ISNUMBER(C5) -> TRUE | P5: =ISNUMBER(#REF!) -> FALSE | Q5: =IF(O5=TRUE,"",1)
A6: =IF(B6="","",$A$4) -> 44898.125 | B6: 1E-DG1 | C6: =IFERROR(VLOOKUP($B6,_XM_XT_THUCTE,38,0),"") -> 72 | E6: =ISNUMBER(#REF!) -> FALSE | F6: =ISNUMBER(#REF!) -> FALSE | G6: =ISNUMBER(#REF!) -> FALSE | H6: =ISNUMBER(#REF!) -> FALSE | I6: =ISNUMBER(#REF!) -> FALSE | J6: =ISNUMBER(#REF!) -> FALSE | K6: =ISNUMBER(#REF!) -> FALSE | L6: =ISNUMBER(#REF!) -> FALSE | ... N6: =ISNUMBER(#REF!) -> FALSE | O6: =ISNUMBER(C6) -> TRUE | P6: =ISNUMBER(#REF!) -> FALSE | Q6: =IF(O6=TRUE,"",1)
A7: =IF(B7="","",$A$4) -> 44898.125 | B7: 1E-DG2 | C7: =IFERROR(VLOOKUP($B7,_XM_XT_THUCTE,38,0),"") -> 70 | E7: =ISNUMBER(#REF!) -> FALSE | F7: =ISNUMBER(#REF!) -> FALSE | G7: =ISNUMBER(#REF!) -> FALSE | H7: =ISNUMBER(#REF!) -> FALSE | I7: =ISNUMBER(#REF!) -> FALSE | J7: =ISNUMBER(#REF!) -> FALSE | K7: =ISNUMBER(#REF!) -> FALSE | L7: =ISNUMBER(#REF!) -> FALSE | ... N7: =ISNUMBER(#REF!) -> FALSE | O7: =ISNUMBER(C7) -> TRUE | P7: =ISNUMBER(#REF!) -> FALSE | Q7: =IF(O7=TRUE,"",1)
A8: =IF(B8="","",$A$4) -> 44898.125 | B8: 1E-NAOH | C8: =IFERROR(VLOOKUP($B8,_XM_XT_THUCTE,38,0),"") -> 138.4 | E8: =ISNUMBER(#REF!) -> FALSE | F8: =ISNUMBER(#REF!) -> FALSE | G8: =ISNUMBER(#REF!) -> FALSE | H8: =ISNUMBER(#REF!) -> FALSE | I8: =ISNUMBER(#REF!) -> FALSE | J8: =ISNUMBER(#REF!) -> FALSE | K8: =ISNUMBER(#REF!) -> FALSE | L8: =ISNUMBER(#REF!) -> FALSE | ... N8: =ISNUMBER(#REF!) -> FALSE | O8: =ISNUMBER(C8) -> TRUE | P8: =ISNUMBER(#REF!) -> FALSE | Q8: =IF(O8=TRUE,"",1)
A9: =IF(B9="","",$A$4) -> 44898.125 | B9: 1E-ZN | C9: =IFERROR(VLOOKUP($B9,_XM_XT_THUCTE,38,0),"") -> 9.75 | E9: =ISNUMBER(#REF!) -> FALSE | F9: =ISNUMBER(#REF!) -> FALSE | G9: =ISNUMBER(#REF!) -> FALSE | H9: =ISNUMBER(#REF!) -> FALSE | I9: =ISNUMBER(#REF!) -> FALSE | J9: =ISNUMBER(#REF!) -> FALSE | K9: =ISNUMBER(#REF!) -> FALSE | L9: =ISNUMBER(#REF!) -> FALSE | ... N9: =ISNUMBER(#REF!) -> FALSE | O9: =ISNUMBER(C9) -> TRUE | P9: =ISNUMBER(#REF!) -> FALSE | Q9: =IF(O9=TRUE,"",1)
A10: =IF(B10="","",$A$4) -> 44898.125 | B10: 1E-CR3I | C10: =IFERROR(VLOOKUP($B10,_XM_XT_THUCTE,38,0),"") -> 13.381295 | E10: =ISNUMBER(#REF!) -> FALSE | F10: =ISNUMBER(#REF!) -> FALSE | G10: =ISNUMBER(#REF!) -> FALSE | H10: =ISNUMBER(#REF!) -> FALSE | I10: =ISNUMBER(#REF!) -> FALSE | J10: =ISNUMBER(#REF!) -> FALSE | K10: =ISNUMBER(#REF!) -> FALSE | L10: =ISNUMBER(#REF!) -> FALSE | ... N10: =ISNUMBER(#REF!) -> FALSE | O10: =ISNUMBER(C10) -> TRUE | P10: =ISNUMBER(#REF!) -> FALSE | Q10: =IF(O10=TRUE,"",1)
A11: =IF(B11="","",$A$4) -> 44898.125 | B11: 1E-CR3IPH | C11: =IFERROR(VLOOKUP($B11,_XM_XT_THUCTE,38,0),"") -> 1.8 | E11: =ISNUMBER(#REF!) -> FALSE | F11: =ISNUMBER(#REF!) -> FALSE | G11: =ISNUMBER(#REF!) -> FALSE | H11: =ISNUMBER(#REF!) -> FALSE | I11: =ISNUMBER(#REF!) -> FALSE | J11: =ISNUMBER(#REF!) -> FALSE | K11: =ISNUMBER(#REF!) -> FALSE | L11: =ISNUMBER(#REF!) -> FALSE | ... N11: =ISNUMBER(#REF!) -> FALSE | O11: =ISNUMBER(C11) -> TRUE | P11: =ISNUMBER(#REF!) -> FALSE | Q11: =IF(O11=TRUE,"",1)
A12: =IF(B12="","",$A$4) -> 44898.125 | B12: 1E-HCL1 | C12: =IFERROR(VLOOKUP($B12,_XM_XT_THUCTE,38,0),"") -> 0.44484375 | E12: =ISNUMBER(#REF!) -> FALSE | F12: =ISNUMBER(#REF!) -> FALSE | G12: =ISNUMBER(#REF!) -> FALSE | H12: =ISNUMBER(#REF!) -> FALSE | I12: =ISNUMBER(#REF!) -> FALSE | J12: =ISNUMBER(#REF!) -> FALSE | K12: =ISNUMBER(#REF!) -> FALSE | L12: =ISNUMBER(#REF!) -> FALSE | ... N12: =ISNUMBER(#REF!) -> FALSE | O12: =ISNUMBER(C12) -> TRUE | P12: =ISNUMBER(#REF!) -> FALSE | Q12: =IF(O12=TRUE,"",1)
A13: =IF(B13="","",$A$4) -> 44898.125 | B13: 1E-HCL2 | C13: =IFERROR(VLOOKUP($B13,_XM_XT_THUCTE,38,0),"") -> 0.23953125 | E13: =ISNUMBER(#REF!) -> FALSE | F13: =ISNUMBER(#REF!) -> FALSE | G13: =ISNUMBER(#REF!) -> FALSE | H13: =ISNUMBER(#REF!) -> FALSE | I13: =ISNUMBER(#REF!) -> FALSE | J13: =ISNUMBER(#REF!) -> FALSE | K13: =ISNUMBER(#REF!) -> FALSE | L13: =ISNUMBER(#REF!) -> FALSE | ... N13: =ISNUMBER(#REF!) -> FALSE | O13: =ISNUMBER(C13) -> TRUE | P13: =ISNUMBER(#REF!) -> FALSE | Q13: =IF(O13=TRUE,"",1)
A14: =IF(B14="","",$A$4) -> 44898.125 | B14: 1E-HCL3 | C14: =IFERROR(VLOOKUP($B14,_XM_XT_THUCTE,38,0),"") -> 0.0958125 | E14: =ISNUMBER(#REF!) -> FALSE | F14: =ISNUMBER(#REF!) -> FALSE | G14: =ISNUMBER(#REF!) -> FALSE | H14: =ISNUMBER(#REF!) -> FALSE | I14: =ISNUMBER(#REF!) -> FALSE | J14: =ISNUMBER(#REF!) -> FALSE | K14: =ISNUMBER(#REF!) -> FALSE | L14: =ISNUMBER(#REF!) -> FALSE | ... N14: =ISNUMBER(#REF!) -> FALSE | O14: =ISNUMBER(C14) -> TRUE | P14: =ISNUMBER(#REF!) -> FALSE | Q14: =IF(O14=TRUE,"",1)
A15: =IF(B15="","",$A$4) -> 44898.125 | B15: 1E-HNO3 | C15: =IFERROR(VLOOKUP($B15,_XM_XT_THUCTE,38,0),"") -> 0.01234996 | E15: =ISNUMBER(#REF!) -> FALSE | F15: =ISNUMBER(#REF!) -> FALSE | G15: =ISNUMBER(#REF!) -> FALSE | H15: =ISNUMBER(#REF!) -> FALSE | I15: =ISNUMBER(#REF!) -> FALSE | J15: =ISNUMBER(#REF!) -> FALSE | K15: =ISNUMBER(#REF!) -> FALSE | L15: =ISNUMBER(#REF!) -> FALSE | ... N15: =ISNUMBER(#REF!) -> FALSE | O15: =ISNUMBER(C15) -> TRUE | P15: =ISNUMBER(#REF!) -> FALSE | Q15: =IF(O15=TRUE,"",1)
A16: =IF(B16="","",$A$4) -> 44898.125 | B16: 1E-MEM | C16: =IFERROR(VLOOKUP($B16,_XM_XT_THUCTE,38,0),"") -> 340 | E16: =ISNUMBER(#REF!) -> FALSE | F16: =ISNUMBER(#REF!) -> FALSE | G16: =ISNUMBER(#REF!) -> FALSE | H16: =ISNUMBER(#REF!) -> FALSE | I16: =ISNUMBER(#REF!) -> FALSE | J16: =ISNUMBER(#REF!) -> FALSE | K16: =ISNUMBER(#REF!) -> FALSE | L16: =ISNUMBER(#REF!) -> FALSE | ... N16: =ISNUMBER(#REF!) -> FALSE | O16: =ISNUMBER(C16) -> TRUE | P16: =ISNUMBER(#REF!) -> FALSE | Q16: =IF(O16=TRUE,"",1)
... A45: =IF(B45="","",$A$4) -> 44898.125 | B45: XT-MEM | C45: =IFERROR(VLOOKUP($B45,_XM_XT_THUCTE,38,0),"") -> 0 | E45: =ISNUMBER(#REF!) -> FALSE | F45: =ISNUMBER(#REF!) -> FALSE | G45: =ISNUMBER(#REF!) -> FALSE | H45: =ISNUMBER(#REF!) -> FALSE | I45: =ISNUMBER(#REF!) -> FALSE | J45: =ISNUMBER(#REF!) -> FALSE | K45: =ISNUMBER(#REF!) -> FALSE | L45: =ISNUMBER(#REF!) -> FALSE | ... N45: =ISNUMBER(#REF!) -> FALSE | O45: =ISNUMBER(C45) -> TRUE | P45: =ISNUMBER(#REF!) -> FALSE | Q45: =IF(O45=TRUE,"",1)
A46: =IF(B46="","",$A$4) -> 44898.125 | B46: RLE-HCL1 | C46: =IFERROR(VLOOKUP($B46,RLMLXD,32,0),"") -> 0 | E46: =ISNUMBER(#REF!) -> FALSE | F46: =ISNUMBER(#REF!) -> FALSE | G46: =ISNUMBER(#REF!) -> FALSE | H46: =ISNUMBER(#REF!) -> FALSE | I46: =ISNUMBER(#REF!) -> FALSE | J46: =ISNUMBER(#REF!) -> FALSE | K46: =ISNUMBER(#REF!) -> FALSE | L46: =ISNUMBER(#REF!) -> FALSE | ... N46: =ISNUMBER(#REF!) -> FALSE | O46: =ISNUMBER(C46) -> TRUE | P46: =ISNUMBER(#REF!) -> FALSE | Q46: =IF(O46=TRUE,"",1)
A47: =IF(B47="","",$A$4) -> 44898.125 | B47: RLE-HCL2 | C47: =IFERROR(VLOOKUP($B47,RLMLXD,32,0),"") -> 0 | E47: =ISNUMBER(#REF!) -> FALSE | F47: =ISNUMBER(#REF!) -> FALSE | G47: =ISNUMBER(#REF!) -> FALSE | H47: =ISNUMBER(#REF!) -> FALSE | I47: =ISNUMBER(#REF!) -> FALSE | J47: =ISNUMBER(#REF!) -> FALSE | K47: =ISNUMBER(#REF!) -> FALSE | L47: =ISNUMBER(#REF!) -> FALSE | ... N47: =ISNUMBER(#REF!) -> FALSE | O47: =ISNUMBER(C47) -> TRUE | P47: =ISNUMBER(#REF!) -> FALSE | Q47: =IF(O47=TRUE,"",1)
A48: =IF(B48="","",$A$4) -> 44898.125 | B48: RLE-PP1TA | C48: =IFERROR(VLOOKUP($B48,RLMLXD,32,0),"") -> 0 | E48: =ISNUMBER(#REF!) -> FALSE | F48: =ISNUMBER(#REF!) -> FALSE | G48: =ISNUMBER(#REF!) -> FALSE | H48: =ISNUMBER(#REF!) -> FALSE | I48: =ISNUMBER(#REF!) -> FALSE | J48: =ISNUMBER(#REF!) -> FALSE | K48: =ISNUMBER(#REF!) -> FALSE | L48: =ISNUMBER(#REF!) -> FALSE | ... N48: =ISNUMBER(#REF!) -> FALSE | O48: =ISNUMBER(C48) -> TRUE | P48: =ISNUMBER(#REF!) -> FALSE | Q48: =IF(O48=TRUE,"",1)
A49: =IF(B49="","",$A$4) -> 44898.125 | B49: RLE-PP1AX | C49: =IFERROR(VLOOKUP($B49,RLMLXD,32,0),"") -> 0 | E49: =ISNUMBER(#REF!) -> FALSE | F49: =ISNUMBER(#REF!) -> FALSE | G49: =ISNUMBER(#REF!) -> FALSE | H49: =ISNUMBER(#REF!) -> FALSE | I49: =ISNUMBER(#REF!) -> FALSE | J49: =ISNUMBER(#REF!) -> FALSE | K49: =ISNUMBER(#REF!) -> FALSE | L49: =ISNUMBER(#REF!) -> FALSE | ... N49: =ISNUMBER(#REF!) -> FALSE | O49: =ISNUMBER(C49) -> TRUE | P49: =ISNUMBER(#REF!) -> FALSE | Q49: =IF(O49=TRUE,"",1)
A50: =IF(B50="","",$A$4) -> 44898.125 | B50: RLE-PP1PL | C50: =IFERROR(VLOOKUP($B50,RLMLXD,32,0),"") -> 0 | E50: =ISNUMBER(#REF!) -> FALSE | F50: =ISNUMBER(#REF!) -> FALSE | G50: =ISNUMBER(#REF!) -> FALSE | H50: =ISNUMBER(#REF!) -> FALSE | I50: =ISNUMBER(#REF!) -> FALSE | J50: =ISNUMBER(#REF!) -> FALSE | K50: =ISNUMBER(#REF!) -> FALSE | L50: =ISNUMBER(#REF!) -> FALSE | ... N50: =ISNUMBER(#REF!) -> FALSE | O50: =ISNUMBER(C50) -> TRUE | P50: =ISNUMBER(#REF!) -> FALSE | Q50: =IF(O50=TRUE,"",1)
A51: =IF(B51="","",$A$4) -> 44898.125 | B51: RLE-PP2TA | C51: =IFERROR(VLOOKUP($B51,RLMLXD,32,0),"") -> 0 | E51: =ISNUMBER(#REF!) -> FALSE | F51: =ISNUMBER(#REF!) -> FALSE | G51: =ISNUMBER(#REF!) -> FALSE | H51: =ISNUMBER(#REF!) -> FALSE | I51: =ISNUMBER(#REF!) -> FALSE | J51: =ISNUMBER(#REF!) -> FALSE | K51: =ISNUMBER(#REF!) -> FALSE | L51: =ISNUMBER(#REF!) -> FALSE | ... N51: =ISNUMBER(#REF!) -> FALSE | O51: =ISNUMBER(C51) -> TRUE | P51: =ISNUMBER(#REF!) -> FALSE | Q51: =IF(O51=TRUE,"",1)
A52: =IF(B52="","",$A$4) -> 44898.125 | B52: RLE-PP2AX | C52: =IFERROR(VLOOKUP($B52,RLMLXD,32,0),"") -> 0 | E52: =ISNUMBER(#REF!) -> FALSE | F52: =ISNUMBER(#REF!) -> FALSE | G52: =ISNUMBER(#REF!) -> FALSE | H52: =ISNUMBER(#REF!) -> FALSE | I52: =ISNUMBER(#REF!) -> FALSE | J52: =ISNUMBER(#REF!) -> FALSE | K52: =ISNUMBER(#REF!) -> FALSE | L52: =ISNUMBER(#REF!) -> FALSE | ... N52: =ISNUMBER(#REF!) -> FALSE | O52: =ISNUMBER(C52) -> TRUE | P52: =ISNUMBER(#REF!) -> FALSE | Q52: =IF(O52=TRUE,"",1)
A53: =IF(B53="","",$A$4) -> 44898.125 | B53: RLE-PP2PL | C53: =IFERROR(VLOOKUP($B53,RLMLXD,32,0),"") -> 0 | E53: =ISNUMBER(#REF!) -> FALSE | F53: =ISNUMBER(#REF!) -> FALSE | G53: =ISNUMBER(#REF!) -> FALSE | H53: =ISNUMBER(#REF!) -> FALSE | I53: =ISNUMBER(#REF!) -> FALSE | J53: =ISNUMBER(#REF!) -> FALSE | K53: =ISNUMBER(#REF!) -> FALSE | L53: =ISNUMBER(#REF!) -> FALSE | ... N53: =ISNUMBER(#REF!) -> FALSE | O53: =ISNUMBER(C53) -> TRUE | P53: =ISNUMBER(#REF!) -> FALSE | Q53: =IF(O53=TRUE,"",1)
A54: =IF(B54="","",$A$4) -> 44898.125 | B54: RLE-XB | C54: =IFERROR(VLOOKUP($B54,RLMLXD,32,0),"") -> 0 | E54: =ISNUMBER(#REF!) -> FALSE | F54: =ISNUMBER(#REF!) -> FALSE | G54: =ISNUMBER(#REF!) -> FALSE | H54: =ISNUMBER(#REF!) -> FALSE | I54: =ISNUMBER(#REF!) -> FALSE | J54: =ISNUMBER(#REF!) -> FALSE | K54: =ISNUMBER(#REF!) -> FALSE | L54: =ISNUMBER(#REF!) -> FALSE | ... N54: =ISNUMBER(#REF!) -> FALSE | O54: =ISNUMBER(C54) -> TRUE | P54: =ISNUMBER(#REF!) -> FALSE | Q54: =IF(O54=TRUE,"",1)
A55: =IF(B55="","",$A$4) -> 44898.125 | B55: RLE-XBPH | C55: =IFERROR(VLOOKUP($B55,RLMLXD,32,0),"") -> 0 | E55: =ISNUMBER(#REF!) -> FALSE | F55: =ISNUMBER(#REF!) -> FALSE | G55: =ISNUMBER(#REF!) -> FALSE | H55: =ISNUMBER(#REF!) -> FALSE | I55: =ISNUMBER(#REF!) -> FALSE | J55: =ISNUMBER(#REF!) -> FALSE | K55: =ISNUMBER(#REF!) -> FALSE | L55: =ISNUMBER(#REF!) -> FALSE | ... N55: =ISNUMBER(#REF!) -> FALSE | O55: =ISNUMBER(C55) -> TRUE | P55: =ISNUMBER(#REF!) -> FALSE | Q55: =IF(O55=TRUE,"",1)
A56: =IF(B56="","",$A$4) -> 44898.125 | B56: RLG-KD | C56: =IFERROR(VLOOKUP($B56,RLMLXD,32,0),"") -> 0 | E56: =ISNUMBER(#REF!) -> FALSE | F56: =ISNUMBER(#REF!) -> FALSE | G56: =ISNUMBER(#REF!) -> FALSE | H56: =ISNUMBER(#REF!) -> FALSE | I56: =ISNUMBER(#REF!) -> FALSE | J56: =ISNUMBER(#REF!) -> FALSE | K56: =ISNUMBER(#REF!) -> FALSE | L56: =ISNUMBER(#REF!) -> FALSE | ... N56: =ISNUMBER(#REF!) -> FALSE | O56: =ISNUMBER(C56) -> TRUE | P56: =ISNUMBER(#REF!) -> FALSE | Q56: =IF(O56=TRUE,"",1)
A57: =IF(B57="","",$A$4) -> 44898.125 | B57: RLG-HCL1 | C57: =IFERROR(VLOOKUP($B57,RLMLXD,32,0),"") -> 0 | E57: =ISNUMBER(#REF!) -> FALSE | F57: =ISNUMBER(#REF!) -> FALSE | G57: =ISNUMBER(#REF!) -> FALSE | H57: =ISNUMBER(#REF!) -> FALSE | I57: =ISNUMBER(#REF!) -> FALSE | J57: =ISNUMBER(#REF!) -> FALSE | K57: =ISNUMBER(#REF!) -> FALSE | L57: =ISNUMBER(#REF!) -> FALSE | ... N57: =ISNUMBER(#REF!) -> FALSE | O57: =ISNUMBER(C57) -> TRUE | P57: =ISNUMBER(#REF!) -> FALSE | Q57: =IF(O57=TRUE,"",1)
... A69: =IF(B69="","",$A$4) -> 44898.125 | B69: RLF-XBPH | C69: =IFERROR(VLOOKUP($B69,RLMLXD,32,0),"") -> 0 | E69: =ISNUMBER(#REF!) -> FALSE | F69: =ISNUMBER(#REF!) -> FALSE | G69: =ISNUMBER(#REF!) -> FALSE | H69: =ISNUMBER(#REF!) -> FALSE | I69: =ISNUMBER(#REF!) -> FALSE | J69: =ISNUMBER(#REF!) -> FALSE | K69: =ISNUMBER(#REF!) -> FALSE | L69: =ISNUMBER(#REF!) -> FALSE | ... N69: =ISNUMBER(#REF!) -> FALSE | O69: =ISNUMBER(C69) -> TRUE | P69: =ISNUMBER(#REF!) -> FALSE | Q69: =IF(O69=TRUE,"",1)

Sheet 8
A1: "BÁO CÁO KẾT QUẢ HÓA NGHIỆM HÀNG NGÀY 表面處理生產製程管控記錄表"
A2: NGAY | B2: Ma__Hang_muc | C2: Nong_Do_06 | E2: 1 | F2: bs | G2: 2 | H2: bs | I2: 3 | J2: bs | K2: 4 | L2: bs | M2: 5 | N2: bs | O2: 6 | P2: bs | Q2: 6
A3: Date | B3: Code | C3: 濃度 g/L_06
A4: =MENU!Y27 -> 44898.208 | B4: 1E-XB1 | E4: =ISNUMBER(#REF!) -> FALSE | F4: =ISNUMBER(#REF!) -> FALSE | G4: =ISNUMBER(#REF!) -> FALSE | H4: =ISNUMBER(#REF!) -> FALSE | I4: =ISNUMBER(#REF!) -> FALSE | J4: =ISNUMBER(#REF!) -> FALSE | K4: =ISNUMBER(#REF!) -> FALSE | L4: =ISNUMBER(#REF!) -> FALSE | ... N4: =ISNUMBER(#REF!) -> FALSE | O4: =ISNUMBER(C4) -> FALSE | P4: =ISNUMBER(#REF!) -> FALSE | Q4: =IF(O4=TRUE,"",1) -> 1
A5: =IF(B5="","",$A$4) -> 44898.208 | B5: RLE-HCL1 | C5: =IFERROR(VLOOKUP($B5,RLMLXD,38,0),"") -> 0 | E5: =ISNUMBER(#REF!) -> FALSE | F5: =ISNUMBER(#REF!) -> FALSE | G5: =ISNUMBER(#REF!) -> FALSE | H5: =ISNUMBER(#REF!) -> FALSE | I5: =ISNUMBER(#REF!) -> FALSE | J5: =ISNUMBER(#REF!) -> FALSE | K5: =ISNUMBER(#REF!) -> FALSE | L5: =ISNUMBER(#REF!) -> FALSE | ... N5: =ISNUMBER(#REF!) -> FALSE | O5: =ISNUMBER(C5) -> TRUE | P5: =ISNUMBER(#REF!) -> FALSE | Q5: =IF(O5=TRUE,"",1)
A6: =IF(B6="","",$A$4) -> 44898.208 | B6: RLE-HCL2 | C6: =IFERROR(VLOOKUP($B6,RLMLXD,38,0),"") -> 0 | E6: =ISNUMBER(#REF!) -> FALSE | F6: =ISNUMBER(#REF!) -> FALSE | G6: =ISNUMBER(#REF!) -> FALSE | H6: =ISNUMBER(#REF!) -> FALSE | I6: =ISNUMBER(#REF!) -> FALSE | J6: =ISNUMBER(#REF!) -> FALSE | K6: =ISNUMBER(#REF!) -> FALSE | L6: =ISNUMBER(#REF!) -> FALSE | ... N6: =ISNUMBER(#REF!) -> FALSE | O6: =ISNUMBER(C6) -> TRUE | P6: =ISNUMBER(#REF!) -> FALSE | Q6: =IF(O6=TRUE,"",1)
A7: =IF(B7="","",$A$4) -> 44898.208 | B7: RLE-PP1TA | C7: =IFERROR(VLOOKUP($B7,RLMLXD,38,0),"") -> 0 | E7: =ISNUMBER(#REF!) -> FALSE | F7: =ISNUMBER(#REF!) -> FALSE | G7: =ISNUMBER(#REF!) -> FALSE | H7: =ISNUMBER(#REF!) -> FALSE | I7: =ISNUMBER(#REF!) -> FALSE | J7: =ISNUMBER(#REF!) -> FALSE | K7: =ISNUMBER(#REF!) -> FALSE | L7: =ISNUMBER(#REF!) -> FALSE | ... N7: =ISNUMBER(#REF!) -> FALSE | O7: =ISNUMBER(C7) -> TRUE | P7: =ISNUMBER(#REF!) -> FALSE | Q7: =IF(O7=TRUE,"",1)
A8: =IF(B8="","",$A$4) -> 44898.208 | B8: RLE-PP1AX | C8: =IFERROR(VLOOKUP($B8,RLMLXD,38,0),"") -> 0 | E8: =ISNUMBER(#REF!) -> FALSE | F8: =ISNUMBER(#REF!) -> FALSE | G8: =ISNUMBER(#REF!) -> FALSE | H8: =ISNUMBER(#REF!) -> FALSE | I8: =ISNUMBER(#REF!) -> FALSE | J8: =ISNUMBER(#REF!) -> FALSE | K8: =ISNUMBER(#REF!) -> FALSE | L8: =ISNUMBER(#REF!) -> FALSE | ... N8: =ISNUMBER(#REF!) -> FALSE | O8: =ISNUMBER(C8) -> TRUE | P8: =ISNUMBER(#REF!) -> FALSE | Q8: =IF(O8=TRUE,"",1)
A9: =IF(B9="","",$A$4) -> 44898.208 | B9: RLE-PP1PL | C9: =IFERROR(VLOOKUP($B9,RLMLXD,38,0),"") -> 0 | E9: =ISNUMBER(#REF!) -> FALSE | F9: =ISNUMBER(#REF!) -> FALSE | G9: =ISNUMBER(#REF!) -> FALSE | H9: =ISNUMBER(#REF!) -> FALSE | I9: =ISNUMBER(#REF!) -> FALSE | J9: =ISNUMBER(#REF!) -> FALSE | K9: =ISNUMBER(#REF!) -> FALSE | L9: =ISNUMBER(#REF!) -> FALSE | ... N9: =ISNUMBER(#REF!) -> FALSE | O9: =ISNUMBER(C9) -> TRUE | P9: =ISNUMBER(#REF!) -> FALSE | Q9: =IF(O9=TRUE,"",1)
A10: =IF(B10="","",$A$4) -> 44898.208 | B10: RLE-PP2TA | C10: =IFERROR(VLOOKUP($B10,RLMLXD,38,0),"") -> 0 | E10: =ISNUMBER(#REF!) -> FALSE | F10: =ISNUMBER(#REF!) -> FALSE | G10: =ISNUMBER(#REF!) -> FALSE | H10: =ISNUMBER(#REF!) -> FALSE | I10: =ISNUMBER(#REF!) -> FALSE | J10: =ISNUMBER(#REF!) -> FALSE | K10: =ISNUMBER(#REF!) -> FALSE | L10: =ISNUMBER(#REF!) -> FALSE | ... N10: =ISNUMBER(#REF!) -> FALSE | O10: =ISNUMBER(C10) -> TRUE | P10: =ISNUMBER(#REF!) -> FALSE | Q10: =IF(O10=TRUE,"",1)
A11: =IF(B11="","",$A$4) -> 44898.208 | B11: RLE-PP2AX | C11: =IFERROR(VLOOKUP($B11,RLMLXD,38,0),"") -> 0 | E11: =ISNUMBER(#REF!) -> FALSE | F11: =ISNUMBER(#REF!) -> FALSE | G11: =ISNUMBER(#REF!) -> FALSE | H11: =ISNUMBER(#REF!) -> FALSE | I11: =ISNUMBER(#REF!) -> FALSE | J11: =ISNUMBER(#REF!) -> FALSE | K11: =ISNUMBER(#REF!) -> FALSE | L11: =ISNUMBER(#REF!) -> FALSE | ... N11: =ISNUMBER(#REF!) -> FALSE | O11: =ISNUMBER(C11) -> TRUE | P11: =ISNUMBER(#REF!) -> FALSE | Q11: =IF(O11=TRUE,"",1)
A12: =IF(B12="","",$A$4) -> 44898.208 | B12: RLE-PP2PL | C12: =IFERROR(VLOOKUP($B12,RLMLXD,38,0),"") -> 0 | E12: =ISNUMBER(#REF!) -> FALSE | F12: =ISNUMBER(#REF!) -> FALSE | G12: =ISNUMBER(#REF!) -> FALSE | H12: =ISNUMBER(#REF!) -> FALSE | I12: =ISNUMBER(#REF!) -> FALSE | J12: =ISNUMBER(#REF!) -> FALSE | K12: =ISNUMBER(#REF!) -> FALSE | L12: =ISNUMBER(#REF!) -> FALSE | ... N12: =ISNUMBER(#REF!) -> FALSE | O12: =ISNUMBER(C12) -> TRUE | P12: =ISNUMBER(#REF!) -> FALSE | Q12: =IF(O12=TRUE,"",1)
A13: =IF(B13="","",$A$4) -> 44898.208 | B13: RLE-XB | C13: =IFERROR(VLOOKUP($B13,RLMLXD,38,0),"") -> 0 | E13: =ISNUMBER(#REF!) -> FALSE | F13: =ISNUMBER(#REF!) -> FALSE | G13: =ISNUMBER(#REF!) -> FALSE | H13: =ISNUMBER(#REF!) -> FALSE | I13: =ISNUMBER(#REF!) -> FALSE | J13: =ISNUMBER(#REF!) -> FALSE | K13: =ISNUMBER(#REF!) -> FALSE | L13: =ISNUMBER(#REF!) -> FALSE | ... N13: =ISNUMBER(#REF!) -> FALSE | O13: =ISNUMBER(C13) -> TRUE | P13: =ISNUMBER(#REF!) -> FALSE | Q13: =IF(O13=TRUE,"",1)
A14: =IF(B14="","",$A$4) -> 44898.208 | B14: RLE-XBPH | C14: =IFERROR(VLOOKUP($B14,RLMLXD,38,0),"") -> 0 | E14: =ISNUMBER(#REF!) -> FALSE | F14: =ISNUMBER(#REF!) -> FALSE | G14: =ISNUMBER(#REF!) -> FALSE | H14: =ISNUMBER(#REF!) -> FALSE | I14: =ISNUMBER(#REF!) -> FALSE | J14: =ISNUMBER(#REF!) -> FALSE | K14: =ISNUMBER(#REF!) -> FALSE | L14: =ISNUMBER(#REF!) -> FALSE | ... N14: =ISNUMBER(#REF!) -> FALSE | O14: =ISNUMBER(C14) -> TRUE | P14: =ISNUMBER(#REF!) -> FALSE | Q14: =IF(O14=TRUE,"",1)
A15: =IF(B15="","",$A$4) -> 44898.208 | B15: RLG-KD | C15: =IFERROR(VLOOKUP($B15,RLMLXD,38,0),"") -> 0 | E15: =ISNUMBER(#REF!) -> FALSE | F15: =ISNUMBER(#REF!) -> FALSE | G15: =ISNUMBER(#REF!) -> FALSE | H15: =ISNUMBER(#REF!) -> FALSE | I15: =ISNUMBER(#REF!) -> FALSE | J15: =ISNUMBER(#REF!) -> FALSE | K15: =ISNUMBER(#REF!) -> FALSE | L15: =ISNUMBER(#REF!) -> FALSE | ... N15: =ISNUMBER(#REF!) -> FALSE | O15: =ISNUMBER(C15) -> TRUE | P15: =ISNUMBER(#REF!) -> FALSE | Q15: =IF(O15=TRUE,"",1)
A16: =IF(B16="","",$A$4) -> 44898.208 | B16: RLG-HCL1 | C16: =IFERROR(VLOOKUP($B16,RLMLXD,38,0),"") -> 0 | E16: =ISNUMBER(#REF!) -> FALSE | F16: =ISNUMBER(#REF!) -> FALSE | G16: =ISNUMBER(#REF!) -> FALSE | H16: =ISNUMBER(#REF!) -> FALSE | I16: =ISNUMBER(#REF!) -> FALSE | J16: =ISNUMBER(#REF!) -> FALSE | K16: =ISNUMBER(#REF!) -> FALSE | L16: =ISNUMBER(#REF!) -> FALSE | ... N16: =ISNUMBER(#REF!) -> FALSE | O16: =ISNUMBER(C16) -> TRUE | P16: =ISNUMBER(#REF!) -> FALSE | Q16: =IF(O16=TRUE,"",1)
... A28: =IF(B28="","",$A$4) -> 44898.208 | B28: RLF-XBPH | C28: =IFERROR(VLOOKUP($B28,RLMLXD,38,0),"") -> 0 | E28: =ISNUMBER(#REF!) -> FALSE | F28: =ISNUMBER(#REF!) -> FALSE | G28: =ISNUMBER(#REF!) -> FALSE | H28: =ISNUMBER(#REF!) -> FALSE | I28: =ISNUMBER(#REF!) -> FALSE | J28: =ISNUMBER(#REF!) -> FALSE | K28: =ISNUMBER(#REF!) -> FALSE | L28: =ISNUMBER(#REF!) -> FALSE | ... N28: =ISNUMBER(#REF!) -> FALSE | O28: =ISNUMBER(C28) -> TRUE | P28: =ISNUMBER(#REF!) -> FALSE | Q28: =IF(O28=TRUE,"",1)

Sheet XM.HN
A1: =MENU!AC9 -> 2022/12/03
A2: XL-001E | B2: 06:15 | C2: 10:15 | D2: 14:15 | E2: 18:15 | F2: 22:15 | G2: 02:15 | H2: TIEU CHUAN | I2: NCC | J2: Quy đổi nồng độ acid HCl 32% đậm đặc từ %V/V sang nồng độ % | N2: 19.03.2019 TGĐ yêu cầu biểu đồ kiểm soát chỉ khống chế từ cận giữa trở lên
A3: Xà bông (1)脫脂 | B3: 7.5 | C3: 7.4 | D3: 7.4 | E3: 7.5 | G3: 7.3 | I3: JASCO
A4: Xà bông (2)脫脂 | B4: 7.7 | C4: 7.5 | D4: 7.7 | E4: 7.9 | G4: 7.7 | I4: JASCO | J4: 15%V/V | L4: 100%V/V
A5: điện giải(1)+電解 | B5: 16.4 | C5: 16.3 | D5: 16.7 | E5: 18.2 | G5: 18 | I5: JASCO | J5: 0.048 | L5: 0.32
A6: điện giải (2)+電解 | B6: 18.2 | C6: 17.8 | D6: 17.9 | E6: 17.6 | G6: 17.5 | I6: JASCO
A7: NaOH氫氧化鈉 | B7: 17.5 | C7: 17.4 | D7: 17.6 | E7: 17.6 | G7: 17.3 | I7: JASCO | J7: 30%V/V | L7: 100%V/V
A8: Zn鋅 | B8: 7.7 | C8: 7.7 | D8: 7.5 | E8: 7.6 | G8: 7.5 | I8: JASCO | J8: 0.096 | L8: 0.32
A9: Cr3+鈍化劑 (I) | B9: 9.5 | C9: 10 | D9: 10.6 | E9: 8.1 | G9: 9.3 | I9: JASCO
A10: HCl Đặc 濃酸洗 | B10: 4.3 | C10: 4 | D10: 4.1 | E10: 4 | G10: 3.9 | J10: 60%V/V | L10: 100%V/V
A11: HCl Loãng弱酸洗 | B11: 2.3 | C11: 2.5 | D11: 2.6 | E11: 2.2 | G11: 2.1 | J11: 0.192 | L11: 0.32
A12: HCl hoat hoa | B12: 5 | C12: 4.6 | D12: 4.1 | E12: 4.5 | G12: 4.2
A13: HNO3 硝酸中和 | B13: 0.9 | C13: 0.8 | D13: 0.9 | E13: 1 | G13: 0.98
A14: Cr3+鈍化劑 (K) | B14: 9.6 | E14: 10 | I14: JASCO
A15: Cr3+鈍化劑 (K) PH | B15: 2.25 | E15: 2.3 | H15: ='XM.FILE GOC'!E19 -> 1.6~2.0(1.8±0.1) | I15: JASCO
A16: Cr3+鈍化劑 (I) PH | B16: 1.76 | C16: 1.75 | D16: 1.89 | E16: 1.78 | G16: 1.8 | H16: ='XM.FILE GOC'!E13 -> 1.6~2.2(1.8±0.1 ) | I16: JASCO
A18: XL-001F | B18: 06:15 | C18: 10:15 | D18: 14:15 | E18: 18:15 | F18: 22:15 | G18: 02:15 | H18: TIEU CHUAN | I18: NCC
A19: Xà bông (1)脫脂 | B19: 11.1 | C19: 10.9 | D19: 11.3 | E19: 11.1 | G19: 11 | I19: HALO
A20: Xà bông (2)脫脂 | B20: 12.2 | C20: 12.2 | D20: 12.3 | E20: 12.5 | G20: 12.4 | I20: HALO | J20: Quy đổi nồng độ acid HCl 32% sang nồng độ g/l
A21: điện giải(1)+電解 | B21: 11.2 | C21: 11.6 | D21: 12.1 | E21: 13.5 | G21: 13.2 | I21: HALO
A22: điện giải (2)+電解 | B22: 16.4 | C22: 9.2 | D22: 11.7 | E22: 12.6 | G22: 12.5 | I22: HALO
A23: NaOH氫氧化鈉 | B23: 17.5 | C23: 17.5 | D23: 17.5 | E23: 17.5 | G23: 17.5 | I23: HALO | J23: %*1.162= (g/l)
A24: Zn鋅 | B24: 6.3 | C24: 6.3 | D24: 6.25 | E24: 6.5 | G24: 6.5 | I24: HALO
A25: Cr3+鈍化劑 (I) halo | B25: 16.2 | C25: 16 | D25: 14.9 | E25: 12.2 | G25: 13.2 | I25: HALO | J25: vd:
A26: HCl Đặc 濃酸洗 | B26: 4.2 | C26: 4.4 | D26: 4.4 | E26: 4.1 | G26: 4 | J26: =5*1.162 -> 5.81 | K26: (g/l)
A27: HCl Loãng弱酸洗 | B27: 2.2 | C27: 2.2 | D27: 2.2 | E27: 2.3 | G27: 2.2 | J27: =J26*1000 -> 5810 | K27: (g/ml)
A28: HCl hoat hoa | B28: 4.7 | C28: 6.1 | D28: 5.6 | E28: 5.3 | G28: 5
A29: HNO3 硝酸中和 | B29: 0.9 | C29: 1 | D29: 0.9 | E29: 0.9 | G29: 0.96
A30: Cr3+鈍化劑 (K) | B30: 6 | E30: 6.1 | I30: HALO
A31: Cr3+鈍化劑 (K) PH | B31: 1.84 | E31: 1.8 | H31: ='XM.FILE GOC'!E50 -> 1.8~2.4 (2.1±0.1 ) | I31: HALO
A32: Cr3+鈍化劑 (I) PH (HALO) | B32: 2.35 | C32: 2.32 | D32: 2.43 | E32: 2.4 | G32: 2.35 | H32: ='XM.FILE GOC'!E44 -> 2~2.5(2.3±0.1 ) | I32: HALO
A34: XT-000C | B34: 06:15 | C34: 10:15 | D34: 14:15 | E34: 18:15 | F34: 22:15 | G34: 02:15 | H34: TIEU CHUAN | I34: NCC
A35: Xà bông (1)脫脂 | I35: HALO
A36: Xà bông (2)脫脂 | I36: HALO
A37: điện giải(1)+電解 | I37: HALO
A38: điện giải (2)+電解 | I38: HALO
A39: NaOH | I39: HALO
A40: Zn | I40: HALO
A41: Cr3+鈍化劑 (I) HALO | I41: HALO
A42: HCl Đặc 1
A43: HCl Đặc 2
A44: HCl Loãng (%)
A45: HNO3 (%)
A46: Cr3+鈍化劑 (K) | I46: HALO
A47: Cr3+鈍化劑 (K) PH | H47: ='XM.FILE GOC'!E81 -> 1.8~2.4(2.0±0.1) | I47: HALO
A48: Cr3+鈍化劑 (I) PH (HALO) | H48: ='XM.FILE GOC'!E75 -> 2.0~2.4(2.2±0.2 ) | I48: HALO
A49: Cr3+鈍化劑 (I) ( JASCO) | I49: JASCO
A50: Cr3+鈍化劑 (I) PH (JASCO) | H50: ='XM.FILE GOC'!E83 -> 1.8~2.4(2.0 ±0.2 ) | I50: JASCO
A52: Niken (bồn Zn-Niken) | B52: 06:15 | D52: 14:15 | E52: 18:15 | G52: 02:15 | H52: TIEU CHUAN | I52: NCC
A53: Zn (bồn Zn-Niken) | I53: HALO
A54: Niken (bồn Zn-Niken) | I54: HALO
A55: NaOH (bồn Zn-Niken) | I55: HALO
A56: Zn-208HT
A57: MÀU NIKEN-PH | H57: ='XM.FILE GOC'!E88 -> 3.0-4.5(4.3±0.2) | I57: JASCO
A59: Na2CO3 | B59: 06:15
A60: 1E | E60: =B60*10.6 -> 0
A61: 1F | E61: =B61*10.8 -> 0
A62: XT | E62: =B62*10.8 -> 0
A64: =MENU!AC9 -> 2022/12/03
A65: Type sample | B65: Test Item | C65: Standards | D65: Unit | E65: Result
A66: XL-1E | B66: Na2CO3 | C66: ＜70g/L | D66: g/l | E66: =E60 -> 0 | F66: JASCO
A67: XL-1F | B67: Na2CO3 | C67: ＜70g/L | D67: g/l | E67: =E61 -> 0 | F67: HALO
A68: XT-0C | B68: Na2CO3 | C68: ＜70g/L | D68: g/l | E68: =E62 -> 0 | F68: HALO

Sheet XM.FILE GOC
C1: BÁO CÁO KẾT QUẢ HÓA NGHIỆM HÀNG NGÀY | AH1: Green is higher than standard
A2: =MENU!$AC$9 -> 2022/12/03 | C2: 表面處理生產製程管控記錄表 | AH2: Orange is lower than standard
A3: 生產線別：無氰鹼滾電E線 (XL-001E)
F4: tiêu chuẩn khống chế để bổ sung | H4: 6:15 | N4: 10:15 | T4: 14:15 | Z4: 18:15 | AF4: 22:15 | AL4: 02:15
A5: MÃ | B5: MÃ MÁY | C5: Hạng mục kiểm tra nồng độ 化驗檢查項目 | D5: Đơn vị 單位 | E5: Tiêu chuẩn 控制範圍 | H5: 濃度 | I5: 補充 BS | J5: 補充 BS | N5: 濃度 | O5: 補充 BS | P5: 補充 BS | T5: 濃度 | U5: 補充 BS | V5: 補充 BS | Z5: 濃度 | AA5: 補充 BS | AB5: 補充 BS | AF5: 濃度 | AG5: 補充 BS | AH5: 補充 BS | AL5: 濃度 | AM5: 補充 BS | AN5: 補充 BS
A6: 1E-XB1 | B6: XL-001E | C6: Xà bông (1)脫脂 | D6: g/L | E6: ='XM.GUI MAIL'!E6 -> 25~35g/L (30±2g/L) | F6: ='XM.GUI MAIL'!F6 -> 30 | G6: =XM.HN!B3 -> 7.5 | H6: =G6*4 -> 30 | I6: =($F$6-H6)*2693/1000 -> 0 | J6: + | K6: =IF(I6<0,0,I6) -> 0 | L6: kg | M6: =XM.HN!C3 -> 7.4 | N6: =M6*4 -> 29.6 | O6: =($F$6-N6)*2693/1000 -> 1.0772 | P6: + | Q6: =IF(O6<0,0,O6) -> 1.0772 | R6: kg | S6: =XM.HN!D3 -> 7.4 | T6: 31 | U6: =($F$6-T6)*2693/1000 -> -2.693 | V6: + | W6: =IF(U6<0,0,U6) -> 0 | X6: kg | Y6: =XM.HN!E3 -> 7.5 | Z6: =Y6*4 -> 30 | AA6: =($F$6-Z6)*2693/1000 -> 0 | AB6: + | AC6: =IF(AA6<0,0,AA6) -> 0 | AD6: kg | AE6: =XM.HN!F3 -> 0 | AF6: 29.5 | AG6: =($F$6-AF6)*2693/1000 -> 1.3465 | AH6: + | AI6: =IF(AG6<0,0,AG6) -> 1.3465 | AJ6: kg | AK6: =XM.HN!G3 -> 7.3 | AL6: =AK6*4 -> 29.2 | AM6: =($F$6-AL6)*2693/1000 -> 2.1544 | AN6: + | AO6: =IF(AM6<0,0,AM6) -> 2.1544 | AP6: kg
A7: 1E-XB2 | B7: XL-001E | C7: Xà bông (2)脫脂 | D7: g/L | E7: ='XM.GUI MAIL'!E7 -> 25~35g/L (30±2g/L) | F7: ='XM.GUI MAIL'!F7 -> 30 | G7: =XM.HN!B4 -> 7.7 | H7: =G7*4 -> 30.8 | I7: =($F$7-H7)*3305/1000 -> -2.644 | J7: + | K7: =IF(I7<0,0,I7) -> 0 | L7: kg | M7: =XM.HN!C4 -> 7.5 | N7: =M7*4 -> 30 | O7: =($F$7-N7)*3305/1000 -> 0 | P7: + | Q7: =IF(O7<0,0,O7) -> 0 | R7: kg | S7: =XM.HN!D4 -> 7.7 | T7: 29.6 | U7: =($F$7-T7)*3305/1000 -> 1.322 | V7: + | W7: =IF(U7<0,0,U7) -> 1.322 | X7: kg | Y7: =XM.HN!E4 -> 7.9 | Z7: =Y7*4 -> 31.6 | AA7: =($F$7-Z7)*3305/1000 -> -5.288 | AB7: + | AC7: =IF(AA7<0,0,AA7) -> 0 | AD7: kg | AE7: =XM.HN!F4 -> 0 | AF7: 31.2 | AG7: =($F$7-AF7)*3305/1000 -> -3.966 | AH7: + | AI7: =IF(AG7<0,0,AG7) -> 0 | AJ7: kg | AK7: =XM.HN!G4 -> 7.7 | AL7: =AK7*4 -> 30.8 | AM7: =($F$7-AL7)*3305/1000 -> -2.644 | AN7: + | AO7: =IF(AM7<0,0,AM7) -> 0 | AP7: kg
A8: 1E-DG1 | B8: XL-001E | C8: điện giải(1)+電解 | D8: g/L | E8: ='XM.GUI MAIL'!E8 -> 60~80g/L (70±10g/L) | F8: ='XM.GUI MAIL'!F8 -> 70 | G8: =XM.HN!B5 -> 16.4 | H8: 70.2 | I8: =($F$8-H8)*1156/1000 -> -0.2312 | J8: + | K8: =IF(I8<0,0,I8) -> 0 | L8: kg | M8: =XM.HN!C5 -> 16.3 | N8: 69.2 | O8: =($F$8-N8)*1156/1000 -> 0.9248 | P8: + | Q8: =IF(O8<0,0,O8) -> 0.9248 | R8: kg | S8: =XM.HN!D5 -> 16.7 | T8: 71.3 | U8: =($F$8-T8)*1156/1000 -> -1.5028 | V8: + | W8: =IF(U8<0,0,U8) -> 0 | X8: kg | Y8: =XM.HN!E5 -> 18.2 | Z8: 71 | AA8: =($F$8-Z8)*1156/1000 -> -1.156 | AB8: + | AC8: =IF(AA8<0,0,AA8) -> 0 | AD8: kg | AE8: =XM.HN!F5 -> 0 | AF8: 70.6 | AG8: =($F$8-AF8)*1156/1000 -> -0.6936 | AH8: + | AI8: =IF(AG8<0,0,AG8) -> 0 | AJ8: kg | AK8: =XM.HN!G5 -> 18 | AL8: 70 | AM8: =($F$8-AL8)*1156/1000 -> 0 | AN8: + | AO8: =IF(AM8<0,0,AM8) -> 0 | AP8: kg
A9: 1E-DG2 | B9: XL-001E | C9: điện giải (2)+電解 | D9: g/L | E9: ='XM.GUI MAIL'!E9 -> 60~80g/L (70±10g/L) | F9: ='XM.GUI MAIL'!F9 -> 70 | G9: =XM.HN!B6 -> 18.2 | H9: =G9*4 -> 72.8 | I9: =($F$9-H9)*1459/1000 -> -4.0852 | J9: + | K9: =IF(I9<0,0,I9) -> 0 | L9: kg | M9: =XM.HN!C6 -> 17.8 | N9: =M9*4 -> 71.2 | O9: =($F$9-N9)*1459/1000 -> -1.7508 | P9: + | Q9: =IF(O9<0,0,O9) -> 0 | R9: kg | S9: =XM.HN!D6 -> 17.9 | T9: 71 | U9: =($F$9-T9)*1459/1000 -> -1.459 | V9: + | W9: =IF(U9<0,0,U9) -> 0 | X9: kg | Y9: =XM.HN!E6 -> 17.6 | Z9: =Y9*4 -> 70.4 | AA9: =($F$9-Z9)*1459/1000 -> -0.5836 | AB9: + | AC9: =IF(AA9<0,0,AA9) -> 0 | AD9: kg | AE9: =XM.HN!F6 -> 0 | AF9: 70 | AG9: =($F$9-AF9)*1459/1000 -> 0 | AH9: + | AI9: =IF(AG9<0,0,AG9) -> 0 | AJ9: kg | AK9: =XM.HN!G6 -> 17.5 | AL9: 69.5 | AM9: =($F$9-AL9)*1459/1000 -> 0.7295 | AN9: + | AO9: =IF(AM9<0,0,AM9) -> 0.7295 | AP9: kg
A10: 1E-NAOH | B10: XL-001E | C10: Nồng độ NaOH 氫氧化鈉 | D10: g/L | E10: ='XM.GUI MAIL'!E10 -> 130 - 150g/L (140±5g/L) | F10: ='XM.GUI MAIL'!F10 -> 140 | G10: =XM.HN!B7 -> 17.5 | H10: =G10*8 -> 140 | I10: =($F$10-H10)*19951/1000 -> 0 | J10: + | K10: =IF(I10<0,0,I10) -> 0 | L10: kg | M10: =XM.HN!C7 -> 17.4 | N10: =M10*8 -> 139.2 | O10: =($F$10-N10)*19951/1000 -> 15.9608 | P10: + | Q10: =IF(O10<0,0,O10) -> 15.9608 | R10: kg | S10: =XM.HN!D7 -> 17.6 | T10: =S10*8 -> 140.8 | U10: =($F$10-T10)*19951/1000 -> -15.9608 | V10: + | W10: =IF(U10<0,0,U10) -> 0 | X10: kg | Y10: =XM.HN!E7 -> 17.6 | Z10: =Y10*8 -> 140.8 | AA10: =($F$10-Z10)*19951/1000 -> -15.9608 | AB10: + | AC10: =IF(AA10<0,0,AA10) -> 0 | AD10: kg | AE10: =XM.HN!F7 -> 0 | AF10: 140.4 | AG10: =($F$10-AF10)*19951/1000 -> -7.9804 | AH10: + | AI10: =IF(AG10<0,0,AG10) -> 0 | AJ10: kg | AK10: =XM.HN!G7 -> 17.3 | AL10: 139.2 | AM10: =($F$10-AL10)*19951/1000 -> 15.9608 | AN10: + | AO10: =IF(AM10<0,0,AM10) -> 15.9608 | AP10: kg
A11: 1E-ZN | B11: XL-001E | C11: Nồng độ Zn 鋅 (1 pcs Zn=25kg) | D11: g/L | E11: ='XM.GUI MAIL'!E11 -> 7-12g/l (9g±1g/l) | F11: ='XM.GUI MAIL'!F11 -> 9 | G11: =XM.HN!B8 -> 7.7 | H11: =G11*1.3 -> 10.01 | I11: =($F$11-H11)*19951/1000 -> -20.15051 | J11: + | K11: =IF(I11<0,0,I11) -> 0 | L11: kg | M11: =XM.HN!C8 -> 7.7 | N11: =M11*1.3 -> 10.01 | O11: =($F$11-N11)*19951/1000 -> -20.15051 | P11: + | Q11: =IF(O11<0,0,O11) -> 0 | R11: kg | S11: =XM.HN!D8 -> 7.5 | T11: =S11*1.3 -> 9.75 | U11: =($F$11-T11)*19951/1000 -> -14.96325 | V11: + | W11: =IF(U11<0,0,U11) -> 0 | X11: kg | Y11: =XM.HN!E8 -> 7.6 | Z11: =Y11*1.3 -> 9.88 | AA11: =($F$11-Z11)*19951/1000 -> -17.55688 | AB11: + | AC11: =IF(AA11<0,0,AA11) -> 0 | AD11: kg | AE11: =XM.HN!F8 -> 0 | AF11: 10 | AG11: =($F$11-AF11)*19951/1000 -> -19.951 | AH11: + | AI11: =IF(AG11<0,0,AG11) -> 0 | AJ11: kg | AK11: =XM.HN!G8 -> 7.5 | AL11: 10.1 | AM11: =($F$11-AL11)*19951/1000 -> -21.9461 | AN11: + | AO11: =IF(AM11<0,0,AM11) -> 0 | AP11: kg
A12: 1E-CR3I | B12: XL-001E | C12: Nồng độ Cr2O3 三價鉻 | D12: % | E12: ='XM.GUI MAIL'!E12 -> 12~18 % (14±2%) | F12: ='XM.GUI MAIL'!F12 -> 14 | G12: =XM.HN!B9 -> 9.5 | H12: =G12*100/6.95/10 -> 13.669065 | I12: =($F$12-H12)*575/100 -> 1.9028777 | J12: + | K12: =IF(I12<0,0,I12) -> 1.9028777 | L12: L | M12: =XM.HN!C9 -> 10 | N12: =M12*100/6.95/10 -> 14.388489 | O12: =($F$12-N12)*575/100 -> -2.2338129 | P12: + | Q12: =IF(O12<0,0,O12) -> 0 | R12: L | S12: =XM.HN!D9 -> 10.6 | T12: 14 | U12: =($F$12-T12)*575/100 -> 0 | V12: + | W12: =IF(U12<0,0,U12) -> 0 | X12: L | Y12: =XM.HN!E9 -> 8.1 | Z12: 13.8 | AA12: =($F$12-Z12)*575/100 -> 1.15 | AB12: + | AC12: =IF(AA12<0,0,AA12) -> 1.15 | AD12: L | AE12: =XM.HN!F9 -> 0 | AF12: 13.5 | AG12: =($F$12-AF12)*575/100 -> 2.875 | AH12: + | AI12: =IF(AG12<0,0,AG12) -> 2.875 | AJ12: L | AK12: =XM.HN!G9 -> 9.3 | AL12: =AK12*100/6.95/10 -> 13.381295 | AM12: =($F$12-AL12)*575/100 -> 3.557554 | AN12: + | AO12: =IF(AM12<0,0,AM12) -> 3.557554 | AP12: L
A13: 1E-CR3IPH | B13: XL-001E | D13: pH | E13: ='XM.GUI MAIL'!E13 -> 1.6~2.2(1.8±0.1 ) | F13: ='XM.GUI MAIL'!F13 -> 0 | H13: =XM.HN!B16 -> 1.76 | N13: =XM.HN!C16 -> 1.75 | T13: =XM.HN!D16 -> 1.89 | Z13: =XM.HN!E16 -> 1.78 | AF13: =XM.HN!F16 -> 0 | AL13: =XM.HN!G16 -> 1.8
A14: 1E-HCL1 | B14: XL-001E | C14: Nồng độ acid đặc 鹽酸 濃度 | D14: %V/V | E14: ='XM.GUI MAIL'!E14 -> 30~60 %V/V (45±5% V/V) | F14: ='XM.GUI MAIL'!F14 -> 0.45 | G14: =XM.HN!B10 -> 4.3 | H14: 0.46 | I14: =($F$14-H14)*2122 -> -21.22 | J14: + | K14: =IF(I14<0,0,I14) -> 0 | L14: L | M14: =XM.HN!C10 -> 4 | N14: =(1*M14*36.5)/(1*10)/32%/100 -> 0.45625 | O14: =($F$14-N14)*2122 -> -13.2625 | P14: + | Q14: =IF(O14<0,0,O14) -> 0 | R14: L | S14: =XM.HN!D10 -> 4.1 | T14: 0.452 | U14: =($F$14-T14)*2122 -> -4.244 | V14: + | W14: =IF(U14<0,0,U14) -> 0 | X14: L | Y14: =XM.HN!E10 -> 4 | Z14: =(1*Y14*36.5)/(1*10)/32%/100 -> 0.45625 | AA14: =($F$14-Z14)*2122 -> -13.2625 | AB14: + | AC14: =IF(AA14<0,0,AA14) -> 0 | AD14: L | AE14: =XM.HN!F10 -> 0 | AF14: 0.451 | AG14: =($F$14-AF14)*2122 -> -2.122 | AH14: + | AI14: =IF(AG14<0,0,AG14) -> 0 | AJ14: L | AK14: =XM.HN!G10 -> 3.9 | AL14: =(1*AK14*36.5)/(1*10)/32%/100 -> 0.44484375 | AM14: =($F$14-AL14)*2122 -> 10.941563 | AN14: + | AO14: =IF(AM14<0,0,AM14) -> 10.941563 | AP14: L
A15: 1E-HCL2 | B15: XL-001E | C15: Nồng độ acid loãng 稀酸 濃度 | D15: %V/V | E15: ='XM.GUI MAIL'!E15 -> 15~30 %V/V (22±5 V/V) | F15: ='XM.GUI MAIL'!F15 -> 0.22 | G15: =XM.HN!B11 -> 2.3 | H15: 0.252 | I15: =($F$15-H15)*612 -> -19.584 | J15: + | K15: =IF(I15<0,0,I15) -> 0 | L15: L | M15: =XM.HN!C11 -> 2.5 | N15: 0.242 | O15: =($F$15-N15)*612 -> -13.464 | P15: + | Q15: =IF(O15<0,0,O15) -> 0 | R15: L | S15: =XM.HN!D11 -> 2.6 | T15: 0.233 | U15: =($F$15-T15)*612 -> -7.956 | V15: + | W15: =IF(U15<0,0,U15) -> 0 | X15: L | Y15: =XM.HN!E11 -> 2.2 | Z15: 0.23 | AA15: =($F$15-Z15)*612 -> -6.12 | AB15: + | AC15: =IF(AA15<0,0,AA15) -> 0 | AD15: L | AE15: =XM.HN!F11 -> 0 | AF15: 0.228 | AG15: =($F$15-AF15)*612 -> -4.896 | AH15: + | AI15: =IF(AG15<0,0,AG15) -> 0 | AJ15: L | AK15: =XM.HN!G11 -> 2.1 | AL15: 0.225 | AM15: =($F$15-AL15)*612 -> -3.06 | AN15: + | AO15: =IF(AM15<0,0,AM15) -> 0 | AP15: L
A16: 1E-HCL3 | B16: XL-001E | C16: Nồng độ HCl hoạt hóa 稀酸活化 濃度 | D16: %V/V | E16: ='XM.GUI MAIL'!E16 -> 5~15 %V/V (10±3% V/V) | F16: ='XM.GUI MAIL'!F16 -> 0.1 | G16: =XM.HN!B12 -> 5 | H16: =(1*G16*36.5)/(5*10)/32%/100 -> 0.1140625 | I16: =($F$16-H16)*575 -> -8.0859375 | J16: + | K16: =IF(I16<0,0,I16) -> 0 | L16: L | M16: =XM.HN!C12 -> 4.6 | N16: =(1*M16*36.5)/(5*10)/32%/100 -> 0.1049375 | O16: =($F$16-N16)*575 -> -2.8390625 | P16: + | Q16: =IF(O16<0,0,O16) -> 0 | R16: L | S16: =XM.HN!D12 -> 4.1 | T16: =(1*S16*36.5)/(5*10)/32%/100 -> 0.09353125 | U16: =($F$16-T16)*575 -> 3.7195313 | V16: + | W16: =IF(U16<0,0,U16) -> 3.7195313 | X16: L | Y16: =XM.HN!E12 -> 4.5 | Z16: =(1*Y16*36.5)/(5*10)/32%/100 -> 0.10265625 | AA16: =($F$16-Z16)*575 -> -1.5273437 | AB16: + | AC16: =IF(AA16<0,0,AA16) -> 0 | AD16: L | AE16: =XM.HN!F12 -> 0 | AF16: 0.096 | AG16: =($F$16-AF16)*575 -> 2.3 | AH16: + | AI16: =IF(AG16<0,0,AG16) -> 2.3 | AJ16: L | AK16: =XM.HN!G12 -> 4.2 | AL16: =(1*AK16*36.5)/(5*10)/32%/100 -> 0.0958125 | AM16: =($F$16-AL16)*575 -> 2.4078125 | AN16: + | AO16: =IF(AM16<0,0,AM16) -> 2.4078125 | AP16: L
A17: 1E-HNO3 | B17: XL-001E | C17: Nồng độ HNO3 硝酸濃度 | D17: % | E17: ='XM.GUI MAIL'!E17 -> 0.5~1.5% (1±0.4%) | F17: ='XM.GUI MAIL'!F17 -> 0.01 | G17: =XM.HN!B13 -> 0.9 | H17: =(1*G17*6.301)/5/100 -> 0.0113418 | I17: =($F$17-H17)*530/65% -> -1.0940831 | J17: + | K17: =IF(I17<0,0,I17) -> 0 | L17: L | M17: =XM.HN!C13 -> 0.8 | N17: =(1*M17*6.301)/5/100 -> 0.0100816 | O17: =($F$17-N17)*530/65% -> -0.066535385 | P17: + | Q17: =IF(O17<0,0,O17) -> 0 | R17: L | S17: =XM.HN!D13 -> 0.9 | T17: =(1*S17*6.301)/5/100 -> 0.0113418 | U17: =($F$17-T17)*530/65% -> -1.0940831 | V17: + | W17: =IF(U17<0,0,U17) -> 0 | X17: L | Y17: =XM.HN!E13 -> 1 | Z17: =(1*Y17*6.301)/5/100 -> 0.012602 | AA17: =($F$17-Z17)*530/65% -> -2.1216308 | AB17: + | AC17: =IF(AA17<0,0,AA17) -> 0 | AD17: L | AE17: =XM.HN!F13 -> 0 | AF17: 0.011 | AG17: =($F$17-AF17)*530/65% -> -0.81538462 | AH17: + | AI17: =IF(AG17<0,0,AG17) -> 0 | AJ17: L | AK17: =XM.HN!G13 -> 0.98 | AL17: =(1*AK17*6.301)/5/100 -> 0.01234996 | AM17: =($F$17-AL17)*530/65% -> -1.9161212 | AN17: + | AO17: =IF(AM17<0,0,AM17) -> 0 | AP17: L
A18: 1E-CR3K | B18: XL-001E | C18: Nồng độ Cr2O3 （K) 三價鉻 | D18: % | E18: ='XM.GUI MAIL'!E18 -> 5-10% (7.5±1%) | F18: ='XM.GUI MAIL'!F18 -> 7.5 | G18: =XM.HN!B14 -> 9.6 | H18: =G18*0.8 -> 7.68 | I18: =($F$18-H18)*575/95 -> -1.0894737 | J18: + | K18: =IF(I18<0,0,I18) -> 0 | L18: L | M18: =XM.HN!C14 -> 0 | N18: =M18*0.8 -> 0 | O18: =($F$18-N18)*575/95 -> 45.394737 | P18: + | Q18: =IF(O18<0,0,O18) -> 45.394737 | R18: L | S18: =XM.HN!D14 -> 0 | T18: =S18*0.8 -> 0 | U18: =($F$18-T18)*575/95 -> 45.394737 | V18: + | W18: =IF(U18<0,0,U18) -> 45.394737 | X18: L | Y18: =XM.HN!E14 -> 10 | Z18: =Y18*0.8 -> 8 | AA18: =($F$18-Z18)*575/95 -> -3.0263158 | AB18: + | AC18: =IF(AA18<0,0,AA18) -> 0 | AD18: L | AE18: =XM.HN!F14 -> 0 | AF18: =AE18*0.8 -> 0 | AG18: =($F$18-AF18)*575/95 -> 45.394737 | AH18: + | AI18: =IF(AG18<0,0,AG18) -> 45.394737 | AJ18: L | AK18: =XM.HN!G14 -> 0 | AL18: =AK18*0.8 -> 0 | AM18: =($F$18-AL18)*575/95 -> 45.394737 | AN18: + | AO18: =IF(AM18<0,0,AM18) -> 45.394737 | AP18: L
A19: 1E-CR3KPH | B19: XL-001E | C19: pH | D19: pH | E19: ='XM.GUI MAIL'!E19 -> 1.6~2.0(1.8±0.1) | H19: =XM.HN!B15 -> 2.25 | N19: =XM.HN!C15 -> 0 | T19: =XM.HN!D15 -> 0 | Z19: =XM.HN!E15 -> 2.3 | AF19: =XM.HN!F15 -> 0 | AL19: =XM.HN!G15 -> 0
A20: Hạng mục kiểm tra nhiệt độ 檢查溫度
A21: MÃ | B21: MÃ MÁY | C21: Hạng mục kiểm tra nhiệt độ 溫度檢查項目 | D21: nhiệt độ 溫度 | E21: Tiêu chuẩn 控制範圍 | H21: Nhiệt kế 温度計 | K21: Nhiệt tự động 自動温控 | N21: Nhiệt kế 温度計 | Q21: Nhiệt tự động 自動温控 | T21: Nhiệt kế 温度計 | W21: Nhiệt tự động 自動温控 | Z21: Nhiệt kế 温度計 | AC21: Nhiệt tự động 自動温控 | AF21: Nhiệt kế 温度計 | AI21: Nhiệt tự động 自動温控 | AL21: Nhiệt kế 温度計 | AO21: Nhiệt tự động 自動温控
A22: 1E-TEMXB1 | B22: XL-001E | C22: Nhiệt độ xà bông nóng (1) 熱脫脂溫度(1) | D22: 0C | E22: ='XM.GUI MAIL'!E22 -> 65~75ºC (70±3OC) | H22: 69 | K22: 68 | N22: 66 | Q22: 65 | T22: 66 | W22: 65 | Z22: 67 | AC22: 65 | AL22: 68 | AO22: 66
A23: 1E-TEMXB2 | B23: XL-001E | C23: Nhiệt độ xà bông nóng (2) 熱脫脂溫度(2) | D23: 0C | E23: ='XM.GUI MAIL'!E23 -> 65~75ºC (70±3OC) | H23: 71 | K23: 70 | N23: 71 | Q23: 70 | T23: 71 | W23: 70 | Z23: 70 | AC23: 69 | AL23: 71 | AO23: 70
A24: 1E-TEMDG1 | B24: XL-001E | C24: Nhiệt độ điện giải (1) 電解1 溫度 | D24: 0C | E24: ='XM.GUI MAIL'!E24 -> 50~60ºC (55±3OC) | H24: 58 | K24: 57 | N24: 58 | Q24: 57 | T24: 58 | W24: 60 | Z24: 63 | AC24: 62 | AL24: 59 | AO24: 60
A25: 1E-TEMDG2 | B25: XL-001E | C25: Nhiệt độ điện giải (2) 電解 2 溫度 | D25: 0C | E25: ='XM.GUI MAIL'!E25 -> 50~60ºC (55±3OC) | H25: 55 | K25: 54 | N25: 56 | Q25: 55 | T25: 56 | W25: 54 | Z25: 55 | AC25: 54 | AL25: 56 | AO25: 55
A26: 1E-TEMBX | B26: XL-001E | C26: Nhiệt độ bồn xi 鍍鋅槽溫度 | D26: 0C | E26: ='XM.GUI MAIL'!E26 -> 20~30ºC (25±3OC) | H26: 32 | K26: 31 | N26: 33 | Q26: 32 | T26: 34 | W26: 33 | Z26: 31 | AC26: 31 | AL26: 30 | AO26: 30
A27: 1E-TEMCR3I | B27: XL-001E | C27: Nhiệt độ bồn màu Cr2O3 (I) 三價鉻 溫度 | D27: 0C | E27: ='XM.GUI MAIL'!E27 -> 35-45ºC (40±3OC) | H27: 42 | K27: 41 | N27: 42 | Q27: 41 | T27: 42 | W27: 41 | Z27: 41 | AC27: 42 | AL27: 40 | AO27: 41
A28: 1E-TEMH2O | B28: XL-001E | C28: Nhiệt độ bồn nước nóng 熱水溫度 | D28: 0C | E28: ='XM.GUI MAIL'!E28 -> 55~65ºC (60±3OC) | H28: 57 | K28: 56 | N28: 58 | Q28: 57 | T28: 58 | W28: 57 | Z28: 58 | AC28: 57 | AL28: 59 | AO28: 58
A29: 1E-TEMSAY | B29: XL-001E | C29: Sấy khô 烘乾 | D29: 0C | E29: ='XM.GUI MAIL'!E29 -> 65~75ºC (70±3OC) | H29: \ | K29: 73 | N29: \ | Q29: 74 | T29: \ | W29: 70 | Z29: \ | AC29: 74 | AF29: \ | AL29: \ | AO29: 73
A30: Hạng mục kiểm tra bơm thuốc tự động 藥液自動添加
A31: 1E-MEM | B31: XL-001E | C31: chất mềm (merlin starer) 開缸劑 | D31: ml/KAH | E31: ='XM.GUI MAIL'!E31 -> 300-360 | H31: 350 | N31: 345 | T31: 330 | Z31: 335 | AL31: 340
A32: 1E-BONG | B32: XL-001E | C32: chaát boùng (merlin brightener) 光亮劑 | D32: ml/KAH | E32: ='XM.GUI MAIL'!E32 -> 30-50 | H32: 44 | N32: 42 | T32: 42 | Z32: 40 | AL32: 42
A34: 生產線別：無氰鹼滾電F線 (XL-001F) | F34: JASCO Kết quả kiểm tra 檢查結果 | AF34: 生產線別：無氰鹼滾電F線 (XL-001F)
F35: tiêu chuẩn khống chế để bổ sung | H35: 6:15 | N35: 10:15 | T35: 14:15 | Z35: 18:15 | AF35: 22:15 | AL35: 02:15
A36: MÃ | B36: MÃ MÁY | C36: Hạng mục kiểm tra nồng độ 化驗檢查項目 | D36: Đơn vị 單位 | E36: Tiêu chuẩn 控制範圍 | H36: 濃度 | I36: 補充 BS | J36: 補充 BS | N36: 濃度 | O36: 補充 BS | P36: 補充 BS | T36: 濃度 | U36: 補充 BS | V36: 補充 BS | Z36: 濃度 | AA36: 補充 BS | AB36: 補充 BS | AF36: 濃度 | AG36: 補充 BS | AH36: 補充 BS | AL36: 濃度 | AM36: 補充 BS | AN36: 補充 BS
A37: 1F-XB1 | B37: XL-001F | C37: Xà bông (1)脫脂 | D37: g/L | E37: ='XM.GUI MAIL'!E37 -> 60~80g/L (70±5g/L) | F37: ='XM.GUI MAIL'!F37 -> 70 | G37: =XM.HN!B19 -> 11.1 | H37: =G37*6.49 -> 72.039 | I37: =($F$37-H37)*2693/1000 -> -5.491027 | J37: + | K37: =IF(I37<0,0,I37) -> 0 | L37: kg | M37: =XM.HN!C19 -> 10.9 | N37: =M37*6.49 -> 70.741 | O37: =($F$37-N37)*2693/1000 -> -1.995513 | P37: + | Q37: =IF(O37<0,0,O37) -> 0 | R37: kg | S37: =XM.HN!D19 -> 11.3 | T37: 70.2 | U37: =($F$37-T37)*2693/1000 -> -0.5386 | V37: + | W37: =IF(U37<0,0,U37) -> 0 | X37: kg | Y37: =XM.HN!E19 -> 11.1 | Z37: 70 | AA37: =($F$37-Z37)*2693/1000 -> 0 | AB37: + | AC37: =IF(AA37<0,0,AA37) -> 0 | AD37: kg | AE37: =XM.HN!F19 -> 0 | AF37: 69.5 | AG37: =($F$37-AF37)*2693/1000 -> 1.3465 | AH37: + | AI37: =IF(AG37<0,0,AG37) -> 1.3465 | AJ37: kg | AK37: =XM.HN!G19 -> 11 | AL37: 69 | AM37: =($F$37-AL37)*2693/1000 -> 2.693 | AN37: + | AO37: =IF(AM37<0,0,AM37) -> 2.693 | AP37: kg
A38: 1F-XB2 | B38: XL-001F | C38: Xà bông (2)脫脂 | D38: g/L | E38: ='XM.GUI MAIL'!E38 -> 60~80g/L (70±5g/L) | F38: ='XM.GUI MAIL'!F38 -> 70 | G38: =XM.HN!B20 -> 12.2 | H38: 70.3 | I38: =($F$38-H38)*3305/1000 -> -0.9915 | J38: + | K38: =IF(I38<0,0,I38) -> 0 | L38: kg | M38: =XM.HN!C20 -> 12.2 | N38: 70.1 | O38: =($F$38-N38)*3305/1000 -> -0.3305 | P38: + | Q38: =IF(O38<0,0,O38) -> 0 | R38: kg | S38: =XM.HN!D20 -> 12.3 | T38: 70 | U38: =($F$38-T38)*3305/1000 -> 0 | V38: + | W38: =IF(U38<0,0,U38) -> 0 | X38: kg | Y38: =XM.HN!E20 -> 12.5 | Z38: 70 | AA38: =($F$38-Z38)*3305/1000 -> 0 | AB38: + | AC38: =IF(AA38<0,0,AA38) -> 0 | AD38: kg | AE38: =XM.HN!F20 -> 0 | AF38: 70 | AG38: =($F$38-AF38)*3305/1000 -> 0 | AH38: + | AI38: =IF(AG38<0,0,AG38) -> 0 | AJ38: kg | AK38: =XM.HN!G20 -> 12.4 | AL38: 69.5 | AM38: =($F$38-AL38)*3305/1000 -> 1.6525 | AN38: + | AO38: =IF(AM38<0,0,AM38) -> 1.6525 | AP38: kg
A39: 1F-DG1 | B39: XL-001F | C39: điện giải(1)+電解 | D39: g/L | E39: ='XM.GUI MAIL'!E39 -> 50~70g/L (60±5g/L) | F39: ='XM.GUI MAIL'!F39 -> 60 | G39: =XM.HN!B21 -> 11.2 | H39: 59.3 | I39: =($F$39-H39)*1156/1000 -> 0.8092 | J39: + | K39: =IF(I39<0,0,I39) -> 0.8092 | L39: kg | M39: =XM.HN!C21 -> 11.6 | N39: 61.2 | O39: =($F$39-N39)*1156/1000 -> -1.3872 | P39: + | Q39: =IF(O39<0,0,O39) -> 0 | R39: kg | S39: =XM.HN!D21 -> 12.1 | T39: 60.3 | U39: =($F$39-T39)*1156/1000 -> -0.3468 | V39: + | W39: =IF(U39<0,0,U39) -> 0 | X39: kg | Y39: =XM.HN!E21 -> 13.5 | Z39: 61.5 | AA39: =($F$39-Z39)*1156/1000 -> -1.734 | AB39: + | AC39: =IF(AA39<0,0,AA39) -> 0 | AD39: kg | AE39: =XM.HN!F21 -> 0 | AF39: 61.2 | AG39: =($F$39-AF39)*1156/1000 -> -1.3872 | AH39: + | AI39: =IF(AG39<0,0,AG39) -> 0 | AJ39: kg | AK39: =XM.HN!G21 -> 13.2 | AL39: =AK39*4.62 -> 60.984 | AM39: =($F$39-AL39)*1156/1000 -> -1.137504 | AN39: + | AO39: =IF(AM39<0,0,AM39) -> 0 | AP39: kg
A40: 1F-DG2 | B40: XL-001F | C40: điện giải (2)+電解 | D40: g/L | E40: ='XM.GUI MAIL'!E40 -> 50~70g/L (60±5g/L) | F40: ='XM.GUI MAIL'!F40 -> 60 | G40: =XM.HN!B22 -> 16.4 | H40: 60.3 | I40: =($F$40-H40)*1459/1000 -> -0.4377 | J40: + | K40: =IF(I40<0,0,I40) -> 0 | L40: kg | M40: =XM.HN!C22 -> 9.2 | N40: 60 | O40: =($F$40-N40)*1459/1000 -> 0 | P40: + | Q40: =IF(O40<0,0,O40) -> 0 | R40: kg | S40: =XM.HN!D22 -> 11.7 | T40: 59.6 | U40: =($F$40-T40)*1459/1000 -> 0.5836 | V40: + | W40: =IF(U40<0,0,U40) -> 0.5836 | X40: kg | Y40: =XM.HN!E22 -> 12.6 | Z40: 59 | AA40: =($F$40-Z40)*1459/1000 -> 1.459 | AB40: + | AC40: =IF(AA40<0,0,AA40) -> 1.459 | AD40: kg | AE40: =XM.HN!F22 -> 0 | AF40: 59.5 | AG40: =($F$40-AF40)*1459/1000 -> 0.7295 | AH40: + | AI40: =IF(AG40<0,0,AG40) -> 0.7295 | AJ40: kg | AK40: =XM.HN!G22 -> 12.5 | AL40: 59 | AM40: =($F$40-AL40)*1459/1000 -> 1.459 | AN40: + | AO40: =IF(AM40<0,0,AM40) -> 1.459 | AP40: kg
A41: 1F-NAOH | B41: XL-001F | C41: Nồng độ NaOH 氫氧化鈉 | D41: g/L | E41: ='XM.GUI MAIL'!E41 -> 130 - 150g/L (140±10g/L) | F41: ='XM.GUI MAIL'!F41 -> 140 | G41: =XM.HN!B23 -> 17.5 | H41: =G41*8 -> 140 | I41: =($F$41-H41)*19951/1000 -> 0 | J41: + | K41: =IF(I41<0,0,I41) -> 0 | L41: kg | M41: =XM.HN!C23 -> 17.5 | N41: =M41*8 -> 140 | O41: =($F$41-N41)*19951/1000 -> 0 | P41: + | Q41: =IF(O41<0,0,O41) -> 0 | R41: kg | S41: =XM.HN!D23 -> 17.5 | T41: =S41*8 -> 140 | U41: =($F$41-T41)*19951/1000 -> 0 | V41: + | W41: =IF(U41<0,0,U41) -> 0 | X41: kg | Y41: =XM.HN!E23 -> 17.5 | Z41: =Y41*8 -> 140 | AA41: =($F$41-Z41)*19951/1000 -> 0 | AB41: + | AC41: =IF(AA41<0,0,AA41) -> 0 | AD41: kg | AE41: =XM.HN!F23 -> 0 | AF41: 139.6 | AG41: =($F$41-AF41)*19951/1000 -> 7.9804 | AH41: + | AI41: =IF(AG41<0,0,AG41) -> 7.9804 | AJ41: kg | AK41: =XM.HN!G23 -> 17.5 | AL41: =AK41*8 -> 140 | AM41: =($F$41-AL41)*19951/1000 -> 0 | AN41: + | AO41: =IF(AM41<0,0,AM41) -> 0 | AP41: kg
A42: 1F-ZN | B42: XL-001F | C42: Nồng độ Zn 鋅 (1 pcs Zn=25kg) | D42: g/L | E42: ='XM.GUI MAIL'!E42 -> 8-12g/l (10±1g/l) | F42: ='XM.GUI MAIL'!F42 -> 10 | G42: =XM.HN!B24 -> 6.3 | H42: 10 | I42: =($F$42-H42)*19951/1000 -> 0 | J42: + | K42: =IF(I42<0,0,I42) -> 0 | L42: kg | M42: =XM.HN!C24 -> 6.3 | N42: 10.1 | O42: =($F$42-N42)*19951/1000 -> -1.9951 | P42: + | Q42: =IF(O42<0,0,O42) -> 0 | R42: kg | S42: =XM.HN!D24 -> 6.25 | T42: 10 | U42: =($F$42-T42)*19951/1000 -> 0 | V42: + | W42: =IF(U42<0,0,U42) -> 0 | X42: kg | Y42: =XM.HN!E24 -> 6.5 | Z42: 10 | AA42: =($F$42-Z42)*19951/1000 -> 0 | AB42: + | AC42: =IF(AA42<0,0,AA42) -> 0 | AD42: kg | AE42: =XM.HN!F24 -> 0 | AF42: 10 | AG42: =($F$42-AF42)*19951/1000 -> 0 | AH42: + | AI42: =IF(AG42<0,0,AG42) -> 0 | AJ42: kg | AK42: =XM.HN!G24 -> 6.5 | AL42: 10.7 | AM42: =($F$42-AL42)*19951/1000 -> -13.9657 | AN42: + | AO42: =IF(AM42<0,0,AM42) -> 0 | AP42: kg
A43: 1F-CR3I | B43: XL-001F | C43: Nồng độ Cr2O3 三價鉻 | D43: % | E43: ='XM.GUI MAIL'!E43 -> 6~10 % (8±0.5%) | F43: ='XM.GUI MAIL'!F43 -> 8 | G43: =XM.HN!B25 -> 16.2 | H43: 8.3 | I43: =($F$43-H43)*575/100 -> -1.725 | J43: + | K43: =IF(I43<0,0,I43) -> 0 | L43: L | M43: =XM.HN!C25 -> 16 | N43: 8.2 | O43: =($F$43-N43)*575/100 -> -1.15 | P43: + | Q43: =IF(O43<0,0,O43) -> 0 | R43: L | S43: =XM.HN!D25 -> 14.9 | T43: 8 | U43: =($F$43-T43)*575/100 -> 0 | V43: + | W43: =IF(U43<0,0,U43) -> 0 | X43: L | Y43: =XM.HN!E25 -> 12.2 | Z43: 8 | AA43: =($F$43-Z43)*575/100 -> 0 | AB43: + | AC43: =IF(AA43<0,0,AA43) -> 0 | AD43: L | AE43: =XM.HN!F25 -> 0 | AF43: 7.8 | AG43: =($F$43-AF43)*575/100 -> 1.15 | AH43: + | AI43: =IF(AG43<0,0,AG43) -> 1.15 | AJ43: L | AK43: =XM.HN!G25 -> 13.2 | AL43: 8.3 | AM43: =($F$43-AL43)*575/100 -> -1.725 | AN43: + | AO43: =IF(AM43<0,0,AM43) -> 0 | AP43: L
A44: 1F-CR3IPH | B44: XL-001F | C44: PH | D44: pH | E44: ='XM.GUI MAIL'!E44 -> 2~2.5(2.3±0.1 ) | F44: ='XM.GUI MAIL'!F44 -> 0 | H44: 2.3 | N44: =XM.HN!C32 -> 2.32 | T44: 2.35 | Z44: =XM.HN!E32 -> 2.4 | AF44: 2.36 | AL44: =XM.HN!G32 -> 2.35
A45: 1F-HCL1 | B45: XL-001F | C45: Nồng độ acid đặc 鹽酸 濃度 | D45: %V/V | E45: ='XM.GUI MAIL'!E45 -> 30~60 %V/V (45±5% V/V) | F45: ='XM.GUI MAIL'!F45 -> 0.45 | G45: =XM.HN!B26 -> 4.2 | H45: 0.45 | I45: =($F$45-H45)*2122 -> 0 | J45: + | K45: =IF(I45<0,0,I45) -> 0 | L45: L | M45: =XM.HN!C26 -> 4.4 | N45: 0.446 | O45: =($F$45-N45)*2122 -> 8.488 | P45: + | Q45: =IF(O45<0,0,O45) -> 8.488 | R45: L | S45: =XM.HN!D26 -> 4.4 | T45: 0.468 | U45: =($F$45-T45)*2122 -> -38.196 | V45: + | W45: =IF(U45<0,0,U45) -> 0 | X45: L | Y45: =XM.HN!E26 -> 4.1 | Z45: =(1*Y45*36.5)/(1*10)/32%/100 -> 0.46765625 | AA45: =($F$45-Z45)*2122 -> -37.466562 | AB45: + | AC45: =IF(AA45<0,0,AA45) -> 0 | AD45: L | AE45: =XM.HN!F26 -> 0 | AF45: 0.465 | AG45: =($F$45-AF45)*2122 -> -31.83 | AH45: + | AI45: =IF(AG45<0,0,AG45) -> 0 | AJ45: L | AK45: =XM.HN!G26 -> 4 | AL45: =(1*AK45*36.5)/(1*10)/32%/100 -> 0.45625 | AM45: =($F$45-AL45)*2122 -> -13.2625 | AN45: + | AO45: =IF(AM45<0,0,AM45) -> 0 | AP45: L
A46: 1F-HCL2 | B46: XL-001F | C46: Nồng độ acid loãng 稀酸 濃度 | D46: %V/V | E46: ='XM.GUI MAIL'!E46 -> 15~30 %V/V (22±5 V/V) | F46: ='XM.GUI MAIL'!F46 -> 0.22 | G46: =XM.HN!B27 -> 2.2 | H46: 0.223 | I46: =($F$46-H46)*612 -> -1.836 | J46: + | K46: =IF(I46<0,0,I46) -> 0 | L46: L | M46: =XM.HN!C27 -> 2.2 | N46: 0.242 | O46: =($F$46-N46)*612 -> -13.464 | P46: + | Q46: =IF(O46<0,0,O46) -> 0 | R46: L | S46: =XM.HN!D27 -> 2.2 | T46: 0.236 | U46: =($F$46-T46)*612 -> -9.792 | V46: + | W46: =IF(U46<0,0,U46) -> 0 | X46: L | Y46: =XM.HN!E27 -> 2.3 | Z46: =(1*Y46*36.5)/(1*10)/32%/100 -> 0.26234375 | AA46: =($F$46-Z46)*612 -> -25.914375 | AB46: + | AC46: =IF(AA46<0,0,AA46) -> 0 | AD46: L | AE46: =XM.HN!F27 -> 0 | AF46: 0.258 | AG46: =($F$46-AF46)*612 -> -23.256 | AH46: + | AI46: =IF(AG46<0,0,AG46) -> 0 | AJ46: L | AK46: =XM.HN!G27 -> 2.2 | AL46: =(1*AK46*36.5)/(1*10)/32%/100 -> 0.2509375 | AM46: =($F$46-AL46)*612 -> -18.93375 | AN46: + | AO46: =IF(AM46<0,0,AM46) -> 0 | AP46: L
A47: 1F-HCL3 | B47: XL-001F | C47: Nồng độ HCl hoạt hóa 稀酸活化 濃度 | D47: %V/V | E47: ='XM.GUI MAIL'!E47 -> 5~15 %V/V (10±3% V/V) | F47: ='XM.GUI MAIL'!F47 -> 0.1 | G47: =XM.HN!B28 -> 4.7 | H47: 0.096 | I47: =($F$47-H47)*575 -> 2.3 | J47: + | K47: =IF(I47<0,0,I47) -> 2.3 | L47: L | M47: =XM.HN!C28 -> 6.1 | N47: =(1*M47*36.5)/(5*10)/32%/100 -> 0.13915625 | O47: =($F$47-N47)*575 -> -22.514844 | P47: + | Q47: =IF(O47<0,0,O47) -> 0 | R47: L | S47: =XM.HN!D28 -> 5.6 | T47: =(1*S47*36.5)/(5*10)/32%/100 -> 0.12775 | U47: =($F$47-T47)*575 -> -15.95625 | V47: + | W47: =IF(U47<0,0,U47) -> 0 | X47: L | Y47: =XM.HN!E28 -> 5.3 | Z47: =(1*Y47*36.5)/(5*10)/32%/100 -> 0.12090625 | AA47: =($F$47-Z47)*575 -> -12.021094 | AB47: + | AC47: =IF(AA47<0,0,AA47) -> 0 | AD47: L | AE47: =XM.HN!F28 -> 0 | AF47: 0.115 | AG47: =($F$47-AF47)*575 -> -8.625 | AH47: + | AI47: =IF(AG47<0,0,AG47) -> 0 | AJ47: L | AK47: =XM.HN!G28 -> 5 | AL47: =(1*AK47*36.5)/(5*10)/32%/100 -> 0.1140625 | AM47: =($F$47-AL47)*575 -> -8.0859375 | AN47: + | AO47: =IF(AM47<0,0,AM47) -> 0 | AP47: L
A48: 1F-HNO3 | B48: XL-001F | C48: Nồng độ HNO3 硝酸濃度 | D48: % | E48: ='XM.GUI MAIL'!E48 -> 0.5~1.5% (1±0.2%) | F48: ='XM.GUI MAIL'!F48 -> 0.01 | G48: =XM.HN!B29 -> 0.9 | H48: =(1*G48*6.301)/5/100 -> 0.0113418 | I48: =($F$48-H48)*530/65% -> -1.0940831 | J48: + | K48: =IF(I48<0,0,I48) -> 0 | L48: L | M48: =XM.HN!C29 -> 1 | N48: =(1*M48*6.301)/5/100 -> 0.012602 | O48: =($F$48-N48)*530/65% -> -2.1216308 | P48: + | Q48: =IF(O48<0,0,O48) -> 0 | R48: L | S48: =XM.HN!D29 -> 0.9 | T48: =(1*S48*6.301)/5/100 -> 0.0113418 | U48: =($F$48-T48)*530/65% -> -1.0940831 | V48: + | W48: =IF(U48<0,0,U48) -> 0 | X48: L | Y48: =XM.HN!E29 -> 0.9 | Z48: =(1*Y48*6.301)/5/100 -> 0.0113418 | AA48: =($F$48-Z48)*530/65% -> -1.0940831 | AB48: + | AC48: =IF(AA48<0,0,AA48) -> 0 | AD48: L | AE48: =XM.HN!F29 -> 0 | AF48: 0.01 | AG48: =($F$48-AF48)*530/65% -> 0 | AH48: + | AI48: =IF(AG48<0,0,AG48) -> 0 | AJ48: L | AK48: =XM.HN!G29 -> 0.96 | AL48: =(1*AK48*6.301)/5/100 -> 0.01209792 | AM48: =($F$48-AL48)*530/65% -> -1.7106117 | AN48: + | AO48: =IF(AM48<0,0,AM48) -> 0 | AP48: L
A49: 1F-CR3K | B49: XL-001F | C49: Nồng độ Cr2O3 （K) 三價鉻 FINIDIP 124 | D49: % | E49: ='XM.GUI MAIL'!E49 -> 5~8% (6%±0.5) | F49: ='XM.GUI MAIL'!F49 -> 6 | G49: =XM.HN!B30 -> 6 | H49: =G49*0.8+1.1 -> 5.9 | I49: =($F$49-H49)*575/95 -> 0.60526316 | J49: + | K49: =IF(I49<0,0,I49) -> 0.60526316 | L49: L | M49: =XM.HN!C30 -> 0 | N49: =M49*0.8+1.1 -> 1.1 | O49: =($F$49-N49)*575/95 -> 29.657895 | P49: + | Q49: =IF(O49<0,0,O49) -> 29.657895 | R49: L | S49: =XM.HN!D30 -> 0 | T49: =S49*0.8+1.1 -> 1.1 | U49: =($F$49-T49)*575/95 -> 29.657895 | V49: + | W49: =IF(U49<0,0,U49) -> 29.657895 | X49: L | Y49: =XM.HN!E30 -> 6.1 | Z49: =Y49*0.8+1.1 -> 5.98 | AA49: =($F$49-Z49)*575/95 -> 0.12105263 | AB49: + | AC49: =IF(AA49<0,0,AA49) -> 0.12105263 | AD49: L | AE49: =XM.HN!F30 -> 0 | AF49: =AE49*0.8+1.1 -> 1.1 | AG49: =($F$49-AF49)*575/95 -> 29.657895 | AH49: + | AI49: =IF(AG49<0,0,AG49) -> 29.657895 | AJ49: L | AK49: =XM.HN!G30 -> 0 | AL49: =AK49*0.8+1.1 -> 1.1 | AM49: =($F$49-AL49)*575/95 -> 29.657895 | AN49: + | AO49: =IF(AM49<0,0,AM49) -> 29.657895 | AP49: L
A50: 1F-CR3KPH | B50: XL-001F | C50: PH | D50: pH | E50: ='XM.GUI MAIL'!E50 -> 1.8~2.4 (2.1±0.1 ) | H50: =XM.HN!B31 -> 1.84 | N50: =XM.HN!C31 -> 0 | T50: =XM.HN!D31 -> 0 | Z50: =XM.HN!E31 -> 1.8 | AF50: =XM.HN!F31 -> 0 | AL50: =XM.HN!G31 -> 0
A51: Hạng mục kiểm tra nhiệt độ 檢查溫度
A52: MÃ | B52: MÃ MÁY | C52: Hạng mục kiểm tra nhiệt độ 溫度檢查項目 | D52: nhiệt độ 溫度 | E52: Tiêu chuẩn 控制範圍 | H52: Nhiệt kế 温度計 | K52: Nhiệt tự động 自動温控 | N52: Nhiệt kế 温度計 | Q52: Nhiệt tự động 自動温控 | T52: Nhiệt kế 温度計 | W52: Nhiệt tự động 自動温控 | Z52: Nhiệt kế 温度計 | AC52: Nhiệt tự động 自動温控 | AF52: Nhiệt kế 温度計 | AI52: Nhiệt tự động 自動温控 | AL52: Nhiệt kế 温度計 | AO52: Nhiệt tự động 自動温控
A53: 1F-TEMXB1 | B53: XL-001F | C53: Nhiệt độ xà bông nóng (1) 熱脫脂溫度(1) | D53: 0C | E53: ='XM.GUI MAIL'!E53 -> 50~70ºC (60±3OC) | H53: 63 | K53: 64 | N53: 64 | Q53: 65 | T53: 64 | W53: 66 | Z53: 67 | AC53: 65 | AL53: 67 | AO53: 66
A54: 1F-TEMXB2 | B54: XL-001F | C54: Nhiệt độ xà bông nóng (2) 熱脫脂溫度(2) | D54: 0C | E54: ='XM.GUI MAIL'!E54 -> 50~70ºC (60±3OC) | H54: 62 | K54: 63 | N54: 63 | Q54: 64 | T54: 62 | W54: 64 | Z54: 65 | AC54: 64 | AL54: 66 | AO54: 65
A55: 1F-TEMDG1 | B55: XL-001F | C55: Nhiệt độ điện giải (1) 電解1 溫度 | D55: 0C | E55: ='XM.GUI MAIL'!E55 -> 50~70ºC (60±3OC) | H55: 55 | K55: 54 | N55: 60 | Q55: 61 | T55: 60 | W55: 59 | Z55: 61 | AC55: 60 | AL55: 59 | AO55: 58
A56: 1F-TEMDG2 | B56: XL-001F | C56: Nhiệt độ điện giải (2) 電解 2 溫度 | D56: 0C | E56: ='XM.GUI MAIL'!E56 -> 50~70ºC (60±3OC) | H56: 54 | K56: 53 | N56: 51 | Q56: 50 | T56: 51 | W56: 50 | Z56: 52 | AC56: 50 | AL56: 54 | AO56: 52
A57: 1F-TEMBX | B57: XL-001F | C57: Nhiệt độ bồn xi 鍍鋅槽溫度 | D57: 0C | E57: ='XM.GUI MAIL'!E57 -> 22~30ºC (24±1OC) | H57: 26 | K57: 25 | N57: 28 | Q57: 27 | T57: 28 | W57: 27 | Z57: 27 | AC57: 27 | AL57: 27 | AO57: 26
A58: 1F-TEMCR3I | B58: XL-001F | C58: Nhiệt độ bồn màu Cr2O3 三價鉻 溫度 | D58: 0C | E58: ='XM.GUI MAIL'!E58 -> 30-38ºC (34±2OC) | H58: 36 | K58: 35 | N58: 37 | Q58: 36 | T58: 37 | W58: 36 | Z58: 36 | AC58: 35 | AL58: 36 | AO58: 35
A59: 1F-TEMH2O | B59: XL-001F | C59: Nhiệt độ bồn nước nóng 熱水溫度 | D59: 0C | E59: ='XM.GUI MAIL'!E59 -> 55~65ºC (60±3OC) | H59: 62 | K59: 61 | N59: 58 | Q59: 56 | T59: 58 | W59: 55 | Z59: 55 | AC59: 54 | AL59: 57 | AO59: 56
A60: 1F-TEMSAY | B60: XL-001F | C60: Sấy khô 烘乾 | D60: 0C | E60: ='XM.GUI MAIL'!E60 -> 65~75ºC (70±3OC) | H60: \ | K60: 73 | N60: \ | Q60: 71 | T60: \ | W60: 71 | Z60: \ | AC60: 73 | AF60: \ | AL60: \ | AO60: 71
A61: Hạng mục kiểm tra bơm thuốc tự động 藥液自動添加
A62: 1F-MEM | B62: XL-001F | C62: 開缸劑 250 Base | D62: ml/1000AH | E62: ='XM.GUI MAIL'!E62 -> 100-200 | H62: 200 | N62: 195 | T62: 190 | Z62: 195 | AL62: 190
A63: 1F-BONG | B63: XL-001F | C63: 光亮劑 250 Brightener | D63: ml/1000AH | E63: ='XM.GUI MAIL'!E63 -> 20-50 | H63: 43 | N63: 42 | T63: 43 | Z63: 42 | AL63: 39
A65: 生產線別：無氰鹼吊電C線 (XT-000C) | F65: Kết quả kiểm tra 檢查結果 | AF65: 生產線別：無氰鹼吊電C線 (XT-000C)
F66: tiêu chuẩn khống chế để bổ sung | H66: 6:15 | N66: 10:15 | T66: 14:15 | Z66: 18:15 | AF66: 22:15 | AL66: 02:15
A67: MÃ | B67: MÃ MÁY | C67: Hạng mục kiểm tra nồng độ 化驗檢查項目 | D67: Đơn vị 單位 | E67: Tiêu chuẩn 控制範圍 | H67: 濃度 | I67: 補充 BS | J67: 補充 BS | N67: 濃度 | O67: 補充 BS | P67: 補充 BS | T67: 濃度 | U67: 補充 BS | V67: 補充 BS | Z67: 濃度 | AA67: 補充 BS | AB67: 補充 BS | AF67: 濃度 | AG67: 補充 BS | AH67: 補充 BS | AL67: 濃度 | AM67: 補充 BS | AN67: 補充 BS
A68: XT-XB1 | B68: XT-000C | C68: Xà bông 脫脂 (2,3,4) | D68: g/L | E68: ='XM.GUI MAIL'!E68 -> 40~60g/L (50±5g/L) | F68: ='XM.GUI MAIL'!F68 -> 50 | G68: =XM.HN!B35 -> 0 | H68: =G68*6.49 -> 0 | I68: =($F$68-H68)*15517/1000 -> 775.85 | J68: + | K68: =IF(I68<0,0,I68) -> 775.85 | L68: kg | M68: =XM.HN!C35 -> 0 | N68: =M68*6.49 -> 0 | O68: =($F$68-N68)*15517/1000 -> 775.85 | P68: + | Q68: =IF(O68<0,0,O68) -> 775.85 | R68: kg | S68: =XM.HN!D35 -> 0 | T68: =S68*6.49 -> 0 | U68: =($F$68-T68)*15517/1000 -> 775.85 | V68: + | W68: =IF(U68<0,0,U68) -> 775.85 | X68: kg | Y68: =XM.HN!E35 -> 0 | Z68: =Y68*6.49 -> 0 | AA68: =($F$68-Z68)*15517/1000 -> 775.85 | AB68: + | AC68: =IF(AA68<0,0,AA68) -> 775.85 | AD68: kg | AE68: =XM.HN!F35 -> 0 | AF68: =AE68*6.49 -> 0 | AG68: =($F$68-AF68)*15517/1000 -> 775.85 | AH68: + | AI68: =IF(AG68<0,0,AG68) -> 775.85 | AJ68: kg | AK68: =XM.HN!G35 -> 0 | AL68: =AK68*6.49 -> 0 | AM68: =($F$68-AL68)*15517/1000 -> 775.85 | AN68: + | AO68: =IF(AM68<0,0,AM68) -> 775.85 | AP68: kg
A69: XT-XB2 | B69: XT-000C | C69: Xà bông 脫脂 (5,6) | D69: g/L | E69: ='XM.GUI MAIL'!E69 -> 40~60g/L (50±5g/L) | F69: ='XM.GUI MAIL'!F69 -> 50 | G69: =XM.HN!B36 -> 0 | H69: =G69*6.49 -> 0 | I69: =($F$69-H69)*11475/1000 -> 573.75 | J69: + | K69: =IF(I69<0,0,I69) -> 573.75 | L69: kg | M69: =XM.HN!C36 -> 0 | N69: =M69*6.49 -> 0 | O69: =($F$69-N69)*11475/1000 -> 573.75 | P69: + | Q69: =IF(O69<0,0,O69) -> 573.75 | R69: kg | S69: =XM.HN!D36 -> 0 | T69: =S69*6.49 -> 0 | U69: =($F$69-T69)*11475/1000 -> 573.75 | V69: + | W69: =IF(U69<0,0,U69) -> 573.75 | X69: kg | Y69: =XM.HN!E36 -> 0 | Z69: =Y69*6.49 -> 0 | AA69: =($F$69-Z69)*11475/1000 -> 573.75 | AB69: + | AC69: =IF(AA69<0,0,AA69) -> 573.75 | AD69: kg | AE69: =XM.HN!F36 -> 0 | AF69: =AE69*6.49 -> 0 | AG69: =($F$69-AF69)*11475/1000 -> 573.75 | AH69: + | AI69: =IF(AG69<0,0,AG69) -> 573.75 | AJ69: kg | AK69: =XM.HN!G36 -> 0 | AL69: =AK69*6.49 -> 0 | AM69: =($F$69-AL69)*11475/1000 -> 573.75 | AN69: + | AO69: =IF(AM69<0,0,AM69) -> 573.75 | AP69: kg
A70: XT-DG1 | B70: XT-000C | C70: Điện giải 電解 (8) | D70: g/L | E70: ='XM.GUI MAIL'!E70 -> 50~70g/L (60±5g/L) | F70: ='XM.GUI MAIL'!F70 -> 60 | G70: =XM.HN!B37 -> 0 | H70: =G70*4.62 -> 0 | I70: =($F$70-H70)*8200/1000 -> 492 | J70: + | K70: =IF(I70<0,0,I70) -> 492 | L70: kg | M70: =XM.HN!C37 -> 0 | N70: =M70*4.62 -> 0 | O70: =($F$70-N70)*8200/1000 -> 492 | P70: + | Q70: =IF(O70<0,0,O70) -> 492 | R70: kg | S70: =XM.HN!D37 -> 0 | T70: =S70*4.62 -> 0 | U70: =($F$70-T70)*8200/1000 -> 492 | V70: + | W70: =IF(U70<0,0,U70) -> 492 | X70: kg | Y70: =XM.HN!E37 -> 0 | Z70: =Y70*4.62 -> 0 | AA70: =($F$70-Z70)*8200/1000 -> 492 | AB70: + | AC70: =IF(AA70<0,0,AA70) -> 492 | AD70: kg | AE70: =XM.HN!F37 -> 0 | AF70: =AE70*4.62 -> 0 | AG70: =($F$70-AF70)*8200/1000 -> 492 | AH70: + | AI70: =IF(AG70<0,0,AG70) -> 492 | AJ70: kg | AK70: =XM.HN!G37 -> 0 | AL70: =AK70*4.62 -> 0 | AM70: =($F$70-AL70)*8200/1000 -> 492 | AN70: + | AO70: =IF(AM70<0,0,AM70) -> 492 | AP70: kg
A71: XT-DG2 | B71: XT-000C | C71: Điện giải 電解 (20,21) | D71: g/L | E71: ='XM.GUI MAIL'!E71 -> 50~70g/L (60±5g/L) | F71: ='XM.GUI MAIL'!F71 -> 60 | G71: =XM.HN!B38 -> 0 | H71: =G71*4.62 -> 0 | I71: =($F$71-H71)*8668/1000 -> 520.08 | J71: + | K71: =IF(I71<0,0,I71) -> 520.08 | L71: kg | M71: =XM.HN!C38 -> 0 | N71: =M71*4.62 -> 0 | O71: =($F$71-N71)*8668/1000 -> 520.08 | P71: + | Q71: =IF(O71<0,0,O71) -> 520.08 | R71: kg | S71: =XM.HN!D38 -> 0 | T71: =S71*4.62 -> 0 | U71: =($F$71-T71)*8668/1000 -> 520.08 | V71: + | W71: =IF(U71<0,0,U71) -> 520.08 | X71: kg | Y71: =XM.HN!E38 -> 0 | Z71: =Y71*4.62 -> 0 | AA71: =($F$71-Z71)*8668/1000 -> 520.08 | AB71: + | AC71: =IF(AA71<0,0,AA71) -> 520.08 | AD71: kg | AE71: =XM.HN!F38 -> 0 | AF71: =AE71*4.62 -> 0 | AG71: =($F$71-AF71)*8668/1000 -> 520.08 | AH71: + | AI71: =IF(AG71<0,0,AG71) -> 520.08 | AJ71: kg | AK71: =XM.HN!G38 -> 0 | AL71: =AK71*4.62 -> 0 | AM71: =($F$71-AL71)*8668/1000 -> 520.08 | AN71: + | AO71: =IF(AM71<0,0,AM71) -> 520.08 | AP71: kg
A72: XT-NAOH | B72: XT-000C | C72: NaOH (26-37) 氫氧化鈉 | D72: g/L | E72: ='XM.GUI MAIL'!E72 -> 135~ 145g/L (140±5g/L) | F72: ='XM.GUI MAIL'!F72 -> 140 | G72: =XM.HN!B39 -> 0 | H72: =G72*8 -> 0 | I72: =($F$72-H72)*53066/1000 -> 7429.24 | J72: + | K72: =IF(I72<0,0,I72) -> 7429.24 | L72: kg | M72: =XM.HN!C39 -> 0 | N72: =M72*8 -> 0 | O72: =($F$72-N72)*53066/1000 -> 7429.24 | P72: + | Q72: =IF(O72<0,0,O72) -> 7429.24 | R72: kg | S72: =XM.HN!D39 -> 0 | T72: =S72*8 -> 0 | U72: =($F$72-T72)*53066/1000 -> 7429.24 | V72: + | W72: =IF(U72<0,0,U72) -> 7429.24 | X72: kg | Y72: =XM.HN!E39 -> 0 | Z72: =Y72*8 -> 0 | AA72: =($F$72-Z72)*53066/1000 -> 7429.24 | AB72: + | AC72: =IF(AA72<0,0,AA72) -> 7429.24 | AD72: kg | AE72: =XM.HN!F39 -> 0 | AF72: =AE72*8 -> 0 | AG72: =($F$72-AF72)*53066/1000 -> 7429.24 | AH72: + | AI72: =IF(AG72<0,0,AG72) -> 7429.24 | AJ72: kg | AK72: =XM.HN!G39 -> 0 | AL72: =AK72*8 -> 0 | AM72: =($F$72-AL72)*53066/1000 -> 7429.24 | AN72: + | AO72: =IF(AM72<0,0,AM72) -> 7429.24 | AP72: kg
A73: XT-ZN | B73: XT-000C | C73: Zn 鋅 (26-37) (1 pcs Zn=25kg) | D73: g/L | E73: ='XM.GUI MAIL'!E73 -> 6~8g/L (7±0.5g/L) | F73: ='XM.GUI MAIL'!F73 -> 7 | G73: =XM.HN!B40 -> 0 | H73: =G73*1.3 -> 0 | I73: =($F$73-H73)*53066/1000 -> 371.462 | J73: + | K73: =IF(I73<0,0,I73) -> 371.462 | L73: kg | M73: =XM.HN!C40 -> 0 | N73: =M73*1.3 -> 0 | O73: =($F$73-N73)*53066/1000 -> 371.462 | P73: + | Q73: =IF(O73<0,0,O73) -> 371.462 | R73: kg | S73: =XM.HN!D40 -> 0 | T73: =S73*1.3 -> 0 | U73: =($F$73-T73)*53066/1000 -> 371.462 | V73: + | W73: =IF(U73<0,0,U73) -> 371.462 | X73: kg | Y73: =XM.HN!E40 -> 0 | Z73: =Y73*1.3 -> 0 | AA73: =($F$73-Z73)*53066/1000 -> 371.462 | AB73: + | AC73: =IF(AA73<0,0,AA73) -> 371.462 | AD73: kg | AE73: =XM.HN!F40 -> 0 | AF73: =AE73*1.3 -> 0 | AG73: =($F$73-AF73)*53066/1000 -> 371.462 | AH73: + | AI73: =IF(AG73<0,0,AG73) -> 371.462 | AJ73: kg | AK73: =XM.HN!G40 -> 0 | AL73: =AK73*1.3 -> 0 | AM73: =($F$73-AL73)*53066/1000 -> 371.462 | AN73: + | AO73: =IF(AM73<0,0,AM73) -> 371.462 | AP73: kg
A74: XT-CR3I | B74: XT-000C | C74: Nồng độ Cr2O3 三價鉻(46) LANTHANE 318 (HALO) | D74: % | E74: ='XM.GUI MAIL'!E74 -> 5~8 % (6±0.5%) | F74: ='XM.GUI MAIL'!F74 -> 6 | G74: =XM.HN!B41 -> 0 | H74: =(G74*0.4237)-1.0461 -> -1.0461 | I74: =($F$74-H74)*3360/100 -> 236.74896 | J74: + | K74: =IF(I74<0,0,I74) -> 236.74896 | L74: L | M74: =XM.HN!C41 -> 0 | N74: =(M74*0.4237)-1.0461 -> -1.0461 | O74: =($F$74-N74)*3360/100 -> 236.74896 | P74: + | Q74: =IF(O74<0,0,O74) -> 236.74896 | R74: L | S74: =XM.HN!D41 -> 0 | T74: =(S74*0.4237)-1.0461 -> -1.0461 | U74: =($F$74-T74)*3360/100 -> 236.74896 | V74: + | W74: =IF(U74<0,0,U74) -> 236.74896 | X74: L | Y74: =XM.HN!E41 -> 0 | Z74: =(Y74*0.4237)-1.0461 -> -1.0461 | AA74: =($F$74-Z74)*3360/100 -> 236.74896 | AB74: + | AC74: =IF(AA74<0,0,AA74) -> 236.74896 | AD74: L | AE74: =XM.HN!F41 -> 0 | AF74: =(AE74*0.4237)-1.0461 -> -1.0461 | AG74: =($F$74-AF74)*3360/100 -> 236.74896 | AH74: + | AI74: =IF(AG74<0,0,AG74) -> 236.74896 | AJ74: L | AK74: =XM.HN!G41 -> 0 | AL74: =(AK74*0.4237)-1.0461 -> -1.0461 | AM74: =($F$74-AL74)*3360/100 -> 236.74896 | AN74: + | AO74: =IF(AM74<0,0,AM74) -> 236.74896 | AP74: L
A75: XT-CR3IPH | B75: XT-000C | C75: PH | D75: pH | E75: ='XM.GUI MAIL'!E75 -> 2.0~2.4(2.2±0.2 ) | F75: ='XM.GUI MAIL'!F75 -> 0 | H75: =XM.HN!B48 -> 0 | N75: =XM.HN!C48 -> 0 | T75: =XM.HN!D48 -> 0 | Z75: =XM.HN!E48 -> 0 | AF75: =XM.HN!F48 -> 0 | AL75: =XM.HN!G48 -> 0
A76: XT-HCL1 | B76: XT-000C | C76: Nồng độ acid đặc (13,14) 鹽酸 濃度 | D76: %V/V | E76: ='XM.GUI MAIL'!E76 -> 40~50 %V/V (45±5% V/V) | F76: ='XM.GUI MAIL'!F76 -> 0.45 | G76: =XM.HN!B42 -> 0 | H76: =(1*G76*36.5)/(0.5*10)/32%/100 -> 0 | I76: =($F$76-H76)*6723/2.6 -> 1163.5962 | J76: + | K76: =IF(I76<0,0,I76) -> 1163.5962 | L76: L | M76: =XM.HN!C42 -> 0 | N76: =(1*M76*36.5)/(0.5*10)/32%/100 -> 0 | O76: =($F$76-N76)*6723/2.6 -> 1163.5962 | P76: + | Q76: =IF(O76<0,0,O76) -> 1163.5962 | R76: L | S76: =XM.HN!D42 -> 0 | T76: =(1*S76*36.5)/(0.5*10)/32%/100 -> 0 | U76: =($F$76-T76)*6723/2.6 -> 1163.5962 | V76: + | W76: =IF(U76<0,0,U76) -> 1163.5962 | X76: L | Y76: =XM.HN!E42 -> 0 | Z76: =(1*Y76*36.5)/(0.5*10)/32%/100 -> 0 | AA76: =($F$76-Z76)*6723/2.6 -> 1163.5962 | AB76: + | AC76: =IF(AA76<0,0,AA76) -> 1163.5962 | AD76: L | AE76: =XM.HN!F42 -> 0 | AF76: =(1*AE76*36.5)/(0.5*10)/32%/100 -> 0 | AG76: =($F$76-AF76)*6723/2.6 -> 1163.5962 | AH76: + | AI76: =IF(AG76<0,0,AG76) -> 1163.5962 | AJ76: L | AK76: =XM.HN!G42 -> 0 | AL76: =(1*AK76*36.5)/(0.5*10)/32%/100 -> 0 | AM76: =($F$76-AL76)*6723/2.6 -> 1163.5962 | AN76: + | AO76: =IF(AM76<0,0,AM76) -> 1163.5962 | AP76: L
A77: XT-HCL2 | B77: XT-000C | C77: Nồng độ acid đặc (15,16,17) 鹽酸 濃度 | D77: %V/V | E77: ='XM.GUI MAIL'!E77 -> 40~50 %V/V (45±5% V/V) | F77: ='XM.GUI MAIL'!F77 -> 0.45 | G77: =XM.HN!B43 -> 0 | H77: =(1*G77*36.5)/(0.5*10)/32%/100 -> 0 | I77: =($F$76-H77)*10509/2.6 -> 1818.8654 | J77: + | K77: =IF(I77<0,0,I77) -> 1818.8654 | L77: L | M77: =XM.HN!C43 -> 0 | N77: =(1*M77*36.5)/(0.5*10)/32%/100 -> 0 | O77: =($F$76-N77)*10509/2.6 -> 1818.8654 | P77: + | Q77: =IF(O77<0,0,O77) -> 1818.8654 | R77: L | S77: =XM.HN!D43 -> 0 | T77: =(1*S77*36.5)/(0.5*10)/32%/100 -> 0 | U77: =($F$76-T77)*10509/2.6 -> 1818.8654 | V77: + | W77: =IF(U77<0,0,U77) -> 1818.8654 | X77: L | Y77: =XM.HN!E43 -> 0 | Z77: =(1*Y77*36.5)/(0.5*10)/32%/100 -> 0 | AA77: =($F$76-Z77)*10509/2.6 -> 1818.8654 | AB77: + | AC77: =IF(AA77<0,0,AA77) -> 1818.8654 | AD77: L | AE77: =XM.HN!F43 -> 0 | AF77: =(1*AE77*36.5)/(0.5*10)/32%/100 -> 0 | AG77: =($F$76-AF77)*10509/2.6 -> 1818.8654 | AH77: + | AI77: =IF(AG77<0,0,AG77) -> 1818.8654 | AJ77: L | AK77: =XM.HN!G43 -> 0 | AL77: =(1*AK77*36.5)/(0.5*10)/32%/100 -> 0 | AM77: =($F$76-AL77)*10509/2.6 -> 1818.8654 | AN77: + | AO77: =IF(AM77<0,0,AM77) -> 1818.8654 | AP77: L
A78: XT-HCL3 | B78: XT-000C | C78: Nồng độ acid loãng (12) 稀酸 濃度 | D78: %V/V | E78: ='XM.GUI MAIL'!E78 -> 20~40 %V/V (30±5% V/V) | F78: ='XM.GUI MAIL'!F78 -> 0.3 | G78: =XM.HN!B44 -> 0 | H78: =(1*G78*36.5)/(0.5*10)/32%/100 -> 0 | I78: =($F$78-H78)*3234/2.9 -> 334.55172 | J78: + | K78: =IF(I78<0,0,I78) -> 334.55172 | L78: L | M78: =XM.HN!C44 -> 0 | N78: =(1*M78*36.5)/(0.5*10)/32%/100 -> 0 | O78: =($F$78-N78)*3234/2.9 -> 334.55172 | P78: + | Q78: =IF(O78<0,0,O78) -> 334.55172 | R78: L | S78: =XM.HN!D44 -> 0 | T78: =(1*S78*36.5)/(0.5*10)/32%/100 -> 0 | U78: =($F$78-T78)*3234/2.9 -> 334.55172 | V78: + | W78: =IF(U78<0,0,U78) -> 334.55172 | X78: L | Y78: =XM.HN!E44 -> 0 | Z78: =(1*Y78*36.5)/(0.5*10)/32%/100 -> 0 | AA78: =($F$78-Z78)*3234/2.9 -> 334.55172 | AB78: + | AC78: =IF(AA78<0,0,AA78) -> 334.55172 | AD78: L | AE78: =XM.HN!F44 -> 0 | AF78: =(1*AE78*36.5)/(0.5*10)/32%/100 -> 0 | AG78: =($F$78-AF78)*3234/2.9 -> 334.55172 | AH78: + | AI78: =IF(AG78<0,0,AG78) -> 334.55172 | AJ78: L | AK78: =XM.HN!G44 -> 0 | AL78: =(1*AK78*36.5)/(0.5*10)/32%/100 -> 0 | AM78: =($F$78-AL78)*3234/2.9 -> 334.55172 | AN78: + | AO78: =IF(AM78<0,0,AM78) -> 334.55172 | AP78: L
A79: XT-HNO3 | B79: XT-000C | C79: Nồng độ HNO3 (42) 硝酸濃度 | D79: %V/V | E79: ='XM.GUI MAIL'!E79 -> 0.5~1.5% (1±0.4%) | F79: ='XM.GUI MAIL'!F79 -> 0.01 | G79: =XM.HN!B45 -> 0 | H79: =(1*G79*6.301)/5/100/65% -> 0 | I79: =($F$79-H79)*2808 -> 28.08 | J79: + | K79: =IF(I79<0,0,I79) -> 28.08 | L79: L | M79: =XM.HN!C45 -> 0 | N79: =(1*M79*6.301)/5/100/65% -> 0 | O79: =($F$79-N79)*2808 -> 28.08 | P79: + | Q79: =IF(O79<0,0,O79) -> 28.08 | R79: L | S79: =XM.HN!D45 -> 0 | T79: =(1*S79*6.301)/5/100/65% -> 0 | U79: =($F$79-T79)*2808 -> 28.08 | V79: + | W79: =IF(U79<0,0,U79) -> 28.08 | X79: L | Y79: =XM.HN!E45 -> 0 | Z79: =(1*Y79*6.301)/5/100/65% -> 0 | AA79: =($F$79-Z79)*2808 -> 28.08 | AB79: + | AC79: =IF(AA79<0,0,AA79) -> 28.08 | AD79: L | AE79: =XM.HN!F45 -> 0 | AF79: =(1*AE79*6.301)/5/100/65% -> 0 | AG79: =($F$79-AF79)*2808 -> 28.08 | AH79: + | AI79: =IF(AG79<0,0,AG79) -> 28.08 | AJ79: L | AK79: =XM.HN!G45 -> 0 | AL79: =(1*AK79*6.301)/5/100/65% -> 0 | AM79: =($F$79-AL79)*2808/1.8 -> 15.6 | AN79: + | AO79: =IF(AM79<0,0,AM79) -> 15.6 | AP79: L
A80: XT-CR3K | B80: XT-000C | C80: Cr2O3 （K) (49) 三價鉻 | D80: % | E80: ='XM.GUI MAIL'!E80 -> 3~9% (6±1%) | F80: ='XM.GUI MAIL'!F80 -> 6 | G80: =XM.HN!B46 -> 0 | H80: =G80*0.8 -> 0 | I80: =($F$80-H80)*4042/95*0.88 -> 224.65011 | J80: + | K80: =IF(I80<0,0,I80) -> 224.65011 | L80: L | M80: =XM.HN!C46 -> 0 | N80: =M80*0.8 -> 0 | O80: =($F$80-N80)*4042/95*0.88 -> 224.65011 | P80: + | Q80: =IF(O80<0,0,O80) -> 224.65011 | R80: L | S80: =XM.HN!D46 -> 0 | T80: =S80*0.8 -> 0 | U80: =($F$80-T80)*4042/95*0.88 -> 224.65011 | V80: + | W80: =IF(U80<0,0,U80) -> 224.65011 | X80: L | Y80: =XM.HN!E46 -> 0 | Z80: =Y80*0.8 -> 0 | AA80: =($F$80-Z80)*4042/95*0.88 -> 224.65011 | AB80: + | AC80: =IF(AA80<0,0,AA80) -> 224.65011 | AD80: L | AE80: =XM.HN!F46 -> 0 | AF80: =AE80*0.8 -> 0 | AG80: =($F$80-AF80)*4042/95*0.88 -> 224.65011 | AH80: + | AI80: =IF(AG80<0,0,AG80) -> 224.65011 | AJ80: L | AK80: =XM.HN!G46 -> 0 | AL80: =AK80*0.8 -> 0 | AM80: =($F$80-AL80)*4042/95*0.88 -> 224.65011 | AN80: + | AO80: =IF(AM80<0,0,AM80) -> 224.65011 | AP80: L
A81: XT-CR3KPH | B81: XT-000C | C81: PH | D81: pH | E81: ='XM.GUI MAIL'!E81 -> 1.8~2.4(2.0±0.1) | F81: ='XM.GUI MAIL'!F81 -> 0 | H81: =XM.HN!B47 -> 0 | N81: =XM.HN!C47 -> 0 | T81: =XM.HN!D47 -> 0 | Z81: =XM.HN!E47 -> 0 | AF81: =XM.HN!F47 -> 0 | AL81: =XM.HN!G47 -> 0
C82: Nồng độ Cr2O3 三價鉻( JASCO 45) | D82: % | E82: ='XM.GUI MAIL'!E82 -> 8~16 % (12±2%) | F82: ='XM.GUI MAIL'!F82 -> 12 | G82: =XM.HN!B49 -> 0 | H82: =G82*100/6.95/10 -> 0 | I82: =($F$82-H82)*3360/100 -> 403.2 | J82: + | K82: =IF(I82<0,0,I82) -> 403.2 | L82: L | M82: =XM.HN!C49 -> 0 | N82: =M82*100/6.95/10 -> 0 | O82: =($F$82-N82)*3360/100 -> 403.2 | P82: + | Q82: =IF(O82<0,0,O82) -> 403.2 | R82: L | S82: =XM.HN!D49 -> 0 | T82: =S82*100/6.95/10 -> 0 | U82: =($F$82-T82)*3360/100 -> 403.2 | V82: + | W82: =IF(U82<0,0,U82) -> 403.2 | X82: L | Y82: =XM.HN!E49 -> 0 | Z82: =Y82*100/6.95/10 -> 0 | AA82: =($F$82-Z82)*3360/100 -> 403.2 | AB82: + | AC82: =IF(AA82<0,0,AA82) -> 403.2 | AD82: L | AE82: =XM.HN!F49 -> 0 | AF82: =AE82*100/6.95/10 -> 0 | AG82: =($F$82-AF82)*3360/100 -> 403.2 | AH82: + | AI82: =IF(AG82<0,0,AG82) -> 403.2 | AJ82: L | AK82: =XM.HN!G49 -> 0 | AL82: =AK82*100/6.95/10 -> 0 | AM82: =($F$82-AL82)*3360/100 -> 403.2 | AN82: + | AO82: =IF(AM82<0,0,AM82) -> 403.2 | AP82: L
C83: PH | D83: pH | E83: ='XM.GUI MAIL'!E83 -> 1.8~2.4(2.0 ±0.2 ) | F83: ='XM.GUI MAIL'!F83 -> 0 | H83: =XM.HN!B50 -> 0 | N83: =XM.HN!C50 -> 0 | T83: =XM.HN!D50 -> 0 | Z83: =XM.HN!E50 -> 0 | AF83: =XM.HN!F50 -> 0 | AL83: =XM.HN!G50 -> 0
A84: XTNI-ZN | B84: XT-000C | C84: Zn-Niken Plating- Zn | D84: g/L | E84: ='XM.GUI MAIL'!E84 -> 5~6g/L (5.5± 1g/L) | F84: ='XM.GUI MAIL'!F84 -> 5.5 | G84: =XM.HN!B53 -> 0 | H84: =G84*1.3 -> 0 | I84: =($F$84-H84)*8000/1000 -> 44 | J84: + | K84: =IF(I84<0,0,I84) -> 44 | L84: kg | M84: =XM.HN!C53 -> 0 | S84: =XM.HN!D53 -> 0 | T84: =S84*1.3 -> 0 | U84: =($F$84-T84)*8000/1000 -> 44 | V84: + | W84: =IF(U84<0,0,U84) -> 44 | X84: kg | Y84: =XM.HN!E53 -> 0 | Z84: =Y84*1.3 -> 0 | AA84: =($F$84-Z84)*8000/1000 -> 44 | AB84: + | AC84: =IF(AA84<0,0,AA84) -> 44 | AD84: kg | AK84: =XM.HN!G53 -> 0 | AL84: =AK84*1.3 -> 0 | AM84: =($F$84-AL84)*8000/1000 -> 44 | AN84: + | AO84: =IF(AM84<0,0,AM84) -> 44 | AP84: kg
A85: XTNI-NI | B85: XT-000C | C85: Zn-Niken Plating- Ni | D85: g/L | E85: ='XM.GUI MAIL'!E85 -> 1.7~1.9g/L (1.8 ± 0.1g/L) | F85: ='XM.GUI MAIL'!F85 -> 1.8 | G85: =XM.HN!B54 -> 0 | H85: =G85 -> 0 | I85: =($F$85-H85)*8000/1000 -> 14.4 | J85: + | K85: =IF(I85<0,0,I85) -> 14.4 | L85: L | M85: =XM.HN!C54 -> 0 | S85: =XM.HN!D54 -> 0 | T85: =S85 -> 0 | U85: =($F$85-T85)*8000/1000 -> 14.4 | V85: + | W85: =IF(U85<0,0,U85) -> 14.4 | X85: L | Y85: =XM.HN!E54 -> 0 | Z85: =Y85 -> 0 | AA85: =($F$85-Z85)*8000/1000 -> 14.4 | AB85: + | AC85: =IF(AA85<0,0,AA85) -> 14.4 | AD85: L | AK85: =XM.HN!G54 -> 0 | AL85: =AK85 -> 0 | AM85: =($F$85-AL85)*8000/1000 -> 14.4 | AN85: + | AO85: =IF(AM85<0,0,AM85) -> 14.4 | AP85: L
A86: XTNI-NAOH | B86: XT-000C | C86: Zn-Niken Plating- NaOH | D86: g/L | E86: ='XM.GUI MAIL'!E86 -> 120~130g/L (125 ± 5g/L) | F86: ='XM.GUI MAIL'!F86 -> 125 | G86: =XM.HN!B55 -> 0 | H86: =G86*8 -> 0 | I86: =($F$86-H86)*8000/1000 -> 1000 | J86: + | K86: =IF(I86<0,0,I86) -> 1000 | L86: kg | M86: =XM.HN!C55 -> 0 | S86: =XM.HN!D55 -> 0 | T86: =S86*8 -> 0 | U86: =($F$86-T86)*8000/1000 -> 1000 | V86: + | W86: =IF(U86<0,0,U86) -> 1000 | X86: kg | Y86: =XM.HN!E55 -> 0 | Z86: =Y86*8 -> 0 | AA86: =($F$86-Z86)*8000/1000 -> 1000 | AB86: + | AC86: =IF(AA86<0,0,AA86) -> 1000 | AD86: kg | AK86: =XM.HN!G55 -> 0 | AL86: =AK86*8 -> 0 | AM86: =($F$86-AL86)*8000/1000 -> 1000 | AN86: + | AO86: =IF(AM86<0,0,AM86) -> 1000 | AP86: kg
A87: XTNI-HT | B87: XT-000C | C87: Zn-Niken Plating- 208HT | D87: g/L | E87: ='XM.GUI MAIL'!E87 -> 125~135g/L (130g/L) | F87: ='XM.GUI MAIL'!F87 -> 130 | G87: =XM.HN!B56 -> 0 | H87: =(G87-0.5)*8.9 -> -4.45 | I87: =($F$87-H87)*8000/1000 -> 1075.6 | J87: + | K87: =IF(I87<0,0,I87) -> 1075.6 | L87: L | M87: =XM.HN!C56 -> 0 | S87: =XM.HN!D56 -> 0 | T87: =(S87-0.5)*8.9 -> -4.45 | U87: =($F$87-T87)*8000/1000 -> 1075.6 | V87: + | W87: =IF(U87<0,0,U87) -> 1075.6 | X87: L | Y87: =XM.HN!E56 -> 0 | Z87: =(Y87-0.5)*8.9 -> -4.45 | AA87: =($F$87-Z87)*8000/1000 -> 1075.6 | AB87: + | AC87: =IF(AA87<0,0,AA87) -> 1075.6 | AD87: L | AK87: =XM.HN!G56 -> 0 | AL87: =(AK87-0.5)*8.9 -> -4.45 | AM87: =($F$87-AL87)*8000/1000 -> 1075.6 | AN87: + | AO87: =IF(AM87<0,0,AM87) -> 1075.6 | AP87: L
A88: XTNI-CR3PH | B88: XT-000C | C88: Cr2O3 三價鉻Ni- PH | D88: PH | E88: ='XM.GUI MAIL'!E88 -> 3.0-4.5(4.3±0.2) | F88: ='XM.GUI MAIL'!F88 -> 0 | H88: =XM.HN!B57 -> 0 | T88: =XM.HN!D57 -> 0 | Z88: =XM.HN!E57 -> 0 | AL88: =XM.HN!G57 -> 0
A89: Hạng mục kiểm tra nhiệt độ 檢查溫度
A90: MÃ | B90: MÃ MÁY | C90: Hạng mục kiểm tra nhiệt độ 溫度檢查項目 | D90: nhiệt độ 溫度 | E90: Tiêu chuẩn 控制範圍 | H90: Nhiệt kế 温度計 | K90: Nhiệt tự động 自動温控 | N90: Nhiệt kế 温度計 | Q90: Nhiệt tự động 自動温控 | T90: Nhiệt kế 温度計 | W90: Nhiệt tự động 自動温控 | Z90: Nhiệt kế 温度計 | AC90: Nhiệt tự động 自動温控 | AF90: Nhiệt kế 温度計 | AI90: Nhiệt tự động 自動温控 | AL90: Nhiệt kế 温度計 | AO90: Nhiệt tự động 自動温控
A91: XT-TEMXB1 | B91: XT-000C | C91: Nhiệt độ xà bông nóng (1) 熱脫脂溫度(1) | D91: 0C | E91: ='XM.GUI MAIL'!E91 -> 65~75ºC (70±3OC)
A92: XT-TEMXB2 | B92: XT-000C | C92: Nhiệt độ xà bông nóng (2) 熱脫脂溫度(2) | D92: 0C | E92: ='XM.GUI MAIL'!E92 -> 65~75ºC (70±3OC)
A93: XT-TEMDG1 | B93: XT-000C | C93: Nhiệt độ điện giải (1) 電解1 溫度 | D93: 0C | E93: ='XM.GUI MAIL'!E93 -> 60~70ºC (65±3OC)
A94: XT-TEMDG2 | B94: XT-000C | C94: Nhiệt độ điện giải (2) 電解 2 溫度 | D94: 0C | E94: ='XM.GUI MAIL'!E94 -> 60~70ºC (65±3OC)
A95: XT-TEMBX | B95: XT-000C | C95: Nhiệt độ bồn xi 鍍鋅槽溫度 | D95: 0C | E95: ='XM.GUI MAIL'!E95 -> 24~26ºC (25OC)
A96: XT-TEMCR3I | B96: XT-000C | C96: Nhiệt độ bồn màu Cr2O3 三價鉻 溫度 HALO | D96: 0C | E96: ='XM.GUI MAIL'!E96 -> 34~36ºC (35±1OC)
A97: XT-TEMH2O | B97: XT-000C | C97: Nhiệt độ bồn nước nóng 熱水溫度 | D97: 0C | E97: ='XM.GUI MAIL'!E97 -> 55~65ºC (60±3OC)
A98: XT-TEMSAY | B98: XT-000C | C98: Sấy khô 烘乾 | D98: 0C | E98: ='XM.GUI MAIL'!E98 -> 65~75ºC (70±3OC) | H98: \ | N98: \ | T98: \ | Z98: \ | AF98: \ | AL98: \
C99: Nhiệt độ bồn màu Cr2O3 (K) 三價鉻 溫度 | D99: 0C | E99: ='XM.GUI MAIL'!E99 -> 20~30ºC
C100: Nhiệt độ bồn màu Cr2O3 三價鉻 溫度 JASCO | D100: 0C | E100: ='XM.GUI MAIL'!E100 -> 35~45ºC (40±3OC)
A101: XTNI-TEMBX | B101: XT-000C | C101: Nhiệt độ bồn xi Zn-Niken Zn-Niken 鍍鋅槽溫度 | D101: 0C | E101: ='XM.GUI MAIL'!E101 -> 24~28ºC (26±2OC)
A102: XTNI-TEMSIEUAM | B102: XT-000C | C102: Nhiệt độ nước nóng siêm âm 超音波熱水洗槽 | D102: 0C | E102: ='XM.GUI MAIL'!E102 -> 40~60ºC (50±10OC)
...

Sheet 1. XL-1E kh
A1: 錩新科技股份有限公司 CX TECHNOLOGY CORPORATION
A2: BÁO CÁO KẾT QUẢ HÓA NGHIỆM HÀNG NGÀY XL-001E 表面處理生產製程管控記錄表 | AC2: Lập biểu 作成 | AE2: Xác nhận 確認
B3: XL-001E | G3: =MENU!AC9 -> 2022/12/03 | AC3: =MENU!AD6 -> L.Yen | AE3: Yen
A4: NO | B4: Hạng mục kiểm tra nồng dộ 化驗檢查項目 | F4: Đơn vị 單位 | G4: Tiêu chuẩn 控制範圍 | H4: 0.26041667 | L4: KQ bổ sung sau 1H | P4: 0.42708333 | T4: KQ bổ sung sau 1H | X4: 0.59375 | AB4: KQ bổ sung sau 1H | AF4: Mã số văn kiện 文件編號
H5: 濃度 | I5: 補充 BS | L5: 濃度 | M5: 補充 BS | P5: 濃度 | Q5: 補充 BS | T5: 濃度 | U5: 補充 BS | X5: 濃度 | Y5: 補充 BS | AB5: 濃度 | AC5: 補充 BS | AF5: Q3-CXVN -PC01-
A6: 1 | B6: Xà bông (1) 脫脂 | D6: NaOH | F6: g/L | G6: ='XM.GUI MAIL'!$E$6 -> 25~35g/L (30±2g/L) | H6: ='XM.FILE GOC'!H6 -> 30 | I6: + | J6: ='XM.FILE GOC'!K6 -> 0 | K6: kg | P6: ='XM.FILE GOC'!N6 -> 29.6 | Q6: + | R6: ='XM.FILE GOC'!Q6 -> 1.0772 | S6: kg | T6: 31 | X6: ='XM.FILE GOC'!T6 -> 31 | Y6: + | Z6: ='XM.FILE GOC'!W6 -> 0 | AA6: kg | AF6: IS06
D7: CleanA 840ml/NaOH 25kg | F7: ml/L | G7: 按NaOH添加數據添加 | I7: + | J7: =J6/25*840/1000 -> 0 | K7: L | Q7: + | R7: =R6/25*840/1000 -> 0.03619392 | S7: L | Y7: + | Z7: =Z6/25*840/1000 -> 0 | AA7: L
D8: CleanB 8400ml/NaOH 25kg | F8: ml/L | G8: 按NaOH添加數據添加 | I8: + | J8: =J7*10 -> 0 | K8: L | Q8: + | R8: =R7*10 -> 0.3619392 | S8: L | Y8: + | Z8: =Z7*10 -> 0 | AA8: L
A9: 2 | B9: Xà bông (2) 脫脂 | D9: NaOH | F9: g/L | G9: ='XM.GUI MAIL'!$E$7 -> 25~35g/L (30±2g/L) | H9: ='XM.FILE GOC'!H7 -> 30.8 | I9: + | J9: ='XM.FILE GOC'!K7 -> 0 | K9: kg | P9: ='XM.FILE GOC'!N7 -> 30 | Q9: + | R9: ='XM.FILE GOC'!Q7 -> 0 | S9: kg | X9: ='XM.FILE GOC'!T7 -> 29.6 | Y9: + | Z9: ='XM.FILE GOC'!W7 -> 1.322 | AA9: kg | AB9: 31.2 | AF9: IS06
D10: CleanA 840ml/NaOH 25kg | F10: ml/L | G10: 按NaOH添加數據添加 | I10: + | J10: =J9/25*840/1000 -> 0 | K10: L | Q10: + | R10: =R9/25*840/1000 -> 0 | S10: L | Y10: + | Z10: =Z9/25*840/1000 -> 0.0444192 | AA10: L
D11: CleanB 8400ml/NaOH 25kg | F11: ml/L | G11: 按NaOH添加數據添加 | I11: + | J11: =J10*10 -> 0 | K11: L | Q11: + | R11: =R10*10 -> 0 | S11: L | Y11: + | Z11: =Z10*10 -> 0.444192 | AA11: L
A12: 3 | B12: Điện giải(1) 電解 | D12: NaOH | F12: g/L | G12: ='XM.GUI MAIL'!$E$8 -> 60~80g/L (70±10g/L) | H12: ='XM.FILE GOC'!H8 -> 70.2 | I12: + | J12: ='XM.FILE GOC'!K8 -> 0 | K12: kg | P12: ='XM.FILE GOC'!N8 -> 69.2 | Q12: + | R12: ='XM.FILE GOC'!Q8 -> 0.9248 | S12: kg | T12: 71 | X12: ='XM.FILE GOC'!T8 -> 71.3 | Y12: + | Z12: ='XM.FILE GOC'!W8 -> 0 | AA12: kg | AF12: IS06
D13: CleanB 7.5L/NaOH 25kg | F13: ml/L | G13: 按NaOH添加數據添加 | I13: + | J13: =J12/25*7.5 -> 0 | K13: L | Q13: + | R13: =R12/25*7.5 -> 0.27744 | S13: L | Y13: + | Z13: =Z12/25*7.5 -> 0 | AA13: L
A14: 4 | B14: Điện giải (2) 電解 | D14: NaOH | F14: g/L | G14: ='XM.GUI MAIL'!$E$9 -> 60~80g/L (70±10g/L) | H14: ='XM.FILE GOC'!H9 -> 72.8 | I14: + | J14: ='XM.FILE GOC'!K9 -> 0 | K14: kg | P14: ='XM.FILE GOC'!N9 -> 71.2 | Q14: + | R14: ='XM.FILE GOC'!Q9 -> 0 | S14: kg | X14: ='XM.FILE GOC'!T9 -> 71 | Y14: + | Z14: ='XM.FILE GOC'!W9 -> 0 | AA14: kg | AF14: IS06
D15: CleanB 7.5L/NaOH 25kg | F15: ml/L | G15: 按NaOH添加數據添加 | I15: + | J15: =J14/25*7.5 -> 0 | K15: L | Q15: + | R15: =R14/25*7.5 -> 0 | S15: L | Y15: + | Z15: =Z14/25*7.5 -> 0 | AA15: L
A16: 5 | B16: Nồng độ NaOH 氫氧化鈉 | F16: g/L | G16: ='XM.GUI MAIL'!$E$10 -> 130 - 150g/L (140±5g/L) | H16: ='XM.FILE GOC'!H10 -> 140 | I16: + | J16: ='XM.FILE GOC'!K10 -> 0 | K16: kg | P16: ='XM.FILE GOC'!N10 -> 139.2 | Q16: + | R16: ='XM.FILE GOC'!Q10 -> 15.9608 | S16: kg | T16: 140.8 | X16: ='XM.FILE GOC'!T10 -> 140.8 | Y16: + | Z16: ='XM.FILE GOC'!W10 -> 0 | AA16: kg | AF16: IS08
B17: Nồng độ Zn 鋅 (1 pcs Zn=25kg) | F17: g/L | G17: ='XM.GUI MAIL'!$E$11 -> 7-12g/l (9g±1g/l) | H17: ='XM.FILE GOC'!H11 -> 10.01 | I17: + | J17: ='XM.FILE GOC'!K11 -> 0 | K17: kg | P17: ='XM.FILE GOC'!N11 -> 10.01 | Q17: + | R17: ='XM.FILE GOC'!Q11 -> 0 | S17: kg | X17: ='XM.FILE GOC'!T11 -> 9.75 | Y17: + | Z17: ='XM.FILE GOC'!W11 -> 0 | AA17: kg | AF17: IS07
A18: 6 | B18: Nồng độ Cr2O3 三價鉻 | F18: % | G18: ='XM.GUI MAIL'!$E$12 -> 12~18 % (14±2%) | H18: ='XM.FILE GOC'!H12 -> 13.669065 | I18: + | J18: ='XM.FILE GOC'!K12 -> 1.9028777 | K18: L | L18: 14 | P18: ='XM.FILE GOC'!N12 -> 14.388489 | Q18: + | R18: ='XM.FILE GOC'!Q12 -> 0 | S18: L | X18: ='XM.FILE GOC'!T12 -> 14 | Y18: + | Z18: ='XM.FILE GOC'!W12 -> 0 | AA18: L | AF18: IS05
F19: pH | G19: ='XM.GUI MAIL'!$E$13 -> 1.6~2.2(1.8±0.1 ) | H19: ='XM.FILE GOC'!H13 -> 1.76 | J19: ='XM.FILE GOC'!K13 -> 0 | P19: ='XM.FILE GOC'!N13 -> 1.75 | R19: ='XM.FILE GOC'!Q13 -> 0 | X19: ='XM.FILE GOC'!T13 -> 1.89 | Z19: ='XM.FILE GOC'!W13 -> 0
A20: 7 | B20: Nồng độ acid đặc 鹽酸 濃度 | F20: %V/V | G20: ='XM.GUI MAIL'!$E$14 -> 30~60 %V/V (45±5% V/V) | H20: ='XM.FILE GOC'!H14 -> 0.46 | I20: + | J20: ='XM.FILE GOC'!K14 -> 0 | K20: L | P20: ='XM.FILE GOC'!N14 -> 0.45625 | Q20: + | R20: ='XM.FILE GOC'!Q14 -> 0 | S20: L | X20: ='XM.FILE GOC'!T14 -> 0.452 | Y20: + | Z20: ='XM.FILE GOC'!W14 -> 0 | AA20: L | AF20: IS04
A21: 8 | B21: Nồng độ acid loãng 稀酸 濃度 | F21: %V/V | G21: ='XM.GUI MAIL'!$E$15 -> 15~30 %V/V (22±5 V/V) | H21: ='XM.FILE GOC'!H15 -> 0.252 | I21: + | J21: ='XM.FILE GOC'!K15 -> 0 | K21: L | P21: ='XM.FILE GOC'!N15 -> 0.242 | Q21: + | R21: ='XM.FILE GOC'!Q15 -> 0 | S21: L | X21: ='XM.FILE GOC'!T15 -> 0.233 | Y21: + | Z21: ='XM.FILE GOC'!W15 -> 0 | AA21: L | AF21: IS04
A22: 9 | B22: Nồng độ HCL hoạt hóa 稀酸活化 濃度 | F22: %V/V | G22: ='XM.GUI MAIL'!$E$16 -> 5~15 %V/V (10±3% V/V) | H22: ='XM.FILE GOC'!H16 -> 0.1140625 | I22: + | J22: ='XM.FILE GOC'!K16 -> 0 | K22: L | P22: ='XM.FILE GOC'!N16 -> 0.1049375 | Q22: + | R22: ='XM.FILE GOC'!Q16 -> 0 | S22: L | X22: ='XM.FILE GOC'!T16 -> 0.09353125 | Y22: + | Z22: ='XM.FILE GOC'!W16 -> 3.7195313 | AA22: L | AB22: 0.106 | AF22: IS15
A23: 10 | B23: Nồng độ HNO3 硝酸濃度 | F23: % | G23: ='XM.GUI MAIL'!$E$17 -> 0.5~1.5% (1±0.4%) | H23: ='XM.FILE GOC'!H17 -> 0.0113418 | I23: + | J23: ='XM.FILE GOC'!K17 -> 0 | K23: L | P23: ='XM.FILE GOC'!N17 -> 0.0100816 | Q23: + | R23: ='XM.FILE GOC'!Q17 -> 0 | S23: L | X23: ='XM.FILE GOC'!T17 -> 0.0113418 | Y23: + | Z23: ='XM.FILE GOC'!W17 -> 0 | AA23: L | AF23: IS15
A24: Hạng mục kiểm tra nhiệt độ 檢查溫度
A25: NO | B25: Hạng mục kiểm tra nhiệt độ 溫度檢查項目 | F25: nhiệt độ 溫度 | G25: Tiêu chuẩn 控制範圍 | H25: Nhiệt kế 温度計 | J25: Nhiệt tự động 自動温控 | P25: Nhiệt kế 温度計 | R25: Nhiệt tự động 自動温控 | X25: Nhiệt kế 温度計 | Z25: Nhiệt tự động 自動温控
A26: 1 | B26: Nhiệt độ xà bông nóng (1) 熱脫脂溫度(1) | F26: 0C | G26: ='XM.GUI MAIL'!$E$22 -> 65~75ºC (70±3OC) | H26: ='XM.FILE GOC'!H22 -> 69 | J26: ='XM.FILE GOC'!K22 -> 68 | P26: 68 | R26: 69 | X26: 67 | Z26: 68
A27: 2 | B27: Nhiệt độ xà bông nóng (2) 熱脫脂溫度(2) | C27: Nhiệt độ xà bông nóng (2) 熱脫脂溫度(2) | D27: Nhiệt độ xà bông nóng (2) 熱脫脂溫度(2) | E27: Nhiệt độ xà bông nóng (2) 熱脫脂溫度(2) | F27: 0C | G27: ='XM.GUI MAIL'!$E$23 -> 65~75ºC (70±3OC) | H27: ='XM.FILE GOC'!H23 -> 71 | J27: ='XM.FILE GOC'!K23 -> 70 | P27: ='XM.FILE GOC'!N23 -> 71 | R27: ='XM.FILE GOC'!Q23 -> 70 | X27: ='XM.FILE GOC'!T23 -> 71 | Z27: ='XM.FILE GOC'!W23 -> 70
A28: 3 | B28: Nhiệt độ điện giải (1) 電解1 溫度 | C28: Nhiệt độ điện giải (1) 電解1 溫度 | D28: Nhiệt độ điện giải (1) 電解1 溫度 | E28: Nhiệt độ điện giải (1) 電解1 溫度 | F28: 0C | G28: ='XM.GUI MAIL'!$E$24 -> 50~60ºC (55±3OC) | H28: ='XM.FILE GOC'!H24 -> 58 | J28: ='XM.FILE GOC'!K24 -> 57 | P28: ='XM.FILE GOC'!N24 -> 58 | R28: ='XM.FILE GOC'!Q24 -> 57 | X28: ='XM.FILE GOC'!T24 -> 58 | Z28: ='XM.FILE GOC'!W24 -> 60
A29: 4 | B29: Nhiệt độ điện giải (2) 電解 2 溫度 | C29: Nhiệt độ điện giải (2) 電解 2 溫度 | D29: Nhiệt độ điện giải (2) 電解 2 溫度 | E29: Nhiệt độ điện giải (2) 電解 2 溫度 | F29: 0C | G29: ='XM.GUI MAIL'!$E$25 -> 50~60ºC (55±3OC) | H29: ='XM.FILE GOC'!H25 -> 55 | J29: ='XM.FILE GOC'!K25 -> 54 | P29: ='XM.FILE GOC'!N25 -> 56 | R29: ='XM.FILE GOC'!Q25 -> 55 | X29: ='XM.FILE GOC'!T25 -> 56 | Z29: ='XM.FILE GOC'!W25 -> 54
A30: 5 | B30: Nhiệt độ bồn xi 鍍鋅槽溫度 | C30: Nhiệt độ bồn xi 鍍鋅槽溫度 | D30: Nhiệt độ bồn xi 鍍鋅槽溫度 | E30: Nhiệt độ bồn xi 鍍鋅槽溫度 | F30: 0C | G30: ='XM.GUI MAIL'!$E$26 -> 20~30ºC (25±3OC) | H30: 25 | J30: 26 | P30: 26 | R30: 27 | X30: 25 | Z30: 26
A31: 6 | B31: Nhiệt độ bồn màu Cr2O3 三價鉻 溫度 | C31: Nhiệt độ bồn màu Cr2O3 三價鉻 溫度 | D31: Nhiệt độ bồn màu Cr2O3 三價鉻 溫度 | E31: Nhiệt độ bồn màu Cr2O3 三價鉻 溫度 | F31: 0C | G31: ='XM.GUI MAIL'!$E$27 -> 35-45ºC (40±3OC) | H31: ='XM.FILE GOC'!H27 -> 42 | J31: ='XM.FILE GOC'!K27 -> 41 | P31: ='XM.FILE GOC'!N27 -> 42 | R31: ='XM.FILE GOC'!Q27 -> 41 | X31: ='XM.FILE GOC'!T27 -> 42 | Z31: ='XM.FILE GOC'!W27 -> 41
A32: 7 | B32: Nhiệt độ bồn nước nóng 熱水溫度 | C32: Nhiệt độ bồn nước nóng 熱水溫度 | D32: Nhiệt độ bồn nước nóng 熱水溫度 | E32: Nhiệt độ bồn nước nóng 熱水溫度 | F32: 0C | G32: ='XM.GUI MAIL'!$E$28 -> 55~65ºC (60±3OC) | H32: ='XM.FILE GOC'!H28 -> 57 | J32: ='XM.FILE GOC'!K28 -> 56 | P32: ='XM.FILE GOC'!N28 -> 58 | R32: ='XM.FILE GOC'!Q28 -> 57 | X32: ='XM.FILE GOC'!T28 -> 58 | Z32: ='XM.FILE GOC'!W28 -> 57
A33: 8 | B33: Sấy khô 烘乾 | C33: Sấy khô 烘乾 | D33: Sấy khô 烘乾 | E33: Sấy khô 烘乾 | F33: 0C | G33: ='XM.GUI MAIL'!$E$29 -> 65~75ºC (70±3OC) | H33: ='XM.FILE GOC'!H29 -> \ | J33: ='XM.FILE GOC'!K29 -> 73 | P33: ='XM.FILE GOC'!N29 -> \ | R33: ='XM.FILE GOC'!Q29 -> 74 | X33: ='XM.FILE GOC'!T29 -> \ | Z33: ='XM.FILE GOC'!W29 -> 70
A34: Hạng mục kiểm tra bơm thuốc tự động 藥液自動添加
A35: NO | B35: Hạng mục bơm thuốc 自動添加檢查項目 | F35: Đơn vị 單位 | G35: Tiêu chuẩn 控制範圍 | H35: Lượng bơm 添加量 | P35: Lượng bơm 添加量 | X35: Lượng bơm 添加量
A36: 1 | B36: chất mềm (merlin starer) 開缸劑 | F36: ml/KAH | G36: ='XM.GUI MAIL'!$E$31 -> 300-360 | H36: ='XM.FILE GOC'!H31 -> 350 | P36: ='XM.FILE GOC'!N31 -> 345 | X36: ='XM.FILE GOC'!T31 -> 330
A37: 2 | B37: chất bóng (merlin brightener) 光亮劑 | F37: ml/KAH | G37: ='XM.GUI MAIL'!$E$32 -> 30-50 | H37: ='XM.FILE GOC'!H32 -> 44 | P37: ='XM.FILE GOC'!N32 -> 42 | X37: ='XM.FILE GOC'!T32 -> 42
A39: 錩新科技股份有限公司 CX TECHNOLOGY CORPORATION
A40: BÁO CÁO KẾT QUẢ HÓA NGHIỆM HÀNG NGÀY XL-001E 表面處理生產製程管控記錄表 | AC40: Lập biểu 作成 | AE40: Xác nhận 確認
B41: XL-001E | G41: =$G$3 -> 2022/12/03 | AC41: =MENU!AD7 -> Trang | AE41: Yen
A42: NO | B42: Hạng mục kiểm tra nồng dộ 化驗檢查項目 | F42: Đơn vị 單位 | G42: Tiêu chuẩn 控制範圍 | H42: 0.76041667 | L42: KQ bổ sung sau 1H | P42: 0.92708333 | T42: KQ bổ sung sau 1H | X42: 0.09375 | AB42: KQ bổ sung sau 1H | AF42: Mã số văn kiện 文件編號
H43: 濃度 | I43: 補充 BS | L43: 濃度 | M43: 補充 BS | P43: 濃度 | Q43: 補充 BS | T43: 濃度 | U43: 補充 BS | X43: 濃度 | Y43: 補充 BS | AB43: 濃度 | AC43: 補充 BS | AF43: Q3-CXVN -PC01-
A44: 1 | B44: Xà bông (1) 脫脂 | D44: NaOH | F44: g/L | G44: ='XM.GUI MAIL'!$E$6 -> 25~35g/L (30±2g/L) | H44: ='XM.FILE GOC'!Z6 -> 30 | I44: + | J44: ='XM.FILE GOC'!AC6 -> 0 | K44: kg | P44: ='XM.FILE GOC'!AF6 -> 29.5 | Q44: + | R44: ='XM.FILE GOC'!AI6 -> 1.3465 | S44: kg | X44: ='XM.FILE GOC'!AL6 -> 29.2 | Y44: + | Z44: ='XM.FILE GOC'!AO6 -> 2.1544 | AA44: kg | AB44: 30 | AC44: + | AD44: =('XM.FILE GOC'!$F$6-AB44)*2693/1000 -> 0 | AE44: kg | AF44: IS06
D45: CleanA 840ml/NaOH 25kg | F45: ml/L | G45: 按NaOH添加數據添加 | I45: + | J45: =J44/25*840/1000 -> 0 | K45: L | Q45: + | R45: =R44/25*840/1000 -> 0.0452424 | S45: L | Y45: + | Z45: =Z44/25*840/1000 -> 0.07238784 | AA45: L
D46: CleanB 8400ml/NaOH 25kg | F46: ml/L | G46: 按NaOH添加數據添加 | I46: + | J46: =J45*10 -> 0 | K46: L | Q46: + | R46: =R45*10 -> 0.452424 | S46: L | Y46: + | Z46: =Z45*10 -> 0.7238784 | AA46: L
A47: 2 | B47: Xà bông (2) 脫脂 | D47: NaOH | F47: g/L | G47: ='XM.GUI MAIL'!$E$7 -> 25~35g/L (30±2g/L) | H47: ='XM.FILE GOC'!Z7 -> 31.6 | I47: + | J47: ='XM.FILE GOC'!AC7 -> 0 | K47: kg | P47: ='XM.FILE GOC'!AF7 -> 31.2 | Q47: + | R47: ='XM.FILE GOC'!AI7 -> 0 | S47: kg | X47: ='XM.FILE GOC'!AL7 -> 30.8 | Y47: + | Z47: ='XM.FILE GOC'!AO7 -> 0 | AA47: kg | AF47: IS06
D48: CleanA 840ml/NaOH 25kg | F48: ml/L | G48: 按NaOH添加數據添加 | I48: + | J48: =J47/25*840/1000 -> 0 | K48: L | Q48: + | R48: =R47/25*840/1000 -> 0 | S48: L | Y48: + | Z48: =Z47/25*840/1000 -> 0 | AA48: L
D49: CleanB 8400ml/NaOH 25kg | F49: ml/L | G49: 按NaOH添加數據添加 | I49: + | J49: =J48*10 -> 0 | K49: L | Q49: + | R49: =R48*10 -> 0 | S49: L | Y49: + | Z49: =Z48*10 -> 0 | AA49: L
A50: 3 | B50: Điện giải(1) 電解 | D50: NaOH | F50: g/L | G50: ='XM.GUI MAIL'!$E$8 -> 60~80g/L (70±10g/L) | H50: ='XM.FILE GOC'!Z8 -> 71 | I50: + | J50: ='XM.FILE GOC'!AC8 -> 0 | K50: kg | P50: ='XM.FILE GOC'!AF8 -> 70.6 | Q50: + | R50: ='XM.FILE GOC'!AI8 -> 0 | S50: kg | X50: ='XM.FILE GOC'!AL8 -> 70 | Y50: + | Z50: ='XM.FILE GOC'!AO8 -> 0 | AA50: kg | AF50: IS06
D51: CleanB 7.5L/NaOH 25kg | F51: ml/L | G51: 按NaOH添加數據添加 | I51: + | J51: =J50/25*7.5 -> 0 | K51: L | Q51: + | R51: =R50/25*7.5 -> 0 | S51: L | Y51: + | Z51: =Z50/25*7.5 -> 0 | AA51: L
A52: 4 | B52: Điện giải (2) 電解 | D52: NaOH | F52: g/L | G52: ='XM.GUI MAIL'!$E$9 -> 60~80g/L (70±10g/L) | H52: ='XM.FILE GOC'!Z9 -> 70.4 | I52: + | J52: ='XM.FILE GOC'!AC9 -> 0 | K52: kg | P52: ='XM.FILE GOC'!AF9 -> 70 | Q52: + | R52: ='XM.FILE GOC'!AI9 -> 0 | S52: kg | X52: ='XM.FILE GOC'!AL9 -> 69.5 | Y52: + | Z52: ='XM.FILE GOC'!AO9 -> 0.7295 | AA52: kg | AF52: IS06
D53: CleanB 7.5L/NaOH 25kg | F53: ml/L | G53: 按NaOH添加數據添加 | I53: + | J53: =J52/25*7.5 -> 0 | K53: L | Q53: + | R53: =R52/25*7.5 -> 0 | S53: L | Y53: + | Z53: =Z52/25*7.5 -> 0.21885 | AA53: L
A54: 5 | B54: Nồng độ NaOH 氫氧化鈉 | F54: g/L | G54: ='XM.GUI MAIL'!$E$10 -> 130 - 150g/L (140±5g/L) | H54: ='XM.FILE GOC'!Z10 -> 140.8 | I54: + | J54: ='XM.FILE GOC'!AC10 -> 0 | K54: kg | P54: ='XM.FILE GOC'!AF10 -> 140.4 | Q54: + | R54: ='XM.FILE GOC'!AI10 -> 0 | S54: kg | X54: ='XM.FILE GOC'!AL10 -> 139.2 | Y54: + | Z54: ='XM.FILE GOC'!AO10 -> 15.9608 | AA54: kg | AB54: 140 | AC54: + | AD54: =('XM.FILE GOC'!$F$10-AB54)*19951/1000 -> 0 | AE54: kg | AF54: IS08
B55: Nồng độ Zn 鋅 (1 pcs Zn=25kg) | F55: g/L | G55: ='XM.GUI MAIL'!$E$11 -> 7-12g/l (9g±1g/l) | H55: ='XM.FILE GOC'!Z11 -> 9.88 | I55: + | J55: ='XM.FILE GOC'!AC11 -> 0 | K55: kg | P55: ='XM.FILE GOC'!AF11 -> 10 | Q55: + | R55: ='XM.FILE GOC'!AI11 -> 0 | S55: kg | X55: ='XM.FILE GOC'!AL11 -> 10.1 | Y55: + | Z55: ='XM.FILE GOC'!AO11 -> 0 | AA55: kg | AF55: IS07
A56: 6 | B56: Nồng độ Cr2O3 三價鉻 | F56: % | G56: ='XM.GUI MAIL'!$E$12 -> 12~18 % (14±2%) | H56: ='XM.FILE GOC'!Z12 -> 13.8 | I56: + | J56: ='XM.FILE GOC'!AC12 -> 1.15 | K56: L | P56: ='XM.FILE GOC'!AF12 -> 13.5 | Q56: + | R56: ='XM.FILE GOC'!AI12 -> 2.875 | S56: L | T56: 14.2 | U56: + | V56: =('XM.FILE GOC'!$F$12-T56)*575/95-4 -> -5.2105263 | W56: L | X56: ='XM.FILE GOC'!AL12 -> 13.381295 | Y56: + | Z56: ='XM.FILE GOC'!AO12 -> 3.557554 | AA56: L | AB56: 14.1 | AC56: + | AD56: =('XM.FILE GOC'!$F$12-AB56)*575/95-4 -> -4.6052632 | AE56: L | AF56: IS05
F57: pH | G57: ='XM.GUI MAIL'!$E$13 -> 1.6~2.2(1.8±0.1 ) | H57: ='XM.FILE GOC'!Z13 -> 1.78 | J57: ='XM.FILE GOC'!AC13 -> 0 | P57: 1.87 | R57: ='XM.FILE GOC'!AI13 -> 0 | X57: ='XM.FILE GOC'!AL13 -> 1.8 | Z57: ='XM.FILE GOC'!AO13 -> 0
A58: 7 | B58: Nồng độ acid đặc 鹽酸 濃度 | F58: %V/V | G58: ='XM.GUI MAIL'!$E$14 -> 30~60 %V/V (45±5% V/V) | H58: ='XM.FILE GOC'!Z14 -> 0.45625 | I58: + | J58: ='XM.FILE GOC'!AC14 -> 0 | K58: L | P58: ='XM.FILE GOC'!AF14 -> 0.451 | Q58: + | R58: ='XM.FILE GOC'!AI14 -> 0 | S58: L | X58: ='XM.FILE GOC'!AL14 -> 0.44484375 | Y58: + | Z58: ='XM.FILE GOC'!AO14 -> 10.941563 | AA58: L | AB58: 0.449 | AC58: + | AD58: =('XM.FILE GOC'!$F$14-AB58)*2122 -> 2.122 | AE58: L | AF58: IS04
A59: 8 | B59: Nồng độ acid loãng 稀酸 濃度 | F59: %V/V | G59: ='XM.GUI MAIL'!$E$15 -> 15~30 %V/V (22±5 V/V) | H59: ='XM.FILE GOC'!Z15 -> 0.23 | I59: + | J59: ='XM.FILE GOC'!AC15 -> 0 | K59: L | P59: ='XM.FILE GOC'!AF15 -> 0.228 | Q59: + | R59: ='XM.FILE GOC'!AI15 -> 0 | S59: L | X59: ='XM.FILE GOC'!AL15 -> 0.225 | Y59: + | Z59: ='XM.FILE GOC'!AO15 -> 0 | AA59: L | AF59: IS04
A60: 9 | B60: Nồng độ HCL hoạt hóa 稀酸活化 濃度 | F60: %V/V | G60: ='XM.GUI MAIL'!$E$16 -> 5~15 %V/V (10±3% V/V) | H60: ='XM.FILE GOC'!Z16 -> 0.10265625 | I60: + | J60: ='XM.FILE GOC'!AC16 -> 0 | K60: L | P60: ='XM.FILE GOC'!AF16 -> 0.096 | Q60: + | R60: ='XM.FILE GOC'!AI16 -> 2.3 | S60: L | X60: ='XM.FILE GOC'!AL16 -> 0.0958125 | Y60: + | Z60: ='XM.FILE GOC'!AO16 -> 2.4078125 | AA60: L | AF60: IS15
A61: 10 | B61: Nồng độ HNO3 硝酸濃度 | F61: % | G61: ='XM.GUI MAIL'!$E$17 -> 0.5~1.5% (1±0.4%) | H61: ='XM.FILE GOC'!Z17 -> 0.012602 | I61: + | J61: ='XM.FILE GOC'!AC17 -> 0 | K61: L | P61: ='XM.FILE GOC'!AF17 -> 0.011 | Q61: + | R61: ='XM.FILE GOC'!AI17 -> 0 | S61: L | X61: ='XM.FILE GOC'!AL17 -> 0.01234996 | Y61: + | Z61: ='XM.FILE GOC'!AO17 -> 0 | AA61: L | AF61: IS15
A62: Hạng mục kiểm tra nhiệt độ 檢查溫度
A63: NO | B63: Hạng mục kiểm tra nhiệt độ 溫度檢查項目 | F63: nhiệt độ 溫度 | G63: Tiêu chuẩn 控制範圍 | H63: Nhiệt kế 温度計 | J63: Nhiệt tự động 自動温控 | P63: Nhiệt kế 温度計 | R63: Nhiệt tự động 自動温控 | X63: Nhiệt kế 温度計 | Z63: Nhiệt tự động 自動温控
A64: 1 | B64: Nhiệt độ xà bông nóng (1) 熱脫脂溫度(1) | F64: 0C | G64: ='XM.GUI MAIL'!$E$22 -> 65~75ºC (70±3OC) | H64: ='XM.FILE GOC'!Z22 -> 67 | J64: ='XM.FILE GOC'!AC22 -> 65 | P64: 68 | R64: 67 | X64: ='XM.FILE GOC'!AL22 -> 68 | Z64: ='XM.FILE GOC'!AO22 -> 66
A65: 2 | B65: Nhiệt độ xà bông nóng (2) 熱脫脂溫度(2) | C65: Nhiệt độ xà bông nóng (2) 熱脫脂溫度(2) | D65: Nhiệt độ xà bông nóng (2) 熱脫脂溫度(2) | E65: Nhiệt độ xà bông nóng (2) 熱脫脂溫度(2) | F65: 0C | G65: ='XM.GUI MAIL'!$E$23 -> 65~75ºC (70±3OC) | H65: ='XM.FILE GOC'!Z23 -> 70 | J65: ='XM.FILE GOC'!AC23 -> 69 | P65: 70 | R65: 69 | X65: ='XM.FILE GOC'!AL23 -> 71 | Z65: ='XM.FILE GOC'!AO23 -> 70
A66: 3 | B66: Nhiệt độ điện giải (1) 電解1 溫度 | C66: Nhiệt độ điện giải (1) 電解1 溫度 | D66: Nhiệt độ điện giải (1) 電解1 溫度 | E66: Nhiệt độ điện giải (1) 電解1 溫度 | F66: 0C | G66: ='XM.GUI MAIL'!$E$24 -> 50~60ºC (55±3OC) | H66: 59 | J66: 60 | P66: 60 | R66: 59 | X66: ='XM.FILE GOC'!AL24 -> 59 | Z66: ='XM.FILE GOC'!AO24 -> 60
A67: 4 | B67: Nhiệt độ điện giải (2) 電解 2 溫度 | C67: Nhiệt độ điện giải (2) 電解 2 溫度 | D67: Nhiệt độ điện giải (2) 電解 2 溫度 | E67: Nhiệt độ điện giải (2) 電解 2 溫度 | F67: 0C | G67: ='XM.GUI MAIL'!$E$25 -> 50~60ºC (55±3OC) | H67: ='XM.FILE GOC'!Z25 -> 55 | J67: ='XM.FILE GOC'!AC25 -> 54 | P67: 56 | R67: 55 | X67: ='XM.FILE GOC'!AL25 -> 56 | Z67: ='XM.FILE GOC'!AO25 -> 55
A68: 5 | B68: Nhiệt độ bồn xi 鍍鋅槽溫度 | C68: Nhiệt độ bồn xi 鍍鋅槽溫度 | D68: Nhiệt độ bồn xi 鍍鋅槽溫度 | E68: Nhiệt độ bồn xi 鍍鋅槽溫度 | F68: 0C | G68: ='XM.GUI MAIL'!$E$26 -> 20~30ºC (25±3OC) | H68: 29 | J68: 28 | P68: 27 | R68: 27 | X68: ='XM.FILE GOC'!AL26 -> 30 | Z68: ='XM.FILE GOC'!AO26 -> 30
A69: 6 | B69: Nhiệt độ bồn màu Cr2O3 三價鉻 溫度 | C69: Nhiệt độ bồn màu Cr2O3 三價鉻 溫度 | D69: Nhiệt độ bồn màu Cr2O3 三價鉻 溫度 | E69: Nhiệt độ bồn màu Cr2O3 三價鉻 溫度 | F69: 0C | G69: ='XM.GUI MAIL'!$E$27 -> 35-45ºC (40±3OC) | H69: ='XM.FILE GOC'!Z27 -> 41 | J69: ='XM.FILE GOC'!AC27 -> 42 | P69: 42 | R69: 41 | X69: ='XM.FILE GOC'!AL27 -> 40 | Z69: ='XM.FILE GOC'!AO27 -> 41
A70: 7 | B70: Nhiệt độ bồn nước nóng 熱水溫度 | C70: Nhiệt độ bồn nước nóng 熱水溫度 | D70: Nhiệt độ bồn nước nóng 熱水溫度 | E70: Nhiệt độ bồn nước nóng 熱水溫度 | F70: 0C | G70: ='XM.GUI MAIL'!$E$28 -> 55~65ºC (60±3OC) | H70: ='XM.FILE GOC'!Z28 -> 58 | J70: ='XM.FILE GOC'!AC28 -> 57 | P70: 59 | R70: 58 | X70: ='XM.FILE GOC'!AL28 -> 59 | Z70: ='XM.FILE GOC'!AO28 -> 58
A71: 8 | B71: Sấy khô 烘乾 | C71: Sấy khô 烘乾 | D71: Sấy khô 烘乾 | E71: Sấy khô 烘乾 | F71: 0C | G71: ='XM.GUI MAIL'!$E$29 -> 65~75ºC (70±3OC) | H71: ='XM.FILE GOC'!Z29 -> \ | J71: ='XM.FILE GOC'!AC29 -> 74 | P71: ='XM.FILE GOC'!AF29 -> \ | R71: 73 | X71: ='XM.FILE GOC'!AL29 -> \ | Z71: ='XM.FILE GOC'!AO29 -> 73
A72: Hạng mục kiểm tra bơm thuốc tự động 藥液自動添加
A73: NO | B73: Hạng mục bơm thuốc 自動添加檢查項目 | F73: Đơn vị 單位 | G73: Tiêu chuẩn 控制範圍 | H73: Lượng bơm 添加量 | P73: Lượng bơm 添加量 | X73: Lượng bơm 添加量
A74: 1 | B74: chất mềm (merlin starer) 開缸劑 | F74: ml/KAH | G74: ='XM.GUI MAIL'!$E$31 -> 300-360 | H74: ='XM.FILE GOC'!Z31 -> 335 | P74: 330 | X74: ='XM.FILE GOC'!AL31 -> 340
A75: 2 | B75: chất bóng (merlin brightener) 光亮劑 | F75: ml/KAH | G75: ='XM.GUI MAIL'!$E$32 -> 30-50 | H75: ='XM.FILE GOC'!Z32 -> 40 | P75: 42 | X75: ='XM.FILE GOC'!AL32 -> 42

Sheet 2. XL-1F kh
A1: 錩新科技股份有限公司 CX TECHNOLOGY CORPORATION
A2: BÁO CÁO KẾT QUẢ HÓA NGHIỆM HÀNG NGÀY XL-001F 表面處理生產製程管控記錄表 | AC2: Lập biểu 作成 | AE2: Xác nhận 確認
B3: XL-001F | G3: ='1. XL-1E kh'!$G$3 -> 2022/12/03 | AC3: =MENU!AD6 -> L.Yen | AE3: Yen
A4: NO | B4: Hạng mục kiểm tra nồng dộ 化驗檢查項目 | F4: Đơn vị 單位 | G4: Tiêu chuẩn 控制範圍 | H4: 0.26041667 | L4: KQ bổ sung sau 1H | P4: 0.42708333 | T4: KQ bổ sung sau 1H | X4: 0.59375 | AB4: KQ bổ sung sau 1H | AF4: Mã số văn kiện 文件編號
H5: 濃度 | I5: 補充 BS | L5: 濃度 | M5: 補充 BS | P5: 濃度 | Q5: 補充 BS | T5: 濃度 | U5: 補充 BS | X5: 濃度 | Y5: 補充 BS | AB5: 濃度 | AC5: 補充 BS
A6: 1 | B6: Xà bông (1) 脫脂 | D6: CT-21A | F6: g/L | G6: ='XM.GUI MAIL'!$E$37 -> 60~80g/L (70±5g/L) | H6: ='XM.FILE GOC'!H37 -> 72.039 | I6: + | J6: ='XM.FILE GOC'!K37 -> 0 | K6: kg | P6: ='XM.FILE GOC'!N37 -> 70.741 | Q6: + | R6: ='XM.FILE GOC'!Q37 -> 0 | S6: kg | X6: ='XM.FILE GOC'!T37 -> 70.2 | Y6: + | Z6: ='XM.FILE GOC'!W37 -> 0 | AA6: kg | AF6: Q3-CXVN-PC01-IS06
D7: CT-21B | G7: CT-21A: 25kg/CT-21B: 5-10Lit | J7: =J6/25*7.5 -> 0 | K7: L | R7: =R6/25*7.5 -> 0 | S7: L | Z7: =Z6/25*7.5 -> 0 | AA7: L
A8: 2 | B8: Xà bông (2) 脫脂 | D8: CT-21A | F8: g/L | G8: ='XM.GUI MAIL'!$E$38 -> 60~80g/L (70±5g/L) | H8: ='XM.FILE GOC'!H38 -> 70.3 | I8: + | J8: ='XM.FILE GOC'!K38 -> 0 | K8: kg | P8: ='XM.FILE GOC'!N38 -> 70.1 | Q8: + | R8: ='XM.FILE GOC'!Q38 -> 0 | S8: kg | X8: ='XM.FILE GOC'!T38 -> 70 | Y8: + | Z8: ='XM.FILE GOC'!W38 -> 0 | AA8: kg | AF8: Q3-CXVN-PC01-IS06
D9: CT-21B | G9: CT-21A: 25kg/CT-21B: 5-10Lit | J9: =J8/25*7.5 -> 0 | K9: L | R9: =R8/25*7.5 -> 0 | S9: L | Z9: =Z8/25*7.5 -> 0 | AA9: L
A10: 3 | B10: Điện giải(1) 電解 | D10: EC-508A | E10: EC-508A | F10: g/L | G10: ='XM.GUI MAIL'!$E$39 -> 50~70g/L (60±5g/L) | H10: ='XM.FILE GOC'!H39 -> 59.3 | I10: + | J10: ='XM.FILE GOC'!K39 -> 0.8092 | K10: kg | L10: 61.2 | P10: ='XM.FILE GOC'!N39 -> 61.2 | Q10: + | R10: ='XM.FILE GOC'!Q39 -> 0 | S10: kg | X10: ='XM.FILE GOC'!T39 -> 60.3 | Y10: + | Z10: ='XM.FILE GOC'!W39 -> 0 | AA10: kg | AF10: Q3-CXVN-PC01-IS06
D11: EC-508B | E11: EC-508B | G11: EC-508A: 25kg/EC-508B:4-10Lit | J11: =J10/25*7 -> 0.226576 | K11: L | R11: =R10/25*7 -> 0 | S11: L | Z11: =Z10/25*7 -> 0 | AA11: L
A12: 4 | B12: Điện giải (2) 電解 | D12: EC-508A | E12: EC-508A | F12: g/L | G12: ='XM.GUI MAIL'!$E$40 -> 50~70g/L (60±5g/L) | H12: ='XM.FILE GOC'!H40 -> 60.3 | I12: + | J12: ='XM.FILE GOC'!K40 -> 0 | K12: kg | P12: ='XM.FILE GOC'!N40 -> 60 | Q12: + | R12: ='XM.FILE GOC'!Q40 -> 0 | S12: kg | X12: ='XM.FILE GOC'!T40 -> 59.6 | Y12: + | Z12: ='XM.FILE GOC'!W40 -> 0.5836 | AA12: kg | AB12: 61.2 | AF12: Q3-CXVN-PC01-IS06
D13: EC-508B | E13: EC-508B | G13: EC-508A: 25kg/EC-508B:4-10Lit | J13: =J12/25*7 -> 0 | K13: L | R13: =R12/25*7 -> 0 | S13: L | Z13: =Z12/25*7 -> 0.163408 | AA13: L
A14: 5 | B14: Nồng độ NaOH 氫氧化鈉 | F14: g/L | G14: ='XM.GUI MAIL'!$E$41 -> 130 - 150g/L (140±10g/L) | H14: ='XM.FILE GOC'!H41 -> 140 | I14: + | J14: ='XM.FILE GOC'!K41 -> 0 | K14: kg | P14: ='XM.FILE GOC'!N41 -> 140 | Q14: + | R14: ='XM.FILE GOC'!Q41 -> 0 | S14: kg | X14: ='XM.FILE GOC'!T41 -> 140 | Y14: + | Z14: ='XM.FILE GOC'!W41 -> 0 | AA14: kg | AF14: Q3-CXVN-PC01-IS08
A15: 6 | B15: Nồng độ Zn 鋅 (1 pcs Zn=25kg) | F15: g/L | G15: ='XM.GUI MAIL'!$E$42 -> 8-12g/l (10±1g/l) | H15: ='XM.FILE GOC'!H42 -> 10 | I15: + | J15: ='XM.FILE GOC'!K42 -> 0 | K15: kg | P15: ='XM.FILE GOC'!N42 -> 10.1 | Q15: + | R15: ='XM.FILE GOC'!Q42 -> 0 | S15: kg | X15: ='XM.FILE GOC'!T42 -> 10 | Y15: + | Z15: ='XM.FILE GOC'!W42 -> 0 | AA15: kg | AF15: Q3-CXVN-PC01-IS07
A16: 7 | B16: Nồng độ Cr2O3 三價鉻 | F16: % | G16: ='XM.GUI MAIL'!$E$43 -> 6~10 % (8±0.5%) | H16: ='XM.FILE GOC'!H43 -> 8.3 | I16: + | J16: ='XM.FILE GOC'!K43 -> 0 | P16: ='XM.FILE GOC'!N43 -> 8.2 | Q16: + | R16: ='XM.FILE GOC'!Q43 -> 0 | S16: L | X16: ='XM.FILE GOC'!T43 -> 8 | Y16: + | Z16: ='XM.FILE GOC'!W43 -> 0 | AA16: L
F17: pH | G17: ='XM.GUI MAIL'!$E$44 -> 2~2.5(2.3±0.1 ) | H17: ='XM.FILE GOC'!H44 -> 2.3 | J17: ='XM.FILE GOC'!K44 -> 0 | P17: ='XM.FILE GOC'!N44 -> 2.32 | R17: ='XM.FILE GOC'!Q44 -> 0 | X17: ='XM.FILE GOC'!T44 -> 2.35 | Z17: ='XM.FILE GOC'!W44 -> 0
A18: 8 | B18: Nồng độ acid đặc 鹽酸 濃度 | F18: %V/V | G18: ='XM.GUI MAIL'!$E$45 -> 30~60 %V/V (45±5% V/V) | H18: ='XM.FILE GOC'!H45 -> 0.45 | I18: + | J18: ='XM.FILE GOC'!K45 -> 0 | K18: L | P18: ='XM.FILE GOC'!N45 -> 0.446 | Q18: + | R18: ='XM.FILE GOC'!Q45 -> 8.488 | S18: L | T18: 0.458 | X18: ='XM.FILE GOC'!T45 -> 0.468 | Y18: + | Z18: ='XM.FILE GOC'!W45 -> 0 | AA18: L | AF18: Q3-CXVN-PC01-IS04
A19: 9 | B19: Nồng độ acid loãng 稀酸 濃度 | F19: %V/V | G19: ='XM.GUI MAIL'!$E$46 -> 15~30 %V/V (22±5 V/V) | H19: ='XM.FILE GOC'!H46 -> 0.223 | I19: + | J19: ='XM.FILE GOC'!K46 -> 0 | K19: L | P19: ='XM.FILE GOC'!N46 -> 0.242 | Q19: + | R19: ='XM.FILE GOC'!Q46 -> 0 | S19: L | X19: ='XM.FILE GOC'!T46 -> 0.236 | Y19: + | Z19: ='XM.FILE GOC'!W46 -> 0 | AA19: L | AF19: Q3-CXVN-PC01-IS04
A20: 11 | B20: Nồng độ HCL hoạt hóa 稀酸活化 濃度 | F20: %V/V | G20: ='XM.GUI MAIL'!$E$47 -> 5~15 %V/V (10±3% V/V) | H20: ='XM.FILE GOC'!H47 -> 0.096 | I20: + | J20: ='XM.FILE GOC'!K47 -> 2.3 | K20: L | L20: 0.103 | P20: ='XM.FILE GOC'!N47 -> 0.13915625 | Q20: + | R20: ='XM.FILE GOC'!Q47 -> 0 | S20: L | X20: ='XM.FILE GOC'!T47 -> 0.12775 | Y20: + | Z20: ='XM.FILE GOC'!W47 -> 0 | AA20: L | AF20: Q3-CXVN-PC01-IS15
A21: 12 | B21: Nồng độ HNO3 硝酸濃度 | F21: % | G21: ='XM.GUI MAIL'!$E$48 -> 0.5~1.5% (1±0.2%) | H21: ='XM.FILE GOC'!H48 -> 0.0113418 | I21: + | J21: ='XM.FILE GOC'!K48 -> 0 | K21: L | P21: ='XM.FILE GOC'!N48 -> 0.012602 | Q21: + | R21: ='XM.FILE GOC'!Q48 -> 0 | S21: L | X21: ='XM.FILE GOC'!T48 -> 0.0113418 | Y21: + | Z21: ='XM.FILE GOC'!W48 -> 0 | AA21: L | AF21: Q3-CXVN-PC01-IS15
B22: Hạng mục kiểm tra nhiệt độ 檢查溫度
A23: NO | B23: Hạng mục kiểm tra nhiệt độ 溫度檢查項目 | F23: nhiệt độ 溫度 | G23: Tiêu chuẩn 控制範圍 | H23: Nhiệt kế 温度計 | J23: Nhiệt tự động 自動温控 | P23: Nhiệt kế 温度計 | R23: Nhiệt tự động 自動温控 | X23: Nhiệt kế 温度計 | Z23: Nhiệt tự động 自動温控
A24: 1 | B24: Nhiệt độ xà bông nóng (1) 熱脫脂溫度(1) | F24: 0C | G24: ='XM.GUI MAIL'!$E$53 -> 50~70ºC (60±3OC) | H24: ='XM.GUI MAIL'!H53 -> 63 | J24: ='XM.FILE GOC'!K53 -> 64 | P24: ='XM.GUI MAIL'!N53 -> 64 | R24: ='XM.FILE GOC'!Q53 -> 65 | X24: ='XM.GUI MAIL'!T53 -> 64 | Z24: ='XM.FILE GOC'!W53 -> 66
A25: 2 | B25: Nhiệt độ xà bông nóng (2) 熱脫脂溫度(2) | C25: Nhiệt độ xà bông nóng (2) 熱脫脂溫度(2) | D25: Nhiệt độ xà bông nóng (2) 熱脫脂溫度(2) | E25: Nhiệt độ xà bông nóng (2) 熱脫脂溫度(2) | F25: 0C | G25: ='XM.GUI MAIL'!$E$54 -> 50~70ºC (60±3OC) | H25: ='XM.GUI MAIL'!H54 -> 62 | J25: ='XM.FILE GOC'!K54 -> 63 | P25: ='XM.GUI MAIL'!N54 -> 63 | R25: ='XM.FILE GOC'!Q54 -> 64 | X25: ='XM.GUI MAIL'!T54 -> 62 | Z25: ='XM.FILE GOC'!W54 -> 64
A26: 3 | B26: Nhiệt độ điện giải (1) 電解1 溫度 | C26: Nhiệt độ điện giải (1) 電解1 溫度 | D26: Nhiệt độ điện giải (1) 電解1 溫度 | E26: Nhiệt độ điện giải (1) 電解1 溫度 | F26: 0C | G26: ='XM.GUI MAIL'!$E$55 -> 50~70ºC (60±3OC) | H26: 60 | J26: 61 | P26: ='XM.GUI MAIL'!N55 -> 60 | R26: ='XM.FILE GOC'!Q55 -> 61 | X26: ='XM.GUI MAIL'!T55 -> 60 | Z26: ='XM.FILE GOC'!W55 -> 59
A27: 4 | B27: Nhiệt độ điện giải (2) 電解 2 溫度 | C27: Nhiệt độ điện giải (2) 電解 2 溫度 | D27: Nhiệt độ điện giải (2) 電解 2 溫度 | E27: Nhiệt độ điện giải (2) 電解 2 溫度 | F27: 0C | G27: ='XM.GUI MAIL'!$E$56 -> 50~70ºC (60±3OC) | H27: 60 | J27: 61 | P27: 59 | R27: 60 | X27: 58 | Z27: 59
A28: 5 | B28: Nhiệt độ bồn xi 鍍鋅槽溫度 | C28: Nhiệt độ bồn xi 鍍鋅槽溫度 | D28: Nhiệt độ bồn xi 鍍鋅槽溫度 | E28: Nhiệt độ bồn xi 鍍鋅槽溫度 | F28: 0C | G28: ='XM.GUI MAIL'!$E$57 -> 22~30ºC (24±1OC) | H28: ='XM.GUI MAIL'!H57 -> 26 | J28: ='XM.FILE GOC'!K57 -> 25 | P28: 25 | R28: 26 | X28: ='XM.GUI MAIL'!T57 -> 28 | Z28: ='XM.FILE GOC'!W57 -> 27
A29: 6 | B29: Nhiệt độ bồn màu Cr2O3 三價鉻 溫度 | C29: Nhiệt độ bồn màu Cr2O3 三價鉻 溫度 | D29: Nhiệt độ bồn màu Cr2O3 三價鉻 溫度 | E29: Nhiệt độ bồn màu Cr2O3 三價鉻 溫度 | F29: 0C | G29: ='XM.GUI MAIL'!$E$58 -> 30-38ºC (34±2OC) | H29: ='XM.GUI MAIL'!H58 -> 36 | J29: ='XM.FILE GOC'!K58 -> 35 | P29: ='XM.GUI MAIL'!N58 -> 37 | R29: ='XM.FILE GOC'!Q58 -> 36 | X29: ='XM.GUI MAIL'!T58 -> 37 | Z29: ='XM.FILE GOC'!W58 -> 36
A30: 7 | B30: Nhiệt độ bồn nước nóng 熱水溫度 | C30: Nhiệt độ bồn nước nóng 熱水溫度 | D30: Nhiệt độ bồn nước nóng 熱水溫度 | E30: Nhiệt độ bồn nước nóng 熱水溫度 | F30: 0C | G30: ='XM.GUI MAIL'!$E$59 -> 55~65ºC (60±3OC) | H30: ='XM.GUI MAIL'!H59 -> 62 | J30: ='XM.FILE GOC'!K59 -> 61 | P30: ='XM.GUI MAIL'!N59 -> 58 | R30: ='XM.FILE GOC'!Q59 -> 56 | X30: ='XM.GUI MAIL'!T59 -> 58 | Z30: ='XM.FILE GOC'!W59 -> 55
A31: 8 | B31: Sấy khô 烘乾 | C31: Sấy khô 烘乾 | D31: Sấy khô 烘乾 | E31: Sấy khô 烘乾 | F31: 0C | G31: ='XM.GUI MAIL'!$E$60 -> 65~75ºC (70±3OC) | H31: \ | J31: ='XM.FILE GOC'!K60 -> 73 | P31: \ | R31: ='XM.FILE GOC'!Q60 -> 71 | X31: \ | Z31: ='XM.FILE GOC'!W60 -> 71
B32: Hạng mục kiểm tra bơm thuốc tự động 藥液自動添加
A33: NO | B33: Hạng mục bơm thuốc 自動添加檢查項目 | F33: Đơn vị 單位 | G33: Tiêu chuẩn 控制範圍 | H33: Lượng bơm 添加量 | P33: Lượng bơm 添加量 | X33: Lượng bơm 添加量
A34: 1 | B34: chất mềm (250 base) 開缸劑 | F34: ml/KAH | G34: ='XM.GUI MAIL'!$E$62 -> 100-200 | H34: ='XM.GUI MAIL'!H62 -> 200 | P34: ='XM.GUI MAIL'!N62 -> 195 | X34: ='XM.GUI MAIL'!T62 -> 190
A35: 2 | B35: chaát boùng (250 brightener) 光亮劑 | F35: ml/KAH | G35: ='XM.GUI MAIL'!$E$63 -> 20-50 | H35: ='XM.GUI MAIL'!H63 -> 43 | P35: ='XM.GUI MAIL'!N63 -> 42 | X35: ='XM.GUI MAIL'!T63 -> 43
A37: 錩新科技股份有限公司 CX TECHNOLOGY CORPORATION
A38: BÁO CÁO KẾT QUẢ HÓA NGHIỆM HÀNG NGÀY XL-001F 表面處理生產製程管控記錄表 | AC38: Lập biểu 作成 | AE38: Xác nhận 確認
B39: XL-001F | G39: ='1. XL-1E kh'!$G$3 -> 2022/12/03 | AC39: =MENU!AD7 -> Trang | AE39: Yen
A40: NO | B40: Hạng mục kiểm tra nồng dộ 化驗檢查項目 | F40: Đơn vị 單位 | G40: Tiêu chuẩn 控制範圍 | H40: 0.76041667 | L40: KQ bổ sung sau 1H | P40: 0.92708333 | T40: KQ bổ sung sau 1H | X40: 0.09375 | AB40: KQ bổ sung sau 1H | AF40: Mã số văn kiện 文件編號
H41: 濃度 | I41: 補充 BS | L41: 濃度 | M41: 補充 BS | P41: 濃度 | Q41: 補充 BS | T41: 濃度 | U41: 補充 BS | X41: 濃度 | Y41: 補充 BS | AB41: 濃度 | AC41: 補充 BS
A42: 1 | B42: Xà bông (1) 脫脂 | D42: CT-21A | F42: g/L | G42: ='XM.GUI MAIL'!$E$37 -> 60~80g/L (70±5g/L) | H42: ='XM.FILE GOC'!Z37 -> 70 | I42: + | J42: ='XM.FILE GOC'!AC37 -> 0 | K42: kg | P42: ='XM.FILE GOC'!AF37 -> 69.5 | Q42: + | R42: ='XM.FILE GOC'!AI37 -> 1.3465 | S42: kg | X42: ='XM.FILE GOC'!AL37 -> 69 | Y42: + | Z42: ='XM.FILE GOC'!AO37 -> 2.693 | AA42: kg | AB42: 69.8 | AC42: + | AF42: Q3-CXVN-PC01-IS06
D43: CT-21B | G43: CT-21A: 25kg/CT-21B: 5-10Lit | J43: =J42/25*7.5 -> 0 | K43: L | R43: =R42/25*7.5 -> 0.40395 | S43: L | Z43: =Z42/25*7.5 -> 0.8079 | AA43: L
A44: 2 | B44: Xà bông (2) 脫脂 | D44: CT-21A | F44: g/L | G44: ='XM.GUI MAIL'!$E$38 -> 60~80g/L (70±5g/L) | H44: ='XM.FILE GOC'!Z38 -> 70 | I44: + | J44: ='XM.FILE GOC'!AC38 -> 0 | K44: kg | P44: ='XM.FILE GOC'!AF38 -> 70 | Q44: + | R44: ='XM.FILE GOC'!AI38 -> 0 | S44: kg | X44: ='XM.FILE GOC'!AL38 -> 69.5 | Y44: + | Z44: ='XM.FILE GOC'!AO38 -> 1.6525 | AA44: kg | AB44: 70.1 | AC44: + | AF44: Q3-CXVN-PC01-IS06
D45: CT-21B | G45: CT-21A: 25kg/CT-21B: 5-10Lit | J45: =J44/25*7.5 -> 0 | K45: L | R45: =R44/25*7.5 -> 0 | S45: L | Z45: =Z44/25*7.5 -> 0.49575 | AA45: L
A46: 3 | B46: Điện giải(1) 電解 | D46: EC-508A | E46: EC-508A | F46: g/L | G46: ='XM.GUI MAIL'!$E$39 -> 50~70g/L (60±5g/L) | H46: ='XM.FILE GOC'!Z39 -> 61.5 | I46: + | J46: ='XM.FILE GOC'!AC39 -> 0 | K46: kg | P46: ='XM.FILE GOC'!AF39 -> 61.2 | Q46: + | R46: ='XM.FILE GOC'!AI39 -> 0 | S46: kg | X46: ='XM.FILE GOC'!AL39 -> 60.984 | Y46: + | Z46: ='XM.FILE GOC'!AO39 -> 0 | AA46: kg | AC46: + | AF46: Q3-CXVN-PC01-IS06
D47: EC-508B | E47: EC-508B | G47: EC-508A: 25kg/EC-508B:4-10Lit | J47: =J46/25*7 -> 0 | K47: L | R47: =R46/25*7 -> 0 | S47: L | Z47: =Z46/25*7 -> 0 | AA47: L | AC47: +
A48: 4 | B48: Điện giải (2) 電解 | D48: EC-508A | E48: EC-508A | F48: g/L | G48: ='XM.GUI MAIL'!$E$40 -> 50~70g/L (60±5g/L) | H48: ='XM.FILE GOC'!Z40 -> 59 | I48: + | J48: ='XM.FILE GOC'!AC40 -> 1.459 | K48: kg | P48: ='XM.FILE GOC'!AF40 -> 59.5 | Q48: + | R48: ='XM.FILE GOC'!AI40 -> 0.7295 | S48: kg | X48: ='XM.FILE GOC'!AL40 -> 59 | Y48: + | Z48: ='XM.FILE GOC'!AO40 -> 1.459 | AA48: kg | AC48: + | AF48: Q3-CXVN-PC01-IS06
D49: EC-508B | E49: EC-508B | G49: EC-508A: 25kg/EC-508B:4-10Lit | J49: =J48/25*7 -> 0.40852 | K49: L | R49: =R48/25*7 -> 0.20426 | S49: L | Z49: =Z48/25*7 -> 0.40852 | AA49: L | AC49: +
A50: 5 | B50: Nồng độ NaOH 氫氧化鈉 | F50: g/L | G50: ='XM.GUI MAIL'!$E$41 -> 130 - 150g/L (140±10g/L) | H50: ='XM.FILE GOC'!Z41 -> 140 | I50: + | J50: ='XM.FILE GOC'!AC41 -> 0 | K50: kg | P50: ='XM.FILE GOC'!AF41 -> 139.6 | Q50: + | R50: ='XM.FILE GOC'!AI41 -> 7.9804 | S50: kg | X50: ='XM.FILE GOC'!AL41 -> 140 | Y50: + | Z50: ='XM.FILE GOC'!AO41 -> 0 | AA50: kg | AC50: + | AF50: Q3-CXVN-PC01-IS08
A51: 6 | B51: Nồng độ Zn 鋅 (1 pcs Zn=25kg) | F51: g/L | G51: ='XM.GUI MAIL'!$E$42 -> 8-12g/l (10±1g/l) | H51: ='XM.FILE GOC'!Z42 -> 10 | I51: + | J51: ='XM.FILE GOC'!AC42 -> 0 | K51: kg | P51: ='XM.FILE GOC'!AF42 -> 10 | Q51: + | R51: ='XM.FILE GOC'!AI42 -> 0 | S51: kg | X51: ='XM.FILE GOC'!AL42 -> 10.7 | Y51: + | Z51: ='XM.FILE GOC'!AO42 -> 0 | AA51: kg | AB51: 89 | AC51: + | AF51: Q3-CXVN-PC01-IS07
A52: 7 | B52: Nồng độ Cr2O3 三價鉻 | F52: % | G52: ='XM.GUI MAIL'!$E$43 -> 6~10 % (8±0.5%) | H52: ='XM.FILE GOC'!Z43 -> 8 | I52: + | J52: ='XM.FILE GOC'!AC43 -> 0 | K52: L | P52: ='XM.FILE GOC'!AF43 -> 7.8 | Q52: + | R52: ='XM.FILE GOC'!AI43 -> 1.15 | S52: L | X52: ='XM.FILE GOC'!AL43 -> 8.3 | Y52: + | Z52: ='XM.FILE GOC'!AO43 -> 0 | AA52: L | AC52: +
F53: pH | G53: ='XM.GUI MAIL'!$E$44 -> 2~2.5(2.3±0.1 ) | H53: ='XM.FILE GOC'!Z44 -> 2.4 | J53: ='XM.FILE GOC'!AC44 -> 0 | P53: 2.39 | R53: ='XM.FILE GOC'!AI44 -> 0 | X53: ='XM.FILE GOC'!AL44 -> 2.35 | Z53: ='XM.FILE GOC'!AO44 -> 0
A54: 8 | B54: Nồng độ acid đặc 鹽酸 濃度 | F54: %V/V | G54: ='XM.GUI MAIL'!$E$45 -> 30~60 %V/V (45±5% V/V) | H54: ='XM.FILE GOC'!Z45 -> 0.46765625 | I54: + | J54: ='XM.FILE GOC'!AC45 -> 0 | K54: L | P54: ='XM.FILE GOC'!AF45 -> 0.465 | Q54: + | R54: ='XM.FILE GOC'!AI45 -> 0 | S54: L | X54: ='XM.FILE GOC'!AL45 -> 0.45625 | Y54: + | Z54: ='XM.FILE GOC'!AO45 -> 0 | AA54: L | AC54: + | AD54: =('XM.FILE GOC'!$F$45-AB54)*2122 -> 954.9 | AE54: L | AF54: Q3-CXVN-PC01-IS04
A55: 9 | B55: Nồng độ acid loãng 稀酸 濃度 | F55: %V/V | G55: ='XM.GUI MAIL'!$E$46 -> 15~30 %V/V (22±5 V/V) | H55: ='XM.FILE GOC'!Z46 -> 0.26234375 | I55: + | J55: ='XM.FILE GOC'!AC46 -> 0 | K55: L | P55: ='XM.FILE GOC'!AF46 -> 0.258 | Q55: + | R55: ='XM.FILE GOC'!AI46 -> 0 | S55: L | X55: ='XM.FILE GOC'!AL46 -> 0.2509375 | Y55: + | Z55: ='XM.FILE GOC'!AO46 -> 0 | AA55: L | AC55: + | AD55: =('XM.FILE GOC'!$F$46-AB55)*612 -> 134.64 | AE55: L | AF55: Q3-CXVN-PC01-IS04
A56: 11 | B56: Nồng độ HCL hoạt hóa 稀酸活化 濃度 | F56: %V/V | G56: ='XM.GUI MAIL'!$E$47 -> 5~15 %V/V (10±3% V/V) | H56: ='XM.FILE GOC'!Z47 -> 0.12090625 | I56: + | J56: ='XM.FILE GOC'!AC47 -> 0 | K56: L | P56: ='XM.FILE GOC'!AF47 -> 0.115 | Q56: + | R56: ='XM.FILE GOC'!AI47 -> 0 | S56: L | X56: ='XM.FILE GOC'!AL47 -> 0.1140625 | Y56: + | Z56: ='XM.FILE GOC'!AO47 -> 0 | AA56: L | AC56: + | AD56: =('XM.FILE GOC'!$F$47-AB56)*575 -> 57.5 | AE56: L | AF56: Q3-CXVN-PC01-IS15
A57: 12 | B57: Nồng độ HNO3 硝酸濃度 | F57: % | G57: ='XM.GUI MAIL'!$E$48 -> 0.5~1.5% (1±0.2%) | H57: ='XM.FILE GOC'!Z48 -> 0.0113418 | I57: + | J57: ='XM.FILE GOC'!AC48 -> 0 | K57: L | P57: ='XM.FILE GOC'!AF48 -> 0.01 | Q57: + | R57: ='XM.FILE GOC'!AI48 -> 0 | S57: L | X57: ='XM.FILE GOC'!AL48 -> 0.01209792 | Y57: + | Z57: ='XM.FILE GOC'!AO48 -> 0 | AA57: L | AC57: + | AD57: =('XM.FILE GOC'!$F$48-AB57)*530/65% -> 8.1538462 | AE57: L | AF57: Q3-CXVN-PC01-IS15
B58: Hạng mục kiểm tra nhiệt độ 檢查溫度
A59: NO | B59: Hạng mục kiểm tra nhiệt độ 溫度檢查項目 | F59: nhiệt độ 溫度 | G59: Tiêu chuẩn 控制範圍 | H59: Nhiệt kế 温度計 | J59: Nhiệt tự động 自動温控 | P59: Nhiệt kế 温度計 | R59: Nhiệt tự động 自動温控 | X59: Nhiệt kế 温度計 | Z59: Nhiệt tự động 自動温控
A60: 1 | B60: Nhiệt độ xà bông nóng (1) 熱脫脂溫度(1) | F60: 0C | G60: ='XM.GUI MAIL'!$E$53 -> 50~70ºC (60±3OC) | H60: ='XM.GUI MAIL'!Z53 -> 67 | J60: ='XM.FILE GOC'!AC53 -> 65 | P60: ='XM.GUI MAIL'!AF53 -> 0 | R60: ='XM.FILE GOC'!AI53 -> 0 | X60: ='XM.GUI MAIL'!AL53 -> 67 | Z60: ='XM.FILE GOC'!AO53 -> 66
A61: 2 | B61: Nhiệt độ xà bông nóng (2) 熱脫脂溫度(2) | C61: Nhiệt độ xà bông nóng (2) 熱脫脂溫度(2) | D61: Nhiệt độ xà bông nóng (2) 熱脫脂溫度(2) | E61: Nhiệt độ xà bông nóng (2) 熱脫脂溫度(2) | F61: 0C | G61: ='XM.GUI MAIL'!$E$54 -> 50~70ºC (60±3OC) | H61: ='XM.GUI MAIL'!Z54 -> 65 | J61: ='XM.FILE GOC'!AC54 -> 64 | P61: ='XM.GUI MAIL'!AF54 -> 0 | R61: ='XM.FILE GOC'!AI54 -> 0 | X61: ='XM.GUI MAIL'!AL54 -> 66 | Z61: ='XM.FILE GOC'!AO54 -> 65
A62: 3 | B62: Nhiệt độ điện giải (1) 電解1 溫度 | C62: Nhiệt độ điện giải (1) 電解1 溫度 | D62: Nhiệt độ điện giải (1) 電解1 溫度 | E62: Nhiệt độ điện giải (1) 電解1 溫度 | F62: 0C | G62: ='XM.GUI MAIL'!$E$55 -> 50~70ºC (60±3OC) | H62: ='XM.GUI MAIL'!Z55 -> 61 | J62: ='XM.FILE GOC'!AC55 -> 60 | P62: ='XM.GUI MAIL'!AF55 -> 0 | R62: ='XM.FILE GOC'!AI55 -> 0 | X62: ='XM.GUI MAIL'!AL55 -> 59 | Z62: ='XM.FILE GOC'!AO55 -> 58
A63: 4 | B63: Nhiệt độ điện giải (2) 電解 2 溫度 | C63: Nhiệt độ điện giải (2) 電解 2 溫度 | D63: Nhiệt độ điện giải (2) 電解 2 溫度 | E63: Nhiệt độ điện giải (2) 電解 2 溫度 | F63: 0C | G63: ='XM.GUI MAIL'!$E$56 -> 50~70ºC (60±3OC) | H63: ='XM.GUI MAIL'!Z56 -> 52 | J63: ='XM.FILE GOC'!AC56 -> 50 | P63: ='XM.GUI MAIL'!AF56 -> 0 | R63: ='XM.FILE GOC'!AI56 -> 0 | X63: ='XM.GUI MAIL'!AL56 -> 54 | Z63: ='XM.FILE GOC'!AO56 -> 52
A64: 5 | B64: Nhiệt độ bồn xi 鍍鋅槽溫度 | C64: Nhiệt độ bồn xi 鍍鋅槽溫度 | D64: Nhiệt độ bồn xi 鍍鋅槽溫度 | E64: Nhiệt độ bồn xi 鍍鋅槽溫度 | F64: 0C | G64: ='XM.GUI MAIL'!$E$57 -> 22~30ºC (24±1OC) | H64: ='XM.GUI MAIL'!Z57 -> 27 | J64: ='XM.FILE GOC'!AC57 -> 27 | P64: ='XM.GUI MAIL'!AF57 -> 0 | R64: ='XM.FILE GOC'!AI57 -> 0 | X64: ='XM.GUI MAIL'!AL57 -> 27 | Z64: ='XM.FILE GOC'!AO57 -> 26
A65: 6 | B65: Nhiệt độ bồn màu Cr2O3 三價鉻 溫度 | C65: Nhiệt độ bồn màu Cr2O3 三價鉻 溫度 | D65: Nhiệt độ bồn màu Cr2O3 三價鉻 溫度 | E65: Nhiệt độ bồn màu Cr2O3 三價鉻 溫度 | F65: 0C | G65: ='XM.GUI MAIL'!$E$58 -> 30-38ºC (34±2OC) | H65: ='XM.GUI MAIL'!Z58 -> 36 | J65: ='XM.FILE GOC'!AC58 -> 35 | P65: ='XM.GUI MAIL'!AF58 -> 0 | R65: ='XM.FILE GOC'!AI58 -> 0 | X65: ='XM.GUI MAIL'!AL58 -> 36 | Z65: ='XM.FILE GOC'!AO58 -> 35
A66: 7 | B66: Nhiệt độ bồn nước nóng 熱水溫度 | C66: Nhiệt độ bồn nước nóng 熱水溫度 | D66: Nhiệt độ bồn nước nóng 熱水溫度 | E66: Nhiệt độ bồn nước nóng 熱水溫度 | F66: 0C | G66: ='XM.GUI MAIL'!$E$59 -> 55~65ºC (60±3OC) | H66: 57 | J66: 56 | P66: ='XM.GUI MAIL'!AF59 -> 0 | R66: ='XM.FILE GOC'!AI59 -> 0 | X66: ='XM.GUI MAIL'!AL59 -> 57 | Z66: ='XM.FILE GOC'!AO59 -> 56
A67: 8 | B67: Sấy khô 烘乾 | C67: Sấy khô 烘乾 | D67: Sấy khô 烘乾 | E67: Sấy khô 烘乾 | F67: 0C | G67: ='XM.GUI MAIL'!$E$60 -> 65~75ºC (70±3OC) | H67: \ | J67: ='XM.FILE GOC'!AC60 -> 73 | P67: \ | R67: ='XM.FILE GOC'!AI60 -> 0 | X67: \ | Z67: ='XM.FILE GOC'!AO60 -> 71
B68: Hạng mục kiểm tra bơm thuốc tự động 藥液自動添加
A69: NO | B69: Hạng mục bơm thuốc 自動添加檢查項目 | F69: Đơn vị 單位 | G69: Tiêu chuẩn 控制範圍 | H69: Lượng bơm 添加量 | P69: Lượng bơm 添加量 | X69: Lượng bơm 添加量
A70: 1 | B70: chất mềm (250 base) 開缸劑 | F70: ml/KAH | G70: ='XM.GUI MAIL'!$E$62 -> 100-200 | H70: ='XM.FILE GOC'!Z62 -> 195 | P70: ='XM.FILE GOC'!AF62 -> 0 | X70: ='XM.GUI MAIL'!AL62 -> 190
A71: 2 | B71: chaát boùng (250 brightener) 光亮劑 | F71: ml/KAH | G71: ='XM.GUI MAIL'!$E$63 -> 20-50 | H71: ='XM.GUI MAIL'!Z63 -> 42 | P71: ='XM.GUI MAIL'!AF63 -> 0 | X71: ='XM.GUI MAIL'!AL63 -> 39

Sheet 3.XT-C kh
A1: 錩新科技股份有限公司 CX TECHNOLOGY CORPORATION
A2: BAÙO CAÙO KEÁT QUAÛ HOÙA NGHIEÄM HAÈNG NGAØY XT- 000C 吊電化驗結果報告 | AC2: Lập biểu 作成 | AE2: Xác nhận 確認
B3: XT-000C | G3: ='1. XL-1E kh'!$G$3 -> 2022/12/03 | AC3: =MENU!AD6 -> L.Yen | AE3: Yen
A4: NO | B4: Hạng mục kiểm tra nồng dộ 化驗檢查項目 | F4: Đơn vị 單位 | G4: Tiêu chuẩn 控制範圍 | H4: 0.26041667 | L4: KQ bổ sung sau 1H | P4: 0.42708333 | T4: KQ bổ sung sau 1H | X4: 0.59375 | AB4: KQ bổ sung sau 1H | AF4: Mã số văn kiện 文件編號 Q3-CXVN-PC01-
H5: 濃度 | I5: 補充 BS | L5: 濃度 | M5: 補充 BS | P5: 濃度 | Q5: 補充 BS | T5: 濃度 | U5: 補充 BS | X5: 濃度 | Y5: 補充 BS | AB5: 濃度 | AC5: 補充 BS
A6: 1 | B6: Xaø boâng 脫脂 (2,3,4) | D6: CT-21A | F6: g/L | G6: ='XM.GUI MAIL'!$E$68 -> 40~60g/L (50±5g/L) | H6: ='XM.FILE GOC'!H68 -> 0 | I6: + | J6: ='XM.FILE GOC'!K68 -> 775.85 | K6: kg | M6: + | N6: =('XM.FILE GOC'!$F$68-L6)*15517/1000 -> 775.85 | O6: kg | P6: ='XM.FILE GOC'!N68 -> 0 | Q6: + | R6: ='XM.FILE GOC'!Q68 -> 775.85 | S6: kg | U6: + | V6: =('XM.FILE GOC'!$F$68-T6)*15517/1000 -> 775.85 | W6: kg | X6: ='XM.FILE GOC'!T68 -> 0 | Y6: + | Z6: ='XM.FILE GOC'!W68 -> 775.85 | AA6: kg | AC6: + | AD6: =('XM.FILE GOC'!$F$68-AB6)*15517/1000 -> 775.85 | AE6: kg | AF6: IS06
D7: CT-21B | G7: CT-21A: 25kg/CT-21B: 7-10L | J7: =J6/25*8.5 -> 263.789 | K7: L | M7: + | N7: =N6/25*8.5 -> 263.789 | O7: L | R7: =R6/25*8.5 -> 263.789 | S7: L | U7: + | V7: =V6/25*8.5 -> 263.789 | W7: L | Z7: =Z6/25*8.5 -> 263.789 | AA7: L | AC7: + | AD7: =AD6/25*8.5 -> 263.789 | AE7: L
A8: 2 | B8: Xaø boâng 脫脂 (5,6) | D8: CT-21A | F8: g/L | G8: ='XM.GUI MAIL'!$E$69 -> 40~60g/L (50±5g/L) | H8: ='XM.FILE GOC'!H69 -> 0 | I8: + | J8: ='XM.FILE GOC'!K69 -> 573.75 | K8: kg | M8: + | N8: =('XM.FILE GOC'!$F$69-L8)*11475/1000 -> 573.75 | O8: kg | P8: ='XM.FILE GOC'!N69 -> 0 | Q8: + | R8: ='XM.FILE GOC'!Q69 -> 573.75 | S8: kg | U8: + | V8: =('XM.FILE GOC'!$F$69-T8)*11475/1000 -> 573.75 | W8: kg | X8: ='XM.FILE GOC'!T69 -> 0 | Y8: + | Z8: ='XM.FILE GOC'!W69 -> 573.75 | AA8: kg | AC8: + | AD8: =('XM.FILE GOC'!$F$69-AB8)*11475/1000 -> 573.75 | AE8: kg | AF8: IS06
D9: CT-21B | G9: CT-21A: 25kg/CT-21B: 7-10L | J9: =J8/25*8.5 -> 195.075 | K9: L | M9: + | N9: =N8/25*8.5 -> 195.075 | O9: L | R9: =R8/25*8.5 -> 195.075 | S9: L | U9: + | V9: =V8/25*8.5 -> 195.075 | W9: L | Z9: =Z8/25*8.5 -> 195.075 | AA9: L | AC9: + | AD9: =AD8/25*8.5 -> 195.075 | AE9: L
A10: 3 | B10: Điện giải 電解 (8) | D10: EC-508A | E10: EC-508A | F10: g/L | G10: ='XM.GUI MAIL'!$E$70 -> 50~70g/L (60±5g/L) | H10: ='XM.FILE GOC'!H70 -> 0 | I10: + | J10: ='XM.FILE GOC'!K70 -> 492 | K10: kg | M10: + | N10: =('XM.FILE GOC'!$F$70-L10)*8200/1000 -> 492 | O10: kg | P10: ='XM.FILE GOC'!N70 -> 0 | Q10: + | R10: ='XM.FILE GOC'!Q70 -> 492 | S10: kg | U10: + | V10: =('XM.FILE GOC'!$F$70-T10)*8200/1000 -> 492 | W10: kg | X10: ='XM.FILE GOC'!T70 -> 0 | Y10: + | Z10: ='XM.FILE GOC'!W70 -> 492 | AA10: kg | AC10: + | AD10: =('XM.FILE GOC'!$F$70-AB10)*8200/1000 -> 492 | AE10: kg | AF10: IS06
D11: EC-508B | E11: EC-508B | G11: EC-508A: 25kg/EC-508B:6-10L | J11: =J10/25*8 -> 157.44 | K11: L | M11: + | N11: =N10/25*8 -> 157.44 | O11: L | R11: =R10/25*8 -> 157.44 | S11: L | U11: + | V11: =V10/25*8 -> 157.44 | W11: L | Z11: =Z10/25*8 -> 157.44 | AA11: L | AC11: + | AD11: =AD10/25*8 -> 157.44 | AE11: L
A12: 4 | B12: Điện giải 電解 (20,21) | D12: EC-508A | E12: EC-508A | F12: g/L | G12: ='XM.GUI MAIL'!$E$71 -> 50~70g/L (60±5g/L) | H12: ='XM.FILE GOC'!H71 -> 0 | I12: + | J12: ='XM.FILE GOC'!K71 -> 520.08 | K12: kg | M12: + | N12: =('XM.FILE GOC'!$F$71-L12)*8668/1000 -> 520.08 | O12: kg | P12: ='XM.FILE GOC'!N71 -> 0 | Q12: + | R12: ='XM.FILE GOC'!Q71 -> 520.08 | S12: kg | U12: + | V12: =('XM.FILE GOC'!$F$71-T12)*8668/1000 -> 520.08 | W12: kg | X12: ='XM.FILE GOC'!T71 -> 0 | Y12: + | Z12: ='XM.FILE GOC'!W71 -> 520.08 | AA12: kg | AC12: + | AD12: =('XM.FILE GOC'!$F$71-AB12)*8668/1000 -> 520.08 | AE12: kg | AF12: IS06
D13: EC-508B | E13: EC-508B | G13: EC-508A: 25kg/EC-508B:6-10L | J13: =J12/25*8 -> 166.4256 | K13: L | M13: + | N13: =N12/25*8 -> 166.4256 | O13: L | R13: =R12/25*8 -> 166.4256 | S13: L | U13: + | V13: =V12/25*8 -> 166.4256 | W13: L | Z13: =Z12/25*8 -> 166.4256 | AA13: L | AC13: + | AD13: =AD12/25*8 -> 166.4256 | AE13: L
A14: 5 | B14: Boàn xi (26-37) 鋅電鍍槽 Zinc Plating | C14: Noàng ñoä NaOH 氫氧化鈉 | F14: g/L | G14: ='XM.GUI MAIL'!$E$72 -> 135~ 145g/L (140±5g/L) | H14: ='XM.FILE GOC'!H72 -> 0 | I14: + | J14: ='XM.FILE GOC'!K72 -> 7429.24 | K14: kg | M14: + | N14: =('XM.FILE GOC'!$F$72-L14)*53066/1000 -> 7429.24 | O14: kg | P14: ='XM.FILE GOC'!N72 -> 0 | Q14: + | R14: ='XM.FILE GOC'!Q72 -> 7429.24 | S14: kg | U14: + | V14: =('XM.FILE GOC'!$F$72-T14)*53066/1000 -> 7429.24 | W14: kg | X14: ='XM.FILE GOC'!T72 -> 0 | Y14: + | Z14: ='XM.FILE GOC'!W72 -> 7429.24 | AA14: kg | AC14: + | AD14: =('XM.FILE GOC'!$F$72-AB14)*53066/1000 -> 7429.24 | AE14: kg | AF14: IS08
C15: Noàng ñoä Zn 鋅 (1 pcs Zn=25kg) | F15: g/L | G15: ='XM.GUI MAIL'!$E$73 -> 6~8g/L (7±0.5g/L) | H15: ='XM.FILE GOC'!H73 -> 0 | I15: + | J15: ='XM.FILE GOC'!K73 -> 371.462 | K15: kg | M15: + | N15: =('XM.FILE GOC'!$F$73-L15)*53066/1000 -> 371.462 | O15: kg | P15: ='XM.FILE GOC'!N73 -> 0 | Q15: + | R15: ='XM.FILE GOC'!Q73 -> 371.462 | S15: kg | U15: + | V15: =('XM.FILE GOC'!$F$73-T15)*53066/1000 -> 371.462 | W15: kg | X15: ='XM.FILE GOC'!T73 -> 0 | Y15: + | Z15: ='XM.FILE GOC'!W73 -> 371.462 | AA15: kg | AC15: + | AD15: =('XM.FILE GOC'!$F$73-AB15)*53066/1000 -> 371.462 | AE15: kg | AF15: IS07
A16: 6 | B16: Noàng ñoä Cr2O3 (45,46) 三價鉻 | F16: % | G16: ='XM.GUI MAIL'!$E$74 -> 5~8 % (6±0.5%) | H16: ='XM.FILE GOC'!H74 -> -1.0461 | I16: + | J16: ='XM.FILE GOC'!K74 -> 236.74896 | K16: L | M16: + | N16: =('XM.FILE GOC'!$F$74-L16)*4042/95/1.4 -> 182.34586 | O16: L | P16: ='XM.FILE GOC'!N74 -> -1.0461 | Q16: + | R16: ='XM.FILE GOC'!Q74 -> 236.74896 | S16: L | U16: + | V16: =('XM.FILE GOC'!$F$74-T16)*4042/95/1.4 -> 182.34586 | W16: L | X16: ='XM.FILE GOC'!T74 -> -1.0461 | Y16: + | Z16: ='XM.FILE GOC'!W74 -> 236.74896 | AA16: L | AC16: + | AD16: =('XM.FILE GOC'!$F$74-AB16)*4042/95/1.4 -> 182.34586 | AE16: L | AF16: IS05
F17: pH | G17: ='XM.GUI MAIL'!$E$75 -> 2.0~2.4(2.2±0.2 ) | H17: ='XM.FILE GOC'!H75 -> 0 | I17: + | J17: ='XM.FILE GOC'!K75 -> 0 | P17: ='XM.FILE GOC'!N75 -> 0 | Q17: + | R17: ='XM.FILE GOC'!Q75 -> 0 | X17: ='XM.FILE GOC'!T75 -> 0 | Y17: + | Z17: ='XM.FILE GOC'!W75 -> 0
A18: 7 | B18: Noàng ñoä axit ñaëc 1 (13,14) 鹽酸 濃度 | F18: %V/V | G18: ='XM.GUI MAIL'!$E$76 -> 40~50 %V/V (45±5% V/V) | H18: ='XM.FILE GOC'!H76 -> 0 | I18: + | J18: ='XM.FILE GOC'!K76 -> 1163.5962 | K18: L | M18: + | N18: =('XM.FILE GOC'!$F$76-L18)*6723/2.6 -> 1163.5962 | O18: L | P18: ='XM.FILE GOC'!N76 -> 0 | Q18: + | R18: ='XM.FILE GOC'!Q76 -> 1163.5962 | S18: L | U18: + | V18: =('XM.FILE GOC'!$F$76-T18)*6723/2.6 -> 1163.5962 | W18: L | X18: ='XM.FILE GOC'!T76 -> 0 | Y18: + | Z18: ='XM.FILE GOC'!W76 -> 1163.5962 | AA18: L | AC18: + | AD18: =('XM.FILE GOC'!$F$76-AB18)*6723/2.6 -> 1163.5962 | AE18: L | AF18: IS04
A19: 8 | B19: Noàng ñoä axit ñaëc 2 (15,16,17) 鹽酸 濃度 | F19: %V/V | G19: ='XM.GUI MAIL'!$E$77 -> 40~50 %V/V (45±5% V/V) | H19: ='XM.FILE GOC'!H77 -> 0 | I19: + | J19: ='XM.FILE GOC'!K77 -> 1818.8654 | K19: L | M19: + | N19: =('XM.FILE GOC'!$F$77-L19)*10509/2.6 -> 1818.8654 | O19: L | P19: ='XM.FILE GOC'!N77 -> 0 | Q19: + | R19: ='XM.FILE GOC'!Q77 -> 1818.8654 | S19: L | U19: + | V19: =('XM.FILE GOC'!$F$77-T19)*10509/2.6 -> 1818.8654 | W19: L | X19: ='XM.FILE GOC'!T77 -> 0 | Y19: + | Z19: ='XM.FILE GOC'!W77 -> 1818.8654 | AA19: L | AC19: + | AD19: =('XM.FILE GOC'!$F$77-AB19)*10509/2.6 -> 1818.8654 | AE19: L | AF19: IS04
A20: 9 | B20: Nồng độ acid loãng (12) 稀酸 濃度 | F20: %V/V | G20: ='XM.GUI MAIL'!$E$78 -> 20~40 %V/V (30±5% V/V) | H20: ='XM.FILE GOC'!H78 -> 0 | I20: + | J20: ='XM.FILE GOC'!K78 -> 334.55172 | K20: L | M20: + | N20: =('XM.FILE GOC'!$F$78-L20)*3234/2.9 -> 334.55172 | O20: L | P20: ='XM.FILE GOC'!N78 -> 0 | Q20: + | R20: ='XM.FILE GOC'!Q78 -> 334.55172 | S20: L | U20: + | V20: =('XM.FILE GOC'!$F$78-T20)*3234/2.9 -> 334.55172 | W20: L | X20: ='XM.FILE GOC'!T78 -> 0 | Y20: + | Z20: ='XM.FILE GOC'!W78 -> 334.55172 | AA20: L | AC20: + | AD20: =('XM.FILE GOC'!$F$78-AB20)*3234/2.9 -> 334.55172 | AE20: L | AF20: IS15 | AH20: =203-182 -> 21
A21: 10 | B21: Nồng độ HNO3 (42) 硝酸濃度 | C21: Nồng độ HNO3 (42) 硝酸濃度 | D21: Nồng độ HNO3 (42) 硝酸濃度 | E21: Nồng độ HNO3 (42) 硝酸濃度 | F21: %V/V | G21: ='XM.GUI MAIL'!$E$79 -> 0.5~1.5% (1±0.4%) | H21: ='XM.FILE GOC'!H79 -> 0 | I21: + | J21: ='XM.FILE GOC'!K79 -> 28.08 | K21: L | M21: + | N21: =('XM.FILE GOC'!$F$79-L21)*2808 -> 28.08 | O21: L | P21: ='XM.FILE GOC'!N79 -> 0 | Q21: + | R21: ='XM.FILE GOC'!Q79 -> 28.08 | S21: L | U21: + | V21: =('XM.FILE GOC'!$F$79-T21)*2808 -> 28.08 | W21: L | X21: ='XM.FILE GOC'!T79 -> 0 | Y21: + | Z21: ='XM.FILE GOC'!W79 -> 28.08 | AA21: L | AC21: + | AD21: =('XM.FILE GOC'!$F$79-AB21)*2808 -> 28.08 | AE21: L | AF21: IS15
B22: Haïng muïc kieåm tra nhieät ñoä 檢查溫度
A23: NO | B23: Haïng muïc kieåm tra nhieät ñoä 溫度檢查項目 | F23: nhieät ñoä 溫度 | G23: Tieâu chuaån 標準範圍 | H23: Nhiệt kế 温度計 | J23: nhieät töï ñoäng 自動温控 | P23: Nhiệt kế 温度計 | R23: nhieät töï ñoäng 自動温控 | X23: Nhiệt kế 温度計 | Z23: nhieät töï ñoäng 自動温控
A24: 1 | B24: Nhieät ñoä boàn xaø boâng noùng 1 熱脫脂溫度 | F24: 0C | G24: ='XM.GUI MAIL'!$E$91 -> 65~75ºC (70±3OC) | H24: ='XM.GUI MAIL'!H91 -> 0 | J24: ='XM.FILE GOC'!K91 -> 0 | P24: ='XM.GUI MAIL'!N91 -> 0 | R24: ='XM.FILE GOC'!Q91 -> 0 | X24: ='XM.GUI MAIL'!T91 -> 0 | Z24: ='XM.FILE GOC'!W91 -> 0
A25: 2 | B25: Nhieät ñoä boàn xaø boâng noùng 2 熱脫脂溫度 | F25: 0C | G25: ='XM.GUI MAIL'!$E$92 -> 65~75ºC (70±3OC) | H25: ='XM.GUI MAIL'!H92 -> 0 | J25: ='XM.FILE GOC'!K92 -> 0 | P25: ='XM.GUI MAIL'!N92 -> 0 | R25: ='XM.FILE GOC'!Q92 -> 0 | X25: ='XM.GUI MAIL'!T92 -> 0 | Z25: ='XM.FILE GOC'!W92 -> 0
A26: 3 | B26: Nhieät ñoä boàn ñieän giaûi (-) 電解 溫度 | F26: 0C | G26: ='XM.GUI MAIL'!$E$93 -> 60~70ºC (65±3OC) | H26: ='XM.GUI MAIL'!H93 -> 0 | J26: ='XM.FILE GOC'!K93 -> 0 | P26: ='XM.GUI MAIL'!N93 -> 0 | R26: ='XM.FILE GOC'!Q93 -> 0 | X26: ='XM.GUI MAIL'!T93 -> 0 | Z26: ='XM.FILE GOC'!W93 -> 0
A27: 4 | B27: Nhieät ñoä boàn ñieän giaûi (+) 電解 + 溫度 | F27: 0C | G27: ='XM.GUI MAIL'!$E$94 -> 60~70ºC (65±3OC) | H27: ='XM.GUI MAIL'!H94 -> 0 | J27: ='XM.FILE GOC'!K94 -> 0 | P27: ='XM.GUI MAIL'!N94 -> 0 | R27: ='XM.FILE GOC'!Q94 -> 0 | X27: ='XM.GUI MAIL'!T94 -> 0 | Z27: ='XM.FILE GOC'!W94 -> 0
A28: 5 | B28: Nhieät ñoä boàn xi 鍍鋅槽溫度 | F28: 0C | G28: ='XM.GUI MAIL'!$E$95 -> 24~26ºC (25OC) | H28: ='XM.GUI MAIL'!H95 -> 0 | J28: ='XM.FILE GOC'!K95 -> 0 | P28: ='XM.GUI MAIL'!N95 -> 0 | R28: ='XM.FILE GOC'!Q95 -> 0 | X28: ='XM.GUI MAIL'!T95 -> 0 | Z28: ='XM.FILE GOC'!W95 -> 0
A29: 6 | B29: Nhieät ñoä boàn maøu Cr2O3 三價鉻 溫度 | F29: 0C | G29: ='XM.GUI MAIL'!$E$96 -> 34~36ºC (35±1OC) | H29: ='XM.GUI MAIL'!H96 -> 0 | J29: ='XM.FILE GOC'!K96 -> 0 | P29: ='XM.GUI MAIL'!N96 -> 0 | R29: ='XM.FILE GOC'!Q96 -> 0 | X29: ='XM.GUI MAIL'!T96 -> 0 | Z29: ='XM.FILE GOC'!W96 -> 0
A30: 7 | B30: Nhieät ñoä boàn nöôùc noùng 熱水溫度 | F30: 0C | G30: ='XM.GUI MAIL'!$E$97 -> 55~65ºC (60±3OC) | H30: ='XM.GUI MAIL'!H97 -> 0 | J30: ='XM.FILE GOC'!K97 -> 0 | P30: ='XM.GUI MAIL'!N97 -> 0 | R30: ='XM.FILE GOC'!Q97 -> 0 | X30: ='XM.GUI MAIL'!T97 -> 0 | Z30: ='XM.FILE GOC'!W97 -> 0
A31: 8 | B31: saáy khoâ 烘乾 | F31: 0C | G31: ='XM.GUI MAIL'!$E$98 -> 65~75ºC (70±3OC) | H31: \ | J31: ='XM.FILE GOC'!K98 -> 0 | P31: \ | R31: ='XM.FILE GOC'!Q98 -> 0 | X31: \ | Z31: ='XM.FILE GOC'!W98 -> 0
B32: Haïng muïc kieåm tra bôm thuoác töï ñoäng 藥液自動添加
A33: NO | B33: Haïng muïc kieåm tra bôm thuoác 藥液自動添加檢查項目 | F33: Ñôn vò 單位 | G33: Tieâu chuaån 標準範圍 | H33: löôïng bôm 加數量 | P33: löôïng bôm 加數量 | X33: löôïng bôm 加數量
A34: 1 | B34: chất bóng (250 brightener) 光亮劑 | F34: ml/KAH | G34: ='XM.GUI MAIL'!$E$105 -> 30~50 (40) | H34: ='XM.GUI MAIL'!H105 -> 0 | P34: ='XM.GUI MAIL'!N105 -> 0 | X34: ='XM.GUI MAIL'!T105 -> 0
A35: 2 | B35: chất mềm (250 base) 開缸劑 | F35: ml/KAH | G35: ='XM.GUI MAIL'!$E$106 -> 160~220 (180) | H35: ='XM.GUI MAIL'!H106 -> 0 | P35: ='XM.GUI MAIL'!N106 -> 0 | X35: ='XM.GUI MAIL'!T106 -> 0
A37: 錩新科技股份有限公司 CX TECHNOLOGY CORPORATION
A38: BAÙO CAÙO KEÁT QUAÛ HOÙA NGHIEÄM HAÈNG NGAØY XT- 000C 吊電化驗結果報告 | AC38: Lập biểu 作成 | AE38: Xác nhận 確認
B39: XT-000C | G39: ='1. XL-1E kh'!$G$3 -> 2022/12/03 | AC39: =MENU!AD7 -> Trang | AE39: Yen
A40: NO | B40: Hạng mục kiểm tra nồng dộ 化驗檢查項目 | F40: Đơn vị 單位 | G40: Tiêu chuẩn 控制範圍 | H40: 0.76041667 | L40: KQ bổ sung sau 1H | P40: 0.92708333 | T40: KQ bổ sung sau 1H | X40: 0.09375 | AB40: KQ bổ sung sau 1H | AF40: Mã số văn kiện 文件編號 Q3-CXVN-PC01-
H41: 濃度 | I41: 補充 BS | L41: 濃度 | M41: 補充 BS | P41: 濃度 | Q41: 補充 BS | T41: 濃度 | U41: 補充 BS | X41: 濃度 | Y41: 補充 BS | AB41: 濃度 | AC41: 補充 BS
A42: 1 | B42: Xaø boâng 脫脂 (2,3,4) | D42: CT-21A | F42: g/L | G42: ='XM.GUI MAIL'!$E$68 -> 40~60g/L (50±5g/L) | H42: ='XM.FILE GOC'!Z68 -> 0 | I42: + | J42: ='XM.FILE GOC'!AC68 -> 775.85 | K42: kg | M42: + | N42: =('XM.FILE GOC'!$F$68-L42)*15517/1000 -> 775.85 | O42: kg | P42: ='XM.FILE GOC'!AF68 -> 0 | Q42: + | R42: ='XM.FILE GOC'!AI68 -> 775.85 | S42: kg | U42: + | V42: =('XM.FILE GOC'!$F$68-T42)*15517/1000 -> 775.85 | W42: kg | X42: ='XM.FILE GOC'!AL68 -> 0 | Y42: + | Z42: ='XM.FILE GOC'!AO68 -> 775.85 | AA42: kg | AC42: + | AD42: =('XM.FILE GOC'!$F$68-AB42)*15517/1000 -> 775.85 | AE42: kg | AF42: IS06
D43: CT-21B | G43: CT-21A: 25kg/CT-21B: 7-10L | J43: =J42/25*8.5 -> 263.789 | K43: L | M43: + | N43: =N42/25*8.5 -> 263.789 | O43: L | R43: =R42/25*8.5 -> 263.789 | S43: L | U43: + | V43: =V42/25*8.5 -> 263.789 | W43: L | Z43: =Z42/25*8.5 -> 263.789 | AA43: L | AC43: + | AD43: =AD42/25*8.5 -> 263.789 | AE43: L
A44: 2 | B44: Xaø boâng 脫脂 (5,6) | D44: CT-21A | F44: g/L | G44: ='XM.GUI MAIL'!$E$69 -> 40~60g/L (50±5g/L) | H44: ='XM.FILE GOC'!Z69 -> 0 | I44: + | J44: ='XM.FILE GOC'!AC69 -> 573.75 | K44: kg | M44: + | N44: =('XM.FILE GOC'!$F$69-L44)*11475/1000 -> 573.75 | O44: kg | P44: ='XM.FILE GOC'!AF69 -> 0 | Q44: + | R44: ='XM.FILE GOC'!AI69 -> 573.75 | S44: kg | U44: + | V44: =('XM.FILE GOC'!$F$69-T44)*11475/1000 -> 573.75 | W44: kg | X44: ='XM.FILE GOC'!AL69 -> 0 | Y44: + | Z44: ='XM.FILE GOC'!AO69 -> 573.75 | AA44: kg | AC44: + | AD44: =('XM.FILE GOC'!$F$69-AB44)*11475/1000 -> 573.75 | AE44: kg | AF44: IS06
D45: CT-21B | G45: CT-21A: 25kg/CT-21B: 7-10L | J45: =J44/25*8.5 -> 195.075 | K45: L | M45: + | N45: =N44/25*8.5 -> 195.075 | O45: L | R45: =R44/25*8.5 -> 195.075 | S45: L | U45: + | V45: =V44/25*8.5 -> 195.075 | W45: L | Z45: =Z44/25*8.5 -> 195.075 | AA45: L | AC45: + | AD45: =AD44/25*8.5 -> 195.075 | AE45: L
A46: 3 | B46: Điện giải 電解 (8) | D46: EC-508A | E46: EC-508A | F46: g/L | G46: ='XM.GUI MAIL'!$E$70 -> 50~70g/L (60±5g/L) | H46: ='XM.FILE GOC'!Z70 -> 0 | I46: + | J46: ='XM.FILE GOC'!AC70 -> 492 | K46: kg | M46: + | N46: =('XM.FILE GOC'!$F$70-L46)*8200/1000 -> 492 | O46: kg | P46: ='XM.FILE GOC'!AF70 -> 0 | Q46: + | R46: ='XM.FILE GOC'!AI70 -> 492 | S46: kg | U46: + | V46: =('XM.FILE GOC'!$F$70-T46)*8200/1000 -> 492 | W46: kg | X46: ='XM.FILE GOC'!AL70 -> 0 | Y46: + | Z46: ='XM.FILE GOC'!AO70 -> 492 | AA46: kg | AC46: + | AD46: =('XM.FILE GOC'!$F$70-AB46)*8200/1000 -> 492 | AE46: kg | AF46: IS06
D47: EC-508B | E47: EC-508B | G47: EC-508A: 25kg/EC-508B:6-10L | J47: =J46/25*8 -> 157.44 | K47: L | M47: + | N47: =N46/25*8 -> 157.44 | O47: L | R47: =R46/25*8 -> 157.44 | S47: L | U47: + | V47: =V46/25*8 -> 157.44 | W47: L | Z47: =Z46/25*8 -> 157.44 | AA47: L | AC47: + | AD47: =AD46/25*8 -> 157.44 | AE47: L
A48: 4 | B48: Điện giải 電解 (20,21) | D48: EC-508A | E48: EC-508A | F48: g/L | G48: ='XM.GUI MAIL'!$E$71 -> 50~70g/L (60±5g/L) | H48: ='XM.FILE GOC'!Z71 -> 0 | I48: + | J48: ='XM.FILE GOC'!AC71 -> 520.08 | K48: kg | M48: + | N48: =('XM.FILE GOC'!$F$71-L48)*8668/1000 -> 520.08 | O48: kg | P48: ='XM.FILE GOC'!AF71 -> 0 | Q48: + | R48: ='XM.FILE GOC'!AI71 -> 520.08 | S48: kg | U48: + | V48: =('XM.FILE GOC'!$F$71-T48)*8668/1000 -> 520.08 | W48: kg | X48: ='XM.FILE GOC'!AL71 -> 0 | Y48: + | Z48: ='XM.FILE GOC'!AO71 -> 520.08 | AA48: kg | AC48: + | AD48: =('XM.FILE GOC'!$F$71-AB48)*8668/1000 -> 520.08 | AE48: kg | AF48: IS06
D49: EC-508B | E49: EC-508B | G49: EC-508A: 25kg/EC-508B:6-10L | J49: =J48/25*8 -> 166.4256 | K49: L | M49: + | N49: =N48/25*8 -> 166.4256 | O49: L | R49: =R48/25*8 -> 166.4256 | S49: L | U49: + | V49: =V48/25*8 -> 166.4256 | W49: L | Z49: =Z48/25*8 -> 166.4256 | AA49: L | AC49: + | AD49: =AD48/25*8 -> 166.4256 | AE49: L
A50: 5 | B50: Boàn xi (26-37) 鋅電鍍槽 Zinc Plating | C50: Noàng ñoä NaOH 氫氧化鈉 | F50: g/L | G50: ='XM.GUI MAIL'!$E$72 -> 135~ 145g/L (140±5g/L) | H50: ='XM.FILE GOC'!Z72 -> 0 | I50: + | J50: ='XM.FILE GOC'!AC72 -> 7429.24 | K50: kg | M50: + | N50: =('XM.FILE GOC'!$F$72-L50)*53066/1000 -> 7429.24 | O50: kg | P50: ='XM.FILE GOC'!AF72 -> 0 | Q50: + | R50: ='XM.FILE GOC'!AI72 -> 7429.24 | S50: kg | U50: + | V50: =('XM.FILE GOC'!$F$72-T50)*53066/1000 -> 7429.24 | W50: kg | X50: ='XM.FILE GOC'!AL72 -> 0 | Y50: + | Z50: ='XM.FILE GOC'!AO72 -> 7429.24 | AA50: kg | AC50: + | AD50: =('XM.FILE GOC'!$F$72-AB50)*53066/1000 -> 7429.24 | AE50: kg | AF50: IS08
C51: Noàng ñoä Zn 鋅 (1 pcs Zn=25kg) | F51: g/L | G51: ='XM.GUI MAIL'!$E$73 -> 6~8g/L (7±0.5g/L) | H51: ='XM.FILE GOC'!Z73 -> 0 | I51: + | J51: ='XM.FILE GOC'!AC73 -> 371.462 | K51: kg | M51: + | N51: =('XM.FILE GOC'!$F$73-L51)*53066/1000 -> 371.462 | O51: kg | P51: ='XM.FILE GOC'!AF73 -> 0 | Q51: + | R51: ='XM.FILE GOC'!AI73 -> 371.462 | S51: kg | U51: + | V51: =('XM.FILE GOC'!$F$73-T51)*53066/1000 -> 371.462 | W51: kg | X51: ='XM.FILE GOC'!AL73 -> 0 | Y51: + | Z51: ='XM.FILE GOC'!AO73 -> 371.462 | AA51: kg | AC51: + | AD51: =('XM.FILE GOC'!$F$73-AB51)*53066/1000 -> 371.462 | AE51: kg | AF51: IS07
A52: 6 | B52: Noàng ñoä Cr2O3 (45,46) 三價鉻 | F52: % | G52: ='XM.GUI MAIL'!$E$74 -> 5~8 % (6±0.5%) | H52: ='XM.FILE GOC'!Z74 -> -1.0461 | I52: + | J52: ='XM.FILE GOC'!AC74 -> 236.74896 | K52: L | M52: + | N52: =('XM.FILE GOC'!$F$74-L52)*4042/95/1.4 -> 182.34586 | O52: L | P52: ='XM.FILE GOC'!AF74 -> -1.0461 | Q52: + | R52: ='XM.FILE GOC'!AI74 -> 236.74896 | S52: L | U52: + | V52: =('XM.FILE GOC'!$F$74-T52)*4042/95/1.4 -> 182.34586 | W52: L | X52: ='XM.FILE GOC'!AL74 -> -1.0461 | Y52: + | Z52: ='XM.FILE GOC'!AO74 -> 236.74896 | AA52: L | AC52: + | AD52: =('XM.FILE GOC'!$F$74-AB52)*4042/95/1.4 -> 182.34586 | AE52: L | AF52: IS05
F53: pH | G53: ='XM.GUI MAIL'!$E$75 -> 2.0~2.4(2.2±0.2 ) | H53: ='XM.FILE GOC'!Z75 -> 0 | I53: + | J53: ='XM.FILE GOC'!AC75 -> 0 | P53: ='XM.FILE GOC'!AF75 -> 0 | Q53: + | R53: ='XM.FILE GOC'!AI75 -> 0 | X53: ='XM.FILE GOC'!AL75 -> 0 | Y53: + | Z53: ='XM.FILE GOC'!AO75 -> 0
A54: 7 | B54: Noàng ñoä axit ñaëc 1 (13,14) 鹽酸 濃度 | F54: %V/V | G54: ='XM.GUI MAIL'!$E$76 -> 40~50 %V/V (45±5% V/V) | H54: ='XM.FILE GOC'!Z76 -> 0 | I54: + | J54: ='XM.FILE GOC'!AC76 -> 1163.5962 | K54: L | M54: + | N54: =('XM.FILE GOC'!$F$76-L54)*6723/2.6 -> 1163.5962 | O54: L | P54: ='XM.FILE GOC'!AF76 -> 0 | Q54: + | R54: ='XM.FILE GOC'!AI76 -> 1163.5962 | S54: L | U54: + | V54: =('XM.FILE GOC'!$F$76-T54)*6723/2.6 -> 1163.5962 | W54: L | X54: ='XM.FILE GOC'!AL76 -> 0 | Y54: + | Z54: ='XM.FILE GOC'!AO76 -> 1163.5962 | AA54: L | AC54: + | AD54: =('XM.FILE GOC'!$F$76-AB54)*6723/2.6 -> 1163.5962 | AE54: L | AF54: IS04
A55: 8 | B55: Noàng ñoä axit ñaëc 2 (15,16,17) 鹽酸 濃度 | F55: %V/V | G55: ='XM.GUI MAIL'!$E$77 -> 40~50 %V/V (45±5% V/V) | H55: ='XM.FILE GOC'!Z77 -> 0 | I55: + | J55: ='XM.FILE GOC'!AC77 -> 1818.8654 | K55: L | M55: + | N55: =('XM.FILE GOC'!$F$77-L55)*10509/2.6 -> 1818.8654 | O55: L | P55: ='XM.FILE GOC'!AF77 -> 0 | Q55: + | R55: ='XM.FILE GOC'!AI77 -> 1818.8654 | S55: L | U55: + | V55: =('XM.FILE GOC'!$F$77-T55)*10509/2.6 -> 1818.8654 | W55: L | X55: ='XM.FILE GOC'!AL77 -> 0 | Y55: + | Z55: ='XM.FILE GOC'!AO77 -> 1818.8654 | AA55: L | AC55: + | AD55: =('XM.FILE GOC'!$F$77-AB55)*10509/2.6 -> 1818.8654 | AE55: L | AF55: IS04
A56: 9 | B56: Nồng độ acid loãng (12) 稀酸 濃度 | F56: %V/V | G56: ='XM.GUI MAIL'!$E$78 -> 20~40 %V/V (30±5% V/V) | H56: ='XM.FILE GOC'!Z78 -> 0 | I56: + | J56: ='XM.FILE GOC'!AC78 -> 334.55172 | K56: L | M56: + | N56: =('XM.FILE GOC'!$F$78-L56)*3234/2.9 -> 334.55172 | O56: L | P56: ='XM.FILE GOC'!AF78 -> 0 | Q56: + | R56: ='XM.FILE GOC'!AI78 -> 334.55172 | S56: L | U56: + | V56: =('XM.FILE GOC'!$F$78-T56)*3234/2.9 -> 334.55172 | W56: L | X56: ='XM.FILE GOC'!AL78 -> 0 | Y56: + | Z56: ='XM.FILE GOC'!AO78 -> 334.55172 | AA56: L | AC56: + | AD56: =('XM.FILE GOC'!$F$78-AB56)*3234/2.9 -> 334.55172 | AE56: L | AF56: IS15
A57: 10 | B57: Nồng độ HNO3 (42) 硝酸濃度 | C57: Nồng độ HNO3 (42) 硝酸濃度 | D57: Nồng độ HNO3 (42) 硝酸濃度 | E57: Nồng độ HNO3 (42) 硝酸濃度 | F57: %V/V | G57: ='XM.GUI MAIL'!$E$79 -> 0.5~1.5% (1±0.4%) | H57: ='XM.FILE GOC'!Z79 -> 0 | I57: + | J57: ='XM.FILE GOC'!AC79 -> 28.08 | K57: L | M57: + | N57: =('XM.FILE GOC'!$F$79-L57)*2808 -> 28.08 | O57: L | P57: ='XM.FILE GOC'!AF79 -> 0 | Q57: + | R57: ='XM.FILE GOC'!AI79 -> 28.08 | S57: L | U57: + | V57: =('XM.FILE GOC'!$F$79-T57)*2808 -> 28.08 | W57: L | X57: ='XM.FILE GOC'!AL79 -> 0 | Y57: + | Z57: ='XM.FILE GOC'!AO79 -> 15.6 | AA57: L | AC57: + | AD57: =('XM.FILE GOC'!$F$79-AB57)*2808 -> 28.08 | AE57: L | AF57: IS15
B58: Haïng muïc kieåm tra nhieät ñoä 檢查溫度
A59: NO | B59: Haïng muïc kieåm tra nhieät ñoä 溫度檢查項目 | F59: nhieät ñoä 溫度 | G59: Tieâu chuaån 標準範圍 | H59: Nhiệt kế 温度計 | J59: nhieät töï ñoäng 自動温控 | P59: Nhiệt kế 温度計 | R59: nhieät töï ñoäng 自動温控 | X59: Nhiệt kế 温度計 | Z59: nhieät töï ñoäng 自動温控
A60: 1 | B60: Nhieät ñoä boàn xaø boâng noùng 1 熱脫脂溫度 | F60: 0C | G60: ='XM.GUI MAIL'!$E$91 -> 65~75ºC (70±3OC) | H60: ='XM.GUI MAIL'!Z91 -> 0 | J60: ='XM.FILE GOC'!AC91 -> 0 | P60: ='XM.GUI MAIL'!AF91 -> 0 | R60: ='XM.FILE GOC'!AI91 -> 0 | X60: ='XM.GUI MAIL'!AL91 -> 0 | Z60: ='XM.FILE GOC'!AO91 -> 0
A61: 2 | B61: Nhieät ñoä boàn xaø boâng noùng 2 熱脫脂溫度 | F61: 0C | G61: ='XM.GUI MAIL'!$E$92 -> 65~75ºC (70±3OC) | H61: ='XM.GUI MAIL'!Z92 -> 0 | J61: ='XM.FILE GOC'!AC92 -> 0 | P61: ='XM.GUI MAIL'!AF92 -> 0 | R61: ='XM.FILE GOC'!AI92 -> 0 | X61: ='XM.GUI MAIL'!AL92 -> 0 | Z61: ='XM.FILE GOC'!AO92 -> 0
A62: 3 | B62: Nhieät ñoä boàn ñieän giaûi (-) 電解 溫度 | F62: 0C | G62: ='XM.GUI MAIL'!$E$93 -> 60~70ºC (65±3OC) | H62: ='XM.GUI MAIL'!Z93 -> 0 | J62: ='XM.FILE GOC'!AC93 -> 0 | P62: ='XM.GUI MAIL'!AF93 -> 0 | R62: ='XM.FILE GOC'!AI93 -> 0 | X62: ='XM.GUI MAIL'!AL93 -> 0 | Z62: ='XM.FILE GOC'!AO93 -> 0
A63: 4 | B63: Nhieät ñoä boàn ñieän giaûi (+) 電解 + 溫度 | F63: 0C | G63: ='XM.GUI MAIL'!$E$94 -> 60~70ºC (65±3OC) | H63: ='XM.GUI MAIL'!Z94 -> 0 | J63: ='XM.FILE GOC'!AC94 -> 0 | P63: ='XM.GUI MAIL'!AF94 -> 0 | R63: ='XM.FILE GOC'!AI94 -> 0 | X63: ='XM.GUI MAIL'!AL94 -> 0 | Z63: ='XM.FILE GOC'!AO94 -> 0
A64: 5 | B64: Nhieät ñoä boàn xi 鍍鋅槽溫度 | F64: 0C | G64: ='XM.GUI MAIL'!$E$95 -> 24~26ºC (25OC) | H64: ='XM.GUI MAIL'!Z95 -> 0 | J64: ='XM.FILE GOC'!AC95 -> 0 | P64: ='XM.GUI MAIL'!AF95 -> 0 | R64: ='XM.FILE GOC'!AI95 -> 0 | X64: ='XM.GUI MAIL'!AL95 -> 0 | Z64: ='XM.FILE GOC'!AO95 -> 0
A65: 6 | B65: Nhieät ñoä boàn maøu Cr2O3 三價鉻 溫度 | F65: 0C | G65: ='XM.GUI MAIL'!$E$96 -> 34~36ºC (35±1OC) | H65: ='XM.GUI MAIL'!Z96 -> 0 | J65: ='XM.FILE GOC'!AC96 -> 0 | P65: ='XM.GUI MAIL'!AF96 -> 0 | R65: ='XM.FILE GOC'!AI96 -> 0 | X65: ='XM.GUI MAIL'!AL96 -> 0 | Z65: ='XM.FILE GOC'!AO96 -> 0
A66: 7 | B66: Nhieät ñoä boàn nöôùc noùng 熱水溫度 | F66: 0C | G66: ='XM.GUI MAIL'!$E$97 -> 55~65ºC (60±3OC) | H66: ='XM.GUI MAIL'!Z97 -> 0 | J66: ='XM.FILE GOC'!AC97 -> 0 | P66: ='XM.GUI MAIL'!AF97 -> 0 | R66: ='XM.FILE GOC'!AI97 -> 0 | X66: ='XM.GUI MAIL'!AL97 -> 0 | Z66: ='XM.FILE GOC'!AO97 -> 0
A67: 8 | B67: saáy khoâ 烘乾 | F67: 0C | G67: ='XM.GUI MAIL'!$E$98 -> 65~75ºC (70±3OC) | H67: \ | J67: ='XM.FILE GOC'!AC98 -> 0 | P67: \ | R67: ='XM.FILE GOC'!AI98 -> 0 | X67: \ | Z67: ='XM.FILE GOC'!AO98 -> 0
B68: Haïng muïc kieåm tra bôm thuoác töï ñoäng 藥液自動添加
A69: NO | B69: Haïng muïc kieåm tra bôm thuoác 藥液自動添加檢查項目 | F69: Ñôn vò 單位 | G69: Tieâu chuaån 標準範圍 | H69: löôïng bôm 加數量 | P69: löôïng bôm 加數量 | X69: löôïng bôm 加數量
A70: 1 | B70: chất bóng (250 brightener) 光亮劑 | F70: ml/KAH | G70: ='XM.GUI MAIL'!$E$105 -> 30~50 (40) | H70: ='XM.GUI MAIL'!Z105 -> 0 | P70: ='XM.GUI MAIL'!AF105 -> 0 | X70: ='XM.GUI MAIL'!AL105 -> 0
A71: 2 | B71: chất mềm (250 base) 開缸劑 | F71: ml/KAH | G71: ='XM.GUI MAIL'!$E$106 -> 160~220 (180) | H71: ='XM.GUI MAIL'!Z106 -> 0 | P71: ='XM.GUI MAIL'!AF106 -> 0 | X71: ='XM.GUI MAIL'!AL106 -> 0

Sheet 4.ZN-NI kh
A1: 錩新科技股份有限公司 CX TECHNOLOGY CORPORATION
A2: BAÙO CAÙO KEÁT QUAÛ HOÙA NGHIEÄM HAÈNG NGAØY Zn-Ni 吊電化驗結果報告 | N2: Lập biểu 作成 | P2: xaùc nhaän 確認
B3: XT-000C | G3: ='1. XL-1E kh'!$G$3 -> 2022/12/03 | N3: ='1. XL-1E kh'!$AC$3 -> L.Yen | P3: Yen
A4: NO | B4: Hạng mục kiểm tra nồng dộ 化驗檢查項目 | F4: Đơn vị 單位 | G4: Tiêu chuẩn 控制範圍 | H4: 0.26041667 | L4: 0.59375 | P4: Mã số văn kiện 文件編號 Q3-CXVN-PC01-
H5: 濃度 | I5: 補充 BS | L5: 濃度 | M5: 補充 BS
A6: 1 | B6: Xaø boâng 脫脂 (2,3,4) | D6: CT-21A | F6: g/L | G6: ='XM.GUI MAIL'!$E$68 -> 40~60g/L (50±5g/L) | H6: ='XM.FILE GOC'!H68 -> 0 | I6: + | J6: ='XM.FILE GOC'!K68 -> 775.85 | K6: kg | L6: ='XM.FILE GOC'!T68 -> 0 | M6: + | N6: ='XM.FILE GOC'!W68 -> 775.85 | O6: kg | P6: IS06
D7: CT-21B | F7: ml/L | G7: CT-21A: 25kg/CT-21B:8±1Lit | I7: + | J7: =J6/25*840/1000 -> 26.06856 | K7: L | M7: + | N7: =N6/25*840/1000 -> 26.06856 | O7: L
A8: 2 | B8: Xaø boâng 脫脂 (5,6) | D8: CT-21A | F8: g/L | G8: ='XM.GUI MAIL'!$E$69 -> 40~60g/L (50±5g/L) | H8: ='XM.FILE GOC'!H69 -> 0 | I8: + | J8: ='XM.FILE GOC'!K69 -> 573.75 | K8: kg | L8: ='XM.FILE GOC'!T69 -> 0 | M8: + | N8: ='XM.FILE GOC'!W69 -> 573.75 | O8: kg | P8: IS06
D9: CT-21B | F9: ml/L | G9: CT-21A: 25kg/CT-21B:8±1Lit | I9: + | J9: =J8/25*840/1000 -> 19.278 | K9: L | M9: + | N9: =N8/25*840/1000 -> 19.278 | O9: L
A10: 3 | B10: Điện giải 電解 (8) | D10: EC-508A | E10: EC-508A | F10: g/L | G10: ='XM.GUI MAIL'!$E$70 -> 50~70g/L (60±5g/L) | H10: ='XM.FILE GOC'!H70 -> 0 | I10: + | J10: ='XM.FILE GOC'!K70 -> 492 | K10: kg | L10: ='XM.FILE GOC'!T70 -> 0 | M10: + | N10: ='XM.FILE GOC'!W70 -> 492 | O10: kg | P10: IS06
D11: EC-508B | E11: EC-508B | F11: ml/L | G11: EC-508A: 25±1kg/EC-508B:8±1Lit | I11: + | J11: =J10/25*7.5 -> 147.6 | K11: L | M11: + | N11: =N10/25*7.5 -> 147.6 | O11: L
A12: 4 | B12: Điện giải 電解 (20,21) | D12: EC-508A | E12: EC-508A | F12: g/L | G12: ='XM.GUI MAIL'!$E$71 -> 50~70g/L (60±5g/L) | H12: ='XM.FILE GOC'!H71 -> 0 | I12: + | J12: ='XM.FILE GOC'!K71 -> 520.08 | K12: kg | L12: ='XM.FILE GOC'!T71 -> 0 | M12: + | N12: ='XM.FILE GOC'!W71 -> 520.08 | O12: kg | P12: IS06
D13: EC-508B | E13: EC-508B | F13: ml/L | G13: EC-508A: 25±1kg/EC-508B:8±1Lit | I13: + | J13: =J12/25*7.5 -> 156.024 | K13: L | M13: + | N13: =N12/25*7.5 -> 156.024 | O13: L
A14: 5 | B14: 鋅鎳合金電鍍槽 Zn-Niken Plating | D14: Zn | F14: g/L | G14: ='XM.GUI MAIL'!$E$84 -> 5~6g/L (5.5± 1g/L) | H14: ='XM.FILE GOC'!H84 -> 0 | I14: + | J14: ='XM.FILE GOC'!K84 -> 44 | K14: kg | L14: ='XM.FILE GOC'!T84 -> 0 | M14: + | N14: ='XM.FILE GOC'!W84 -> 44 | O14: kg | P14: IS08
D15: Ni | F15: g/L | G15: 1.7~1.9g/L (1.8 ± 0.1g/L) | H15: ='XM.FILE GOC'!H85 -> 0 | J15: ='XM.FILE GOC'!K85 -> 14.4 | L15: ='XM.FILE GOC'!T85 -> 0 | N15: ='XM.FILE GOC'!W85 -> 14.4
D16: NaOH | F16: g/L | G16: ='XM.GUI MAIL'!$E$86 -> 120~130g/L (125 ± 5g/L) | H16: ='XM.FILE GOC'!H86 -> 0 | I16: + | J16: ='XM.FILE GOC'!K86 -> 1000 | K16: kg | L16: ='XM.FILE GOC'!T86 -> 0 | M16: + | N16: ='XM.FILE GOC'!W86 -> 1000 | O16: kg | P16: IS07
A17: 6 | D17: Zn-208HT | F17: g/L | G17: 125~135g/L (130g/L) | H17: ='XM.FILE GOC'!H87 -> -4.45 | I17: + | J17: ='XM.FILE GOC'!K87 -> 1075.6 | K17: L | L17: ='XM.FILE GOC'!T87 -> -4.45 | M17: + | N17: ='XM.FILE GOC'!W87 -> 1075.6 | O17: L | P17: IS05
B18: Noàng ñoä Cr2O3 (Niken) 三價鉻 | D18: pH | F18: pH | G18: ='XM.GUI MAIL'!$E$88 -> 3.0-4.5(4.3±0.2) | H18: ='XM.FILE GOC'!H88 -> 0 | I18: + | L18: ='XM.FILE GOC'!T88 -> 0 | M18: +
A19: 7 | B19: Noàng ñoä axit ñaëc 1 (13,14) 鹽酸 濃度 | F19: %V/V | G19: ='XM.GUI MAIL'!$E$76 -> 40~50 %V/V (45±5% V/V) | H19: ='XM.FILE GOC'!H76 -> 0 | I19: + | J19: ='XM.FILE GOC'!K76 -> 1163.5962 | K19: L | L19: ='XM.FILE GOC'!T76 -> 0 | M19: + | N19: ='XM.FILE GOC'!W76 -> 1163.5962 | O19: L | P19: IS04
A20: 8 | B20: Noàng ñoä axit ñaëc 2 (15,16,17) 鹽酸 濃度 | F20: %V/V | G20: ='XM.GUI MAIL'!$E$77 -> 40~50 %V/V (45±5% V/V) | H20: ='XM.FILE GOC'!H77 -> 0 | I20: + | J20: ='XM.FILE GOC'!K77 -> 1818.8654 | K20: L | L20: ='XM.FILE GOC'!T77 -> 0 | M20: + | N20: ='XM.FILE GOC'!W77 -> 1818.8654 | O20: L | P20: IS04
A21: 9 | B21: Nồng độ acid loãng (12) 稀酸 濃度 | F21: %V/V | G21: ='XM.GUI MAIL'!$E$78 -> 20~40 %V/V (30±5% V/V) | H21: ='XM.FILE GOC'!H78 -> 0 | I21: + | J21: ='XM.FILE GOC'!K78 -> 334.55172 | K21: L | L21: ='XM.FILE GOC'!T78 -> 0 | M21: + | N21: ='XM.FILE GOC'!W78 -> 334.55172 | O21: L | P21: IS15
A22: 10 | B22: Nồng độ HNO3 (42) 硝酸濃度 | C22: Nồng độ HNO3 (42) 硝酸濃度 | D22: Nồng độ HNO3 (42) 硝酸濃度 | E22: Nồng độ HNO3 (42) 硝酸濃度 | F22: %V/V | G22: ='XM.GUI MAIL'!$E$79 -> 0.5~1.5% (1±0.4%) | H22: ='XM.FILE GOC'!H79 -> 0 | I22: + | J22: ='XM.FILE GOC'!K79 -> 28.08 | K22: L | L22: ='XM.FILE GOC'!T79 -> 0 | M22: + | N22: ='XM.FILE GOC'!W79 -> 28.08 | O22: L | P22: IS15
B23: Haïng muïc kieåm tra nhieät ñoä 檢查溫度
A24: NO | B24: Haïng muïc kieåm tra nhieät ñoä 溫度檢查項目 | F24: nhieät ñoä 溫度 | G24: Tieâu chuaån 標準範圍 | H24: Nhiệt kế 温度計 | J24: nhieät töï ñoäng 自動温控 | L24: Nhiệt kế 温度計 | N24: nhieät töï ñoäng 自動温控
A25: 1 | B25: Nhieät ñoä boàn xaø boâng noùng 1 熱脫脂溫度 | F25: 0C | G25: ='XM.GUI MAIL'!$E$91 -> 65~75ºC (70±3OC) | H25: ='3.XT-C kh'!H24:I24 -> 0 | J25: ='3.XT-C kh'!J24:K24 -> 0 | L25: ='3.XT-C kh'!X24 -> 0 | N25: ='3.XT-C kh'!Z24 -> 0
A26: 2 | B26: Nhieät ñoä boàn xaø boâng noùng 2 熱脫脂溫度 | F26: 0C | G26: ='XM.GUI MAIL'!$E$92 -> 65~75ºC (70±3OC) | H26: ='3.XT-C kh'!H25:I25 -> 0 | J26: ='3.XT-C kh'!J25:K25 -> 0 | L26: ='3.XT-C kh'!X25 -> 0 | N26: ='3.XT-C kh'!Z25 -> 0
A27: 3 | B27: Nhieät ñoä boàn ñieän giaûi (-) 電解 溫度 | F27: 0C | G27: ='XM.GUI MAIL'!$E$93 -> 60~70ºC (65±3OC) | H27: ='3.XT-C kh'!H26:I26 -> 0 | J27: ='3.XT-C kh'!J26:K26 -> 0 | L27: ='3.XT-C kh'!X26 -> 0 | N27: ='3.XT-C kh'!Z26 -> 0
A28: 4 | B28: Nhieät ñoä boàn ñieän giaûi (+) 電解 + 溫度 | F28: 0C | G28: ='XM.GUI MAIL'!$E$94 -> 60~70ºC (65±3OC) | H28: ='3.XT-C kh'!H27:I27 -> 0 | J28: ='3.XT-C kh'!J27:K27 -> 0 | L28: ='3.XT-C kh'!X27 -> 0 | N28: ='3.XT-C kh'!Z27 -> 0
A29: 5 | B29: Nhiệt độ bồn xi Zn-Niken Zn-Niken 鍍鋅槽溫度 | F29: 0C | G29: ='XM.GUI MAIL'!$E$101 -> 24~28ºC (26±2OC) | H29: ='XM.FILE GOC'!H101 -> 0 | J29: ='XM.FILE GOC'!K101 -> 0 | L29: ='XM.FILE GOC'!T101 -> 0 | N29: ='XM.FILE GOC'!W101 -> 0
A30: 6 | B30: Nhiệt độ nước nóng siêm âm 超音波熱水洗槽 | F30: 0C | G30: ='XM.GUI MAIL'!$E$102 -> 40~60ºC (50±10OC) | H30: ='XM.FILE GOC'!H102 -> 0 | J30: ='XM.FILE GOC'!K102 -> 0 | L30: ='XM.FILE GOC'!T102 -> 0 | N30: ='XM.FILE GOC'!W102 -> 0
A31: 7 | B31: Nhiệt độ bồn màu Cr2O3 (Niken) 三價鉻 溫度 | F31: 0C | G31: ='XM.GUI MAIL'!$E$103 -> 20~30ºC (25±5OC) | H31: ='XM.FILE GOC'!H103 -> 0 | J31: ='XM.FILE GOC'!K103 -> 0 | L31: ='XM.FILE GOC'!T103 -> 0 | N31: ='XM.FILE GOC'!W103 -> 0
A32: 8 | B32: Nhieät ñoä boàn nöôùc noùng 熱水溫度 | F32: 0C | G32: ='XM.GUI MAIL'!$E$97 -> 55~65ºC (60±3OC) | H32: ='3.XT-C kh'!H30:I30 -> 0 | J32: ='3.XT-C kh'!J30:K30 -> 0 | L32: ='3.XT-C kh'!X30 -> 0 | N32: ='3.XT-C kh'!Z30 -> 0
A33: 9 | B33: saáy khoâ 烘乾 | F33: 0C | G33: ='XM.GUI MAIL'!$E$98 -> 65~75ºC (70±3OC) | H33: \ | J33: ='3.XT-C kh'!J31:K31 -> 0 | L33: \ | N33: ='3.XT-C kh'!Z31 -> 0
A37: 錩新科技股份有限公司 CX TECHNOLOGY CORPORATION
A38: BAÙO CAÙO KEÁT QUAÛ HOÙA NGHIEÄM HAÈNG NGAØY Zn-Ni 吊電化驗結果報告 | N38: Lập biểu 作成 | P38: xaùc nhaän 確認
B39: XT-000C | G39: ='1. XL-1E kh'!$G$3 -> 2022/12/03 | N39: =MENU!AD7 -> Trang | P39: Yen
A40: NO | B40: Hạng mục kiểm tra nồng dộ 化驗檢查項目 | F40: Đơn vị 單位 | G40: Tiêu chuẩn 控制範圍 | H40: 0.76041667 | L40: 0.09375 | P40: Mã số văn kiện 文件編號 Q3-CXVN-PC01-
H41: 濃度 | I41: 補充 BS | L41: 濃度 | M41: 補充 BS
A42: 1 | B42: Xaø boâng 脫脂 (2,3,4) | D42: CT-21A | F42: g/L | G42: ='XM.GUI MAIL'!$E$68 -> 40~60g/L (50±5g/L) | H42: ='XM.FILE GOC'!Z68 -> 0 | I42: + | J42: ='XM.FILE GOC'!AC68 -> 775.85 | K42: kg | L42: ='XM.FILE GOC'!AL68 -> 0 | M42: + | N42: ='XM.FILE GOC'!AO68 -> 775.85 | O42: kg | P42: IS06
D43: CT-21B | F43: ml/L | G43: CT-21A: 25kg/CT-21B:8±1Lit | I43: + | J43: =J42/25*840/1000 -> 26.06856 | K43: L | M43: + | N43: =N42/25*840/1000 -> 26.06856 | O43: L
A44: 2 | B44: Xaø boâng 脫脂 (5,6) | D44: CT-21A | F44: g/L | G44: ='XM.GUI MAIL'!$E$69 -> 40~60g/L (50±5g/L) | H44: ='XM.FILE GOC'!Z69 -> 0 | I44: + | J44: ='XM.FILE GOC'!AC69 -> 573.75 | K44: kg | L44: ='XM.FILE GOC'!AL69 -> 0 | M44: + | N44: ='XM.FILE GOC'!AO69 -> 573.75 | O44: kg | P44: IS06
D45: CT-21B | F45: ml/L | G45: CT-21A: 25kg/CT-21B:8±1Lit | I45: + | J45: =J44/25*840/1000 -> 19.278 | K45: L | M45: + | N45: =N44/25*840/1000 -> 19.278 | O45: L
A46: 3 | B46: Điện giải 電解 (8) | D46: EC-508A | E46: EC-508A | F46: g/L | G46: ='XM.GUI MAIL'!$E$70 -> 50~70g/L (60±5g/L) | H46: ='XM.FILE GOC'!Z70 -> 0 | I46: + | J46: ='XM.FILE GOC'!AC70 -> 492 | K46: kg | L46: ='XM.FILE GOC'!AL70 -> 0 | M46: + | N46: ='XM.FILE GOC'!AO70 -> 492 | O46: kg | P46: IS06
D47: EC-508B | E47: EC-508B | F47: ml/L | G47: EC-508A: 25±1kg/EC-508B:8±1Lit | I47: + | J47: =J46/25*7.5 -> 147.6 | K47: L | M47: + | N47: =N46/25*7.5 -> 147.6 | O47: L
A48: 4 | B48: Điện giải 電解 (20,21) | D48: EC-508A | E48: EC-508A | F48: g/L | G48: ='XM.GUI MAIL'!$E$71 -> 50~70g/L (60±5g/L) | H48: ='XM.FILE GOC'!Z71 -> 0 | I48: + | J48: ='XM.FILE GOC'!AC71 -> 520.08 | K48: kg | L48: ='XM.FILE GOC'!AL71 -> 0 | M48: + | N48: ='XM.FILE GOC'!AO71 -> 520.08 | O48: kg | P48: IS06
D49: EC-508B | E49: EC-508B | F49: ml/L | G49: EC-508A: 25±1kg/EC-508B:8±1Lit | I49: + | J49: =J48/25*7.5 -> 156.024 | K49: L | M49: + | N49: =N48/25*7.5 -> 156.024 | O49: L
A50: 5 | B50: 鋅鎳合金電鍍槽 Zn-Niken Plating | D50: Zn | F50: g/L | G50: ='XM.GUI MAIL'!$E$84 -> 5~6g/L (5.5± 1g/L) | H50: ='XM.FILE GOC'!Z84 -> 0 | I50: + | J50: ='XM.FILE GOC'!AC84 -> 44 | K50: kg | L50: ='XM.FILE GOC'!AL84 -> 0 | M50: + | N50: ='XM.FILE GOC'!AO84 -> 44 | O50: kg | P50: IS08
D51: Ni | F51: g/L | G51: 1.7~1.9g/L (1.8 ± 0.1g/L) | H51: ='XM.FILE GOC'!Z85 -> 0 | J51: ='XM.FILE GOC'!AC85 -> 14.4 | K51: kg | L51: ='XM.FILE GOC'!AL85 -> 0 | N51: ='XM.FILE GOC'!AO85 -> 14.4 | O51: kg
D52: NaOH | F52: g/L | G52: ='XM.GUI MAIL'!$E$86 -> 120~130g/L (125 ± 5g/L) | H52: ='XM.FILE GOC'!Z86 -> 0 | I52: + | J52: ='XM.FILE GOC'!AC86 -> 1000 | K52: kg | L52: ='XM.FILE GOC'!AL86 -> 0 | M52: + | N52: ='XM.FILE GOC'!AO86 -> 1000 | O52: kg | P52: IS07
A53: 6 | D53: Zn-208HT | F53: g/L | G53: 125~135g/L (130g/L) | H53: ='XM.FILE GOC'!Z87 -> -4.45 | I53: + | J53: ='XM.FILE GOC'!AC87 -> 1075.6 | K53: L | L53: ='XM.FILE GOC'!AL87 -> -4.45 | M53: + | N53: ='XM.FILE GOC'!AO87 -> 1075.6 | O53: L | P53: IS05
B54: Noàng ñoä Cr2O3 (Niken) 三價鉻 | D54: pH | F54: pH | G54: ='XM.GUI MAIL'!$E$88 -> 3.0-4.5(4.3±0.2) | H54: ='XM.FILE GOC'!Z88 -> 0 | I54: + | L54: ='XM.FILE GOC'!AL88 -> 0 | M54: +
A55: 7 | B55: Noàng ñoä axit ñaëc 1 (13,14) 鹽酸 濃度 | F55: %V/V | G55: ='XM.GUI MAIL'!$E$76 -> 40~50 %V/V (45±5% V/V) | H55: ='XM.FILE GOC'!Z76 -> 0 | I55: + | J55: ='XM.FILE GOC'!AC76 -> 1163.5962 | K55: L | L55: ='XM.FILE GOC'!AL76 -> 0 | M55: + | N55: ='XM.FILE GOC'!AO76 -> 1163.5962 | O55: L | P55: IS04
A56: 8 | B56: Noàng ñoä axit ñaëc 2 (15,16,17) 鹽酸 濃度 | F56: %V/V | G56: ='XM.GUI MAIL'!$E$77 -> 40~50 %V/V (45±5% V/V) | H56: ='XM.FILE GOC'!Z77 -> 0 | I56: + | J56: ='XM.FILE GOC'!AC77 -> 1818.8654 | K56: L | L56: ='XM.FILE GOC'!AL77 -> 0 | M56: + | N56: ='XM.FILE GOC'!AO77 -> 1818.8654 | O56: L | P56: IS04
A57: 9 | B57: Nồng độ acid loãng (12) 稀酸 濃度 | F57: %V/V | G57: ='XM.GUI MAIL'!$E$78 -> 20~40 %V/V (30±5% V/V) | H57: ='XM.FILE GOC'!Z78 -> 0 | I57: + | J57: ='XM.FILE GOC'!AC78 -> 334.55172 | K57: L | L57: ='XM.FILE GOC'!AL78 -> 0 | M57: + | N57: ='XM.FILE GOC'!AO78 -> 334.55172 | O57: L | P57: IS15
A58: 10 | B58: Nồng độ HNO3 (42) 硝酸濃度 | C58: Nồng độ HNO3 (42) 硝酸濃度 | D58: Nồng độ HNO3 (42) 硝酸濃度 | E58: Nồng độ HNO3 (42) 硝酸濃度 | F58: %V/V | G58: ='XM.GUI MAIL'!$E$79 -> 0.5~1.5% (1±0.4%) | H58: ='XM.FILE GOC'!Z79 -> 0 | I58: + | J58: ='XM.FILE GOC'!AC79 -> 28.08 | K58: L | L58: ='XM.FILE GOC'!AL79 -> 0 | M58: + | N58: ='XM.FILE GOC'!AO79 -> 15.6 | O58: L | P58: IS15
B59: Haïng muïc kieåm tra nhieät ñoä 檢查溫度
A60: NO | B60: Haïng muïc kieåm tra nhieät ñoä 溫度檢查項目 | F60: nhieät ñoä 溫度 | G60: Tieâu chuaån 標準範圍 | H60: Nhiệt kế 温度計 | J60: nhieät töï ñoäng 自動温控 | L60: Nhiệt kế 温度計 | N60: nhieät töï ñoäng 自動温控
A61: 1 | B61: Nhieät ñoä boàn xaø boâng noùng 1 熱脫脂溫度 | F61: 0C | G61: ='XM.GUI MAIL'!$E$91 -> 65~75ºC (70±3OC) | H61: ='3.XT-C kh'!H60:I60 -> 0 | J61: ='3.XT-C kh'!J60:K60 -> 0 | L61: ='3.XT-C kh'!X60 -> 0 | N61: ='3.XT-C kh'!Z60 -> 0
A62: 2 | B62: Nhieät ñoä boàn xaø boâng noùng 2 熱脫脂溫度 | F62: 0C | G62: ='XM.GUI MAIL'!$E$92 -> 65~75ºC (70±3OC) | H62: ='3.XT-C kh'!H61:I61 -> 0 | J62: ='3.XT-C kh'!J61:K61 -> 0 | L62: ='3.XT-C kh'!X61 -> 0 | N62: ='3.XT-C kh'!Z61 -> 0
A63: 3 | B63: Nhieät ñoä boàn ñieän giaûi (-) 電解 溫度 | F63: 0C | G63: ='XM.GUI MAIL'!$E$93 -> 60~70ºC (65±3OC) | H63: ='3.XT-C kh'!H62:I62 -> 0 | J63: ='3.XT-C kh'!J62:K62 -> 0 | L63: ='3.XT-C kh'!X62 -> 0 | N63: ='3.XT-C kh'!Z62 -> 0
A64: 4 | B64: Nhieät ñoä boàn ñieän giaûi (+) 電解 + 溫度 | F64: 0C | G64: ='XM.GUI MAIL'!$E$94 -> 60~70ºC (65±3OC) | H64: ='3.XT-C kh'!H63:I63 -> 0 | J64: ='3.XT-C kh'!J63:K63 -> 0 | L64: ='3.XT-C kh'!X63 -> 0 | N64: ='3.XT-C kh'!Z63 -> 0
A65: 5 | B65: Nhiệt độ bồn xi Zn-Niken Zn-Niken 鍍鋅槽溫度 | F65: 0C | G65: ='XM.GUI MAIL'!$E$101 -> 24~28ºC (26±2OC) | H65: ='XM.FILE GOC'!Z101 -> 0 | J65: ='XM.FILE GOC'!AC101 -> 0 | L65: ='XM.FILE GOC'!AL101 -> 0 | N65: ='XM.FILE GOC'!AO101 -> 0
